{
"type": "FeatureCollection",
"name": "Kurunegala_Dis",
"crs": { "type": "name", "properties": { "name": "urn:ogc:def:crs:OGC:1.3:CRS84" } },
"features": [
{ "type": "Feature", "properties": { "ADM2_EN": "Kurunegala", "ADM2_SI": "කුරුණෑගල දිස්ත්‍ර", "ADM1_EN": "North Western", "ADM1_SI": "වයඹ පළාත", "Shape_Leng": 3.7597207446900001, "Shape_Area": 0.4021177732, "Value": 0.6 }, "geometry": { "type": "MultiPolygon", "coordinates": [ [ [ [ 80.100691142938203, 8.196683931807708 ], [ 80.10133370593681, 8.196589298807719 ], [ 80.101897980935561, 8.196638087807576 ], [ 80.102244189934808, 8.196699764807478 ], [ 80.102546156934181, 8.196776733807306 ], [ 80.102768296933661, 8.196777101807298 ], [ 80.103020504933113, 8.196747613807306 ], [ 80.103299848932565, 8.196671279807321 ], [ 80.103687492931726, 8.196407781807583 ], [ 80.103982046931108, 8.196186958807784 ], [ 80.104366855930266, 8.195846657808115 ], [ 80.104733662929533, 8.195500346808466 ], [ 80.105178567928576, 8.195124255808805 ], [ 80.105713537927443, 8.194742331809152 ], [ 80.106008119926798, 8.194503563809407 ], [ 80.106260605926295, 8.194306594809591 ], [ 80.106422854925981, 8.194217141809686 ], [ 80.106657169925469, 8.194115845809742 ], [ 80.107053574924578, 8.194020797809793 ], [ 80.107377935923907, 8.193925629809828 ], [ 80.107624286923368, 8.193806407809955 ], [ 80.107894811922804, 8.193591523810161 ], [ 80.108093391922424, 8.193316707810441 ], [ 80.108255977922084, 8.193023887810723 ], [ 80.108332000921948, 8.19279672081098 ], [ 80.108336101921893, 8.19249526781136 ], [ 80.108282686922067, 8.192121942811738 ], [ 80.108259091922122, 8.192028736811872 ], [ 80.1082254259222, 8.191895752812032 ], [ 80.108092470922486, 8.191698148812279 ], [ 80.108016960922683, 8.191612930812406 ], [ 80.10786954892302, 8.191446564812585 ], [ 80.107589087923643, 8.191137464812998 ], [ 80.107369887924136, 8.190814110813413 ], [ 80.107210865924515, 8.190405920813868 ], [ 80.107129684924672, 8.190123466814208 ], [ 80.107024781924963, 8.189663924814761 ], [ 80.107044580924907, 8.189309859815152 ], [ 80.107092935924797, 8.189113751815356 ], [ 80.107208587924617, 8.188884256815612 ], [ 80.107430037924104, 8.188573590815915 ], [ 80.107733001923478, 8.188344404816174 ], [ 80.108633215921586, 8.187836521816603 ], [ 80.108891590921019, 8.187690750816724 ], [ 80.109492460919782, 8.187385490816983 ], [ 80.110583187917413, 8.187104956817114 ], [ 80.111356802915751, 8.18689567881724 ], [ 80.111874152914652, 8.186699334817428 ], [ 80.11197196091446, 8.186662214817451 ], [ 80.11266895691297, 8.186314039817745 ], [ 80.113217013911807, 8.185994332818005 ], [ 80.113981153910188, 8.185703685818241 ], [ 80.114596253908857, 8.185503713818351 ], [ 80.115264122907419, 8.185342106818442 ], [ 80.116128972905585, 8.18514253681853 ], [ 80.116464938904841, 8.185064353818545 ], [ 80.116537373904691, 8.18504749781855 ], [ 80.116835325904091, 8.184942707818657 ], [ 80.117190996903304, 8.184785376818754 ], [ 80.117388172902892, 8.184627786818945 ], [ 80.117609378902429, 8.184460667819081 ], [ 80.117854755901902, 8.184197883819374 ], [ 80.118119459901365, 8.183863354819671 ], [ 80.118189645901197, 8.18370976981987 ], [ 80.118283342901009, 8.18350473682005 ], [ 80.11834139790092, 8.183246435820356 ], [ 80.11841413490076, 8.182820678820818 ], [ 80.118433548900754, 8.182696297820977 ], [ 80.11847217390067, 8.182571947821092 ], [ 80.118539624900535, 8.18244285882124 ], [ 80.118626302900367, 8.182304230821385 ], [ 80.118698773900249, 8.182041167821701 ], [ 80.118775915900088, 8.181859457821851 ], [ 80.118992666899629, 8.181476999822257 ], [ 80.119127465899311, 8.181281027822491 ], [ 80.119300897899024, 8.180955920822793 ], [ 80.119680550898181, 8.180676377823081 ], [ 80.120079432897356, 8.180596909823086 ], [ 80.12009101589733, 8.18059460182311 ], [ 80.12012690889722, 8.180587450823131 ], [ 80.120227498896995, 8.180567409823114 ], [ 80.120296935896874, 8.180553575823108 ], [ 80.120346381896752, 8.18054851182311 ], [ 80.120737677895903, 8.18050843882312 ], [ 80.121078740895172, 8.180467386823082 ], [ 80.121122083895088, 8.180462170823109 ], [ 80.121208449894908, 8.180451774823114 ], [ 80.121655346893988, 8.180308940823179 ], [ 80.122544243892065, 8.179970237823472 ], [ 80.122643030891865, 8.179939455823487 ], [ 80.122985159891115, 8.179832844823522 ], [ 80.12329438589046, 8.17970704782366 ], [ 80.123399605890199, 8.179664241823685 ], [ 80.123782980889402, 8.179583824823727 ], [ 80.124063012888783, 8.179564347823678 ], [ 80.124085592888719, 8.179562776823696 ], [ 80.12446381088796, 8.17956697082362 ], [ 80.12515538488644, 8.179589610823491 ], [ 80.125558926885589, 8.179595547823446 ], [ 80.125702895885283, 8.179597664823376 ], [ 80.126167558884248, 8.179605584823319 ], [ 80.126423320883731, 8.179598815823311 ], [ 80.126836199882803, 8.179530481823274 ], [ 80.127451466881467, 8.17940399382335 ], [ 80.127507894881404, 8.17939239282337 ], [ 80.127681790881027, 8.179373119823348 ], [ 80.127820938880745, 8.179357698823342 ], [ 80.128481728879294, 8.17935685882326 ], [ 80.128962081878257, 8.179314556823236 ], [ 80.129384829877367, 8.179253022823252 ], [ 80.129735460876603, 8.179239224823208 ], [ 80.130230091875518, 8.179278290823092 ], [ 80.130700799874532, 8.17925989682305 ], [ 80.131257927873293, 8.17926078082294 ], [ 80.131435701872931, 8.179217995822953 ], [ 80.131834550872099, 8.17908464482306 ], [ 80.131973908871757, 8.179037013823057 ], [ 80.132113290871501, 8.178975027823116 ], [ 80.132262239871167, 8.178936982823139 ], [ 80.132401605870868, 8.178884565823175 ], [ 80.132565345870518, 8.178790293823299 ], [ 80.132641968870331, 8.178746178823301 ], [ 80.132916018869793, 8.178564776823459 ], [ 80.133141919869274, 8.178459860823544 ], [ 80.13334378986886, 8.178364477823648 ], [ 80.133468823868597, 8.178264187823766 ], [ 80.133646748868216, 8.178125700823884 ], [ 80.133747805868012, 8.178001446824 ], [ 80.133853634867805, 8.177896340824121 ], [ 80.134031514867431, 8.177786563824183 ], [ 80.134118139867255, 8.177676642824302 ], [ 80.13428169386691, 8.177514206824492 ], [ 80.134300478866862, 8.17750355082447 ], [ 80.134416294866639, 8.177437856824524 ], [ 80.134618142866159, 8.177356827824585 ], [ 80.13463247686613, 8.177354412824601 ], [ 80.134815111865734, 8.177323642824589 ], [ 80.134957705865432, 8.177266024824656 ], [ 80.135074629865201, 8.177218778824688 ], [ 80.135483005864316, 8.177133289824708 ], [ 80.135862556863543, 8.177052538824764 ], [ 80.136501474862158, 8.176962625824755 ], [ 80.1368520958614, 8.176953606824711 ], [ 80.137178732860704, 8.176925408824697 ], [ 80.137313271860407, 8.176887339824747 ], [ 80.137500716859989, 8.176801500824812 ], [ 80.137654513859658, 8.176734750824833 ], [ 80.137760311859424, 8.176648783824954 ], [ 80.137813285859323, 8.176557949825 ], [ 80.137856676859272, 8.176452744825161 ], [ 80.137904871859149, 8.176347547825237 ], [ 80.137948194859078, 8.176285408825329 ], [ 80.138082831858753, 8.176185132825413 ], [ 80.138212650858534, 8.176094418825487 ], [ 80.138438480858028, 8.176032565825551 ], [ 80.138697923857478, 8.175975550825536 ], [ 80.139226479856347, 8.17581846882565 ], [ 80.139706956855321, 8.175694806825753 ], [ 80.139870590854954, 8.175666515825721 ], [ 80.140001368854698, 8.175643906825751 ], [ 80.140557285853504, 8.175547795825771 ], [ 80.141229850852071, 8.17543878782581 ], [ 80.141839940850772, 8.175353605825796 ], [ 80.142382776849558, 8.175277888825777 ], [ 80.142911152848455, 8.175235644825761 ], [ 80.142975729848303, 8.175232358825777 ], [ 80.143367455847439, 8.175212427825745 ], [ 80.144558564844871, 8.175204706825541 ], [ 80.145624718842569, 8.17524942482536 ], [ 80.145766696842301, 8.175248370825337 ], [ 80.146157837841429, 8.175245464825261 ], [ 80.146369182840999, 8.175231436825239 ], [ 80.147008149839607, 8.175108010825262 ], [ 80.147478942838589, 8.17503217582532 ], [ 80.14808434883733, 8.174870415825387 ], [ 80.148526384836359, 8.174756253825461 ], [ 80.148906049835574, 8.174598928825608 ], [ 80.149300176834743, 8.174408129825714 ], [ 80.149694346833897, 8.174188620825934 ], [ 80.149968357833288, 8.174026347826077 ], [ 80.150085260833052, 8.173952832826139 ], [ 80.150256805832683, 8.173844955826233 ], [ 80.150463577832255, 8.173682578826408 ], [ 80.150704012831767, 8.173491542826593 ], [ 80.150939749831252, 8.17323350682681 ], [ 80.151146683830831, 8.172965857827116 ], [ 80.151435403830234, 8.172607414827498 ], [ 80.151604055829907, 8.172248787827858 ], [ 80.151676310829728, 8.172110129827979 ], [ 80.151782296829509, 8.17189974682824 ], [ 80.151811512829482, 8.171832117828311 ], [ 80.1518974128293, 8.171633261828525 ], [ 80.151955816829201, 8.171498060828631 ], [ 80.152028131829056, 8.171321121828857 ], [ 80.152129321828866, 8.171105945829099 ], [ 80.152485448828116, 8.170637547829575 ], [ 80.152644248827798, 8.170436813829742 ], [ 80.152903929827218, 8.170221880829954 ], [ 80.153259679826448, 8.169997522830194 ], [ 80.153860434825162, 8.169730472830409 ], [ 80.154122579824644, 8.169603215830483 ], [ 80.154302617824257, 8.169515816830559 ], [ 80.154889066823046, 8.169181750830862 ], [ 80.155148670822499, 8.169014666831014 ], [ 80.15534581882207, 8.168861842831161 ], [ 80.155562344821575, 8.16859898983139 ], [ 80.155773950821128, 8.168412690831618 ], [ 80.155985527820718, 8.168245532831772 ], [ 80.156177834820312, 8.168116626831848 ], [ 80.156322077819979, 8.168011572831979 ], [ 80.156485633819656, 8.16783955683213 ], [ 80.156711713819192, 8.16761021383236 ], [ 80.156865708818884, 8.16740947183256 ], [ 80.157048621818504, 8.167141781832852 ], [ 80.15713526081835, 8.167017498832985 ], [ 80.157207549818168, 8.166854913833166 ], [ 80.157275102818005, 8.166649255833361 ], [ 80.157461730817644, 8.166307400833734 ], [ 80.157472409817629, 8.166294805833759 ], [ 80.157654185817279, 8.166080399833977 ], [ 80.157918763816724, 8.165799673834229 ], [ 80.158237225816023, 8.165614731834417 ], [ 80.158579591815297, 8.165501603834487 ], [ 80.158891921814615, 8.165400391834542 ], [ 80.159324355813695, 8.16527543583465 ], [ 80.159654732812996, 8.165150325834739 ], [ 80.159931050812446, 8.165043077834813 ], [ 80.160255477811702, 8.164882068834943 ], [ 80.160567916811075, 8.164709078835079 ], [ 80.160994464810173, 8.164506353835231 ], [ 80.161342776809406, 8.164429119835271 ], [ 80.161602216808888, 8.164367304835322 ], [ 80.16202495480799, 8.164300948835342 ], [ 80.163026247805846, 8.163833542835741 ], [ 80.164970909801681, 8.163076957836273 ], [ 80.165092437801434, 8.163063337836265 ], [ 80.165446401800679, 8.163023666836292 ], [ 80.166099824799304, 8.1628523788364 ], [ 80.166349779798736, 8.162709197836524 ], [ 80.16677520479783, 8.162614618836562 ], [ 80.167266252796807, 8.16250544883658 ], [ 80.167617120796024, 8.162524282836511 ], [ 80.167819021795623, 8.162535120836448 ], [ 80.168546369794058, 8.16241168483651 ], [ 80.168600593793954, 8.162398658836484 ], [ 80.168962433793155, 8.162311739836573 ], [ 80.169388755792241, 8.162255550836555 ], [ 80.16977300079138, 8.162235186836497 ], [ 80.170130207790663, 8.16222973583646 ], [ 80.170391209790097, 8.162325826836296 ], [ 80.170631217789563, 8.162409922836181 ], [ 80.170841280789105, 8.162446123836114 ], [ 80.171165371788391, 8.162506418836024 ], [ 80.171192673788354, 8.162510599835967 ], [ 80.171579508787502, 8.162569837835845 ], [ 80.1719395577867, 8.162672055835667 ], [ 80.172431501785667, 8.162894096835371 ], [ 80.172719429785019, 8.163050040835119 ], [ 80.172872417784703, 8.163116062835023 ], [ 80.173013492784392, 8.163119261835044 ], [ 80.173103627784187, 8.163062571835088 ], [ 80.173253942783859, 8.162907275835241 ], [ 80.173365195783646, 8.162778838835369 ], [ 80.173461351783473, 8.162710195835409 ], [ 80.173665486783037, 8.162695542835401 ], [ 80.173932649782444, 8.162686964835368 ], [ 80.17424774978177, 8.162738271835293 ], [ 80.174577871781054, 8.162780628835177 ], [ 80.175076003779992, 8.16288005683499 ], [ 80.175553113778903, 8.162985435834791 ], [ 80.175776321778457, 8.163021029834708 ], [ 80.175799193778403, 8.163024677834722 ], [ 80.17616231777761, 8.163079043834573 ], [ 80.176336347777251, 8.163124160834512 ], [ 80.176525386776831, 8.163169299834438 ], [ 80.176936568775929, 8.163202801834347 ], [ 80.177425823774854, 8.163215482834243 ], [ 80.177687004774342, 8.163191940834226 ], [ 80.177939234773802, 8.163132495834281 ], [ 80.178512828772583, 8.162947911834388 ], [ 80.178984307771586, 8.162802055834472 ], [ 80.179605915770225, 8.162626511834572 ], [ 80.179969293769474, 8.162507413834687 ], [ 80.180266652768836, 8.162376256834792 ], [ 80.180789273767743, 8.162152715834944 ], [ 80.181212777766802, 8.16197089883509 ], [ 80.181438017766368, 8.161893467835117 ], [ 80.181621202765939, 8.161836910835166 ], [ 80.181738332765718, 8.161792220835212 ], [ 80.181900559765353, 8.161699744835273 ], [ 80.182074818765003, 8.161589340835377 ], [ 80.182297231764537, 8.16139227683561 ], [ 80.18254063876401, 8.161207205835746 ], [ 80.182768966763518, 8.161069964835862 ], [ 80.182926968763212, 8.160909352836024 ], [ 80.183021447762997, 8.160837054836129 ], [ 80.183072589762929, 8.160759370836189 ], [ 80.183129796762799, 8.160639824836307 ], [ 80.183135153762763, 8.160575849836393 ], [ 80.183145071762794, 8.160457411836509 ], [ 80.183154627762747, 8.160081121836971 ], [ 80.183154717762775, 8.160019403837007 ], [ 80.183145041762799, 8.159835372837209 ], [ 80.183122009762883, 8.159397284837761 ], [ 80.183035593763094, 8.159022506838165 ], [ 80.18297396776326, 8.158822849838398 ], [ 80.182935438763366, 8.158719216838545 ], [ 80.182820886763594, 8.158411102838906 ], [ 80.182612818764071, 8.158107573839283 ], [ 80.182499768764345, 8.157960830839448 ], [ 80.182331429764687, 8.157666778839847 ], [ 80.182313069764731, 8.157549034839967 ], [ 80.18227964776483, 8.157073073840508 ], [ 80.18227543276484, 8.157013041840557 ], [ 80.18230480976483, 8.156630271841001 ], [ 80.182407991764649, 8.156041901841649 ], [ 80.182411356764632, 8.156022709841704 ], [ 80.182527397764431, 8.155491725842264 ], [ 80.182633845764215, 8.154951155842872 ], [ 80.18270576876408, 8.154733747843139 ], [ 80.182831627763832, 8.154353298843517 ], [ 80.183042448763402, 8.153636315844288 ], [ 80.183043998763438, 8.153631045844321 ], [ 80.183222490763072, 8.153085795844895 ], [ 80.183362290762801, 8.152727111845291 ], [ 80.183506800762487, 8.152430640845594 ], [ 80.183742587761998, 8.152115161845927 ], [ 80.184002309761453, 8.151852353846184 ], [ 80.184238071760944, 8.15175458584627 ], [ 80.184324276760776, 8.151718836846289 ], [ 80.184540503760331, 8.151642586846339 ], [ 80.184708752759988, 8.15153277084648 ], [ 80.184852990759637, 8.151422921846567 ], [ 80.184920336759532, 8.151346455846651 ], [ 80.185021420759327, 8.151188690846828 ], [ 80.18509840775917, 8.151088313846911 ], [ 80.185184978758983, 8.151002306847003 ], [ 80.185309929758702, 8.150945064847024 ], [ 80.185482834758332, 8.150935743847018 ], [ 80.185564771758166, 8.150935862846996 ], [ 80.185713356757859, 8.150936077846971 ], [ 80.186001517757191, 8.150931708846921 ], [ 80.186400162756357, 8.150908357846905 ], [ 80.186553843756059, 8.150908579846867 ], [ 80.186745876755609, 8.150956708846826 ], [ 80.186942627755215, 8.151062266846649 ], [ 80.187024486755021, 8.151116033846577 ], [ 80.187110557754821, 8.151172567846508 ], [ 80.187331266754356, 8.151316440846324 ], [ 80.187542363753877, 8.151465084846096 ], [ 80.187705518753503, 8.151556238845993 ], [ 80.187902367753097, 8.151594802845882 ], [ 80.188092247752692, 8.151637903845824 ], [ 80.188358539752102, 8.151810552845559 ], [ 80.188461068751877, 8.151870144845496 ], [ 80.188513291751775, 8.151900497845453 ], [ 80.189031666750651, 8.15210939784515 ], [ 80.189305267750058, 8.15221027984497 ], [ 80.189488908749638, 8.152250021844907 ], [ 80.189593364749456, 8.152250170844908 ], [ 80.189723054749166, 8.152236001844903 ], [ 80.190007689748512, 8.152178987844932 ], [ 80.190327204747817, 8.152116022844925 ], [ 80.190846414746716, 8.152013705844983 ], [ 80.191002104746417, 8.151983024845 ], [ 80.191232699745939, 8.151933110845031 ], [ 80.191387691745575, 8.151857965845053 ], [ 80.191529289745333, 8.151762610845159 ], [ 80.19160041274516, 8.151714714845189 ], [ 80.19173739374483, 8.151639544845258 ], [ 80.191881506744565, 8.151614628845291 ], [ 80.192140942743961, 8.151546809845346 ], [ 80.192393175743476, 8.151478981845385 ], [ 80.192508550743227, 8.151400191845429 ], [ 80.192591518743029, 8.15131417684549 ], [ 80.192652853742899, 8.151242486845588 ], [ 80.192739387742762, 8.151181599845632 ], [ 80.192930340742294, 8.151145982845664 ], [ 80.193099636741962, 8.151142635845622 ], [ 80.193355264741385, 8.151218367845528 ], [ 80.193364847741393, 8.151222420845517 ], [ 80.193798031740414, 8.151405619845233 ], [ 80.194157945739633, 8.151599932844968 ], [ 80.194467505738942, 8.151743928844718 ], [ 80.194827574738198, 8.151830573844579 ], [ 80.194827636738225, 8.151830610844582 ], [ 80.195007516737803, 8.151938496844457 ], [ 80.195169427737454, 8.152060748844271 ], [ 80.195288142737198, 8.152164994844117 ], [ 80.195352776737039, 8.15230505284395 ], [ 80.195442542736814, 8.152502569843708 ], [ 80.195564807736574, 8.15264270984358 ], [ 80.195705134736244, 8.152746986843427 ], [ 80.195935528735774, 8.152837036843271 ], [ 80.196101171735407, 8.152869570843221 ], [ 80.196277666735028, 8.152869820843174 ], [ 80.196594662734341, 8.152852326843179 ], [ 80.197131401733174, 8.152817198843097 ], [ 80.197495243732405, 8.152785413843111 ], [ 80.19776822173182, 8.152757843843112 ], [ 80.197880706731567, 8.152746482843089 ], [ 80.198072835731196, 8.152728809843076 ], [ 80.198195905730884, 8.152725993843058 ], [ 80.19832797673061, 8.152726179843059 ], [ 80.19845103373035, 8.152732334843025 ], [ 80.198673101729895, 8.152768537842933 ], [ 80.198967205729218, 8.152807833842854 ], [ 80.199243263728619, 8.152871028842739 ], [ 80.199573258727938, 8.153000095842529 ], [ 80.199825275727349, 8.153084191842421 ], [ 80.19999631172702, 8.153123312842334 ], [ 80.200132596726718, 8.153153276842298 ], [ 80.200215362726553, 8.153171473842244 ], [ 80.200544249725851, 8.153221514842141 ], [ 80.200572477725757, 8.153225809842127 ], [ 80.200704531725478, 8.153237959842128 ], [ 80.200971684724877, 8.153232353842091 ], [ 80.201214789724389, 8.153250640842025 ], [ 80.201565953723644, 8.153269078841932 ], [ 80.201869095722998, 8.153284458841847 ], [ 80.20222027672223, 8.153290933841811 ], [ 80.202550446721489, 8.153297378841749 ], [ 80.203090711720378, 8.153316080841682 ], [ 80.203399903719685, 8.153298569841642 ], [ 80.203580038719295, 8.153271906841617 ], [ 80.203625001719203, 8.15326254084165 ], [ 80.203694133719068, 8.153248139841617 ], [ 80.203823266718771, 8.153203459841674 ], [ 80.203984997718422, 8.153118935841754 ], [ 80.203994485718439, 8.153113977841723 ], [ 80.204111650718204, 8.153042363841815 ], [ 80.204225854717961, 8.152940837841928 ], [ 80.204349118717673, 8.152800445842082 ], [ 80.204448391717463, 8.15264506684221 ], [ 80.204559796717277, 8.152399980842464 ], [ 80.204686281716988, 8.15210407484282 ], [ 80.204734855716879, 8.15201617584286 ], [ 80.204821699716717, 8.15185902384304 ], [ 80.204875871716638, 8.151757413843146 ], [ 80.205080439716184, 8.151431709843507 ], [ 80.205143896716066, 8.151358153843564 ], [ 80.205260830715815, 8.151222609843717 ], [ 80.205420281715504, 8.150962637844003 ], [ 80.205687831714926, 8.150672909844253 ], [ 80.205904296714465, 8.150424979844503 ], [ 80.205935193714453, 8.150390132844548 ], [ 80.206126767714039, 8.150174067844803 ], [ 80.206385840713509, 8.149820452845114 ], [ 80.206472613713359, 8.149702012845244 ], [ 80.206734209712778, 8.149376386845566 ], [ 80.206819890712566, 8.149295918845677 ], [ 80.206953615712308, 8.149170330845802 ], [ 80.207135338711936, 8.149025891845941 ], [ 80.207163961711871, 8.149003141845938 ], [ 80.207255998711702, 8.148919763846019 ], [ 80.207266145711685, 8.148910570846038 ], [ 80.207357070711495, 8.14878611584618 ], [ 80.207401476711382, 8.148725333846253 ], [ 80.207548868711086, 8.148501232846471 ], [ 80.207657152710837, 8.148339882846653 ], [ 80.207774435710604, 8.148181536846778 ], [ 80.207814853710531, 8.148137104846846 ], [ 80.208057019710012, 8.147870891847136 ], [ 80.208177295709788, 8.147718531847273 ], [ 80.208250708709627, 8.147600350847396 ], [ 80.208264538709614, 8.14757808784741 ], [ 80.208318717709503, 8.147470495847525 ], [ 80.208360877709438, 8.147371859847608 ], [ 80.20837395270938, 8.147318979847666 ], [ 80.208397101709366, 8.147225364847802 ], [ 80.208406119709352, 8.147206237847795 ], [ 80.208414746709337, 8.147187940847815 ], [ 80.208463332709229, 8.147084891847962 ], [ 80.208488190709133, 8.147045384848008 ], [ 80.208508456709126, 8.147013176847992 ], [ 80.208610647708909, 8.146914623848099 ], [ 80.208630880708867, 8.146895293848132 ], [ 80.208688793708703, 8.146839962848189 ], [ 80.208766951708569, 8.146756330848289 ], [ 80.208833115708444, 8.146663709848367 ], [ 80.208860255708402, 8.146574024848482 ], [ 80.208911478708302, 8.146433531848638 ], [ 80.208959699708203, 8.14629303284879 ], [ 80.209028844708044, 8.146215369848852 ], [ 80.209140090707834, 8.14608094084898 ], [ 80.209254371707587, 8.145922589849159 ], [ 80.20942283070724, 8.145656646849449 ], [ 80.209489098707124, 8.145489256849626 ], [ 80.209576402706929, 8.145303951849822 ], [ 80.209672739706733, 8.14509772385002 ], [ 80.209778095706525, 8.144882535850277 ], [ 80.209883341706302, 8.144745106850408 ], [ 80.210036637705969, 8.144589800850554 ], [ 80.210234907705569, 8.144470445850681 ], [ 80.210340128705354, 8.144350961850767 ], [ 80.210400322705254, 8.144234405850918 ], [ 80.210478503705076, 8.144132827851026 ], [ 80.210583658704891, 8.14406119585108 ], [ 80.210733844704549, 8.143983643851151 ], [ 80.210864826704238, 8.143940342851174 ], [ 80.211085188703763, 8.143867490851205 ], [ 80.21132540370327, 8.143802025851269 ], [ 80.211374700703146, 8.143766938851284 ], [ 80.211526706702841, 8.143658747851408 ], [ 80.21168593470253, 8.143554290851478 ], [ 80.211851095702173, 8.143500685851508 ], [ 80.212019222701812, 8.143471010851506 ], [ 80.212388451701003, 8.143444602851492 ], [ 80.21250771770076, 8.143418615851484 ], [ 80.212865842699998, 8.143340583851547 ], [ 80.213163087699371, 8.143275196851569 ], [ 80.213691429698244, 8.143225080851531 ], [ 80.214012645697537, 8.143189633851563 ], [ 80.214108049697373, 8.143170405851533 ], [ 80.21433690469685, 8.143124281851557 ], [ 80.214443990696637, 8.143091839851612 ], [ 80.214610063696284, 8.143041526851615 ], [ 80.214661207696182, 8.143026032851656 ], [ 80.214923714695615, 8.142933023851715 ], [ 80.214955503695535, 8.142921760851689 ], [ 80.215234796694958, 8.142814475851813 ], [ 80.215538216694299, 8.142623483851985 ], [ 80.215717330693963, 8.142501732852043 ], [ 80.215766548693807, 8.142468277852076 ], [ 80.215785669693801, 8.142454784852109 ], [ 80.216088027693175, 8.142241421852306 ], [ 80.216247228692808, 8.142154907852408 ], [ 80.216562534692144, 8.142050662852432 ], [ 80.216727900691765, 8.141988047852488 ], [ 80.216790770691659, 8.141964242852495 ], [ 80.217040055691129, 8.141850935852595 ], [ 80.217250233690706, 8.141800379852654 ], [ 80.217465445690237, 8.141779754852662 ], [ 80.217496391690176, 8.141776789852637 ], [ 80.217796570689544, 8.141759254852627 ], [ 80.217937700689205, 8.141717576852653 ], [ 80.218102921688839, 8.141619106852728 ], [ 80.218274160688466, 8.141508682852811 ], [ 80.218397318688233, 8.141440063852883 ], [ 80.218529443687927, 8.141398372852935 ], [ 80.21874858868749, 8.141374745852909 ], [ 80.218883686687178, 8.141381660852851 ], [ 80.218988695687003, 8.141387035852828 ], [ 80.219047451686848, 8.141426782852793 ], [ 80.219183614686528, 8.14151889385268 ], [ 80.21924825868642, 8.141555817852602 ], [ 80.219330575686257, 8.141602834852577 ], [ 80.219486503685886, 8.141713704852384 ], [ 80.219699538685418, 8.141767827852329 ], [ 80.220029663684713, 8.141801174852242 ], [ 80.220393860683942, 8.14179429185217 ], [ 80.220651183683387, 8.141696146852265 ], [ 80.220980965682671, 8.141570363852308 ], [ 80.221121385682409, 8.141577490852288 ], [ 80.222430315679588, 8.14164392685201 ], [ 80.222809419678754, 8.141605797852041 ], [ 80.225341012673368, 8.141351170851943 ], [ 80.22721059166939, 8.140923805852141 ], [ 80.227953909667804, 8.140704688852251 ], [ 80.229026809665527, 8.140375353852514 ], [ 80.230507568662375, 8.139906193852806 ], [ 80.230866087661596, 8.139792599852857 ], [ 80.231372666660505, 8.139638838852974 ], [ 80.231613081660001, 8.139565865853031 ], [ 80.232117791658965, 8.139412605853144 ], [ 80.232232638658672, 8.139436855853065 ], [ 80.232314440658513, 8.13936254885316 ], [ 80.232960774657172, 8.139159286853278 ], [ 80.233762365655465, 8.138860970853498 ], [ 80.23377828565539, 8.138855044853536 ], [ 80.233786148655383, 8.138849529853541 ], [ 80.234647269653578, 8.138245553854059 ], [ 80.235439580651928, 8.137686846854599 ], [ 80.236219089650277, 8.137153562855056 ], [ 80.236798228649093, 8.136712347855509 ], [ 80.236985894648683, 8.136569374855602 ], [ 80.237803566646932, 8.136137910856004 ], [ 80.238748774644947, 8.135808382856224 ], [ 80.239687309642946, 8.135430678856499 ], [ 80.239707656642921, 8.13543205685653 ], [ 80.240000628642335, 8.13530114885662 ], [ 80.240843629640494, 8.135022368856832 ], [ 80.241801303638468, 8.134921835856781 ], [ 80.242725544636514, 8.134577884857043 ], [ 80.242823176636307, 8.134541511857073 ], [ 80.243666175634516, 8.134262725857239 ], [ 80.244841283631985, 8.133857149857533 ], [ 80.246143798629234, 8.133655277857578 ], [ 80.246663697628108, 8.133558835857579 ], [ 80.246752165627939, 8.133542423857604 ], [ 80.246972323627432, 8.133497998857624 ], [ 80.247121277627201, 8.133467941857628 ], [ 80.247288022626762, 8.133434294857635 ], [ 80.247599609626164, 8.133351914857702 ], [ 80.24804588962516, 8.133255237857757 ], [ 80.248416936624423, 8.133174857857746 ], [ 80.248655485623871, 8.133089882857815 ], [ 80.249079018622993, 8.132939012857957 ], [ 80.249182483622761, 8.13290215585798 ], [ 80.249185221622781, 8.132901180857949 ], [ 80.249413233622263, 8.132819925858007 ], [ 80.249589261621921, 8.132768347858093 ], [ 80.250073085620883, 8.132626581858164 ], [ 80.250088188620879, 8.132616006858139 ], [ 80.250538972619921, 8.132483926858265 ], [ 80.25090621861915, 8.132191913858506 ], [ 80.250822945619305, 8.132003655858755 ], [ 80.251057074618871, 8.131686368859055 ], [ 80.251075851618808, 8.131660921859089 ], [ 80.251638769617671, 8.130898064859895 ], [ 80.253063074614687, 8.129628408861089 ], [ 80.253188845614417, 8.129518817861243 ], [ 80.253189308614438, 8.129517332861209 ], [ 80.253196567614367, 8.129517038861247 ], [ 80.254257526612207, 8.12850065486222 ], [ 80.254646458611347, 8.128142205862588 ], [ 80.255663544609277, 8.127204828863491 ], [ 80.257734012604956, 8.125451852865202 ], [ 80.258662633602995, 8.124444956866174 ], [ 80.258672993603, 8.124442154866184 ], [ 80.259058784602189, 8.124048047866541 ], [ 80.259556005601198, 8.12274677986799 ], [ 80.259631848601018, 8.122548292868172 ], [ 80.259771308600804, 8.121755121869054 ], [ 80.259986768600442, 8.119934663871097 ], [ 80.260016219600402, 8.119685827871411 ], [ 80.260328727599784, 8.118892948872247 ], [ 80.260897366598613, 8.118223598872914 ], [ 80.261646099597101, 8.117342310873848 ], [ 80.262477865595358, 8.1165499968746 ], [ 80.263967666592237, 8.115482547875583 ], [ 80.265041262589975, 8.115069952875897 ], [ 80.265889492588144, 8.114950271875902 ], [ 80.266720221586382, 8.114985787875767 ], [ 80.267862105583902, 8.115332122875156 ], [ 80.267997251583608, 8.115359919875143 ], [ 80.268050420583521, 8.115353929875099 ], [ 80.268113222583381, 8.115389232875057 ], [ 80.269236404580923, 8.11561959687463 ], [ 80.270589044578045, 8.116130113873853 ], [ 80.271839648575295, 8.116564170873177 ], [ 80.272962961572929, 8.116692751872877 ], [ 80.273575762571596, 8.116693495872761 ], [ 80.274290914570088, 8.116516259872842 ], [ 80.274827301568948, 8.116364249872973 ], [ 80.274848255568884, 8.116350039872961 ], [ 80.275107102568342, 8.116290846873021 ], [ 80.275243241568049, 8.11625971387299 ], [ 80.275337971567851, 8.116238050873017 ], [ 80.276364625565662, 8.115930564873212 ], [ 80.277160225563975, 8.115658543873399 ], [ 80.277838805562538, 8.11543804987353 ], [ 80.278697221560748, 8.11542114487343 ], [ 80.279099842559859, 8.115479936873312 ], [ 80.27939941855918, 8.115523680873254 ], [ 80.279497815558997, 8.115552779873163 ], [ 80.279927471558082, 8.115679839872961 ], [ 80.280539468556725, 8.115913858872611 ], [ 80.281073321555596, 8.116237506872173 ], [ 80.281606842554382, 8.116836305871393 ], [ 80.281752919554052, 8.117102500871063 ], [ 80.281785791554, 8.117162403871015 ], [ 80.281858134553843, 8.117294233870837 ], [ 80.281912309553718, 8.117392957870711 ], [ 80.282314588552794, 8.117702003870289 ], [ 80.283074781551164, 8.118106389869725 ], [ 80.28312922555105, 8.118135350869688 ], [ 80.283560126550128, 8.118420154869289 ], [ 80.283714512549807, 8.11853986486916 ], [ 80.283969644549188, 8.118737690868873 ], [ 80.283977006549208, 8.118606104869015 ], [ 80.28403491054911, 8.118376481869273 ], [ 80.284061432549052, 8.118285593869381 ], [ 80.284102349548945, 8.118204293869491 ], [ 80.28415766254885, 8.118132580869554 ], [ 80.284162025548852, 8.118132841869523 ], [ 80.284239293548666, 8.118137463869514 ], [ 80.28433769854847, 8.118171078869466 ], [ 80.284419282548271, 8.118216636869411 ], [ 80.284521923548084, 8.118309302869289 ], [ 80.284544005548014, 8.118329238869263 ], [ 80.284661478547733, 8.118480114869095 ], [ 80.284746069547566, 8.118593289868924 ], [ 80.28479572554744, 8.118659722868868 ], [ 80.284805428547415, 8.118668337868812 ], [ 80.28488207354728, 8.11873638986874 ], [ 80.284968501547084, 8.118746063868729 ], [ 80.28505977054688, 8.118724639868727 ], [ 80.285170299546678, 8.118660170868788 ], [ 80.285200074546594, 8.118641110868809 ], [ 80.285312075546329, 8.118569419868855 ], [ 80.285469346546051, 8.118490482868909 ], [ 80.285576410545787, 8.118392681869027 ], [ 80.285651574545668, 8.118231688869185 ], [ 80.285653445545648, 8.118227681869218 ], [ 80.2856967865456, 8.118127243869321 ], [ 80.285732970545467, 8.117988513869475 ], [ 80.285746096545438, 8.117963116869499 ], [ 80.285778697545425, 8.117900041869552 ], [ 80.285896545545171, 8.117739876869706 ], [ 80.286057600544837, 8.117589332869898 ], [ 80.28620423254452, 8.117453127869984 ], [ 80.286247213544399, 8.117414117870061 ], [ 80.286312599544289, 8.117354771870117 ], [ 80.286314111544272, 8.117353398870085 ], [ 80.286314804544261, 8.117352769870088 ], [ 80.286318707544268, 8.117345634870119 ], [ 80.286319703544279, 8.117343813870109 ], [ 80.286328172544245, 8.117328329870114 ], [ 80.286374964544194, 8.117242780870249 ], [ 80.286415909544061, 8.117137553870363 ], [ 80.286452037544038, 8.117044284870413 ], [ 80.286504963543891, 8.116960605870501 ], [ 80.286738134543455, 8.116740761870759 ], [ 80.286830698543255, 8.116660853870803 ], [ 80.286920808543059, 8.116583065870881 ], [ 80.286980939542929, 8.116497002871006 ], [ 80.287024262542843, 8.116410919871054 ], [ 80.287046004542802, 8.116300884871194 ], [ 80.287055746542762, 8.116186050871336 ], [ 80.28707749654275, 8.11606883787146 ], [ 80.287207753542503, 8.116062392871449 ], [ 80.287219170542457, 8.116061827871453 ], [ 80.287336816542194, 8.1160691458714 ], [ 80.287526457541802, 8.116107653871319 ], [ 80.287704064541373, 8.116170072871238 ], [ 80.287840890541105, 8.116201339871177 ], [ 80.287896189540973, 8.11629068187109 ], [ 80.287918522540934, 8.116326761871019 ], [ 80.287953525540843, 8.116383313870941 ], [ 80.288090150540555, 8.116582062870741 ], [ 80.288195622540314, 8.116730531870513 ], [ 80.288325148540039, 8.116843138870367 ], [ 80.28844030453979, 8.11692462487026 ], [ 80.288514635539642, 8.117010847870183 ], [ 80.288560011539516, 8.117216667869906 ], [ 80.288576710539445, 8.11730760686982 ], [ 80.288540538539536, 8.117436766869709 ], [ 80.288509118539565, 8.117608997869487 ], [ 80.28849698453962, 8.117716651869392 ], [ 80.288528044539518, 8.117845890869232 ], [ 80.288599960539372, 8.117944072869097 ], [ 80.288667122539223, 8.118001576869004 ], [ 80.288731881539093, 8.118061468868946 ], [ 80.28879420853896, 8.118147677868857 ], [ 80.288878135538781, 8.118241088868706 ], [ 80.288950149538621, 8.118257922868683 ], [ 80.289048606538401, 8.118248469868664 ], [ 80.289187851538102, 8.118265382868643 ], [ 80.289322228537813, 8.118337320868564 ], [ 80.28942776353756, 8.118433151868389 ], [ 80.289511657537389, 8.118555273868294 ], [ 80.289519849537356, 8.118563158868223 ], [ 80.289583819537214, 8.118624730868197 ], [ 80.289643568537073, 8.118682239868113 ], [ 80.289727581536894, 8.118703872868091 ], [ 80.289830838536716, 8.118696817868054 ], [ 80.289890903536588, 8.11866578486805 ], [ 80.289938960536446, 8.118637129868084 ], [ 80.289986994536378, 8.118627616868137 ], [ 80.290044606536227, 8.118639647868095 ], [ 80.290121414536088, 8.118663663868054 ], [ 80.290212631535852, 8.118685305867993 ], [ 80.290339896535585, 8.118680670868004 ], [ 80.290411978535474, 8.118640081868056 ], [ 80.290422432535465, 8.118626917868021 ], [ 80.290448049535357, 8.118594664868077 ], [ 80.290469733535346, 8.118532481868133 ], [ 80.290477251535293, 8.118504520868164 ], [ 80.290489027535287, 8.118460725868205 ], [ 80.290513141535286, 8.118374619868327 ], [ 80.290566074535121, 8.118283762868389 ], [ 80.290621337535043, 8.118252723868457 ], [ 80.290710189534821, 8.11824325786846 ], [ 80.290730626534767, 8.11824494486846 ], [ 80.290827833534578, 8.118252967868401 ], [ 80.290907036534392, 8.118281772868357 ], [ 80.291012668534222, 8.118296252868328 ], [ 80.291067894534052, 8.11829631786831 ], [ 80.291108735533967, 8.118277224868338 ], [ 80.291173660533843, 8.11819834586842 ], [ 80.291231372533716, 8.118126633868467 ], [ 80.291344321533501, 8.118045418868576 ], [ 80.291490835533196, 8.118007308868604 ], [ 80.291627726532894, 8.117983543868574 ], [ 80.291776977532578, 8.11800701886856 ], [ 80.291826983532445, 8.118014883868533 ], [ 80.292016594532086, 8.118079707868423 ], [ 80.292105937531844, 8.118112082868365 ], [ 80.292182201531702, 8.118139718868346 ], [ 80.292271005531489, 8.118170926868293 ], [ 80.292436583531142, 8.118254864868161 ], [ 80.292534969530919, 8.118305224868076 ], [ 80.292642943530694, 8.118369952868029 ], [ 80.292726966530509, 8.118384407867982 ], [ 80.292842220530289, 8.118384543867949 ], [ 80.292921483530094, 8.118363103867951 ], [ 80.293053629529837, 8.118291478868038 ], [ 80.293214640529484, 8.118176822868151 ], [ 80.293281964529385, 8.118097944868216 ], [ 80.293314109529291, 8.118066434868267 ], [ 80.293413065529066, 8.11796943486832 ], [ 80.293488766528924, 8.117839783868511 ], [ 80.293575374528757, 8.117698719868605 ], [ 80.293738834528412, 8.117543391868807 ], [ 80.293810986528257, 8.117442985868916 ], [ 80.293880711528118, 8.117364110868946 ], [ 80.293962389527948, 8.117330709868979 ], [ 80.294068036527733, 8.117333226868944 ], [ 80.294188026527436, 8.117388396868913 ], [ 80.294305580527222, 8.117474670868756 ], [ 80.294444719526922, 8.11758010986865 ], [ 80.294528717526717, 8.117616096868582 ], [ 80.294703953526366, 8.11765458486849 ], [ 80.294814401526125, 8.117657105868465 ], [ 80.294836807526025, 8.117655779868512 ], [ 80.294893644525942, 8.117652413868459 ], [ 80.294951302525845, 8.117626161868484 ], [ 80.294982570525761, 8.117580739868561 ], [ 80.295009050525678, 8.1175233468686 ], [ 80.295021145525652, 8.117446797868718 ], [ 80.295023617525658, 8.117386984868773 ], [ 80.295017062525687, 8.117369940868791 ], [ 80.294987711525735, 8.117293629868893 ], [ 80.294946973525853, 8.117224195868964 ], [ 80.294882268525981, 8.117118844869095 ], [ 80.294834379526122, 8.117040377869207 ], [ 80.294822355526151, 8.11702067586921 ], [ 80.294793644526194, 8.116934507869315 ], [ 80.294788912526215, 8.1168746868694 ], [ 80.294798601526182, 8.116802918869487 ], [ 80.294813081526158, 8.116740727869509 ], [ 80.294834778526123, 8.11666658186962 ], [ 80.294890111525987, 8.116575725869735 ], [ 80.29495022152588, 8.116506410869777 ], [ 80.295010299525799, 8.116463413869839 ], [ 80.295111182525531, 8.116432427869853 ], [ 80.295171224525419, 8.116420534869834 ], [ 80.295300958525146, 8.116358477869904 ], [ 80.295383260524972, 8.116314735869937 ], [ 80.295507583524753, 8.116248657869965 ], [ 80.295601294524531, 8.116191344870058 ], [ 80.295651779524377, 8.116138766870101 ], [ 80.295695092524355, 8.116059859870195 ], [ 80.295719205524293, 8.115973753870266 ], [ 80.29573853752423, 8.115868500870372 ], [ 80.295755424524216, 8.115801526870445 ], [ 80.295865951523979, 8.115737054870538 ], [ 80.295990839523739, 8.115710881870513 ], [ 80.296082095523516, 8.115699025870558 ], [ 80.296120553523423, 8.115665573870562 ], [ 80.296187870523298, 8.115591480870616 ], [ 80.296308086523069, 8.115455240870791 ], [ 80.296375360522944, 8.115419428870801 ], [ 80.29646662952274, 8.115395609870834 ], [ 80.29670672852221, 8.115405459870759 ], [ 80.296925221521718, 8.115412892870726 ], [ 80.297009260521548, 8.115412990870698 ], [ 80.297071669521415, 8.115429812870691 ], [ 80.297090825521394, 8.115475294870654 ], [ 80.29709078252138, 8.115511183870622 ], [ 80.29709073552138, 8.115551858870555 ], [ 80.297071467521377, 8.115602080870467 ], [ 80.297042586521442, 8.115659470870458 ], [ 80.29701132752156, 8.115697716870391 ], [ 80.29693197552173, 8.115795721870274 ], [ 80.296912706521752, 8.115845944870243 ], [ 80.296909998521727, 8.115899983870198 ], [ 80.296907790521729, 8.115944036870104 ], [ 80.296888477521776, 8.116032541870014 ], [ 80.296881198521788, 8.116097134869928 ], [ 80.296907542521723, 8.11615458786987 ], [ 80.29694834152167, 8.116171383869862 ], [ 80.297001160521518, 8.116176230869863 ], [ 80.297075591521377, 8.116178709869834 ], [ 80.297169210521162, 8.116200352869818 ], [ 80.297298802520885, 8.116257926869716 ], [ 80.297404384520689, 8.116315472869628 ], [ 80.297509954520393, 8.116382589869552 ], [ 80.297615586520223, 8.116397068869535 ], [ 80.297673246520077, 8.116368423869515 ], [ 80.29770209352003, 8.116339745869563 ], [ 80.297721347519982, 8.116301486869597 ], [ 80.297740646519927, 8.116224944869696 ], [ 80.297747014519928, 8.116168437869749 ], [ 80.297750351519923, 8.116138820869782 ], [ 80.297779274519883, 8.116045541869889 ], [ 80.297786521519839, 8.116032339869914 ], [ 80.29780814951981, 8.11599293786993 ], [ 80.297844216519749, 8.115949912869997 ], [ 80.29790430351963, 8.115899736870045 ], [ 80.297937941519535, 8.115880634870054 ], [ 80.298026835519352, 8.115835278870104 ], [ 80.29809888051922, 8.115825791870106 ], [ 80.298187690518986, 8.115852213870026 ], [ 80.298245266518876, 8.115895347869976 ], [ 80.298291324518772, 8.115973579869896 ], [ 80.298317156518721, 8.116017455869853 ], [ 80.298360323518651, 8.116062965869805 ], [ 80.298408312518518, 8.116091733869753 ], [ 80.298458735518423, 8.116091791869703 ], [ 80.298530794518271, 8.11607034286974 ], [ 80.298583651518172, 8.116041692869777 ], [ 80.29865334251798, 8.115991527869822 ], [ 80.298721855517869, 8.11592687586989 ], [ 80.298775927517767, 8.11588160886992 ], [ 80.298900869517482, 8.115809974869984 ], [ 80.299004178517293, 8.11575745787 ], [ 80.299131504517021, 8.115700182870089 ], [ 80.299285222516673, 8.115659685870122 ], [ 80.299386732516481, 8.115631184870104 ], [ 80.299412523516409, 8.115623943870125 ], [ 80.299520609516208, 8.115592964870107 ], [ 80.299611893516015, 8.115557180870157 ], [ 80.299676762515858, 8.115523759870179 ], [ 80.299768077515665, 8.115461656870231 ], [ 80.299818536515545, 8.115430611870302 ], [ 80.299897787515363, 8.115418739870288 ], [ 80.29993111651531, 8.115422828870289 ], [ 80.299996218515162, 8.115430816870267 ], [ 80.300205028514725, 8.115505230870134 ], [ 80.300373066514339, 8.115538921870067 ], [ 80.300428289514215, 8.115541377870064 ], [ 80.30048112851415, 8.115529475870082 ], [ 80.300541186513996, 8.115503226870075 ], [ 80.300582038513951, 8.115474562870087 ], [ 80.300644520513799, 8.115429174870142 ], [ 80.300706990513646, 8.115393356870161 ], [ 80.300815054513436, 8.115381518870178 ], [ 80.300923104513203, 8.115381643870146 ], [ 80.300959739513146, 8.115390449870169 ], [ 80.300983115513091, 8.115396068870142 ], [ 80.301038295512981, 8.115434415870078 ], [ 80.301112654512806, 8.115499101870018 ], [ 80.301167775512681, 8.115590085869902 ], [ 80.301182101512637, 8.115659488869817 ], [ 80.301188795512601, 8.11568097886979 ], [ 80.301239513512485, 8.115843787869613 ], [ 80.301258621512446, 8.115929944869512 ], [ 80.301272977512411, 8.11597302786944 ], [ 80.301323354512292, 8.116013761869365 ], [ 80.30140490851214, 8.116085634869297 ], [ 80.301534485511851, 8.116157562869207 ], [ 80.30158725951172, 8.116200691869155 ], [ 80.301630406511649, 8.116262949869034 ], [ 80.301659147511586, 8.116325191868974 ], [ 80.301728530511397, 8.116540607868718 ], [ 80.301766836511348, 8.116636357868616 ], [ 80.301798017511274, 8.116665105868554 ], [ 80.301829210511187, 8.116684282868549 ], [ 80.301886836511059, 8.116684349868567 ], [ 80.301932471510952, 8.116672437868527 ], [ 80.301958914510934, 8.116646149868593 ], [ 80.301970964510843, 8.11660788186861 ], [ 80.301980619510886, 8.116564825868675 ], [ 80.302007092510806, 8.116512217868699 ], [ 80.302043151510716, 8.116476370868746 ], [ 80.302093607510656, 8.116447716868763 ], [ 80.302204106510374, 8.116407169868827 ], [ 80.302271364510247, 8.116383320868838 ], [ 80.302309841510194, 8.116333119868866 ], [ 80.302321645510176, 8.116318675868891 ], [ 80.302341100510091, 8.116294873868934 ], [ 80.30239882151001, 8.11621359086897 ], [ 80.30245891050987, 8.116161021869036 ], [ 80.302521407509715, 8.116101278869083 ], [ 80.30257426850963, 8.116070234869147 ], [ 80.302617511509538, 8.116051143869145 ], [ 80.302672733509439, 8.116053599869144 ], [ 80.302739924509254, 8.116088370869088 ], [ 80.30276869650919, 8.116124292869042 ], [ 80.302792646509161, 8.116176958868966 ], [ 80.30280459650912, 8.116224825868947 ], [ 80.302811716509112, 8.116296612868831 ], [ 80.302792371509156, 8.116413828868735 ], [ 80.302767645509206, 8.116507832868633 ], [ 80.302763430509174, 8.116523855868619 ], [ 80.30273691350925, 8.116614745868489 ], [ 80.302710395509266, 8.116705635868412 ], [ 80.302729517509249, 8.116779828868316 ], [ 80.302767864509136, 8.116842081868246 ], [ 80.302847034508957, 8.116899595868162 ], [ 80.302904650508893, 8.116909232868146 ], [ 80.302962279508733, 8.116906906868126 ], [ 80.303000708508677, 8.11689737986816 ], [ 80.303048722508549, 8.116904613868092 ], [ 80.303106299508428, 8.116947747868043 ], [ 80.303187812508256, 8.117055509867937 ], [ 80.303259765508116, 8.117124978867826 ], [ 80.303293309507993, 8.11718722586777 ], [ 80.303336421507908, 8.117280587867629 ], [ 80.303372338507828, 8.11736676486754 ], [ 80.303439475507702, 8.117448190867448 ], [ 80.303588184507348, 8.117587134867279 ], [ 80.30370744650709, 8.117663725867155 ], [ 80.303722547507093, 8.117673423867132 ], [ 80.30373856750704, 8.11768089586711 ], [ 80.303758544506991, 8.117690213867121 ], [ 80.303813759506866, 8.117699846867097 ], [ 80.303912197506676, 8.117707138867091 ], [ 80.304003439506459, 8.117707243867049 ], [ 80.304005662506484, 8.117706550867043 ], [ 80.304087509506289, 8.117681020867103 ], [ 80.304186029506084, 8.117616532867139 ], [ 80.304224501505985, 8.117595122867165 ], [ 80.304306163505828, 8.117549676867204 ], [ 80.304402235505648, 8.117525860867207 ], [ 80.304428677505555, 8.117525891867219 ], [ 80.304491077505418, 8.117525962867196 ], [ 80.304560706505313, 8.117528435867181 ], [ 80.304618328505171, 8.117533286867197 ], [ 80.304719126504978, 8.117576469867075 ], [ 80.304858326504657, 8.117631659867003 ], [ 80.305050568504257, 8.117707697866921 ], [ 80.305076730504183, 8.117718044866905 ], [ 80.305122315504093, 8.117749201866834 ], [ 80.305131290504022, 8.117768774866837 ], [ 80.305148661504006, 8.117806654866769 ], [ 80.305201394503911, 8.117885672866681 ], [ 80.30523439350381, 8.117925795866654 ], [ 80.305256543503788, 8.117952728866571 ], [ 80.305316477503681, 8.118034147866499 ], [ 80.305398060503492, 8.118082093866425 ], [ 80.30548925950329, 8.118120479866398 ], [ 80.305568485503088, 8.118130140866354 ], [ 80.305626126502986, 8.118118243866379 ], [ 80.30569339350285, 8.118087216866369 ], [ 80.305718654502783, 8.118070477866395 ], [ 80.30575827350269, 8.118044223866445 ], [ 80.305912066502387, 8.117939123866501 ], [ 80.305974572502222, 8.117872201866591 ], [ 80.306039461502138, 8.117822030866638 ], [ 80.306097112501973, 8.117800562866661 ], [ 80.306176352501808, 8.117798260866605 ], [ 80.306250768501656, 8.117815094866584 ], [ 80.306334746501491, 8.117867827866529 ], [ 80.306442747501265, 8.117911018866442 ], [ 80.306574776500966, 8.117939880866405 ], [ 80.306651601500789, 8.117949539866387 ], [ 80.30678842450051, 8.117985584866327 ], [ 80.306901219500261, 8.118035959866251 ], [ 80.306987634500075, 8.11805759186624 ], [ 80.307117270499802, 8.118079273866147 ], [ 80.307189305499662, 8.118079355866183 ], [ 80.307222944499571, 8.118057859866159 ], [ 80.307239777499547, 8.118036345866214 ], [ 80.307242203499527, 8.118014814866223 ], [ 80.307235036499577, 8.117983701866278 ], [ 80.307196675499654, 8.11793341386633 ], [ 80.307146313499729, 8.117880717866388 ], [ 80.307104017499825, 8.117849912866436 ], [ 80.307031154500024, 8.117796844866504 ], [ 80.306978404500128, 8.117732182866591 ], [ 80.306961649500167, 8.117686703866651 ], [ 80.30696169350017, 8.117648421866702 ], [ 80.30698334650009, 8.117610163866724 ], [ 80.30701700350005, 8.117574313866742 ], [ 80.307055455499977, 8.1175456458668 ], [ 80.307110694499883, 8.117533745866805 ], [ 80.307182728499697, 8.117533827866774 ], [ 80.307283561499446, 8.117545905866747 ], [ 80.307367592499304, 8.117553179866764 ], [ 80.30741803749919, 8.117534096866738 ], [ 80.307449282499121, 8.117507812866759 ], [ 80.307478134499078, 8.11747434886678 ], [ 80.307492590499038, 8.117431297866849 ], [ 80.307528794498978, 8.117268640867058 ], [ 80.307550486498897, 8.117196885867115 ], [ 80.307600992498834, 8.117125163867211 ], [ 80.307616099498773, 8.117112103867209 ], [ 80.307656273498679, 8.117077373867208 ], [ 80.307697131498628, 8.117043924867238 ], [ 80.307742738498533, 8.117055939867257 ], [ 80.307785931498444, 8.117079914867199 ], [ 80.307817087498364, 8.117130195867166 ], [ 80.307867462498265, 8.117173320867101 ], [ 80.307929863498117, 8.117197317867037 ], [ 80.307982693498005, 8.117192592867035 ], [ 80.308052367497879, 8.117156782867083 ], [ 80.308090826497804, 8.117120937867101 ], [ 80.308124505497688, 8.117065944867168 ], [ 80.308138994497696, 8.116994181867252 ], [ 80.30814147549772, 8.116924798867347 ], [ 80.308131938497681, 8.116864971867386 ], [ 80.308033616497923, 8.116757191867517 ], [ 80.307992844498031, 8.116716470867567 ], [ 80.30797369349807, 8.116666202867636 ], [ 80.307980960498071, 8.116611180867727 ], [ 80.307990638498012, 8.116546590867776 ], [ 80.308048325497936, 8.116494018867863 ], [ 80.308098768497786, 8.116477327867836 ], [ 80.308190007497615, 8.116479823867852 ], [ 80.308295648497392, 8.116487121867793 ], [ 80.308403701497127, 8.116484851867796 ], [ 80.308506984496958, 8.116453865867797 ], [ 80.308564663496782, 8.11640847186786 ], [ 80.308588724496772, 8.116365431867925 ], [ 80.3085887984968, 8.11630082986799 ], [ 80.308560053496848, 8.116240981868026 ], [ 80.308536124496896, 8.116169175868114 ], [ 80.308536181496862, 8.116118929868176 ], [ 80.308565049496821, 8.11607110986826 ], [ 80.308596224496753, 8.116042182868274 ], [ 80.308601105496749, 8.116037654868297 ], [ 80.308675600496613, 8.115985100868313 ], [ 80.308730855496464, 8.11595884486832 ], [ 80.3088077074963, 8.115944576868356 ], [ 80.308867719496178, 8.115959000868303 ], [ 80.308939733496047, 8.115975830868321 ], [ 80.309004558495886, 8.115980689868303 ], [ 80.309059783495798, 8.115980752868255 ], [ 80.309086214495736, 8.115964034868291 ], [ 80.309136690495649, 8.115918631868331 ], [ 80.309182374495521, 8.115863651868374 ], [ 80.309225673495462, 8.115794314868431 ], [ 80.309295461495282, 8.115658013868575 ], [ 80.309331585495244, 8.11556474286871 ], [ 80.309341287495229, 8.115478618868798 ], [ 80.30932694949523, 8.115418786868895 ], [ 80.309281377495353, 8.115375666868905 ], [ 80.309230966495448, 8.115366039868926 ], [ 80.309178141495593, 8.115365979868944 ], [ 80.309096471495721, 8.115394598868956 ], [ 80.309019632495918, 8.11539690386892 ], [ 80.308962030496005, 8.115375304868977 ], [ 80.308935740496068, 8.115363479868988 ], [ 80.308914033496151, 8.115353716869027 ], [ 80.308887664496197, 8.115315403869067 ], [ 80.308880543496215, 8.115243616869124 ], [ 80.308887799496205, 8.11519816586917 ], [ 80.308895086496207, 8.115124001869296 ], [ 80.308936014496084, 8.115028343869378 ], [ 80.308996124495962, 8.114956632869418 ], [ 80.309094658495766, 8.114880180869521 ], [ 80.30916673749563, 8.114839586869568 ], [ 80.309258026495456, 8.114799015869602 ], [ 80.309355922495243, 8.114780003869617 ], [ 80.30938051049516, 8.114775228869581 ], [ 80.309481359494995, 8.114772950869558 ], [ 80.309570189494778, 8.114782621869576 ], [ 80.30964698949461, 8.114813812869533 ], [ 80.309694953494528, 8.114864112869462 ], [ 80.30980050649427, 8.114947974869352 ], [ 80.30993485049396, 8.115051010869204 ], [ 80.310014255493797, 8.115125165869097 ], [ 80.310119539493556, 8.115223489868995 ], [ 80.310275458493209, 8.115357653868791 ], [ 80.31036662149306, 8.115427143868684 ], [ 80.31046024049283, 8.115448783868644 ], [ 80.31052508249266, 8.11543928586865 ], [ 80.310587526492569, 8.11542500086869 ], [ 80.310618776492504, 8.115393931868674 ], [ 80.31063566049248, 8.115326957868762 ], [ 80.310647756492429, 8.115248013868852 ], [ 80.310712747492289, 8.115106922869014 ], [ 80.3107584774922, 8.115011268869111 ], [ 80.310852254492019, 8.11489413586923 ], [ 80.31093400649182, 8.114793737869359 ], [ 80.310950857491804, 8.114755473869389 ], [ 80.310955763491791, 8.114664559869492 ], [ 80.310949456491855, 8.114597307869564 ], [ 80.310939157491887, 8.114487485869674 ], [ 80.310953716491824, 8.114353514869858 ], [ 80.310970590491834, 8.114296110869903 ], [ 80.31100188349177, 8.114226759869997 ], [ 80.311040387491673, 8.114150238870037 ], [ 80.311057345491662, 8.114018662870182 ], [ 80.311063996491626, 8.113906005870323 ], [ 80.311064690491605, 8.113894253870358 ], [ 80.311070690491647, 8.113833475870393 ], [ 80.311081694491605, 8.113722003870562 ], [ 80.311105787491556, 8.113650252870636 ], [ 80.311132264491491, 8.113592858870685 ], [ 80.311221170491322, 8.113535536870701 ], [ 80.311314868491152, 8.113487789870748 ], [ 80.31141575249093, 8.113454406870813 ], [ 80.311555062490612, 8.113413888870841 ], [ 80.311672743490348, 8.113390094870844 ], [ 80.311706195490302, 8.113390132870832 ], [ 80.311792798490131, 8.113390230870809 ], [ 80.311960896489779, 8.113371279870789 ], [ 80.312078563489507, 8.113359449870774 ], [ 80.31211950648941, 8.113342813870791 ], [ 80.312131413489382, 8.113337974870811 ], [ 80.312150445489351, 8.11331991287085 ], [ 80.312184293489253, 8.113287788870853 ], [ 80.31220834348926, 8.113254319870929 ], [ 80.312246798489141, 8.113220866870943 ], [ 80.312290029489077, 8.113211344870921 ], [ 80.312366856488893, 8.113218608870929 ], [ 80.31248445048864, 8.11327137987087 ], [ 80.312549824488471, 8.113304044870814 ], [ 80.313510969486416, 8.11378427487012 ], [ 80.313511540486402, 8.113784559870114 ], [ 80.313648330486103, 8.113849315869993 ], [ 80.313727542485935, 8.113870937869979 ], [ 80.313801973485809, 8.113873413869987 ], [ 80.313854830485653, 8.113844761869982 ], [ 80.31391734048556, 8.113773053870048 ], [ 80.313965432485432, 8.113710898870146 ], [ 80.314011125485351, 8.113646348870164 ], [ 80.314078446485226, 8.113567467870265 ], [ 80.314196140484952, 8.113531709870264 ], [ 80.314280198484795, 8.113515055870291 ], [ 80.314357033484612, 8.113515141870279 ], [ 80.314393108484538, 8.113533166870285 ], [ 80.314438625484442, 8.113555908870252 ], [ 80.314501005484331, 8.113599046870169 ], [ 80.31457060948415, 8.113623050870137 ], [ 80.314647445483999, 8.113623136870121 ], [ 80.314736285483804, 8.113623236870131 ], [ 80.31482994448362, 8.113608985870096 ], [ 80.314904386483434, 8.113601890870086 ], [ 80.315062859483078, 8.113602068870064 ], [ 80.315110890482998, 8.113594944870078 ], [ 80.315202177482846, 8.113554372870125 ], [ 80.315255066482678, 8.113497008870194 ], [ 80.315312795482612, 8.113406152870251 ], [ 80.315334505482582, 8.113317649870375 ], [ 80.315365810482504, 8.113236334870471 ], [ 80.315397079482409, 8.113188516870483 ], [ 80.315433131482337, 8.11315745287053 ], [ 80.315473968482266, 8.113140750870558 ], [ 80.315596443482022, 8.113124139870527 ], [ 80.315651684481892, 8.113109845870556 ], [ 80.315687720481804, 8.113093137870587 ], [ 80.315728568481745, 8.113066864870609 ], [ 80.315774238481666, 8.113023846870611 ], [ 80.315812741481565, 8.112947326870696 ], [ 80.315851294481462, 8.11282773787082 ], [ 80.315870614481454, 8.112729660870967 ], [ 80.315861165481479, 8.112590877871122 ], [ 80.315856227481476, 8.112581198871112 ], [ 80.3158188684816, 8.112507970871237 ], [ 80.315798874481629, 8.112468783871257 ], [ 80.315777356481689, 8.112387409871362 ], [ 80.31576540748172, 8.112337150871392 ], [ 80.31575349848174, 8.112251002871508 ], [ 80.315753598481749, 8.112162475871612 ], [ 80.315760885481694, 8.112088311871684 ], [ 80.315780162481701, 8.112028517871769 ], [ 80.315806625481628, 8.111983086871824 ], [ 80.315819466481599, 8.111971595871827 ], [ 80.315854695481519, 8.111940073871827 ], [ 80.315996475481199, 8.11183734787196 ], [ 80.316087588481082, 8.111758840872021 ], [ 80.316104630481007, 8.111744156872025 ], [ 80.316229600480753, 8.111643805872108 ], [ 80.316313729480584, 8.111562549872202 ], [ 80.316338110480558, 8.1115047968723 ], [ 80.316345027480537, 8.111488412872266 ], [ 80.316354730480512, 8.111399895872376 ], [ 80.316347643480512, 8.111297004872506 ], [ 80.316316550480622, 8.111189300872621 ], [ 80.316259118480744, 8.111016967872857 ], [ 80.316228060480825, 8.110878159872989 ], [ 80.31619697048086, 8.110768063873165 ], [ 80.316158654480972, 8.11067710087322 ], [ 80.316141906480993, 8.110624443873318 ], [ 80.316150248480994, 8.110566718873342 ], [ 80.316154006480971, 8.110540714873423 ], [ 80.31619253748093, 8.110440267873507 ], [ 80.316231030480807, 8.110373316873572 ], [ 80.316286327480725, 8.110308777873646 ], [ 80.316387250480517, 8.110239502873727 ], [ 80.316403025480483, 8.11022491487374 ], [ 80.316413571480453, 8.110215160873736 ], [ 80.316490604480279, 8.110143913873802 ], [ 80.316574763480133, 8.110036338873902 ], [ 80.316622890480048, 8.109943079874018 ], [ 80.316666206479937, 8.109856992874104 ], [ 80.316692734479915, 8.109754138874189 ], [ 80.316707216479855, 8.109687161874305 ], [ 80.316709764479867, 8.109555568874457 ], [ 80.316717054479838, 8.109479013874525 ], [ 80.316720176479848, 8.109470334874521 ], [ 80.316729097479836, 8.109445529874534 ], [ 80.316782061479699, 8.109321170874679 ], [ 80.316832556479625, 8.109256626874757 ], [ 80.316883062479519, 8.109182511874812 ], [ 80.316911998479441, 8.109072481874961 ], [ 80.316931293479414, 8.108995938875063 ], [ 80.316931378479424, 8.108920904875127 ], [ 80.316931449479426, 8.108857166875215 ], [ 80.316948331479409, 8.1087901918753 ], [ 80.316986797479302, 8.108747166875325 ], [ 80.317030043479235, 8.108723288875364 ], [ 80.317080466479126, 8.108723345875321 ], [ 80.317096852479054, 8.108729687875318 ], [ 80.317139296479013, 8.108746113875293 ], [ 80.317154867478976, 8.108752139875278 ], [ 80.317172170478926, 8.108761324875275 ], [ 80.317209726478836, 8.108781259875261 ], [ 80.317231655478807, 8.108792899875207 ], [ 80.317272469478709, 8.108797730875212 ], [ 80.317310891478613, 8.108792988875223 ], [ 80.317332275478606, 8.108781396875209 ], [ 80.317363747478524, 8.108764335875232 ], [ 80.317416619478379, 8.108721327875296 ], [ 80.317469530478277, 8.108642428875363 ], [ 80.317527205478171, 8.108599425875429 ], [ 80.317599256478019, 8.108582757875439 ], [ 80.317671293477872, 8.108578051875408 ], [ 80.317716925477811, 8.108568532875406 ], [ 80.317764989477695, 8.108530304875446 ], [ 80.317829879477529, 8.108475345875492 ], [ 80.317877944477416, 8.108437116875542 ], [ 80.317925995477339, 8.108410851875536 ], [ 80.317995642477172, 8.108396573875561 ], [ 80.31807969547701, 8.108382311875587 ], [ 80.318185358476782, 8.108368072875587 ], [ 80.318274233476629, 8.108337067875572 ], [ 80.318336693476468, 8.108308425875634 ], [ 80.318344031476443, 8.108302124875603 ], [ 80.318371771476393, 8.108278304875661 ], [ 80.318389568476348, 8.108263023875661 ], [ 80.318459284476191, 8.108186536875737 ], [ 80.318483378476174, 8.108112391875839 ], [ 80.318478627476182, 8.108066926875859 ], [ 80.318459493476212, 8.107999911875929 ], [ 80.31842834647631, 8.107940060876002 ], [ 80.318438036476266, 8.107863507876099 ], [ 80.318500598476177, 8.107743944876228 ], [ 80.318577577475992, 8.107614827876393 ], [ 80.318632884475889, 8.107540716876461 ], [ 80.318659398475816, 8.10744982687654 ], [ 80.318662473475868, 8.107416895876554 ], [ 80.31867883947578, 8.107241688876767 ], [ 80.318683751475803, 8.107143595876915 ], [ 80.318674187475821, 8.107107695876955 ], [ 80.318620857475949, 8.107048167877023 ], [ 80.318592653476003, 8.107016684877017 ], [ 80.318511111476141, 8.106932851877163 ], [ 80.318477552476253, 8.106882569877209 ], [ 80.318482442476267, 8.106803617877334 ], [ 80.318501699476187, 8.106760571877347 ], [ 80.318549776476118, 8.106710378877409 ], [ 80.318595429475991, 8.106681718877434 ], [ 80.318693963475795, 8.106600478877525 ], [ 80.318782882475617, 8.106528798877575 ], [ 80.318845790475521, 8.106413839877723 ], [ 80.318857468475471, 8.106392500877748 ], [ 80.318893687475452, 8.106210699877897 ], [ 80.31890578947538, 8.10612457887801 ], [ 80.318929844475306, 8.10608393087807 ], [ 80.318970711475231, 8.106040908878109 ], [ 80.319001947475215, 8.106021801878118 ], [ 80.319078769475027, 8.106031457878073 ], [ 80.319131571474941, 8.10605065787809 ], [ 80.31925641647463, 8.106060365878056 ], [ 80.319318853474485, 8.10605086587802 ], [ 80.319357287474446, 8.106036551878038 ], [ 80.319388549474368, 8.105993519878076 ], [ 80.319410195474333, 8.105960045878149 ], [ 80.319429449474271, 8.105919392878146 ], [ 80.31943913147424, 8.105850017878272 ], [ 80.319456045474226, 8.105754329878335 ], [ 80.319533066474122, 8.105586930878552 ], [ 80.319578774473982, 8.105508024878629 ], [ 80.319607734473934, 8.105376461878755 ], [ 80.319617437473909, 8.105287944878857 ], [ 80.31960316147395, 8.105170688878982 ], [ 80.31955045647409, 8.105065355879148 ], [ 80.319516908474142, 8.105005501879194 ], [ 80.319516953474178, 8.104964826879259 ], [ 80.319533785474107, 8.104943311879264 ], [ 80.319569833474063, 8.104914640879294 ], [ 80.319627487473937, 8.104888384879308 ], [ 80.319694743473818, 8.104864532879352 ], [ 80.319771606473651, 8.104838299879345 ], [ 80.319846087473451, 8.104795314879389 ], [ 80.319925394473302, 8.104730800879421 ], [ 80.31995426247326, 8.104680586879477 ], [ 80.319968719473195, 8.104635143879548 ], [ 80.319966385473222, 8.104575324879617 ], [ 80.319935265473276, 8.104491547879729 ], [ 80.319901725473343, 8.104424516879794 ], [ 80.319793785473621, 8.104328691879909 ], [ 80.319733817473733, 8.104275987879987 ], [ 80.319719462473742, 8.104230511880075 ], [ 80.319714700473767, 8.10419461588007 ], [ 80.319738771473766, 8.104139612880134 ], [ 80.319767650473707, 8.10407982888022 ], [ 80.319798917473634, 8.104032009880243 ], [ 80.319834973473561, 8.103996160880303 ], [ 80.319878216473484, 8.103974674880288 ], [ 80.319911860473397, 8.103948392880351 ], [ 80.319933507473337, 8.103914919880355 ], [ 80.319945536473298, 8.103893399880418 ], [ 80.31996242647331, 8.103819246880482 ], [ 80.319993736473251, 8.103733145880549 ], [ 80.320017792473166, 8.103692497880619 ], [ 80.320070647473031, 8.103663844880629 ], [ 80.320185902472815, 8.103659186880643 ], [ 80.320293954472561, 8.103654521880632 ], [ 80.32038517547241, 8.10367137088056 ], [ 80.320442787472274, 8.103683397880568 ], [ 80.320541203472075, 8.103707432880546 ], [ 80.320596414471922, 8.103719456880526 ], [ 80.32067325547176, 8.10371236488049 ], [ 80.320800806471482, 8.103703794880502 ], [ 80.320861992471393, 8.10369869588048 ], [ 80.320923466471257, 8.103693021880511 ], [ 80.321023358471024, 8.103685474880448 ], [ 80.321094467470843, 8.103651099880492 ], [ 80.321144468470777, 8.103597559880539 ], [ 80.321181007470727, 8.103559317880613 ], [ 80.321225239470635, 8.103511513880646 ], [ 80.321254111470523, 8.103457950880708 ], [ 80.321263976470561, 8.103437170880733 ], [ 80.32130224547042, 8.10335655588081 ], [ 80.321346539470369, 8.103253243880905 ], [ 80.321354290470339, 8.103191999880975 ], [ 80.321335288470422, 8.103006309881227 ], [ 80.32132395347044, 8.102835941881423 ], [ 80.32132263847042, 8.10272324688151 ], [ 80.321322659470439, 8.10270410588153 ], [ 80.321332307470414, 8.102664637881563 ], [ 80.321338334470454, 8.102643110881585 ], [ 80.321361199470346, 8.102592890881652 ], [ 80.321430939470233, 8.102494869881768 ], [ 80.321456209470213, 8.102441062881855 ], [ 80.321486305470145, 8.10236692388189 ], [ 80.321500804470091, 8.102283197882022 ], [ 80.32150349747009, 8.102245547882035 ], [ 80.321510559470084, 8.102146827882164 ], [ 80.32151666847011, 8.102051129882277 ], [ 80.321516735470084, 8.10199131388231 ], [ 80.321521563470057, 8.101968588882333 ], [ 80.32154236347003, 8.101954802882386 ], [ 80.321554000470002, 8.101947090882385 ], [ 80.321585224469942, 8.101937553882351 ], [ 80.321623229469864, 8.101934727882393 ], [ 80.321664465469752, 8.101931660882364 ], [ 80.321707698469694, 8.101918548882399 ], [ 80.321760543469566, 8.10189946588237 ], [ 80.321824221469441, 8.101852879882419 ], [ 80.32185788546937, 8.101808652882475 ], [ 80.321877148469341, 8.101759624882543 ], [ 80.321879617469321, 8.101698615882583 ], [ 80.321879709469329, 8.101616068882699 ], [ 80.321890557469331, 8.101576602882771 ], [ 80.321911013469261, 8.101533557882778 ], [ 80.32191903146925, 8.101449106882905 ], [ 80.32195182846921, 8.101319939883037 ], [ 80.321972057469154, 8.101265409883094 ], [ 80.32207309346893, 8.101091336883295 ], [ 80.322083692468908, 8.101060722883302 ], [ 80.322085651468967, 8.10102627088332 ], [ 80.322070322468974, 8.100991799883367 ], [ 80.321977283469153, 8.100883549883525 ], [ 80.321956184469215, 8.100855772883541 ], [ 80.321955253469227, 8.100829931883609 ], [ 80.321967759469231, 8.100810803883604 ], [ 80.322055214469017, 8.100759218883656 ], [ 80.322086939468932, 8.100731499883684 ], [ 80.322113869468851, 8.100696118883688 ], [ 80.322132182468877, 8.100637757883794 ], [ 80.322140941468845, 8.100534405883915 ], [ 80.322136198468883, 8.100480804883929 ], [ 80.322122795468886, 8.10044155088398 ], [ 80.322102656468914, 8.100414730884047 ], [ 80.322078670468997, 8.100393649884076 ], [ 80.321916409469324, 8.100349445884147 ], [ 80.321853052469478, 8.100322578884152 ], [ 80.321841012469491, 8.100311100884186 ], [ 80.321810838469546, 8.100282335884206 ], [ 80.321773440469684, 8.100230613884301 ], [ 80.321744411469723, 8.10016635188436 ], [ 80.321742542469707, 8.10016322688438 ], [ 80.321731783469772, 8.10012253988441 ], [ 80.321724615469762, 8.10009023088444 ], [ 80.321721654469755, 8.100053739884476 ], [ 80.321718091469762, 8.100019640884513 ], [ 80.321716930469762, 8.09998315188459 ], [ 80.321726564469785, 8.099956843884586 ], [ 80.321733644469759, 8.09994693888464 ], [ 80.321742796469721, 8.099934131884638 ], [ 80.321768041469682, 8.099903054884649 ], [ 80.321822136469564, 8.099839111884727 ], [ 80.321835298469537, 8.099827563884762 ], [ 80.321893635469408, 8.099776383884802 ], [ 80.321936910469333, 8.099726783884837 ], [ 80.321941590469322, 8.099720860884844 ], [ 80.321976582469247, 8.09967658188488 ], [ 80.321988482469223, 8.099652929884924 ], [ 80.321995231469245, 8.099639516884958 ], [ 80.32200721146917, 8.099580167884998 ], [ 80.322010924469168, 8.099561773885025 ], [ 80.322022200469164, 8.099506435885107 ], [ 80.322023598469144, 8.0994995788851 ], [ 80.322018255469175, 8.099446336885121 ], [ 80.322011712469205, 8.099393092885226 ], [ 80.321990200469259, 8.099304541885296 ], [ 80.32198555546924, 8.099276333885328 ], [ 80.321978872469273, 8.09923574088538 ], [ 80.321973515469267, 8.099194461885464 ], [ 80.32197234346927, 8.099168739885465 ], [ 80.321974772469275, 8.099143618885471 ], [ 80.321989210469241, 8.099114923885537 ], [ 80.322003511469234, 8.099095586885527 ], [ 80.322004239469209, 8.099094602885533 ], [ 80.322043904469155, 8.099051579885586 ], [ 80.322049235469166, 8.099044605885625 ], [ 80.322078168469105, 8.099006754885657 ], [ 80.322113635469009, 8.098959539885715 ], [ 80.322131075469002, 8.098930846885693 ], [ 80.322137709468976, 8.098916272885733 ], [ 80.322140931468937, 8.098909198885742 ], [ 80.322142507468925, 8.098905736885753 ], [ 80.322146147468956, 8.098871644885772 ], [ 80.322143776468977, 8.098844127885826 ], [ 80.322140070468961, 8.098824403885823 ], [ 80.322136018468953, 8.098802845885887 ], [ 80.322132372468985, 8.098796230885883 ], [ 80.322113255469006, 8.098761547885893 ], [ 80.32208328346907, 8.098724428885987 ], [ 80.322055706469172, 8.098693892885967 ], [ 80.322016136469244, 8.098650781886057 ], [ 80.321962778469356, 8.098592700886114 ], [ 80.321944805469371, 8.098562174886164 ], [ 80.321934868469398, 8.098526491886187 ], [ 80.321934641469397, 8.098525675886233 ], [ 80.32193172546944, 8.098448509886277 ], [ 80.321936588469399, 8.098393484886344 ], [ 80.32193882246942, 8.098354189886422 ], [ 80.32193903746942, 8.098350419886399 ], [ 80.321933672469441, 8.098316916886434 ], [ 80.321920502469467, 8.098285199886462 ], [ 80.321874954469592, 8.098220547886546 ], [ 80.321844404469616, 8.09816368988662 ], [ 80.32184063346962, 8.098155679886649 ], [ 80.321830032469649, 8.098133167886687 ], [ 80.321827656469651, 8.098110434886676 ], [ 80.321834283469656, 8.098088908886742 ], [ 80.321845713469642, 8.09806559288676 ], [ 80.321863142469596, 8.09804647088675 ], [ 80.321882970469559, 8.098028547886795 ], [ 80.321886606469519, 8.098027146886778 ], [ 80.321923205469488, 8.098013040886809 ], [ 80.321962829469356, 8.098006503886818 ], [ 80.322022258469275, 8.098001783886767 ], [ 80.322066670469155, 8.098007814886751 ], [ 80.322102075469076, 8.098018021886741 ], [ 80.322110000469095, 8.098021578886744 ], [ 80.322131472468996, 8.098031214886742 ], [ 80.322164456468954, 8.098058167886682 ], [ 80.322274781468707, 8.098168350886549 ], [ 80.322276499468714, 8.098170111886569 ], [ 80.322321548468608, 8.098216255886515 ], [ 80.322348530468545, 8.098242005886446 ], [ 80.322371929468488, 8.098251602886466 ], [ 80.322388135468458, 8.098252816886465 ], [ 80.322406146468424, 8.098249844886464 ], [ 80.32242055846838, 8.098245075886483 ], [ 80.322440984468329, 8.098228947886467 ], [ 80.322455108468318, 8.098212710886468 ], [ 80.322460216468301, 8.098206836886465 ], [ 80.32248966046825, 8.098178157886533 ], [ 80.322534370468148, 8.098132627886553 ], [ 80.322587227468048, 8.098101580886588 ], [ 80.322628055467973, 8.098091576886601 ], [ 80.322663589467894, 8.098092573886563 ], [ 80.322705347467817, 8.098110324886569 ], [ 80.322746137467675, 8.09813477488655 ], [ 80.322759763467644, 8.098143445886526 ], [ 80.322810919467585, 8.098175998886468 ], [ 80.322864286467421, 8.098208721886428 ], [ 80.322880501467409, 8.098218664886419 ], [ 80.322916011467356, 8.098241194886411 ], [ 80.322942409467302, 8.098253186886392 ], [ 80.322968335467209, 8.098258000886347 ], [ 80.322995230467185, 8.098254201886334 ], [ 80.323037017467072, 8.098246113886381 ], [ 80.323072305466994, 8.098235797886346 ], [ 80.323107149466964, 8.098225612886399 ], [ 80.323134426466851, 8.098212196886408 ], [ 80.323154715466842, 8.098202217886394 ], [ 80.323193160466772, 8.098176419886448 ], [ 80.323225848466677, 8.098145350886433 ], [ 80.32325421846663, 8.098111406886471 ], [ 80.323303278466497, 8.098039681886544 ], [ 80.323305079466493, 8.098034923886566 ], [ 80.323325914466494, 8.097979889886611 ], [ 80.323348055466454, 8.097932539886678 ], [ 80.323367773466387, 8.09790528588673 ], [ 80.323392769466366, 8.097882343886704 ], [ 80.323435540466249, 8.097852721886735 ], [ 80.323450838466201, 8.09784683588674 ], [ 80.32348886546616, 8.09783220388676 ], [ 80.323526348466046, 8.097819597886787 ], [ 80.323578217465936, 8.097802154886811 ], [ 80.323633932465853, 8.097791209886774 ], [ 80.323669952465764, 8.097786942886763 ], [ 80.323680498465734, 8.097788900886796 ], [ 80.323695878465685, 8.097791756886775 ], [ 80.323704207465681, 8.097796424886802 ], [ 80.32371555446565, 8.097802783886788 ], [ 80.323739069465603, 8.097816208886732 ], [ 80.323776981465514, 8.0978515108867 ], [ 80.323812466465441, 8.097882326886651 ], [ 80.32384029646542, 8.097902454886642 ], [ 80.323872617465341, 8.097913558886635 ], [ 80.323903179465276, 8.097924057886599 ], [ 80.323959350465145, 8.097935124886583 ], [ 80.324025615464976, 8.097937590886582 ], [ 80.3240715874649, 8.097929963886584 ], [ 80.324108706464827, 8.097923804886575 ], [ 80.324117357464772, 8.097920805886568 ], [ 80.324159627464681, 8.097906154886566 ], [ 80.324191817464637, 8.097890877886591 ], [ 80.324231215464565, 8.097872257886614 ], [ 80.324243725464527, 8.097849301886633 ], [ 80.324249992464487, 8.097827296886653 ], [ 80.324249550464529, 8.097792363886699 ], [ 80.324249638464508, 8.097712300886799 ], [ 80.324249655464556, 8.097697615886821 ], [ 80.324247282464526, 8.09767225088685 ], [ 80.324249231464563, 8.097646412886887 ], [ 80.324256938464558, 8.097624886886893 ], [ 80.324282896464467, 8.09760051088692 ], [ 80.324318940464408, 8.097573751886904 ], [ 80.324350646464296, 8.097562301886928 ], [ 80.324402041464211, 8.097550395886936 ], [ 80.324447658464123, 8.097552359886961 ], [ 80.324507545464016, 8.097558666886929 ], [ 80.324521121463931, 8.097560095886925 ], [ 80.324560983463854, 8.097555354886927 ], [ 80.324590288463796, 8.097543423886922 ], [ 80.324613833463772, 8.097530050886933 ], [ 80.324631623463759, 8.097509493886985 ], [ 80.324654226463693, 8.097479370886967 ], [ 80.324667226463646, 8.097448280887008 ], [ 80.324675458463645, 8.097386080887073 ], [ 80.324694673463611, 8.097270776887243 ], [ 80.324706774463593, 8.097183458887343 ], [ 80.324706940463614, 8.097181453887341 ], [ 80.324718333463565, 8.097044100887484 ], [ 80.324724463463582, 8.096928661887606 ], [ 80.324724394463558, 8.096921491887608 ], [ 80.324723386463589, 8.096816804887755 ], [ 80.324731852463586, 8.09675939088779 ], [ 80.324735024463564, 8.096745760887794 ], [ 80.324739090463538, 8.096728293887852 ], [ 80.324748115463507, 8.09670916288788 ], [ 80.324764336463502, 8.096695422887855 ], [ 80.324782959463477, 8.096681685887907 ], [ 80.324797976463458, 8.096672729887869 ], [ 80.324821993463388, 8.096666175887888 ], [ 80.324837777463316, 8.096667861887907 ], [ 80.3248452704633, 8.096668661887914 ], [ 80.32486160446328, 8.096670406887871 ], [ 80.324879605463238, 8.096676407887893 ], [ 80.324904802463195, 8.096688398887885 ], [ 80.324961792463085, 8.096720163887799 ], [ 80.324986305463014, 8.096735695887796 ], [ 80.325066763462843, 8.096786674887706 ], [ 80.325087161462804, 8.096795669887728 ], [ 80.325109368462734, 8.096797487887706 ], [ 80.325126177462749, 8.096796309887717 ], [ 80.325146592462687, 8.09679094888768 ], [ 80.325162208462643, 8.09678199388769 ], [ 80.325189245462596, 8.09675809688771 ], [ 80.325212681462531, 8.096734195887768 ], [ 80.325225923462526, 8.0967013118878 ], [ 80.325229614462472, 8.096620563887875 ], [ 80.325229605462525, 8.096619015887875 ], [ 80.325229113462498, 8.096530240887985 ], [ 80.325248425462462, 8.096435154888102 ], [ 80.325280345462431, 8.096338885888224 ], [ 80.325300217462399, 8.096280885888259 ], [ 80.325318277462372, 8.096233651888285 ], [ 80.325355573462247, 8.096160117888402 ], [ 80.325376611462204, 8.096133822888429 ], [ 80.325399437462167, 8.096118892888425 ], [ 80.325423455462101, 8.096111142888422 ], [ 80.325424157462123, 8.09611096188846 ], [ 80.32543129546211, 8.096109121888421 ], [ 80.325451104462047, 8.096104011888459 ], [ 80.325453476462073, 8.096103399888452 ], [ 80.325478088462035, 8.09610282888841 ], [ 80.325480066462021, 8.096103218888432 ], [ 80.32551028446197, 8.096109176888397 ], [ 80.325514695461919, 8.096110046888402 ], [ 80.325539896461891, 8.096118448888381 ], [ 80.325566888461793, 8.096136422888359 ], [ 80.3255721594618, 8.09614466488838 ], [ 80.325576958461795, 8.096152166888393 ], [ 80.325580670461761, 8.096157971888388 ], [ 80.325581844461794, 8.096182497888304 ], [ 80.325580061461778, 8.096220387888309 ], [ 80.325577541461769, 8.096274010888234 ], [ 80.325577526461814, 8.096287620888209 ], [ 80.325577502461783, 8.096308704888214 ], [ 80.325588244461784, 8.096366737888106 ], [ 80.325599437461747, 8.096396188888056 ], [ 80.325599615461741, 8.096396658888091 ], [ 80.325607110461689, 8.096411295888064 ], [ 80.325612792461726, 8.096422393888064 ], [ 80.325627780461673, 8.096439158888039 ], [ 80.325650519461576, 8.096450519887991 ], [ 80.325660176461611, 8.096455344888003 ], [ 80.325683203461537, 8.09646074188799 ], [ 80.325688380461528, 8.096461954887999 ], [ 80.325773010461361, 8.096467430887996 ], [ 80.325895637461073, 8.096464654887955 ], [ 80.325899066461076, 8.096464576887977 ], [ 80.32599030546092, 8.09646407888795 ], [ 80.326007386460901, 8.096462152887963 ], [ 80.326032328460812, 8.096459339887927 ], [ 80.326123591460615, 8.096436708887959 ], [ 80.326202231460428, 8.09641215088797 ], [ 80.326207891460413, 8.096403492887966 ], [ 80.326220989460396, 8.096383459887988 ], [ 80.326235430460386, 8.096351892888011 ], [ 80.326252765460353, 8.096308843888064 ], [ 80.326272985460321, 8.09626149188815 ], [ 80.326270148460296, 8.096221291888194 ], [ 80.326261568460353, 8.096163859888252 ], [ 80.326237161460398, 8.096087746888367 ], [ 80.326225686460418, 8.096043230888418 ], [ 80.326221431460397, 8.095981496888447 ], [ 80.326231557460403, 8.0959441818885 ], [ 80.326289247460281, 8.09588395088854 ], [ 80.326348378460153, 8.095823719888633 ], [ 80.326423335460035, 8.095782169888684 ], [ 80.32647521445989, 8.095766434888658 ], [ 80.326578946459676, 8.095757934888672 ], [ 80.32664664345954, 8.09576805788863 ], [ 80.326751784459333, 8.095788270888617 ], [ 80.326815157459194, 8.095801259888566 ], [ 80.326890064459022, 8.095805648888579 ], [ 80.326976498458805, 8.095807177888533 ], [ 80.327071582458601, 8.095802974888526 ], [ 80.327130660458465, 8.09579155488856 ], [ 80.327172460458414, 8.095770065888578 ], [ 80.32719841445838, 8.095748560888589 ], [ 80.327217182458298, 8.095712690888591 ], [ 80.327247551458242, 8.095606490888759 ], [ 80.327269235458246, 8.095537606888811 ], [ 80.327321216458103, 8.09542855888891 ], [ 80.327383282457973, 8.095319521889067 ], [ 80.327399218457955, 8.095297195889064 ], [ 80.327415024457949, 8.095275053889107 ], [ 80.327474142457788, 8.095226307889158 ], [ 80.32756928445761, 8.095168986889163 ], [ 80.3276154464575, 8.095111613889216 ], [ 80.327642882457425, 8.095052785889317 ], [ 80.327663127457427, 8.0949824638894 ], [ 80.327666055457428, 8.094939398889444 ], [ 80.327641643457468, 8.094869028889523 ], [ 80.327604267457531, 8.094795773889597 ], [ 80.327571924457629, 8.094741230889689 ], [ 80.327447532457924, 8.094531454889928 ], [ 80.327354020458088, 8.094415070890102 ], [ 80.32727915745825, 8.094371921890145 ], [ 80.327202799458433, 8.094316142890237 ], [ 80.327152861458572, 8.094266268890291 ], [ 80.327135607458601, 8.09423610289034 ], [ 80.327125568458598, 8.094194460890344 ], [ 80.327125648458619, 8.094121244890454 ], [ 80.327135827458619, 8.094035121890537 ], [ 80.32715034345857, 8.09393464689064 ], [ 80.327177824458516, 8.09383418489077 ], [ 80.327213077458481, 8.093738237890895 ], [ 80.327237040458414, 8.093696432890914 ], [ 80.327274586458316, 8.093613209891011 ], [ 80.327317928458285, 8.093499845891122 ], [ 80.327328047458209, 8.093468273891146 ], [ 80.32733387745823, 8.093406549891236 ], [ 80.32733426445823, 8.093300650891356 ], [ 80.327328321458239, 8.09321848189145 ], [ 80.327337005458247, 8.093181166891506 ], [ 80.327350006458232, 8.093148162891501 ], [ 80.327386084458155, 8.093090778891556 ], [ 80.327425035458049, 8.093040574891619 ], [ 80.327465425458001, 8.092991808891703 ], [ 80.327540407457846, 8.092927288891744 ], [ 80.327592307457692, 8.092891456891795 ], [ 80.327680238457503, 8.092841305891801 ], [ 80.327756625457369, 8.092808370891849 ], [ 80.32779841245727, 8.092799801891868 ], [ 80.32790789245702, 8.09280422889181 ], [ 80.327954919456928, 8.092805035891846 ], [ 80.32799720745686, 8.092805761891837 ], [ 80.328050487456721, 8.092825917891755 ], [ 80.328078287456663, 8.092838221891791 ], [ 80.328151279456534, 8.0928705298917 ], [ 80.328184409456469, 8.092873436891699 ], [ 80.328214668456383, 8.09286772689172 ], [ 80.328249261456321, 8.09285053789173 ], [ 80.328363165456068, 8.092761655891811 ], [ 80.328456855455897, 8.092714382891851 ], [ 80.328468322455848, 8.092698907891863 ], [ 80.328497308455809, 8.092659789891886 ], [ 80.328517453455774, 8.092629748891916 ], [ 80.328537679455664, 8.092576653891976 ], [ 80.328559358455678, 8.092512075892074 ], [ 80.328570917455622, 8.092480505892123 ], [ 80.328608407455562, 8.09244896389211 ], [ 80.328690549455388, 8.092423211892125 ], [ 80.328813008455143, 8.092414731892157 ], [ 80.328905174454931, 8.092443542892106 ], [ 80.32893724345486, 8.092465417892033 ], [ 80.328964195454788, 8.092483803892033 ], [ 80.328974421454788, 8.092498103892044 ], [ 80.328996258454751, 8.092528639892 ], [ 80.329014538454672, 8.092554201891931 ], [ 80.329063360454569, 8.092699248891753 ], [ 80.32910654445449, 8.09273087889173 ], [ 80.329145428454424, 8.092740969891693 ], [ 80.32919584845429, 8.092742459891729 ], [ 80.329236197454208, 8.092731019891692 ], [ 80.32927079145415, 8.092712393891727 ], [ 80.329319808454031, 8.092677992891769 ], [ 80.329383257453927, 8.092620637891798 ], [ 80.329482750453707, 8.092536045891872 ], [ 80.329493542453648, 8.092526934891888 ], [ 80.329559172453571, 8.092471527891947 ], [ 80.329602401453442, 8.092461525891938 ], [ 80.329652817453351, 8.092464450891979 ], [ 80.329708999453203, 8.092465947891942 ], [ 80.329750780453111, 8.092461685891932 ], [ 80.329786803453047, 8.092454547891931 ], [ 80.329824282452975, 8.092433053891943 ], [ 80.329883395452811, 8.092388614892023 ], [ 80.329984326452632, 8.092305459892076 ], [ 80.330043430452506, 8.092269634892109 ], [ 80.330065787452426, 8.092257782892124 ], [ 80.330129915452332, 8.092223788892168 ], [ 80.330217823452173, 8.092193736892193 ], [ 80.330242324452072, 8.092183714892171 ], [ 80.330305768451979, 8.092130665892251 ], [ 80.330367903451815, 8.092080806892296 ], [ 80.330387954451794, 8.092064717892274 ], [ 80.33046436645165, 8.09200881189232 ], [ 80.330511937451519, 8.091978716892353 ], [ 80.33060563745137, 8.091922829892429 ], [ 80.330638798451275, 8.091897024892448 ], [ 80.330656135451221, 8.091851104892505 ], [ 80.330664838451256, 8.091796562892577 ], [ 80.330666349451235, 8.091731961892629 ], [ 80.330644896451247, 8.091588380892819 ], [ 80.330633427451332, 8.091536687892841 ], [ 80.330625451451354, 8.09143005489299 ], [ 80.33062064845133, 8.091365838893065 ], [ 80.330613553451343, 8.091266774893191 ], [ 80.33062133145134, 8.091157938893279 ], [ 80.330630595451353, 8.091093806893371 ], [ 80.330646379451281, 8.090984542893493 ], [ 80.330646857451285, 8.090981232893483 ], [ 80.330660749451297, 8.090919573893567 ], [ 80.330701800451223, 8.090704279893826 ], [ 80.330724683451137, 8.090636114893879 ], [ 80.330735790451158, 8.090597533893911 ], [ 80.330748784451117, 8.090552397893974 ], [ 80.330768030451082, 8.090517725893985 ], [ 80.330793276451047, 8.090484255894014 ], [ 80.330824528450961, 8.090448399894099 ], [ 80.330884602450823, 8.090401808894146 ], [ 80.330926418450758, 8.09034142689419 ], [ 80.330935102450766, 8.090328886894204 ], [ 80.330948341450735, 8.090297796894239 ], [ 80.3309519944507, 8.090251144894259 ], [ 80.330949619450692, 8.090227214894291 ], [ 80.330930457450734, 8.090184126894357 ], [ 80.330905277450839, 8.090156583894405 ], [ 80.330872895450867, 8.090127837894443 ], [ 80.330860929450893, 8.090093130894489 ], [ 80.330853784450923, 8.090039288894552 ], [ 80.330852648450971, 8.09000839389458 ], [ 80.33085145145094, 8.089975880894606 ], [ 80.33085757645091, 8.089863433894738 ], [ 80.330873270450908, 8.089783296894836 ], [ 80.330890138450854, 8.089727087894856 ], [ 80.330915385450794, 8.089692422894906 ], [ 80.330943022450754, 8.089668525894929 ], [ 80.330975463450713, 8.089643437894976 ], [ 80.331045118450518, 8.089618390894984 ], [ 80.331102769450439, 8.089593329895033 ], [ 80.331194044450214, 8.089557538895038 ], [ 80.331231289450187, 8.089530062895053 ], [ 80.331252932450099, 8.089497785895087 ], [ 80.331290219450025, 8.089432027895146 ], [ 80.331355227449933, 8.089264612895366 ], [ 80.331370850449872, 8.089249077895337 ], [ 80.331400873449837, 8.089239539895367 ], [ 80.331434491449727, 8.08923478989535 ], [ 80.331465701449702, 8.08923721689537 ], [ 80.331492110449616, 8.089238441895374 ], [ 80.331516113449553, 8.089244448895331 ], [ 80.331535302449495, 8.089262414895336 ], [ 80.331565279449492, 8.08929474689528 ], [ 80.331596435449384, 8.089346222895234 ], [ 80.331620396449352, 8.08939170889515 ], [ 80.331644371449272, 8.089422839895128 ], [ 80.331676757449202, 8.089447996895075 ], [ 80.331700571449161, 8.089461795895044 ], [ 80.331719589449108, 8.089472816895064 ], [ 80.331751820449028, 8.089491862895017 ], [ 80.33180725544895, 8.089517045894967 ], [ 80.331861978448842, 8.089535049894966 ], [ 80.331957748448588, 8.08956099289489 ], [ 80.332021839448487, 8.089574699894911 ], [ 80.332066481448351, 8.089589103894845 ], [ 80.332126246448226, 8.089606394894822 ], [ 80.332168723448149, 8.089625821894776 ], [ 80.332216236448019, 8.089648841894761 ], [ 80.332242071448007, 8.089661548894741 ], [ 80.332308385447831, 8.089694161894723 ], [ 80.332353021447773, 8.08971430789469 ], [ 80.33236578644771, 8.089718709894685 ], [ 80.332394782447665, 8.089728708894652 ], [ 80.332422147447602, 8.089734480894657 ], [ 80.332433570447577, 8.089734492894634 ], [ 80.332451629447547, 8.089734512894649 ], [ 80.332451679447516, 8.089734512894651 ], [ 80.332556324447324, 8.089708290894633 ], [ 80.332582217447253, 8.089692422894656 ], [ 80.332612506447191, 8.089658000894691 ], [ 80.332647125447124, 8.089616405894761 ], [ 80.332684630447091, 8.08957050789482 ], [ 80.332753830446919, 8.08952177189486 ], [ 80.332794191446837, 8.089498845894839 ], [ 80.332880642446611, 8.089484582894874 ], [ 80.332965628446473, 8.089491852894824 ], [ 80.333106754446121, 8.089539377894761 ], [ 80.333197469445935, 8.089576800894687 ], [ 80.333283897445781, 8.089584071894681 ], [ 80.333389032445567, 8.089608588894626 ], [ 80.333428719445465, 8.089635017894588 ], [ 80.333440856445435, 8.089643099894596 ], [ 80.333471057445379, 8.089690505894565 ], [ 80.333491168445292, 8.089743644894487 ], [ 80.333522811445235, 8.089789616894436 ], [ 80.333555911445202, 8.089821235894368 ], [ 80.333594784445111, 8.089841374894352 ], [ 80.33364663244501, 8.089852915894324 ], [ 80.333792117444659, 8.089865991894303 ], [ 80.33384830344454, 8.089863180894296 ], [ 80.33387713044452, 8.089848855894315 ], [ 80.333910283444396, 8.089830228894304 ], [ 80.333962183444314, 8.089794394894374 ], [ 80.334035721444138, 8.089731307894427 ], [ 80.33409918344401, 8.089659595894485 ], [ 80.334168628443905, 8.089605650894542 ], [ 80.334191458443811, 8.089587915894539 ], [ 80.334257771443731, 8.089544918894592 ], [ 80.334325512443527, 8.089513408894632 ], [ 80.334404753443422, 8.089504879894621 ], [ 80.334521445443158, 8.089500697894605 ], [ 80.334561789443029, 8.089493563894624 ], [ 80.33460213844296, 8.08948212189461 ], [ 80.334648261442865, 8.089459201894645 ], [ 80.33470879644274, 8.089430554894641 ], [ 80.334773667442605, 8.089388991894713 ], [ 80.334924994442304, 8.089327423894725 ], [ 80.335175755441739, 8.089234378894817 ], [ 80.335252144441597, 8.089198570894844 ], [ 80.335297164441513, 8.089177799894879 ], [ 80.335332857441415, 8.089161331894879 ], [ 80.335377539441325, 8.089138409894868 ], [ 80.335451055441155, 8.0890954208949 ], [ 80.335517358441066, 8.089061037894972 ], [ 80.335566356440978, 8.089045297894947 ], [ 80.335696290440652, 8.089032617894945 ], [ 80.335711868440626, 8.089031097894932 ], [ 80.335788233440496, 8.089018258894971 ], [ 80.33596256044008, 8.08900265289493 ], [ 80.336110972439769, 8.088972664894944 ], [ 80.33626896043944, 8.088940926894999 ], [ 80.33632422343932, 8.088929823894986 ], [ 80.336400996439181, 8.088933090894979 ], [ 80.336406364439142, 8.088930563894987 ], [ 80.336466839438998, 8.088931411894936 ], [ 80.336515800438917, 8.088948690894927 ], [ 80.33654889743886, 8.08898317989491 ], [ 80.336573326438824, 8.089039193894836 ], [ 80.336574678438765, 8.089122459894734 ], [ 80.336555876438808, 8.089191347894644 ], [ 80.336555828438804, 8.089235850894621 ], [ 80.336570191438767, 8.089276062894561 ], [ 80.336623443438697, 8.089322057894492 ], [ 80.336662325438553, 8.089335019894447 ], [ 80.336701219438481, 8.089336496894449 ], [ 80.336766064438393, 8.089319338894468 ], [ 80.336826597438218, 8.089292126894469 ], [ 80.336917412438041, 8.08923767089453 ], [ 80.336973630437924, 8.089204712894595 ], [ 80.337153793437537, 8.089120204894622 ], [ 80.337261889437315, 8.089071509894687 ], [ 80.33739452043703, 8.088979772894781 ], [ 80.337473821436902, 8.088915255894843 ], [ 80.337517087436794, 8.088869362894895 ], [ 80.337573345436709, 8.088799078894967 ], [ 80.337602217436611, 8.088743121894996 ], [ 80.337625425436585, 8.08870299789503 ], [ 80.337635411436565, 8.088685732895048 ], [ 80.337690239436441, 8.088605398895117 ], [ 80.337723435436374, 8.088546574895227 ], [ 80.337745117436342, 8.088477688895294 ], [ 80.337745209436335, 8.088391553895386 ], [ 80.337722237436395, 8.088319750895446 ], [ 80.337640261436576, 8.088191895895648 ], [ 80.337588468436664, 8.088128674895723 ], [ 80.337553909436778, 8.088114282895717 ], [ 80.337417111437063, 8.088062455895804 ], [ 80.337372479437178, 8.088038003895846 ], [ 80.337370661437134, 8.088035355895832 ], [ 80.337337959437221, 8.087987721895892 ], [ 80.337286173437349, 8.087917322896001 ], [ 80.337247364437459, 8.087836888896112 ], [ 80.33719558043758, 8.08776505389617 ], [ 80.337133697437707, 8.087707564896222 ], [ 80.337061726437852, 8.087652935896321 ], [ 80.337033550437894, 8.087588841896414 ], [ 80.337024375437949, 8.087556711896433 ], [ 80.3370258514379, 8.087523694896502 ], [ 80.337025903437933, 8.087474884896551 ], [ 80.337040352437882, 8.087434703896566 ], [ 80.337063458437854, 8.087381611896642 ], [ 80.337084701437817, 8.087341006896649 ], [ 80.337100990437804, 8.087309871896711 ], [ 80.337157257437681, 8.087230974896812 ], [ 80.33726251543743, 8.087140644896868 ], [ 80.337334604437302, 8.087083297896925 ], [ 80.337373545437231, 8.087041706896953 ], [ 80.33739519843715, 8.087000097897004 ], [ 80.337416871437156, 8.086939826897073 ], [ 80.337424136437107, 8.086882409897139 ], [ 80.337429364437114, 8.086839035897219 ], [ 80.337431403437094, 8.086822122897214 ], [ 80.337422822437148, 8.086763255897271 ], [ 80.337421419437149, 8.086728799897337 ], [ 80.337435860437097, 8.086695796897374 ], [ 80.337461489437032, 8.086676525897348 ], [ 80.337542990436859, 8.086650568897376 ], [ 80.337587181436803, 8.086639131897428 ], [ 80.337658266436662, 8.086621979897378 ], [ 80.337738959436464, 8.086602924897393 ], [ 80.337788923436378, 8.086580008897434 ], [ 80.337828830436266, 8.086532197897478 ], [ 80.337857682436223, 8.086493945897493 ], [ 80.337867363436217, 8.086422176897587 ], [ 80.337848230436222, 8.08635276989766 ], [ 80.337824302436303, 8.08627617989776 ], [ 80.337728456436523, 8.086096629897993 ], [ 80.337692480436615, 8.086060701898052 ], [ 80.337644504436682, 8.086019975898093 ], [ 80.337630152436731, 8.085969714898141 ], [ 80.337624588436753, 8.085938661898192 ], [ 80.337594508436837, 8.085770812898403 ], [ 80.337575259436889, 8.08566339789853 ], [ 80.337551359436915, 8.085560487898643 ], [ 80.337556222436916, 8.085503069898719 ], [ 80.337573473436876, 8.085473916898739 ], [ 80.337580276436867, 8.085462420898736 ], [ 80.337647581436755, 8.085388319898819 ], [ 80.337676428436694, 8.08535485389886 ], [ 80.337688496436684, 8.085295049898933 ], [ 80.337698206436627, 8.085196961899031 ], [ 80.33767914943671, 8.085055775899184 ], [ 80.337614518436865, 8.084873865899423 ], [ 80.337597776436894, 8.084814031899487 ], [ 80.337614628436839, 8.084770982899526 ], [ 80.33766511443676, 8.084708826899577 ], [ 80.337763616436561, 8.084649115899627 ], [ 80.337941372436177, 8.084567953899681 ], [ 80.33808788143584, 8.084520255899706 ], [ 80.338188741435673, 8.084501222899714 ], [ 80.338267957435463, 8.084515662899717 ], [ 80.338315941435383, 8.084546817899664 ], [ 80.338395081435181, 8.084633036899577 ], [ 80.338467040435063, 8.084697714899491 ], [ 80.338566090434796, 8.084704119899435 ], [ 80.338579877434768, 8.084705011899436 ], [ 80.338668760434629, 8.084659645899476 ], [ 80.338723019434497, 8.084620276899535 ], [ 80.338757663434407, 8.084595137899553 ], [ 80.338784763434361, 8.084554136899598 ], [ 80.338812974434333, 8.084511453899641 ], [ 80.338870711434168, 8.084403845899747 ], [ 80.338930806434092, 8.084336915899813 ], [ 80.339036529433855, 8.084260462899863 ], [ 80.339187953433509, 8.084105101900022 ], [ 80.339281704433319, 8.083997531900174 ], [ 80.339373046433167, 8.083897136900275 ], [ 80.339471656432977, 8.083736932900441 ], [ 80.339510139432861, 8.083672372900514 ], [ 80.339678334432534, 8.083550525900627 ], [ 80.339743757432402, 8.083509953900613 ], [ 80.339920989432031, 8.083400044900714 ], [ 80.339978667431879, 8.083347467900799 ], [ 80.340007560431857, 8.083270933900867 ], [ 80.34001208443182, 8.083192745900982 ], [ 80.340014897431871, 8.083144130901006 ], [ 80.340014974431853, 8.083071562901081 ], [ 80.340015098431849, 8.082955111901217 ], [ 80.339995947431888, 8.082902453901269 ], [ 80.339866408432172, 8.082797039901445 ], [ 80.339806438432305, 8.082746730901492 ], [ 80.339760877432425, 8.08269404490156 ], [ 80.33975612143243, 8.08265097290162 ], [ 80.339772961432388, 8.082619885901632 ], [ 80.339828220432295, 8.082584053901684 ], [ 80.339909877432078, 8.082560213901717 ], [ 80.340046750431824, 8.082541216901676 ], [ 80.340099614431708, 8.082500597901713 ], [ 80.340128476431659, 8.082452775901766 ], [ 80.340154975431616, 8.082369060901888 ], [ 80.340183857431541, 8.082302096901927 ], [ 80.340217518431444, 8.08225667190197 ], [ 80.340236114431434, 8.082247893901989 ], [ 80.340313603431255, 8.082211312902057 ], [ 80.340476907430897, 8.082173202902025 ], [ 80.340654605430544, 8.082144678902074 ], [ 80.340724753430422, 8.082139233902065 ], [ 80.340745848430331, 8.082137596902045 ], [ 80.340829873430181, 8.082144863902023 ], [ 80.340930661429979, 8.082192822901986 ], [ 80.341014625429793, 8.082257511901895 ], [ 80.34108182542964, 8.08228150990182 ], [ 80.341156254429464, 8.082281588901825 ], [ 80.341249897429279, 8.082274508901831 ], [ 80.341353127429031, 8.082284188901809 ], [ 80.341413127428922, 8.082305784901733 ], [ 80.341426895428881, 8.082321498901734 ], [ 80.341463486428822, 8.082363261901703 ], [ 80.341506626428725, 8.082435085901583 ], [ 80.341573771428571, 8.082511721901504 ], [ 80.341608427428469, 8.082536570901468 ], [ 80.341632406428403, 8.082553762901417 ], [ 80.341669576428373, 8.082580411901388 ], [ 80.341736793428197, 8.082588138901398 ], [ 80.341834751427967, 8.082588241901371 ], [ 80.341928887427798, 8.082569199901359 ], [ 80.342003452427619, 8.082536985901394 ], [ 80.342017282427591, 8.082531009901395 ], [ 80.342069188427487, 8.082487040901444 ], [ 80.342082689427471, 8.082435373901525 ], [ 80.342096239427462, 8.082335853901641 ], [ 80.342140056427368, 8.082240209901745 ], [ 80.342169436427326, 8.082138775901809 ], [ 80.342177260427292, 8.082004795901977 ], [ 80.342150576427372, 8.081809527902236 ], [ 80.342154084427392, 8.081742737902307 ], [ 80.342154497427344, 8.081734880902296 ], [ 80.342167992427335, 8.081687041902365 ], [ 80.342221812427226, 8.081650729902371 ], [ 80.342304436427085, 8.081620191902422 ], [ 80.342398596426875, 8.08157817990246 ], [ 80.342483145426698, 8.081543813902467 ], [ 80.342540814426584, 8.081499849902521 ], [ 80.342590811426447, 8.081444392902542 ], [ 80.342652380426344, 8.081344922902634 ], [ 80.342740901426168, 8.08118614390286 ], [ 80.342755899426137, 8.081161799902832 ], [ 80.34283517942599, 8.081033113902985 ], [ 80.34287379842587, 8.080934002903094 ], [ 80.342881402425874, 8.080914486903106 ], [ 80.342907477425797, 8.080849720903196 ], [ 80.342923769425795, 8.080809253903221 ], [ 80.342943052425767, 8.080738451903319 ], [ 80.342960421425715, 8.080659991903403 ], [ 80.342977752425654, 8.080617898903458 ], [ 80.343054677425513, 8.080528016903548 ], [ 80.343135462425337, 8.080418995903651 ], [ 80.343252728425099, 8.080323412903725 ], [ 80.343339213424912, 8.080273735903772 ], [ 80.343351105424929, 8.080270604903804 ], [ 80.34343335542475, 8.080248951903785 ], [ 80.343527459424507, 8.080260534903761 ], [ 80.343567673424445, 8.080280625903745 ], [ 80.34358121142445, 8.080287388903718 ], [ 80.343609978424396, 8.080329529903658 ], [ 80.34359455342441, 8.080385022903592 ], [ 80.343567617424469, 8.08042901990358 ], [ 80.343532961424515, 8.08050746190351 ], [ 80.343502130424568, 8.080601221903386 ], [ 80.343503490424553, 8.080665234903293 ], [ 80.343503960424542, 8.08068735890326 ], [ 80.343509652424515, 8.080754358903187 ], [ 80.343516785424498, 8.080762621903222 ], [ 80.34355761142443, 8.080809918903146 ], [ 80.343645914424229, 8.080857863903081 ], [ 80.343753918424028, 8.080894711903001 ], [ 80.343809118423877, 8.080913544902982 ], [ 80.343945438423617, 8.080963453902889 ], [ 80.343983816423517, 8.080997947902874 ], [ 80.344004870423447, 8.08106879290278 ], [ 80.34402157942344, 8.081136629902717 ], [ 80.344039296423404, 8.081208559902615 ], [ 80.344086377423281, 8.081301017902492 ], [ 80.344094882423235, 8.081317721902488 ], [ 80.344127479423207, 8.081371351902391 ], [ 80.344196563423012, 8.081430761902325 ], [ 80.344288713422813, 8.081472967902304 ], [ 80.344386634422619, 8.081507525902227 ], [ 80.344490361422416, 8.081501890902238 ], [ 80.344588332422205, 8.081488594902225 ], [ 80.344697850421966, 8.081454254902226 ], [ 80.34477085442181, 8.081412058902281 ], [ 80.344780492421776, 8.08140648790226 ], [ 80.344830473421695, 8.081366343902332 ], [ 80.344880505421585, 8.081278346902389 ], [ 80.344902979421548, 8.081216528902445 ], [ 80.344905547421533, 8.08120946490247 ], [ 80.344935778421473, 8.08111912490258 ], [ 80.344940688421488, 8.081104452902572 ], [ 80.344969234421427, 8.081058419902636 ], [ 80.345019221421296, 8.081012532902674 ], [ 80.345080725421198, 8.080974313902741 ], [ 80.345117198421079, 8.081021663902668 ], [ 80.345132446421061, 8.081041459902648 ], [ 80.345208970420899, 8.081119794902561 ], [ 80.345239860420818, 8.081151415902523 ], [ 80.345274575420774, 8.081186952902451 ], [ 80.345299182420732, 8.081212142902451 ], [ 80.345333855420606, 8.081247635902388 ], [ 80.345348531420612, 8.081265868902356 ], [ 80.34562736641999, 8.081212791902356 ], [ 80.345905839419416, 8.081228942902305 ], [ 80.346258345418633, 8.081249389902229 ], [ 80.346799444417528, 8.080980449902444 ], [ 80.347214717416648, 8.080741949902691 ], [ 80.347525108416036, 8.080433281902991 ], [ 80.347569471415909, 8.080386407903013 ], [ 80.347907154415211, 8.080029603903391 ], [ 80.348386177414241, 8.079596528903823 ], [ 80.349115328412708, 8.078937316904446 ], [ 80.34922021341248, 8.078842490904535 ], [ 80.349800958411308, 8.078231254905145 ], [ 80.350087655410704, 8.07792950390545 ], [ 80.350241423410409, 8.077767661905602 ], [ 80.351235887408322, 8.076721003906632 ], [ 80.351298505408195, 8.076655098906716 ], [ 80.351306622408174, 8.076646555906748 ], [ 80.351374852408043, 8.076558153906818 ], [ 80.351689937407428, 8.076149912907237 ], [ 80.351874453407035, 8.075910842907462 ], [ 80.351880340407007, 8.075903215907466 ], [ 80.351957841406872, 8.075802799907558 ], [ 80.35213005640648, 8.075579666907823 ], [ 80.352184691406393, 8.075508877907888 ], [ 80.352265431406209, 8.075404266908015 ], [ 80.352301015406127, 8.075358161908035 ], [ 80.35238525740597, 8.075249012908124 ], [ 80.352507578405721, 8.075090524908335 ], [ 80.352540447405644, 8.075047939908359 ], [ 80.352817090405068, 8.074689500908701 ], [ 80.352817376405113, 8.074689129908705 ], [ 80.35289817540496, 8.074584441908842 ], [ 80.353004685404699, 8.074446439908955 ], [ 80.353008548404702, 8.074441435908962 ], [ 80.353029564404665, 8.074414203909008 ], [ 80.353035107404637, 8.074407022909014 ], [ 80.353071992404551, 8.074359231909076 ], [ 80.353112651404516, 8.074306550909133 ], [ 80.353113382404516, 8.074305234909126 ], [ 80.353116141404485, 8.074300273909126 ], [ 80.353117693404499, 8.074297480909106 ], [ 80.353117820404464, 8.074297253909124 ], [ 80.353119846404454, 8.074293606909157 ], [ 80.353124441404461, 8.074285341909146 ], [ 80.353176947404378, 8.074190886909236 ], [ 80.353322452404072, 8.073929128909487 ], [ 80.353540741403663, 8.073536435909922 ], [ 80.353916951402866, 8.072859646910624 ], [ 80.354016597402691, 8.072680387910818 ], [ 80.354116242402455, 8.072501128911018 ], [ 80.354378000401951, 8.071883359911707 ], [ 80.35441331240186, 8.071800020911786 ], [ 80.354498798401735, 8.071598266912009 ], [ 80.354783157401144, 8.070958687912643 ], [ 80.354811928401119, 8.07089399291273 ], [ 80.354928693400865, 8.070631355913017 ], [ 80.354952980400824, 8.070576731913103 ], [ 80.355101832400535, 8.070317744913375 ], [ 80.355246005400204, 8.070066899913602 ], [ 80.355430848399834, 8.069745290913975 ], [ 80.355483766399715, 8.069692661913985 ], [ 80.355619925399452, 8.069557244914158 ], [ 80.355766554399182, 8.069411413914302 ], [ 80.355809000399049, 8.069369198914336 ], [ 80.35582767839901, 8.069341530914331 ], [ 80.355833620399039, 8.069344712914331 ], [ 80.355927895398821, 8.069250950914478 ], [ 80.35614710039836, 8.069032938914688 ], [ 80.356576875397479, 8.068581757915119 ], [ 80.356958850396708, 8.068225603915431 ], [ 80.357119933396362, 8.068044600915648 ], [ 80.357164735396253, 8.067994258915695 ], [ 80.357211373396169, 8.067941852915737 ], [ 80.357278902396061, 8.067890814915797 ], [ 80.35763873939527, 8.067618843916046 ], [ 80.357711324395126, 8.067562126916087 ], [ 80.357878071394808, 8.067431830916201 ], [ 80.358237970394029, 8.067351819916274 ], [ 80.358390173393701, 8.0673179829163 ], [ 80.358561492393335, 8.067279896916299 ], [ 80.358592483393281, 8.067252954916352 ], [ 80.358623503393204, 8.067225986916331 ], [ 80.358658882393129, 8.067187640916371 ], [ 80.358675100393086, 8.067170062916407 ], [ 80.358721537393023, 8.067103732916497 ], [ 80.358803856392854, 8.066995931916594 ], [ 80.358843818392742, 8.066960703916626 ], [ 80.358910009392645, 8.066920528916679 ], [ 80.358931975392608, 8.066912321916677 ], [ 80.358980068392484, 8.066911646916642 ], [ 80.359077334392282, 8.066919612916626 ], [ 80.359222603391942, 8.066925817916625 ], [ 80.359272789391852, 8.066919899916625 ], [ 80.359320093391773, 8.066891009916642 ], [ 80.359352706391661, 8.066853694916638 ], [ 80.359399132391573, 8.066796769916728 ], [ 80.359447332391497, 8.066781444916744 ], [ 80.359496514391395, 8.066779685916702 ], [ 80.359542414391257, 8.066793567916694 ], [ 80.3596274303911, 8.066802515916688 ], [ 80.359674813390981, 8.066785019916704 ], [ 80.359677430390988, 8.06678431791668 ], [ 80.359749603390867, 8.066765742916679 ], [ 80.35980812439071, 8.066771407916663 ], [ 80.359860282390613, 8.066789456916647 ], [ 80.359911339390521, 8.066818987916598 ], [ 80.359982269390343, 8.066847544916564 ], [ 80.360056389390166, 8.066862721916555 ], [ 80.360173429389945, 8.066877036916503 ], [ 80.36025709038978, 8.066877572916516 ], [ 80.360337586389619, 8.066868791916493 ], [ 80.360382709389469, 8.066845053916529 ], [ 80.360456142389339, 8.066819535916519 ], [ 80.360506318389213, 8.066823021916532 ], [ 80.360583524389071, 8.066837116916483 ], [ 80.360715159388775, 8.06686609591647 ], [ 80.360820582388541, 8.06688247991643 ], [ 80.360842535388528, 8.066888831916373 ], [ 80.360884160388437, 8.066913108916363 ], [ 80.360936388388282, 8.066938128916336 ], [ 80.360959257388245, 8.066949084916301 ], [ 80.361038536388065, 8.066977740916245 ], [ 80.361076797388023, 8.066986291916235 ], [ 80.361101133387933, 8.066991729916239 ], [ 80.361208628387715, 8.067022674916183 ], [ 80.361357859387411, 8.067060171916109 ], [ 80.361447767387233, 8.067074278916106 ], [ 80.361569877386927, 8.06710216391606 ], [ 80.361697242386668, 8.06713538891599 ], [ 80.361817361386386, 8.067157031915976 ], [ 80.361900377386235, 8.067167875915919 ], [ 80.36198865638606, 8.067178996915896 ], [ 80.36206288338586, 8.067177442915892 ], [ 80.362094747385854, 8.067160364915917 ], [ 80.362107007385774, 8.067153793915899 ], [ 80.362122815385746, 8.067135090915951 ], [ 80.362124269385774, 8.06713183691592 ], [ 80.362141914385745, 8.067091521915984 ], [ 80.362193745385653, 8.06698305691612 ], [ 80.362218261385578, 8.066994950916055 ], [ 80.362225125385578, 8.066998280916081 ], [ 80.362373147385213, 8.06706489591596 ], [ 80.362439910385064, 8.067086213915921 ], [ 80.362558827384845, 8.067129738915876 ], [ 80.362626160384693, 8.067153147915839 ], [ 80.362733079384469, 8.06719032091579 ], [ 80.362763065384371, 8.067198804915748 ], [ 80.362796593384331, 8.067208290915742 ], [ 80.36288511638412, 8.067233336915718 ], [ 80.362912515384096, 8.0672390619157 ], [ 80.362928302384063, 8.067239619915714 ], [ 80.362943865383997, 8.06723860191568 ], [ 80.362946379383999, 8.067238436915714 ], [ 80.363000445383918, 8.06723489891567 ], [ 80.363089281383694, 8.067233630915648 ], [ 80.363107181383654, 8.067210046915712 ], [ 80.363146250383593, 8.067160800915756 ], [ 80.363151834383586, 8.067110887915819 ], [ 80.363142815383625, 8.067055535915877 ], [ 80.363118414383663, 8.066957483915996 ], [ 80.363088971383718, 8.066820722916129 ], [ 80.363060718383792, 8.066671483916315 ], [ 80.363016307383944, 8.066439845916582 ], [ 80.362988721383957, 8.066350110916666 ], [ 80.362953467384074, 8.066306035916771 ], [ 80.362904600384141, 8.066265111916815 ], [ 80.362896907384183, 8.066258256916841 ], [ 80.362886922384178, 8.066249359916808 ], [ 80.362875602384207, 8.066227373916853 ], [ 80.362869768384229, 8.066161714916904 ], [ 80.362869513384211, 8.066141322916971 ], [ 80.362869353384255, 8.066128515916967 ], [ 80.36286842438426, 8.066054371917051 ], [ 80.362861929384309, 8.065927219917201 ], [ 80.36284596938431, 8.065854420917274 ], [ 80.362845670384345, 8.065853049917278 ], [ 80.362857816384277, 8.065751765917407 ], [ 80.362890896384243, 8.065647734917482 ], [ 80.362915610384206, 8.065611985917526 ], [ 80.363011977383962, 8.06547259191769 ], [ 80.363070318383848, 8.065408763917743 ], [ 80.363122013383773, 8.065352206917812 ], [ 80.363207675383606, 8.06528729691788 ], [ 80.363237510383513, 8.065264690917886 ], [ 80.363281531383421, 8.065209963917919 ], [ 80.363314566383337, 8.065149749918014 ], [ 80.363366844383236, 8.065081339918097 ], [ 80.363368771383264, 8.065079979918098 ], [ 80.363374920383251, 8.065075637918095 ], [ 80.363450061383062, 8.065022641918118 ], [ 80.36345162038306, 8.065021542918151 ], [ 80.363456580383072, 8.065018044918137 ], [ 80.363468953383048, 8.065009318918172 ], [ 80.363547850382844, 8.065005417918151 ], [ 80.363633694382685, 8.065002151918117 ], [ 80.363634489382676, 8.065002121918154 ], [ 80.36371000938253, 8.064999248918113 ], [ 80.36385242438223, 8.064995320918088 ], [ 80.363953651381991, 8.064992527918111 ], [ 80.364079145381751, 8.064993376918098 ], [ 80.364312344381247, 8.064994964918032 ], [ 80.364394812381079, 8.065009063918005 ], [ 80.364451139380947, 8.065031365917958 ], [ 80.364575228380673, 8.065074895917919 ], [ 80.364666532380511, 8.065131925917836 ], [ 80.364798304380187, 8.065258027917636 ], [ 80.364815612380141, 8.065276883917667 ], [ 80.365023412379699, 8.065214979917704 ], [ 80.3650409363797, 8.065201909917693 ], [ 80.365118886379534, 8.065143766917751 ], [ 80.365214454379341, 8.064977475917905 ], [ 80.365241991379293, 8.064922721918004 ], [ 80.365310049379161, 8.06478739091812 ], [ 80.365334111379084, 8.064573515918372 ], [ 80.365286766379228, 8.064216928918785 ], [ 80.365255340379264, 8.064133157918896 ], [ 80.365215404379356, 8.064026701918992 ], [ 80.365024813379804, 8.063812588919296 ], [ 80.364970608379906, 8.063671716919433 ], [ 80.364969837379931, 8.063669711919442 ], [ 80.364905870380056, 8.063503468919674 ], [ 80.364845007380225, 8.06323942291994 ], [ 80.364834627380262, 8.063194396919979 ], [ 80.364786715380347, 8.062889628920356 ], [ 80.365295178379355, 8.062078696921226 ], [ 80.366227534377515, 8.060070693923361 ], [ 80.366365363377213, 8.059790119923671 ], [ 80.366520630376883, 8.059474046923983 ], [ 80.366535046376853, 8.05944470192404 ], [ 80.366639720376639, 8.059231618924265 ], [ 80.366902267376162, 8.058688750924816 ], [ 80.366902307376108, 8.058688743924833 ], [ 80.367171142375597, 8.058616137924872 ], [ 80.367182268375529, 8.05861360092487 ], [ 80.367380058375119, 8.058568490924866 ], [ 80.367502532374886, 8.05853511392492 ], [ 80.367550585374772, 8.058496879924968 ], [ 80.367567436374742, 8.058451435924995 ], [ 80.367565102374769, 8.058384437925049 ], [ 80.367541139374779, 8.05833895492515 ], [ 80.367512363374885, 8.058305428925154 ], [ 80.367453626374981, 8.058260928925209 ], [ 80.367442793375034, 8.058252721925221 ], [ 80.367390041375103, 8.058185675925335 ], [ 80.367376472375156, 8.058142496925397 ], [ 80.367363716375209, 8.058101905925426 ], [ 80.367363785375218, 8.05803251892551 ], [ 80.367375846375197, 8.057975107925573 ], [ 80.367416697375106, 8.057936865925594 ], [ 80.367457542375021, 8.057905800925651 ], [ 80.367548780374804, 8.057896319925643 ], [ 80.367595544374709, 8.057909080925613 ], [ 80.367627985374668, 8.057917931925617 ], [ 80.367711967374476, 8.05796347592554 ], [ 80.367781555374279, 8.057999433925504 ], [ 80.367891972374082, 8.058018683925441 ], [ 80.367932803373975, 8.058001974925437 ], [ 80.367973675373875, 8.057942198925495 ], [ 80.367985769373874, 8.057851289925603 ], [ 80.367971452373922, 8.057762746925702 ], [ 80.367928295374043, 8.05770528092579 ], [ 80.367846720374189, 8.057652562925856 ], [ 80.367712335374463, 8.057592613925957 ], [ 80.367642755374604, 8.057549477926022 ], [ 80.367597205374722, 8.057484830926116 ], [ 80.367590098374762, 8.057389117926219 ], [ 80.367604562374737, 8.057329314926285 ], [ 80.367626225374678, 8.057271911926319 ], [ 80.367667098374596, 8.057212136926367 ], [ 80.367729558374492, 8.057171521926421 ], [ 80.367840042374269, 8.057123777926485 ], [ 80.367945696374036, 8.057104740926475 ], [ 80.368039343373795, 8.057088084926466 ], [ 80.36812818937365, 8.057071422926466 ], [ 80.368202644373497, 8.057040391926495 ], [ 80.368241156373429, 8.056987763926559 ], [ 80.368303664373272, 8.056851471926723 ], [ 80.368361349373146, 8.056784532926773 ], [ 80.368431026373017, 8.056729570926844 ], [ 80.368534290372821, 8.056698567926864 ], [ 80.3687167543724, 8.056693961926833 ], [ 80.368887177372031, 8.05672762592677 ], [ 80.369079190371622, 8.056778060926678 ], [ 80.369314367371146, 8.056878782926537 ], [ 80.369463135370793, 8.056960279926422 ], [ 80.369549535370609, 8.056989076926346 ], [ 80.369635956370416, 8.056996338926325 ], [ 80.369685059370354, 8.05699522092632 ], [ 80.369736791370201, 8.056994044926354 ], [ 80.369923396369828, 8.056975963926337 ], [ 80.370005704369646, 8.056967988926321 ], [ 80.370125772369377, 8.056939394926319 ], [ 80.37030107036901, 8.056898891926359 ], [ 80.370385151368836, 8.056843942926408 ], [ 80.370418802368789, 8.056803299926473 ], [ 80.370442862368733, 8.056750685926504 ], [ 80.370447057368708, 8.056738673926505 ], [ 80.370483790368652, 8.056633484926607 ], [ 80.370534292368561, 8.056547398926742 ], [ 80.370575171368444, 8.056480443926793 ], [ 80.370642426368349, 8.056447011926807 ], [ 80.370733657368149, 8.056444708926827 ], [ 80.370834484367919, 8.056451985926806 ], [ 80.37089923836777, 8.056519042926693 ], [ 80.370914679367772, 8.056573962926651 ], [ 80.370942302367681, 8.056672215926515 ], [ 80.37099733436753, 8.056861288926289 ], [ 80.371081077367336, 8.057150883925976 ], [ 80.371126574367267, 8.057270560925815 ], [ 80.371198557367123, 8.057311305925742 ], [ 80.371299393366897, 8.057309011925712 ], [ 80.371383435366681, 8.057294737925748 ], [ 80.37145788736656, 8.05726609892578 ], [ 80.371556394366323, 8.057189629925828 ], [ 80.371743762365938, 8.057082142925948 ], [ 80.371897508365649, 8.056984193926029 ], [ 80.371984011365427, 8.056907712926092 ], [ 80.37208736636525, 8.056783395926249 ], [ 80.372135460365115, 8.056704483926282 ], [ 80.372137894365125, 8.056687323926331 ], [ 80.372154800365081, 8.056568120926464 ], [ 80.372181356365061, 8.056417409926631 ], [ 80.372198206365027, 8.056371964926665 ], [ 80.372263061364905, 8.056338531926697 ], [ 80.372311085364771, 8.056329006926706 ], [ 80.372445486364512, 8.056372205926639 ], [ 80.37252228636433, 8.056398600926618 ], [ 80.372589501364189, 8.056405843926573 ], [ 80.372644740364066, 8.0563843639266 ], [ 80.372678402364031, 8.056331757926662 ], [ 80.372692861364015, 8.056276740926696 ], [ 80.372693009363971, 8.056126002926863 ], [ 80.372676351364035, 8.055975248927036 ], [ 80.372683698364028, 8.055826910927227 ], [ 80.372684253364014, 8.055824340927243 ], [ 80.372712639363954, 8.05569295092735 ], [ 80.372767950363823, 8.055597297927495 ], [ 80.372813629363762, 8.055532740927529 ], [ 80.372852073363688, 8.055499280927558 ], [ 80.372909713363597, 8.055477802927573 ], [ 80.373106628363175, 8.055425355927627 ], [ 80.373233923362889, 8.055370447927631 ], [ 80.373269993362825, 8.05534934992766 ], [ 80.373315596362715, 8.05532267392768 ], [ 80.373370828362553, 8.05530837192773 ], [ 80.373486080362312, 8.055294127927731 ], [ 80.373711773361848, 8.055272812927702 ], [ 80.373968660361328, 8.055268276927658 ], [ 80.374093489361073, 8.055280360927616 ], [ 80.374209750360791, 8.055303651927565 ], [ 80.374237508360721, 8.05530921192759 ], [ 80.374358156360458, 8.055368458927472 ], [ 80.374563315360021, 8.055533002927277 ], [ 80.374666946359795, 8.055617324927191 ], [ 80.374751400359614, 8.055672916927078 ], [ 80.374810927359505, 8.055684458927038 ], [ 80.374904404359313, 8.05568454892704 ], [ 80.374935768359236, 8.05568457992705 ], [ 80.375070226358957, 8.055669395927046 ], [ 80.375210436358628, 8.055665703927016 ], [ 80.375314155358453, 8.055660061927044 ], [ 80.375391006358271, 8.055633337927057 ], [ 80.375485157358085, 8.055591317927064 ], [ 80.375592723357869, 8.055579936927083 ], [ 80.375669024357677, 8.055571693927055 ], [ 80.375961521357041, 8.055540096927075 ], [ 80.376051800356848, 8.055530612927043 ], [ 80.376143982356652, 8.055538357927023 ], [ 80.37620735135657, 8.055549903926998 ], [ 80.376264946356414, 8.055574843926966 ], [ 80.376380121356192, 8.055640034926906 ], [ 80.376472228355979, 8.055724344926773 ], [ 80.376525937355851, 8.055795219926688 ], [ 80.376581568355718, 8.055864181926601 ], [ 80.376641084355569, 8.055889122926555 ], [ 80.376704431355492, 8.055923637926492 ], [ 80.376744721355337, 8.055967701926445 ], [ 80.376761960355353, 8.056015571926384 ], [ 80.37676958935532, 8.056071087926354 ], [ 80.376763760355331, 8.056139991926267 ], [ 80.376721434355403, 8.056214601926206 ], [ 80.376567010355714, 8.056392365926023 ], [ 80.376550307355757, 8.056411592925997 ], [ 80.376529130355806, 8.056463253925928 ], [ 80.376522523355817, 8.056502531925858 ], [ 80.376513677355831, 8.056555116925852 ], [ 80.37651938635581, 8.056608717925782 ], [ 80.376528956355813, 8.056643181925747 ], [ 80.376565413355692, 8.056679585925655 ], [ 80.376615324355598, 8.056704517925652 ], [ 80.376720931355365, 8.056733330925582 ], [ 80.376849604355073, 8.056743024925577 ], [ 80.377203019354326, 8.05672230992554 ], [ 80.377283710354163, 8.056697503925554 ], [ 80.377310667354152, 8.056626706925597 ], [ 80.377329963354057, 8.056534847925748 ], [ 80.377353070354033, 8.056473616925798 ], [ 80.377378082353999, 8.056427701925857 ], [ 80.37753184335368, 8.056313001925925 ], [ 80.37760286835352, 8.056255320925992 ], [ 80.377640241353433, 8.056224969925999 ], [ 80.37764100335346, 8.05622289592605 ], [ 80.377683772353379, 8.056106422926133 ], [ 80.377699554353342, 8.056072430926163 ], [ 80.377706868353343, 8.056056676926234 ], [ 80.377709148353318, 8.056053614926228 ], [ 80.377745331353211, 8.056005032926238 ], [ 80.377775402353194, 8.055985093926289 ], [ 80.377791455353105, 8.055974450926302 ], [ 80.377847164353042, 8.055963018926299 ], [ 80.377968163352776, 8.055963134926303 ], [ 80.378071868352549, 8.055972805926261 ], [ 80.37812757735243, 8.05596137492625 ], [ 80.378135698352409, 8.055959203926246 ], [ 80.378177527352321, 8.055948023926247 ], [ 80.378231335352226, 8.055915534926298 ], [ 80.378248167352169, 8.055900884926285 ], [ 80.378277469352142, 8.055875381926352 ], [ 80.37831974535203, 8.055852452926361 ], [ 80.378321504352002, 8.055852117926321 ], [ 80.378322329352045, 8.055851959926343 ], [ 80.378351286351958, 8.055846439926347 ], [ 80.378369691351921, 8.055842930926341 ], [ 80.378475226351682, 8.055849288926327 ], [ 80.378538693351558, 8.055856491926301 ], [ 80.378605899351399, 8.055871868926285 ], [ 80.378763326351091, 8.055939014926176 ], [ 80.378863167350829, 8.05597164992615 ], [ 80.378932302350748, 8.055979372926139 ], [ 80.379107102350332, 8.055954656926103 ], [ 80.379362596349779, 8.055903219926158 ], [ 80.379552726349388, 8.055914885926091 ], [ 80.379748699349008, 8.055842335926176 ], [ 80.379808728348877, 8.055833301926159 ], [ 80.379829382348788, 8.055825664926154 ], [ 80.37984106234876, 8.055819099926184 ], [ 80.37985148134878, 8.055813243926158 ], [ 80.379859652348756, 8.055804159926168 ], [ 80.379865912348762, 8.055785981926185 ], [ 80.379870766348759, 8.055731432926278 ], [ 80.379865031348757, 8.05570319392629 ], [ 80.379856427348784, 8.055663468926316 ], [ 80.379844484348808, 8.055600289926396 ], [ 80.379835427348809, 8.055531372926511 ], [ 80.379828841348854, 8.055389241926656 ], [ 80.379832246348826, 8.055343306926703 ], [ 80.379836642348835, 8.055266745926776 ], [ 80.379840041348814, 8.055227030926863 ], [ 80.379855463348832, 8.055167707926913 ], [ 80.379874231348751, 8.055124179926965 ], [ 80.379881925348755, 8.055112701926946 ], [ 80.379910909348681, 8.055090512926974 ], [ 80.379934433348666, 8.055080258926967 ], [ 80.380000107348508, 8.055087432926966 ], [ 80.380057004348373, 8.055087565926971 ], [ 80.380065256348345, 8.055087584926941 ], [ 80.380123806348223, 8.055063133926959 ], [ 80.380163588348182, 8.055022206927012 ], [ 80.380226875348043, 8.05497822692706 ], [ 80.380283412347879, 8.054970594927061 ], [ 80.380317557347851, 8.054975702927031 ], [ 80.380320518347858, 8.054976145927066 ], [ 80.380361325347707, 8.055002319926993 ], [ 80.380386694347663, 8.055042223926954 ], [ 80.380429447347581, 8.055121030926877 ], [ 80.38047105834751, 8.055159503926788 ], [ 80.380493097347454, 8.055170375926792 ], [ 80.380529491347389, 8.055161367926789 ], [ 80.380588330347223, 8.055119644926849 ], [ 80.380616861347164, 8.055079429926879 ], [ 80.380642953347149, 8.055025919926949 ], [ 80.380666264347127, 8.054940484927027 ], [ 80.380682999347044, 8.054899444927084 ], [ 80.380702347347039, 8.054877307927132 ], [ 80.380773954346893, 8.054861640927129 ], [ 80.380798665346816, 8.054830465927154 ], [ 80.38082668734674, 8.054752268927245 ], [ 80.380856457346709, 8.05464947692735 ], [ 80.380877244346649, 8.054546766927443 ], [ 80.380877941346682, 8.054482380927555 ], [ 80.380889518346663, 8.054423139927593 ], [ 80.380889886346637, 8.054421260927626 ], [ 80.380920748346597, 8.054315033927736 ], [ 80.380923134346588, 8.054300790927748 ], [ 80.380936627346543, 8.054220276927845 ], [ 80.380935258346554, 8.054133551927926 ], [ 80.380942822346583, 8.054005327928031 ], [ 80.380963579346499, 8.053933454928147 ], [ 80.380999488346461, 8.0538640379282 ], [ 80.381015378346405, 8.053843776928245 ], [ 80.381043003346363, 8.053808554928271 ], [ 80.381106662346227, 8.053754446928295 ], [ 80.381137258346158, 8.053736027928354 ], [ 80.381210584345979, 8.053725878928363 ], [ 80.381273667345894, 8.053704777928363 ], [ 80.381332561345729, 8.053699407928363 ], [ 80.381389267345611, 8.053704073928344 ], [ 80.381419577345554, 8.053700304928357 ], [ 80.381453361345521, 8.05367004292839 ], [ 80.381479283345428, 8.053606493928456 ], [ 80.381493031345428, 8.053555865928514 ], [ 80.381534116345364, 8.05338658992869 ], [ 80.381542953345345, 8.053350181928707 ], [ 80.381556367345297, 8.0532707969288 ], [ 80.381577717345237, 8.053206954928893 ], [ 80.381583757345254, 8.053188891928881 ], [ 80.38161720034519, 8.053135749928934 ], [ 80.381697622345015, 8.053105350928982 ], [ 80.381723854344941, 8.053096513928995 ], [ 80.381751541344869, 8.053083156929008 ], [ 80.381775776344838, 8.053075854928982 ], [ 80.381808088344812, 8.053066208929021 ], [ 80.381826240344765, 8.053060347928994 ], [ 80.381835680344722, 8.053057010928983 ], [ 80.381845574344723, 8.053053312928984 ], [ 80.381855923344673, 8.053049162928998 ], [ 80.381866543344671, 8.053044379928989 ], [ 80.381877527344628, 8.053038964929017 ], [ 80.381882869344622, 8.053035869929012 ], [ 80.381888331344612, 8.053032644929013 ], [ 80.381893746344616, 8.053029074929031 ], [ 80.381899226344586, 8.053025329929019 ], [ 80.381904528344592, 8.053021106929055 ], [ 80.381909851344574, 8.05301665892903 ], [ 80.381914943344526, 8.053011697929037 ], [ 80.381920023344534, 8.053006449929063 ], [ 80.381924724344529, 8.053000489929058 ], [ 80.381929382344552, 8.052994159929046 ], [ 80.381933426344517, 8.052987036929066 ], [ 80.381937471344543, 8.052979336929102 ], [ 80.381939161344491, 8.052975253929086 ], [ 80.38194358734448, 8.052964262929084 ], [ 80.38195011334453, 8.052948059929138 ], [ 80.381961119344453, 8.052920759929165 ], [ 80.381959982344497, 8.052843260929206 ], [ 80.381959273344492, 8.052794900929271 ], [ 80.381955837344478, 8.052560748929567 ], [ 80.381975511344478, 8.052482815929665 ], [ 80.381976498344443, 8.052480573929667 ], [ 80.382010404344385, 8.0524036189297 ], [ 80.382013067344403, 8.052397574929731 ], [ 80.382070397344279, 8.052318863929795 ], [ 80.382088980344236, 8.052297961929852 ], [ 80.382137981344115, 8.052242842929891 ], [ 80.38214261134415, 8.052237634929893 ], [ 80.38223270734396, 8.052148916930003 ], [ 80.38231289334378, 8.052053837930096 ], [ 80.382316222343761, 8.052049890930062 ], [ 80.382324001343733, 8.052040666930072 ], [ 80.382413578343588, 8.051926174930227 ], [ 80.382418527343546, 8.051919566930199 ], [ 80.382509892343364, 8.051797589930331 ], [ 80.382529052343344, 8.051772008930371 ], [ 80.382572263343249, 8.051718170930439 ], [ 80.38259995234317, 8.05168367293048 ], [ 80.382617171343156, 8.051662218930471 ], [ 80.382675563342985, 8.051608991930554 ], [ 80.382699723342967, 8.051586967930547 ], [ 80.382773876342839, 8.051565153930577 ], [ 80.382853942342663, 8.051559726930556 ], [ 80.382855454342646, 8.051559623930563 ], [ 80.382909196342567, 8.051548666930543 ], [ 80.3829790623424, 8.051534420930569 ], [ 80.383029191342288, 8.051490337930634 ], [ 80.383069364342219, 8.051419929930709 ], [ 80.38311982634211, 8.051312454930825 ], [ 80.383193891341989, 8.051164936930977 ], [ 80.383205190341954, 8.051142434930973 ], [ 80.383250603341807, 8.051095362931044 ], [ 80.383304811341759, 8.051055895931054 ], [ 80.38337081234161, 8.051018609931084 ], [ 80.383416689341516, 8.050960505931137 ], [ 80.383533413341283, 8.050827501931307 ], [ 80.383593536341124, 8.050769139931363 ], [ 80.383692600340964, 8.050695893931428 ], [ 80.383768298340783, 8.050671729931423 ], [ 80.383850637340572, 8.05062858193148 ], [ 80.383888419340536, 8.050590997931483 ], [ 80.383969425340339, 8.050518910931572 ], [ 80.384058844340146, 8.05047332693159 ], [ 80.384104220340063, 8.050466135931641 ], [ 80.384191418339896, 8.050465946931576 ], [ 80.384283800339688, 8.050453192931624 ], [ 80.384327373339616, 8.05043270593162 ], [ 80.384415716339404, 8.050373827931663 ], [ 80.384511226339185, 8.05031631293174 ], [ 80.384616982339011, 8.050265680931766 ], [ 80.384728795338759, 8.05023919993176 ], [ 80.384792317338636, 8.050234014931794 ], [ 80.3849304223383, 8.050228899931749 ], [ 80.385095935337958, 8.050219379931752 ], [ 80.385218987337709, 8.050206653931724 ], [ 80.385334317337481, 8.050202059931753 ], [ 80.385521238337049, 8.050199070931729 ], [ 80.385899445336293, 8.050182153931654 ], [ 80.38595099833617, 8.050167009931691 ], [ 80.386052938335936, 8.050121890931734 ], [ 80.386200171335631, 8.05006180193179 ], [ 80.386296927335437, 8.050028613931783 ], [ 80.386532552334955, 8.049951877931855 ], [ 80.386637201334693, 8.04993328393182 ], [ 80.38665152833471, 8.049930737931861 ], [ 80.386769043334453, 8.049918910931819 ], [ 80.386882016334226, 8.049912777931809 ], [ 80.386978739333983, 8.049915580931822 ], [ 80.387058391333795, 8.049931209931808 ], [ 80.387086697333757, 8.049935305931793 ], [ 80.387135803333649, 8.049917084931808 ], [ 80.387224581333484, 8.049876925931803 ], [ 80.387441715332997, 8.049779463931898 ], [ 80.387542459332778, 8.049751614931921 ], [ 80.387638104332623, 8.049743474931939 ], [ 80.387678760332506, 8.049739443931934 ], [ 80.387710597332429, 8.049713710931929 ], [ 80.38775753233233, 8.049626748932011 ], [ 80.387833457332206, 8.049458527932225 ], [ 80.387888513332115, 8.049383068932285 ], [ 80.387916124332065, 8.049351806932323 ], [ 80.387947646331966, 8.049316114932372 ], [ 80.388025352331823, 8.049278567932372 ], [ 80.388119110331601, 8.04925007893241 ], [ 80.388156418331533, 8.049232931932425 ], [ 80.388201017331411, 8.049183507932474 ], [ 80.388278760331289, 8.049105990932528 ], [ 80.388347291331158, 8.049079557932533 ], [ 80.388467116330901, 8.049023964932626 ], [ 80.388476811330847, 8.049015970932587 ], [ 80.38853131633077, 8.048971031932664 ], [ 80.388602885330627, 8.048899114932722 ], [ 80.388609137330604, 8.048892492932728 ], [ 80.38864765933053, 8.048851688932793 ], [ 80.388713602330384, 8.04878183893287 ], [ 80.388818320330159, 8.048678030932967 ], [ 80.388863804330043, 8.048647850932982 ], [ 80.388941024329924, 8.048613730933003 ], [ 80.388957321329841, 8.048606530932982 ], [ 80.389004665329793, 8.048609295933009 ], [ 80.389068358329624, 8.048614328932972 ], [ 80.389072474329623, 8.048612926932963 ], [ 80.389074647329608, 8.048612185933015 ], [ 80.389144056329457, 8.048588535933026 ], [ 80.389194239329399, 8.048582794933031 ], [ 80.389216902329309, 8.048579346933002 ], [ 80.389324192329113, 8.048563021933015 ], [ 80.389387453328936, 8.048544541933031 ], [ 80.389439470328867, 8.048517641933032 ], [ 80.389519278328663, 8.048462823933113 ], [ 80.389594074328528, 8.04843314193309 ], [ 80.389691263328302, 8.048421746933087 ], [ 80.389787810328087, 8.048418310933089 ], [ 80.389957137327784, 8.048403908933102 ], [ 80.39004934532754, 8.048382561933087 ], [ 80.39012999332742, 8.048359065933118 ], [ 80.390144645327339, 8.04835479793312 ], [ 80.390283029327065, 8.048310822933168 ], [ 80.390302849327014, 8.048304524933162 ], [ 80.390407677326792, 8.048271212933152 ], [ 80.39048602632667, 8.048225074933233 ], [ 80.390547777326532, 8.048171415933282 ], [ 80.39061280032638, 8.048111356933322 ], [ 80.390659570326264, 8.048068156933368 ], [ 80.390710983326215, 8.04800761593345 ], [ 80.390748073326122, 8.047979322933461 ], [ 80.390753584326092, 8.047975119933465 ], [ 80.390986225325605, 8.048061483933356 ], [ 80.391463859324574, 8.048238797933067 ], [ 80.391835869323728, 8.048833238932307 ], [ 80.391921850323556, 8.048970629932152 ], [ 80.39202887732327, 8.049439300931621 ], [ 80.392104574323085, 8.049770774931241 ], [ 80.392109016323104, 8.049898036931076 ], [ 80.392126912322993, 8.050410776930466 ], [ 80.392129205323016, 8.050450239930425 ], [ 80.392149484322957, 8.050799357930062 ], [ 80.392253511322664, 8.051150462929639 ], [ 80.392332379322497, 8.051416652929316 ], [ 80.39250296732213, 8.051714813928937 ], [ 80.39250708232214, 8.051722005928927 ], [ 80.392516900322079, 8.051719244928961 ], [ 80.392546608322007, 8.05176586592888 ], [ 80.392953207321142, 8.052506435927976 ], [ 80.393312112320331, 8.053008189927379 ], [ 80.39343954932005, 8.053105583927218 ], [ 80.393719112319445, 8.053318968926924 ], [ 80.393893235319069, 8.05339096492685 ], [ 80.393988635318834, 8.053430409926762 ], [ 80.394066371318701, 8.053462551926723 ], [ 80.394961658316802, 8.053507990926555 ], [ 80.395024651316632, 8.053511187926556 ], [ 80.395935038314732, 8.05353589892637 ], [ 80.396446968313597, 8.053565523926231 ], [ 80.39677352831292, 8.053584420926176 ], [ 80.397384347311643, 8.053694260925955 ], [ 80.39770774131091, 8.053752414925828 ], [ 80.398713808308742, 8.053944347925514 ], [ 80.399013175308141, 8.05406400692528 ], [ 80.399879846306249, 8.054579995924572 ], [ 80.400258326305419, 8.0548053309243 ], [ 80.401218400303378, 8.055413318923419 ], [ 80.401240047303318, 8.055427027923434 ], [ 80.40149881530273, 8.055577777923213 ], [ 80.401561655302601, 8.055614386923168 ], [ 80.401814742302079, 8.055761827922984 ], [ 80.402341585300931, 8.056024951922563 ], [ 80.402748876300066, 8.056025318922549 ], [ 80.402752779300044, 8.056024544922545 ], [ 80.403108315299306, 8.055954009922555 ], [ 80.403611612298221, 8.055763443922681 ], [ 80.404328962296745, 8.055168761923266 ], [ 80.404330897296745, 8.055167157923234 ], [ 80.405217424294946, 8.054428805923958 ], [ 80.405361875294631, 8.054308496924058 ], [ 80.405839405293662, 8.053652514924782 ], [ 80.405860623293577, 8.053653054924753 ], [ 80.406009431293285, 8.053545000924837 ], [ 80.40617931829297, 8.053405387924984 ], [ 80.407591345290058, 8.052244977926089 ], [ 80.407663759289889, 8.052185466926181 ], [ 80.408327608288502, 8.051555750926754 ], [ 80.408694829287768, 8.051207410927139 ], [ 80.408754728287661, 8.051103153927212 ], [ 80.408917636287327, 8.050819608927508 ], [ 80.408961045287242, 8.0507440559276 ], [ 80.409078751286984, 8.050539185927812 ], [ 80.409106104286934, 8.050510541927844 ], [ 80.409212682286693, 8.050398928927951 ], [ 80.409561005285994, 8.050034156928302 ], [ 80.409990001285109, 8.049584898928748 ], [ 80.410661352283711, 8.04898855792932 ], [ 80.411047730282945, 8.048742584929593 ], [ 80.411058487282901, 8.048735736929602 ], [ 80.411260637282481, 8.04860704592968 ], [ 80.411796480281367, 8.047947964930366 ], [ 80.411813334281319, 8.047927234930366 ], [ 80.411920195281112, 8.047795796930522 ], [ 80.412039148280897, 8.04764984293066 ], [ 80.41261341927968, 8.04694522193137 ], [ 80.41262164427971, 8.046935129931409 ], [ 80.412639682279689, 8.046912995931431 ], [ 80.412689598279542, 8.046707699931664 ], [ 80.412807979279336, 8.046220809932155 ], [ 80.412951940279015, 8.045958311932447 ], [ 80.413263915278463, 8.045361651933094 ], [ 80.413455829278035, 8.045075291933374 ], [ 80.413887486277147, 8.044598121933841 ], [ 80.414307209276316, 8.044132356934311 ], [ 80.414503406275898, 8.043914638934538 ], [ 80.414510990275886, 8.043906221934543 ], [ 80.414640218275608, 8.043789340934664 ], [ 80.414682488275517, 8.04375110993468 ], [ 80.41476944527534, 8.043672459934776 ], [ 80.414774733275323, 8.043667677934762 ], [ 80.415110139274617, 8.043667969934754 ], [ 80.415148559274527, 8.043672789934698 ], [ 80.415373931274047, 8.043701065934656 ], [ 80.415381120274063, 8.043701966934677 ], [ 80.415516965273753, 8.043719009934589 ], [ 80.415685058273425, 8.04374009993456 ], [ 80.415885197272942, 8.043786824934484 ], [ 80.415896020272953, 8.043789351934471 ], [ 80.416403642271845, 8.043907862934304 ], [ 80.416691133271215, 8.043908111934243 ], [ 80.416906875270797, 8.043765034934351 ], [ 80.416921088270769, 8.043753066934396 ], [ 80.4169415092707, 8.043735872934402 ], [ 80.417014511270594, 8.04367440493445 ], [ 80.417193760270195, 8.043523476934615 ], [ 80.41718504027024, 8.043495212934612 ], [ 80.417379007269815, 8.043256271934888 ], [ 80.417396476269772, 8.043234753934872 ], [ 80.417512822269558, 8.043091430935046 ], [ 80.417547423269468, 8.043048806935081 ], [ 80.417592932269386, 8.042992746935115 ], [ 80.417700025269184, 8.042860822935296 ], [ 80.417919550268763, 8.041926793936316 ], [ 80.417931038268762, 8.041877917936375 ], [ 80.417948545268743, 8.041412838936862 ], [ 80.417948776268759, 8.041407340936868 ], [ 80.417964373268731, 8.041381450936933 ], [ 80.417964996268694, 8.041371633936906 ], [ 80.417999492268677, 8.040829065937563 ], [ 80.418010607268656, 8.040505126937873 ], [ 80.418024070268672, 8.040112766938339 ], [ 80.41805222426872, 8.038665038939966 ], [ 80.418056973268691, 8.038420874940266 ], [ 80.418086755268732, 8.036889380941998 ], [ 80.418107605268716, 8.036242266942729 ], [ 80.41810958026872, 8.036180978942811 ], [ 80.418112711268748, 8.036083804942907 ], [ 80.41813438326875, 8.035411180943665 ], [ 80.418134768268757, 8.035399228943708 ], [ 80.418135992268716, 8.03536127294373 ], [ 80.418151337268725, 8.034827286944337 ], [ 80.418159141268731, 8.034555711944645 ], [ 80.418178224268729, 8.033891636945421 ], [ 80.418181889268737, 8.033764115945548 ], [ 80.418183210268751, 8.033718145945624 ], [ 80.418180601268773, 8.033712861945634 ], [ 80.418182491268723, 8.033647099945686 ], [ 80.418062197269037, 8.033102777946324 ], [ 80.417941905269302, 8.032558454946978 ], [ 80.417940811269347, 8.03253535794695 ], [ 80.417910963269406, 8.032400289947146 ], [ 80.417863814269566, 8.031516787948137 ], [ 80.41781939226972, 8.031040100948683 ], [ 80.417792605269753, 8.030752650949038 ], [ 80.417760259269826, 8.030473297949369 ], [ 80.417673710270051, 8.029725823950198 ], [ 80.417674245270135, 8.029107750950899 ], [ 80.417647432270158, 8.029117078950925 ], [ 80.417646505270199, 8.02910850995095 ], [ 80.41757895827034, 8.028484119951633 ], [ 80.417377023270902, 8.026526004953903 ], [ 80.417331309271091, 8.026084908954385 ], [ 80.41725823427123, 8.025379788955235 ], [ 80.417211106271395, 8.024472409956259 ], [ 80.417189470271452, 8.024221900956537 ], [ 80.417172096271514, 8.024020749956769 ], [ 80.417116232271709, 8.023373969957504 ], [ 80.417116874271727, 8.02263377295837 ], [ 80.417069851271904, 8.021607005959565 ], [ 80.417022829272099, 8.020580239960744 ], [ 80.417021326272078, 8.020579011960715 ], [ 80.417014385272111, 8.020461440960874 ], [ 80.416979917272201, 8.019877527961528 ], [ 80.416928369272384, 8.019004252962523 ], [ 80.416823807272678, 8.017983185963695 ], [ 80.41676208427279, 8.017380449964369 ], [ 80.416734283272888, 8.01708327896471 ], [ 80.416572196273378, 8.015350710966743 ], [ 80.416189627274235, 8.014514673967751 ], [ 80.415803342275126, 8.013681512968754 ], [ 80.415487207275845, 8.012999653969578 ], [ 80.415315827276203, 8.012630008969992 ], [ 80.415232316276416, 8.012449885970261 ], [ 80.413786852279685, 8.009171011974161 ], [ 80.413394519280601, 8.008163006975407 ], [ 80.413361244280651, 8.008077515975518 ], [ 80.413272836280854, 8.007850366975774 ], [ 80.413297501280852, 8.007038558976657 ], [ 80.413297939280923, 8.006537133977249 ], [ 80.413308096280886, 8.006143037977715 ], [ 80.413308579280894, 8.006124330977702 ], [ 80.413338029280851, 8.005934622977918 ], [ 80.413370535280819, 8.005725346978185 ], [ 80.41407788627933, 8.004938027978936 ], [ 80.414354910278774, 8.004604364979286 ], [ 80.414533515278436, 8.004389242979515 ], [ 80.415228965276995, 8.003530259980389 ], [ 80.415501209276457, 8.003233976980676 ], [ 80.415996259275445, 8.002695213981205 ], [ 80.416392325274657, 8.001764335982241 ], [ 80.417208170273, 8.000212929983855 ], [ 80.417312330272836, 7.999926658984166 ], [ 80.417343245272733, 7.999841695984258 ], [ 80.417555419272347, 7.999258566984881 ], [ 80.417616345272236, 7.999091121985076 ], [ 80.41802443027143, 7.998136296986093 ], [ 80.418050974271367, 7.998050801986177 ], [ 80.41832429427086, 7.997170417987168 ], [ 80.418362330270767, 7.997047899987288 ], [ 80.418372719270749, 7.997014438987342 ], [ 80.418517082270498, 7.996274361988174 ], [ 80.418589706270353, 7.995884477988588 ], [ 80.418689600270199, 7.995348198989172 ], [ 80.418721642270128, 7.995176177989388 ], [ 80.418909329269781, 7.994337708990289 ], [ 80.418956011269685, 7.994129159990544 ], [ 80.418962113269686, 7.994101900990536 ], [ 80.419139030269378, 7.993224080991538 ], [ 80.419178651269291, 7.993027549991726 ], [ 80.419586676268509, 7.99207285499279 ], [ 80.420030632267597, 7.99114201499376 ], [ 80.420419338266839, 7.990323316994646 ], [ 80.420438625266783, 7.990282696994695 ], [ 80.420480417266702, 7.990180026994818 ], [ 80.420550967266593, 7.990006710994977 ], [ 80.420552647266561, 7.990002582994977 ], [ 80.420832691266028, 7.989314624995702 ], [ 80.42084667526602, 7.989280268995785 ], [ 80.420976180265725, 7.989003347996056 ], [ 80.421326642265072, 7.988253949996873 ], [ 80.421425283264909, 7.988042244997074 ], [ 80.421782621264143, 7.987275315997887 ], [ 80.421789195264125, 7.987252200997935 ], [ 80.422094948263563, 7.9861772659991 ], [ 80.422119552263538, 7.985413209999983 ], [ 80.422125760263555, 7.985385500000031 ], [ 80.422128123263562, 7.985374955000029 ], [ 80.422116123263564, 7.985262554000137 ], [ 80.422251840263399, 7.984054351001515 ], [ 80.422217175263526, 7.983288203002371 ], [ 80.422044904263942, 7.982679657003117 ], [ 80.421993389264003, 7.982497678003341 ], [ 80.42193656726414, 7.982327278003547 ], [ 80.421753912264592, 7.981779517004189 ], [ 80.421435891265318, 7.980825808005282 ], [ 80.420974780266377, 7.979514523006856 ], [ 80.420904309266533, 7.979244816007201 ], [ 80.420700208267021, 7.97846368300809 ], [ 80.420700717267067, 7.977866749008783 ], [ 80.42079754926695, 7.976672961010103 ], [ 80.420797933266982, 7.976665815010136 ], [ 80.420846231266907, 7.975765660011146 ], [ 80.420955352266688, 7.975353740011617 ], [ 80.42108653926644, 7.974858522012144 ], [ 80.421422844265848, 7.973736568013383 ], [ 80.421615164265475, 7.972924898014259 ], [ 80.421975567264795, 7.971659623015667 ], [ 80.422238810264318, 7.970827156016564 ], [ 80.422239749264264, 7.970824194016568 ], [ 80.422240210264263, 7.970823275016573 ], [ 80.422261691264268, 7.970780514016639 ], [ 80.422261698264251, 7.970771609016633 ], [ 80.422261870264251, 7.970569402016833 ], [ 80.422379949264041, 7.970165567017294 ], [ 80.422698668263436, 7.969075533018473 ], [ 80.423428324262034, 7.966662583021161 ], [ 80.423705108261487, 7.965835064022019 ], [ 80.423811411261298, 7.965247516022675 ], [ 80.423873565261218, 7.964903985023056 ], [ 80.423888136261212, 7.9647718720232 ], [ 80.423934524261128, 7.964351273023678 ], [ 80.424018390261011, 7.963590847024526 ], [ 80.423896996261306, 7.962825926025434 ], [ 80.423875740261352, 7.962325223026014 ], [ 80.423815649261527, 7.962044532026341 ], [ 80.423804163261551, 7.961990880026381 ], [ 80.423771512261609, 7.961738874026697 ], [ 80.423713725261777, 7.96130987402719 ], [ 80.42370895726178, 7.961274477027199 ], [ 80.423650168261943, 7.961150104027401 ], [ 80.423302486262742, 7.960414548028235 ], [ 80.423231827262896, 7.960267488028457 ], [ 80.423038802263335, 7.959865750028948 ], [ 80.423015557263369, 7.959817371028989 ], [ 80.422465170264601, 7.959196095029771 ], [ 80.42222772726511, 7.959080698029939 ], [ 80.42183777126597, 7.958891179030211 ], [ 80.421579286266493, 7.95876555503043 ], [ 80.421575163266496, 7.958760408030415 ], [ 80.421562977266532, 7.958759651030404 ], [ 80.421218924267293, 7.958570477030659 ], [ 80.421152374267393, 7.958530644030749 ], [ 80.420800376268161, 7.958319960031019 ], [ 80.4196732642706, 7.957645334031982 ], [ 80.419355417271291, 7.957455089032244 ], [ 80.419342022271323, 7.957420374032265 ], [ 80.419207959271631, 7.957289131032433 ], [ 80.419020173272017, 7.957105293032675 ], [ 80.418615862272901, 7.956709481033164 ], [ 80.418364038273481, 7.956462951033509 ], [ 80.417648725275043, 7.955711063034454 ], [ 80.417581105275218, 7.955639986034569 ], [ 80.417433443275527, 7.955484774034788 ], [ 80.417231249275972, 7.955272240035051 ], [ 80.417100099276254, 7.954963332035394 ], [ 80.416897749276728, 7.954486723035997 ], [ 80.416493317277698, 7.952915913037809 ], [ 80.416154730278521, 7.951610737039391 ], [ 80.416144458278552, 7.951571140039425 ], [ 80.415994452278895, 7.950992901040114 ], [ 80.415902495279113, 7.950638422040525 ], [ 80.415822509279295, 7.950330090040855 ], [ 80.415751225279465, 7.950055304041201 ], [ 80.415684495279621, 7.949798075041508 ], [ 80.415603146279764, 7.949517270041855 ], [ 80.415613245279772, 7.949471523041896 ], [ 80.415657734279705, 7.949372265041969 ], [ 80.415697386279589, 7.949314874042045 ], [ 80.415726489279564, 7.949286618042064 ], [ 80.415746631279518, 7.949267063042091 ], [ 80.415811463279411, 7.949236014042138 ], [ 80.415894896279198, 7.949203784042122 ], [ 80.415986125279048, 7.949176346042182 ], [ 80.416067767278861, 7.949135741042178 ], [ 80.416109802278754, 7.949097493042261 ], [ 80.416133830278682, 7.949067605042263 ], [ 80.416160288278689, 7.949001829042343 ], [ 80.41616992327863, 7.948962358042357 ], [ 80.416183262278636, 7.948802059042579 ], [ 80.41618578727865, 7.948656108042709 ], [ 80.416212280278558, 7.948550852042841 ], [ 80.41623631327856, 7.948514982042902 ], [ 80.416261534278476, 7.948492274042904 ], [ 80.416304750278385, 7.948476758042897 ], [ 80.416351553278261, 7.948476798042924 ], [ 80.416423544278132, 7.948492412042902 ], [ 80.416476329277998, 7.948515188042841 ], [ 80.416539912277898, 7.948539169042837 ], [ 80.416568712277851, 7.948541587042778 ], [ 80.416592719277773, 7.948535625042794 ], [ 80.416623935277741, 7.948520099042834 ], [ 80.416673169277587, 7.948483055042861 ], [ 80.416738015277446, 7.948435257042879 ], [ 80.416806456277357, 7.948392247042961 ], [ 80.416897691277114, 7.948358827042966 ], [ 80.416919296277101, 7.94835525604299 ], [ 80.416946890276989, 7.948364851042967 ], [ 80.41697087027697, 7.948388798042922 ], [ 80.416986454276937, 7.948409150042879 ], [ 80.417037983276828, 7.948496526042779 ], [ 80.417097916276688, 7.948579125042675 ], [ 80.417125490276646, 7.948611450042639 ], [ 80.417247812276344, 7.948712047042534 ], [ 80.417296963276286, 7.948773102042406 ], [ 80.417338901276182, 7.948849704042343 ], [ 80.417366442276105, 7.948920311042259 ], [ 80.41740479327602, 7.948980161042193 ], [ 80.417443162275916, 7.949019674042136 ], [ 80.417510326275803, 7.949066388042079 ], [ 80.417575103275652, 7.949098744041996 ], [ 80.417667490275434, 7.949120358042006 ], [ 80.41771547527533, 7.949141932041935 ], [ 80.417846239275036, 7.949194683041849 ], [ 80.41793741027486, 7.94923663204183 ], [ 80.418046562274611, 7.949301328041713 ], [ 80.418116112274504, 7.949364793041617 ], [ 80.418138884274413, 7.94940070304158 ], [ 80.418158050274371, 7.94944139504156 ], [ 80.418166418274382, 7.949479685041482 ], [ 80.418133787274414, 7.949746442041203 ], [ 80.418137386274424, 7.9498053550411 ], [ 80.418143058274396, 7.949898186041017 ], [ 80.418143525274388, 7.949903987040996 ], [ 80.418151964274372, 7.950008855040867 ], [ 80.418175914274329, 7.950068692040838 ], [ 80.418253846274112, 7.950155493040734 ], [ 80.418322789273986, 7.950227333040615 ], [ 80.418397702273822, 7.950335067040466 ], [ 80.41846362827367, 7.950427840040356 ], [ 80.418562574273437, 7.950499704040266 ], [ 80.418724573273082, 7.950514796040238 ], [ 80.418850589272836, 7.950505930040195 ], [ 80.418916630272719, 7.950464114040272 ], [ 80.418988714272544, 7.950371459040364 ], [ 80.419075767272375, 7.950317698040408 ], [ 80.419177787272147, 7.95030283004041 ], [ 80.419286372271927, 7.950305275040404 ], [ 80.419315794271881, 7.950305938040376 ], [ 80.419365058271751, 7.950318260040329 ], [ 80.419459774271587, 7.950341950040328 ], [ 80.419564738271347, 7.950392884040251 ], [ 80.419675664271097, 7.950488686040097 ], [ 80.419783567270827, 7.950611402039966 ], [ 80.419858545270699, 7.950644365039885 ], [ 80.419930566270551, 7.950626480039917 ], [ 80.42003860927035, 7.950584700039949 ], [ 80.420110666270133, 7.950524944040021 ], [ 80.42015271427006, 7.950471144040086 ], [ 80.420176807270067, 7.950363493040197 ], [ 80.420197852270007, 7.95031266704024 ], [ 80.420242871269878, 7.950294760040229 ], [ 80.420305875269761, 7.950294813040222 ], [ 80.420335849269676, 7.950327737040221 ], [ 80.420359764269662, 7.950429447040073 ], [ 80.420347682269664, 7.950525144039969 ], [ 80.420329574269701, 7.950650745039805 ], [ 80.420347517269633, 7.95071955003974 ], [ 80.420380493269562, 7.950749487039724 ], [ 80.420413497269479, 7.950749515039703 ], [ 80.420461515269409, 7.950731610039726 ], [ 80.420515560269322, 7.950683802039799 ], [ 80.420626670269058, 7.950564261039915 ], [ 80.420689743268909, 7.950483561039981 ], [ 80.420689824268905, 7.950387854040075 ], [ 80.420680988268984, 7.950193441040327 ], [ 80.420615109269107, 7.95004683304048 ], [ 80.420540791269303, 7.9499438850406 ], [ 80.420540823269306, 7.949906020040679 ], [ 80.420540832269268, 7.949896032040646 ], [ 80.420574458269201, 7.9498673480407 ], [ 80.420639281269075, 7.94984586804073 ], [ 80.420708896268962, 7.949833964040709 ], [ 80.420795293268725, 7.949846000040673 ], [ 80.420867283268606, 7.949862810040679 ], [ 80.420956090268447, 7.94986288504067 ], [ 80.421044912268229, 7.949843818040638 ], [ 80.42112416026805, 7.949793639040708 ], [ 80.421216144267845, 7.949721845040771 ], [ 80.421369140267529, 7.949602430040859 ], [ 80.421391684267519, 7.949575916040921 ], [ 80.421554138267155, 7.949384852041084 ], [ 80.421647809266972, 7.949308364041172 ], [ 80.421739058266809, 7.949258195041193 ], [ 80.421820682266599, 7.949236730041229 ], [ 80.421904673266411, 7.949253549041192 ], [ 80.42197184826631, 7.949289496041153 ], [ 80.422036607266165, 7.949342190041063 ], [ 80.422178062265857, 7.949526546040863 ], [ 80.422228422265732, 7.949576834040752 ], [ 80.422298925265594, 7.949618303040687 ], [ 80.42234357726548, 7.949641534040658 ], [ 80.422547528265042, 7.949715878040589 ], [ 80.422720293264689, 7.949771055040473 ], [ 80.422852288264394, 7.949787915040454 ], [ 80.422909896264258, 7.94978317704042 ], [ 80.423003526264097, 7.949756937040424 ], [ 80.423092344263893, 7.949742655040433 ], [ 80.423241152263572, 7.949745173040437 ], [ 80.423344340263341, 7.949769186040366 ], [ 80.42341872526319, 7.949793175040331 ], [ 80.4236394782627, 7.949867534040205 ], [ 80.423701874262619, 7.949877156040229 ], [ 80.423819483262349, 7.949877255040193 ], [ 80.423903497262131, 7.949867755040215 ], [ 80.424035555261881, 7.949810441040258 ], [ 80.424254061261436, 7.949702953040324 ], [ 80.42432177126129, 7.949664028040345 ], [ 80.424470181260986, 7.949578713040442 ], [ 80.424619076260669, 7.949478345040527 ], [ 80.424743973260377, 7.94937317104063 ], [ 80.424957753259974, 7.94917714904081 ], [ 80.425180544259518, 7.948957526041063 ], [ 80.425464607258903, 7.948677500041297 ], [ 80.425687989258435, 7.948479093041517 ], [ 80.425797299258249, 7.948332543041663 ], [ 80.425860995258105, 7.948247147041716 ], [ 80.426009947257839, 7.948077390041908 ], [ 80.426166102257454, 7.947905246042106 ], [ 80.426269355257261, 7.947850300042119 ], [ 80.426415773256949, 7.947840851042101 ], [ 80.426514165256762, 7.947857681042061 ], [ 80.426674927256371, 7.947915240041998 ], [ 80.426874047255993, 7.948027861041865 ], [ 80.427003620255689, 7.948071037041764 ], [ 80.427099620255476, 7.948078295041775 ], [ 80.427174035255362, 7.948066393041737 ], [ 80.427234059255227, 7.94804251604177 ], [ 80.427361331254943, 7.947966055041844 ], [ 80.427566238254528, 7.947822393041947 ], [ 80.427572669254474, 7.947817884041946 ], [ 80.427764798254117, 7.947679266042084 ], [ 80.427961671253698, 7.947607649042129 ], [ 80.42830734125296, 7.947550510042166 ], [ 80.428313765252952, 7.947551548042156 ], [ 80.428346540252889, 7.947556846042162 ], [ 80.428381736252831, 7.947562535042133 ], [ 80.428408970252718, 7.947572741042126 ], [ 80.428432272252721, 7.947539494042186 ], [ 80.428600217252381, 7.947283529042443 ], [ 80.428716138252099, 7.947067513042652 ], [ 80.428719690252109, 7.947060893042694 ], [ 80.428814601251929, 7.946923786042835 ], [ 80.428985989251601, 7.946780592042939 ], [ 80.42918066725116, 7.946665180043025 ], [ 80.429310254250893, 7.946606958043067 ], [ 80.429533564250434, 7.946533982043163 ], [ 80.429643706250175, 7.946515715043134 ], [ 80.429772155249879, 7.946518896043123 ], [ 80.429840443249788, 7.94652047804309 ], [ 80.429909766249622, 7.946522084043092 ], [ 80.430001470249408, 7.946531293043055 ], [ 80.430068788249287, 7.946522215043102 ], [ 80.430275217248848, 7.946450913043118 ], [ 80.430331026248737, 7.946431636043148 ], [ 80.431171472247001, 7.946240157043222 ], [ 80.431425587246423, 7.946166243043282 ], [ 80.431788851245642, 7.94606058004335 ], [ 80.431847365245574, 7.946043561043378 ], [ 80.431958333245348, 7.946011283043348 ], [ 80.432315912244562, 7.945922229043395 ], [ 80.432675569243798, 7.945841043043449 ], [ 80.432814743243512, 7.945819815043467 ], [ 80.432911046243333, 7.945862668043375 ], [ 80.432953815243238, 7.945921393043333 ], [ 80.432985870243144, 7.945990781043233 ], [ 80.433013395243066, 7.946097037043143 ], [ 80.433023218243065, 7.946134960043081 ], [ 80.433050842243006, 7.946222414042959 ], [ 80.433055248243008, 7.946236360042965 ], [ 80.4330872642429, 7.946353857042791 ], [ 80.433104686242842, 7.946414831042728 ], [ 80.43311928524281, 7.946465928042702 ], [ 80.433159713242759, 7.946579136042526 ], [ 80.433161720242722, 7.946584757042539 ], [ 80.433172683242717, 7.946615456042476 ], [ 80.433231478242561, 7.946711544042382 ], [ 80.433279605242461, 7.946765029042335 ], [ 80.433338435242334, 7.946818431042258 ], [ 80.433440104242123, 7.946845192042225 ], [ 80.433611273241752, 7.946856002042183 ], [ 80.433862819241241, 7.946861541042113 ], [ 80.433927876241086, 7.946866853042079 ], [ 80.434060835240771, 7.946877708042076 ], [ 80.434301586240295, 7.946995376041879 ], [ 80.434397877240045, 7.947054145041821 ], [ 80.434520907239801, 7.947139612041719 ], [ 80.434585089239675, 7.947193110041648 ], [ 80.434649285239516, 7.947230511041584 ], [ 80.434713384239359, 7.947273246041543 ], [ 80.434868545239027, 7.947337397041457 ], [ 80.434991610238797, 7.947380182041337 ], [ 80.435028519238742, 7.947407372041324 ], [ 80.435093240238587, 7.947455052041282 ], [ 80.435108809238528, 7.947471633041218 ], [ 80.435173453238406, 7.947540484041163 ], [ 80.435224567238265, 7.947611225041077 ], [ 80.435242953238259, 7.947636670041049 ], [ 80.435328521238034, 7.947716772040914 ], [ 80.435403400237888, 7.947780859040829 ], [ 80.435558556237552, 7.947850436040762 ], [ 80.435751177237137, 7.947919953040643 ], [ 80.435911522236779, 7.948080237040439 ], [ 80.436039843236529, 7.948240407040248 ], [ 80.436051686236482, 7.948277016040151 ], [ 80.436062737236455, 7.948311179040123 ], [ 80.43609856923635, 7.948421951040021 ], [ 80.436104925236364, 7.948445273039995 ], [ 80.436130588236253, 7.948539448039844 ], [ 80.436141227236291, 7.948619490039787 ], [ 80.436119705236322, 7.94875828603962 ], [ 80.436076788236377, 7.948880968039471 ], [ 80.436075704236416, 7.948883030039488 ], [ 80.436062251236422, 7.948908600039455 ], [ 80.436017823236512, 7.948993055039344 ], [ 80.435969567236583, 7.949099727039243 ], [ 80.435856997236812, 7.949313145039006 ], [ 80.435691485237186, 7.949483839038852 ], [ 80.435698438237139, 7.949523906038789 ], [ 80.435698433237121, 7.949529151038799 ], [ 80.435698321237169, 7.949535751038797 ], [ 80.43569738523712, 7.949590915038737 ], [ 80.43569188223718, 7.949766720038562 ], [ 80.435701416237094, 7.949849036038443 ], [ 80.435732076237031, 7.94992562703833 ], [ 80.435783872236939, 7.949985008038287 ], [ 80.435852962236808, 7.950027175038227 ], [ 80.435958536236569, 7.950069371038152 ], [ 80.43605452423634, 7.950092419038112 ], [ 80.436094826236257, 7.950117335038102 ], [ 80.43610247523624, 7.950157539038016 ], [ 80.436102425236257, 7.950218792037959 ], [ 80.436096610236248, 7.950285782037884 ], [ 80.436065794236299, 7.950400606037734 ], [ 80.436063820236342, 7.950467600037663 ], [ 80.436063675236312, 7.950645616037468 ], [ 80.43609239423624, 7.950749003037373 ], [ 80.436124896236123, 7.950810326037309 ], [ 80.436126903236158, 7.950814112037281 ], [ 80.436149963236105, 7.950855241037237 ], [ 80.436366051235623, 7.951001213037022 ], [ 80.436414752235549, 7.951026816036973 ], [ 80.436531857235266, 7.951055623036955 ], [ 80.436599067235122, 7.951049934036924 ], [ 80.436664387234998, 7.951007875037011 ], [ 80.436704759234928, 7.95094665603704 ], [ 80.436752827234784, 7.950866299037123 ], [ 80.436805182234735, 7.950770520037231 ], [ 80.436812441234679, 7.950757241037214 ], [ 80.436873946234584, 7.950682639037309 ], [ 80.43693351323445, 7.950631005037372 ], [ 80.436991140234312, 7.950602339037403 ], [ 80.437044914234235, 7.950588983037397 ], [ 80.4371121072341, 7.950604350037376 ], [ 80.437175436233957, 7.9506484270373 ], [ 80.43721953623384, 7.950726942037186 ], [ 80.437271292233731, 7.95083609103708 ], [ 80.437324992233627, 7.950914614037 ], [ 80.437409427233405, 7.950977849036882 ], [ 80.437501577233206, 7.95099897903684 ], [ 80.437553422233123, 7.950997107036848 ], [ 80.437641774232915, 7.950966551036856 ], [ 80.437805006232608, 7.950941799036859 ], [ 80.437964389232263, 7.950928528036851 ], [ 80.4380373442321, 7.950941985036849 ], [ 80.438073791231986, 7.950986040036779 ], [ 80.438104449231915, 7.951066459036715 ], [ 80.438113834231885, 7.951332533036374 ], [ 80.438052282232036, 7.951466474036228 ], [ 80.438029169232081, 7.951554507036128 ], [ 80.438036819232053, 7.951590882036125 ], [ 80.438082883231957, 7.951615803036066 ], [ 80.438163522231747, 7.951625438036072 ], [ 80.43824606923161, 7.95164847403599 ], [ 80.438296951231479, 7.951650430035985 ], [ 80.438331536231402, 7.951623659036044 ], [ 80.43836804723135, 7.951589233036071 ], [ 80.438419915231236, 7.951558649036092 ], [ 80.438496735231098, 7.951541484036066 ], [ 80.438590824230886, 7.951539645036065 ], [ 80.438679128230689, 7.951568428036027 ], [ 80.438773172230469, 7.951622099035935 ], [ 80.438855676230318, 7.951698732035887 ], [ 80.438991920229995, 7.951806033035705 ], [ 80.439112822229717, 7.951890353035632 ], [ 80.4391703572296, 7.951976535035482 ], [ 80.439197170229562, 7.952062694035413 ], [ 80.43920849822949, 7.952301972035124 ], [ 80.439226207229467, 7.95236634903505 ], [ 80.439301761229288, 7.952431013034938 ], [ 80.439413323229076, 7.952489723034878 ], [ 80.439530913228836, 7.952513743034847 ], [ 80.439697707228461, 7.95253780303478 ], [ 80.439803755228255, 7.952561385034718 ], [ 80.440108022227605, 7.952685281034578 ], [ 80.440365967227024, 7.952778802034428 ], [ 80.440545918226647, 7.952857905034278 ], [ 80.440653875226417, 7.952922593034194 ], [ 80.440729397226249, 7.95302793203408 ], [ 80.440753340226195, 7.953100928033968 ], [ 80.440785694226136, 7.953161967033889 ], [ 80.440831272225992, 7.953194305033885 ], [ 80.440880458225905, 7.953217075033841 ], [ 80.440957259225783, 7.953223117033819 ], [ 80.441053279225571, 7.95320764103383 ], [ 80.441155311225316, 7.953177814033861 ], [ 80.441222551225195, 7.953134799033882 ], [ 80.441278965225052, 7.9531228810339 ], [ 80.441317839224965, 7.953135593033882 ], [ 80.441393410224805, 7.953178721033778 ], [ 80.441630881224299, 7.953365540033555 ], [ 80.441821581223891, 7.953509253033361 ], [ 80.441874895223791, 7.95357100203328 ], [ 80.442001430223513, 7.953717560033076 ], [ 80.442080581223308, 7.953785814033028 ], [ 80.442138151223205, 7.953828928032967 ], [ 80.442213749223072, 7.953839756032909 ], [ 80.442285767222884, 7.953825456032948 ], [ 80.442328261222812, 7.953808053032944 ], [ 80.442346992222781, 7.953800382032957 ], [ 80.442394590222662, 7.953752784032968 ], [ 80.442419099222633, 7.953674823033065 ], [ 80.442440792222598, 7.953559990033192 ], [ 80.44248765822249, 7.953481069033264 ], [ 80.442563325222324, 7.953405759033338 ], [ 80.442671374222087, 7.953355598033387 ], [ 80.442833427221757, 7.953305481033425 ], [ 80.443042316221337, 7.953215920033514 ], [ 80.443153930221087, 7.953208830033508 ], [ 80.443279929220793, 7.953223286033446 ], [ 80.443377082220593, 7.953291555033349 ], [ 80.443535376220268, 7.953442418033201 ], [ 80.443693680219894, 7.95357892703298 ], [ 80.44376198921978, 7.953701008032855 ], [ 80.443761818219741, 7.953916350032602 ], [ 80.44377254521973, 7.954009674032473 ], [ 80.443833675219608, 7.954103037032374 ], [ 80.443956026219297, 7.954178503032273 ], [ 80.444128807218917, 7.954221708032192 ], [ 80.444377219218424, 7.954232671032163 ], [ 80.444632863217862, 7.954204160032118 ], [ 80.444924553217234, 7.954121842032215 ], [ 80.445230635216618, 7.954050301032236 ], [ 80.445644727215765, 7.953978846032244 ], [ 80.445749155215523, 7.953953805032248 ], [ 80.44583195921534, 7.95395745903224 ], [ 80.445911112215171, 7.954025713032137 ], [ 80.445940085215156, 7.9540528890321 ], [ 80.446157007214666, 7.954256353031877 ], [ 80.44625288621441, 7.95434899403174 ], [ 80.446371653214158, 7.954402923031645 ], [ 80.446450848213999, 7.954417341031649 ], [ 80.446533661213849, 7.95441022703162 ], [ 80.446605693213684, 7.954377982031646 ], [ 80.446674143213542, 7.954320611031733 ], [ 80.446771423213335, 7.954230962031809 ], [ 80.446843502213184, 7.954137704031909 ], [ 80.446915629213052, 7.953983431032052 ], [ 80.446951698212956, 7.953900912032151 ], [ 80.447048973212787, 7.953814850032257 ], [ 80.44713544021262, 7.953739549032284 ], [ 80.447203922212438, 7.953642698032423 ], [ 80.447265172212369, 7.953585321032457 ], [ 80.447452466211971, 7.953484975032538 ], [ 80.44753172721181, 7.95341684403262 ], [ 80.447625484211628, 7.953226699032794 ], [ 80.447715629211459, 7.953050906032995 ], [ 80.447791347211236, 7.952907404033136 ], [ 80.447928299211014, 7.952728059033327 ], [ 80.448072452210738, 7.952548719033522 ], [ 80.448126530210587, 7.952455446033616 ], [ 80.448162605210527, 7.952362159033689 ], [ 80.44819155221046, 7.952179141033916 ], [ 80.448206152210489, 7.951924331034204 ], [ 80.448220700210413, 7.95173771303443 ], [ 80.448236944210393, 7.951676601034466 ], [ 80.448271252210347, 7.951547532034644 ], [ 80.448292924210293, 7.951457823034738 ], [ 80.44834339821017, 7.95136813703481 ], [ 80.448411843210025, 7.95131794403486 ], [ 80.448570306209717, 7.951253464034918 ], [ 80.448811578209245, 7.951185460034946 ], [ 80.448980839208886, 7.951124578034981 ], [ 80.449153716208528, 7.95104216503507 ], [ 80.44924734620831, 7.951013524035064 ], [ 80.449391377208016, 7.950988513035075 ], [ 80.44950657420776, 7.951002958035081 ], [ 80.449600137207568, 7.951060456034988 ], [ 80.449643231207446, 7.951200462034805 ], [ 80.449567227207595, 7.951710047034265 ], [ 80.449568686207556, 7.95176417803416 ], [ 80.449571860207556, 7.951881969034057 ], [ 80.44958501120756, 7.951989407033922 ], [ 80.449614920207452, 7.952109064033811 ], [ 80.449656893207376, 7.95214797803372 ], [ 80.449770885207101, 7.952169003033701 ], [ 80.449863849206935, 7.952225901033591 ], [ 80.449905798206814, 7.952294724033553 ], [ 80.449953712206707, 7.952411404033378 ], [ 80.450013555206596, 7.952617821033148 ], [ 80.45007046220644, 7.95274348103298 ], [ 80.450109397206376, 7.95283024603287 ], [ 80.450157341206221, 7.952908046032813 ], [ 80.450232305206086, 7.952961939032709 ], [ 80.450307281205937, 7.953000879032678 ], [ 80.450406273205729, 7.953021891032633 ], [ 80.450499292205549, 7.953007009032617 ], [ 80.45061631720526, 7.95298616403263 ], [ 80.450724368205073, 7.952932411032701 ], [ 80.450817427204868, 7.95286668403277 ], [ 80.45094054220462, 7.952732190032893 ], [ 80.451111688204236, 7.952561843033068 ], [ 80.451300844203871, 7.952379546033213 ], [ 80.45143296520358, 7.952239077033385 ], [ 80.451532069203395, 7.952113537033509 ], [ 80.451709316203065, 7.951814588033811 ], [ 80.451826492202841, 7.951599335034015 ], [ 80.451940633202582, 7.951428944034211 ], [ 80.45204575820236, 7.95127649103437 ], [ 80.452159877202135, 7.95113600803452 ], [ 80.452213945202018, 7.951052305034574 ], [ 80.452222997201986, 7.95098651303466 ], [ 80.452223057201991, 7.950908750034769 ], [ 80.452196217202072, 7.950699369035024 ], [ 80.452199497202074, 7.950683552035018 ], [ 80.452217297202068, 7.95059769603512 ], [ 80.452286386201891, 7.950490077035226 ], [ 80.452352451201747, 7.950412366035289 ], [ 80.452504293201471, 7.950268009035476 ], [ 80.452605248201266, 7.950182264035521 ], [ 80.452701318201051, 7.950100986035624 ], [ 80.452746968200955, 7.950041203035696 ], [ 80.452783543200894, 7.949932015035803 ], [ 80.452938101200573, 7.949390026036402 ], [ 80.452961148200558, 7.94930920403646 ], [ 80.452954078200605, 7.949141710036666 ], [ 80.452918294200657, 7.948856952036977 ], [ 80.452884876200756, 7.94862005003727 ], [ 80.452858723200805, 7.948508329037409 ], [ 80.452798714200966, 7.948301756037635 ], [ 80.452798661200973, 7.947917194038106 ], [ 80.452831241200954, 7.947854678038158 ], [ 80.452924271200729, 7.947676165038312 ], [ 80.452961281200672, 7.947605147038417 ], [ 80.453034661200533, 7.947381745038645 ], [ 80.453069823200437, 7.947309427038743 ], [ 80.453078068200412, 7.947301824038719 ], [ 80.453129011200332, 7.947254851038766 ], [ 80.453253079200067, 7.947176360038887 ], [ 80.453678377199225, 7.946786199039223 ], [ 80.454006995198526, 7.946484768039547 ], [ 80.454015996198535, 7.946479456039511 ], [ 80.454095313198337, 7.946432642039582 ], [ 80.45419858019811, 7.946371693039646 ], [ 80.454207201198102, 7.946368976039619 ], [ 80.454311911197891, 7.946335967039651 ], [ 80.454430747197662, 7.946336058039638 ], [ 80.4546414381972, 7.94638668003955 ], [ 80.454777067196915, 7.946448464039487 ], [ 80.454797140196845, 7.946457608039459 ], [ 80.454817703196824, 7.946459954039427 ], [ 80.454863355196707, 7.946465165039446 ], [ 80.454925604196575, 7.946441518039427 ], [ 80.454973264196497, 7.946395162039492 ], [ 80.455007599196421, 7.946338126039564 ], [ 80.455038735196396, 7.946245153039674 ], [ 80.45507115419629, 7.946148358039729 ], [ 80.455180533196071, 7.945821890040119 ], [ 80.4555681761953, 7.945320918040629 ], [ 80.455669301195101, 7.945215826040723 ], [ 80.455710348194984, 7.945173168040783 ], [ 80.45584020719474, 7.945111593040813 ], [ 80.456007049194383, 7.945087122040794 ], [ 80.456125155194144, 7.945093089040824 ], [ 80.456261826193852, 7.945138591040729 ], [ 80.456288952193759, 7.945147619040738 ], [ 80.456552672193226, 7.945235392040557 ], [ 80.45655954919323, 7.945237948040583 ], [ 80.456666009192986, 7.945277497040526 ], [ 80.456785380192727, 7.945321842040457 ], [ 80.456915086192424, 7.945342468040393 ], [ 80.457151940191963, 7.945342647040334 ], [ 80.457458331191305, 7.945335949040303 ], [ 80.457695690190775, 7.945330760040299 ], [ 80.457957216190252, 7.945337106040277 ], [ 80.45821713518967, 7.945306736040223 ], [ 80.458259668189584, 7.945293781040246 ], [ 80.458289091189528, 7.945284819040264 ], [ 80.458291964189542, 7.945213037040328 ], [ 80.458368521189414, 7.944950142040617 ], [ 80.458395667189336, 7.944856917040728 ], [ 80.458405758189301, 7.944822263040771 ], [ 80.458528255189066, 7.944368485041265 ], [ 80.458560443189043, 7.944249242041422 ], [ 80.458610493188942, 7.944063837041597 ], [ 80.458620841188903, 7.944025506041663 ], [ 80.458633399188898, 7.943978984041718 ], [ 80.458860695188434, 7.943567706042153 ], [ 80.458865281188437, 7.943474242042226 ], [ 80.458875911188443, 7.943256660042467 ], [ 80.458886790188444, 7.94303396204276 ], [ 80.458891059188431, 7.942946590042805 ], [ 80.458919417188412, 7.942366101043508 ], [ 80.458934078188349, 7.942065992043819 ], [ 80.458916291188473, 7.941029172045035 ], [ 80.458911191188506, 7.940731881045341 ], [ 80.458906558188531, 7.940461803045677 ], [ 80.458904434188554, 7.940337956045815 ], [ 80.458904125188582, 7.9403267200458 ], [ 80.458896997188617, 7.940067564046127 ], [ 80.45886426718873, 7.938877342047495 ], [ 80.458860360188794, 7.9387880190476 ], [ 80.458854551188793, 7.938655180047748 ], [ 80.458854500188764, 7.938654018047701 ], [ 80.458814893188944, 7.937748391048792 ], [ 80.458799477189018, 7.937395880049178 ], [ 80.458752703189191, 7.936326380050368 ], [ 80.458722272189263, 7.935637208051197 ], [ 80.45869184018936, 7.934948036051962 ], [ 80.458672325189539, 7.93346686605367 ], [ 80.458703775189505, 7.932808598054423 ], [ 80.458889887189144, 7.932253378055006 ], [ 80.458931256189047, 7.932086779055177 ], [ 80.45928314718843, 7.930669660056744 ], [ 80.459438455188121, 7.930151089057328 ], [ 80.45976708818749, 7.929053786058533 ], [ 80.45983133318741, 7.928839271058786 ], [ 80.460079676186879, 7.927872590059825 ], [ 80.460092806186879, 7.927811726059917 ], [ 80.460266040186553, 7.927008722060767 ], [ 80.460411103186345, 7.926185964061717 ], [ 80.460469291186229, 7.92582417506211 ], [ 80.460566588186083, 7.925219215062749 ], [ 80.460670365185905, 7.924416999063701 ], [ 80.460786477185735, 7.923512877064696 ], [ 80.460815657185691, 7.923285668064953 ], [ 80.460806775185802, 7.921372501067134 ], [ 80.460792794185835, 7.921290497067196 ], [ 80.460553511186461, 7.919886920068867 ], [ 80.460519158186557, 7.919685413069057 ], [ 80.460530830186514, 7.919377454069415 ], [ 80.460555562186485, 7.918724932070157 ], [ 80.460561261186541, 7.918574576070323 ], [ 80.460649106186423, 7.91762871707143 ], [ 80.460654863186392, 7.917607706071451 ], [ 80.460663339186397, 7.917578220071468 ], [ 80.460820372186092, 7.917031826072041 ], [ 80.460885626185956, 7.916818644072289 ], [ 80.461109962185517, 7.916085746073068 ], [ 80.461180582185406, 7.915862682073354 ], [ 80.461461574184867, 7.914975140074283 ], [ 80.461740846184341, 7.914029053075336 ], [ 80.46205097718375, 7.913165338076287 ], [ 80.462072075183684, 7.913015492076457 ], [ 80.462072835183733, 7.913010089076478 ], [ 80.462175440183543, 7.912280857077262 ], [ 80.462352257183269, 7.910367826079404 ], [ 80.462458236183082, 7.909632179080226 ], [ 80.46249355818307, 7.909386998080532 ], [ 80.46251821118301, 7.90921586608073 ], [ 80.462601399182873, 7.908964493080981 ], [ 80.462956544182191, 7.907891344082165 ], [ 80.463055903181996, 7.907591104082496 ], [ 80.463246509181602, 7.907089202083044 ], [ 80.463407364181293, 7.906665639083474 ], [ 80.464046727180033, 7.905352096084895 ], [ 80.464048012180029, 7.905349454084869 ], [ 80.464794741178494, 7.904875298085306 ], [ 80.465024335178029, 7.904729511085428 ], [ 80.465245330177595, 7.904589184085553 ], [ 80.466190557175608, 7.903897884086235 ], [ 80.466256926175433, 7.903849344086252 ], [ 80.466273976175401, 7.903840208086242 ], [ 80.46627461117545, 7.903826836086301 ], [ 80.466339536175269, 7.903746547086347 ], [ 80.466398029175195, 7.903662121086433 ], [ 80.466580582174814, 7.903398628086727 ], [ 80.466698743174575, 7.903228076086915 ], [ 80.466752648174491, 7.90315027108701 ], [ 80.46697992117403, 7.90267738208748 ], [ 80.46700205417396, 7.902410564087778 ], [ 80.467032192173917, 7.902047253088186 ], [ 80.467084005173888, 7.901422636088919 ], [ 80.46711473717383, 7.900948057089441 ], [ 80.467146637173798, 7.900455771090005 ], [ 80.467349612173379, 7.900073016090378 ], [ 80.467513546173038, 7.89996406409047 ], [ 80.468179265171713, 7.89952161609093 ], [ 80.468362729171304, 7.899399682090995 ], [ 80.468873537170239, 7.89907129809129 ], [ 80.468880847170226, 7.899058200091345 ], [ 80.469395666169149, 7.898727581091641 ], [ 80.469840750168245, 7.898441745091911 ], [ 80.46997667116797, 7.898343932091975 ], [ 80.4705829731667, 7.89790761809237 ], [ 80.471290200165257, 7.897398673092865 ], [ 80.471554215164673, 7.897208678093011 ], [ 80.472730904162276, 7.896427727093759 ], [ 80.472898331161957, 7.895978005094204 ], [ 80.472910032161934, 7.895946576094254 ], [ 80.472937609161846, 7.895872501094341 ], [ 80.472965856161807, 7.895420916094844 ], [ 80.473001534161796, 7.89485053109549 ], [ 80.473031538161749, 7.894370845096027 ], [ 80.472970998162026, 7.892478207098232 ], [ 80.472950118162046, 7.892238908098463 ], [ 80.47291744316216, 7.891864449098896 ], [ 80.472868708162295, 7.891305476099587 ], [ 80.47334376916136, 7.890626881100278 ], [ 80.473903722160244, 7.889636026101322 ], [ 80.474312504159442, 7.888912670102052 ], [ 80.474420607159232, 7.888721376102264 ], [ 80.474596726158893, 7.888409724102595 ], [ 80.47511012115784, 7.887501242103555 ], [ 80.475523452157049, 7.886555237104571 ], [ 80.475662966156762, 7.8862390071049 ], [ 80.476267435155563, 7.884868885106401 ], [ 80.476490925155133, 7.884297093107004 ], [ 80.476700506154714, 7.883760886107605 ], [ 80.476701481154677, 7.883758388107585 ], [ 80.476714451154663, 7.883746862107619 ], [ 80.476715516154712, 7.883741890107625 ], [ 80.47674285115464, 7.883614416107759 ], [ 80.477183557153779, 7.882472327108949 ], [ 80.477581436153002, 7.881441217110075 ], [ 80.477631679152935, 7.881311011110227 ], [ 80.477796612152574, 7.88073371711088 ], [ 80.477809996152615, 7.880693140110928 ], [ 80.477814366152614, 7.880607226111017 ], [ 80.477842680152534, 7.880050584111652 ], [ 80.477875889152557, 7.879397711112359 ], [ 80.477876659152528, 7.879382273112386 ], [ 80.477861068152635, 7.878186053113755 ], [ 80.477786009152837, 7.877988698113975 ], [ 80.477671088153045, 7.87768652511437 ], [ 80.477648690153103, 7.877627632114427 ], [ 80.477646326153163, 7.877621417114447 ], [ 80.477313340153884, 7.876745866115463 ], [ 80.477094232154428, 7.876169742116192 ], [ 80.477020282154612, 7.875975300116421 ], [ 80.476913491154846, 7.875694503116732 ], [ 80.476770108155179, 7.874845647117721 ], [ 80.476719447155318, 7.874545715118101 ], [ 80.476698683155362, 7.874422788118244 ], [ 80.476669470155443, 7.874249839118455 ], [ 80.47664776915552, 7.874121367118578 ], [ 80.476636708155539, 7.873874904118865 ], [ 80.476633143155567, 7.873795482118957 ], [ 80.476611577155623, 7.873314927119482 ], [ 80.476611022155637, 7.873302565119483 ], [ 80.476583051155714, 7.872679316120199 ], [ 80.476577501155759, 7.872538446120371 ], [ 80.47657368215576, 7.872441501120487 ], [ 80.476568673155768, 7.872314353120646 ], [ 80.476561731155812, 7.872138124120865 ], [ 80.476557888155838, 7.872040570120939 ], [ 80.47655615915582, 7.871996698121004 ], [ 80.476544458155871, 7.87169966512136 ], [ 80.47653199415592, 7.87138327912171 ], [ 80.476525038155927, 7.87120669812191 ], [ 80.476524736155966, 7.87119903712194 ], [ 80.47650232815603, 7.870630956122605 ], [ 80.476428940156225, 7.8704498081228 ], [ 80.476211051156724, 7.869911976123424 ], [ 80.47594453115731, 7.869254103124249 ], [ 80.475822476157603, 7.869028221124529 ], [ 80.474891181159677, 7.867304706126593 ], [ 80.47482845815982, 7.867188625126752 ], [ 80.474810001159867, 7.867126175126847 ], [ 80.474691884160137, 7.866726519127311 ], [ 80.474683841160171, 7.866699301127331 ], [ 80.474402192160852, 7.865746317128473 ], [ 80.47412874516148, 7.864528626129883 ], [ 80.474097845161594, 7.864391023130063 ], [ 80.474094938161585, 7.864378077130054 ], [ 80.474012595161767, 7.863769647130757 ], [ 80.473927455161999, 7.863140539131488 ], [ 80.473807606162325, 7.862258988132543 ], [ 80.473748543162486, 7.861859516132981 ], [ 80.473724263162552, 7.861695298133164 ], [ 80.47370304716263, 7.861551796133377 ], [ 80.473626101162793, 7.861031363133956 ], [ 80.473561215162988, 7.860592505134477 ], [ 80.473408149163333, 7.859652020135574 ], [ 80.473278649163689, 7.858856333136505 ], [ 80.47316927716399, 7.858123585137336 ], [ 80.473059906164266, 7.857390836138185 ], [ 80.472945108164524, 7.8566217271391 ], [ 80.472306656166012, 7.855057823140957 ], [ 80.472221519166226, 7.854942328141116 ], [ 80.471617620167564, 7.854123076142155 ], [ 80.471392335168062, 7.853817453142504 ], [ 80.471214264168395, 7.853575881142811 ], [ 80.470883589169134, 7.853264029143237 ], [ 80.469729829171698, 7.852175942144626 ], [ 80.468629480174059, 7.851418218145672 ], [ 80.468225952174961, 7.851125142146079 ], [ 80.467477732176533, 7.85058172214683 ], [ 80.467476783176551, 7.850566396146802 ], [ 80.466987389177632, 7.850116793147399 ], [ 80.466760744178146, 7.849766833147834 ], [ 80.46698572817769, 7.849481691148133 ], [ 80.46698790217765, 7.849478936148111 ], [ 80.467107455177441, 7.849399588148199 ], [ 80.467854821175877, 7.848903555148658 ], [ 80.468515304174517, 7.84838045814917 ], [ 80.468763104174002, 7.848184201149333 ], [ 80.468965055173598, 7.848068605149431 ], [ 80.469304387172841, 7.847874374149636 ], [ 80.469319908172835, 7.847865490149636 ], [ 80.469475161172525, 7.847722109149738 ], [ 80.469480051172525, 7.847717592149753 ], [ 80.469516489172435, 7.847691021149805 ], [ 80.470177049171056, 7.847177202150297 ], [ 80.471023314169301, 7.846622372150803 ], [ 80.471848916167602, 7.846108668151251 ], [ 80.471981150167323, 7.846015546151329 ], [ 80.472695206165838, 7.845512690151765 ], [ 80.47341765016435, 7.844998910152297 ], [ 80.473701342163764, 7.844785394152462 ], [ 80.474414217162305, 7.84424886115297 ], [ 80.474725380161672, 7.844014670153185 ], [ 80.474728404161667, 7.84401239315322 ], [ 80.474996823161078, 7.843704007153504 ], [ 80.475265240160567, 7.843395621153843 ], [ 80.475381694160291, 7.843261547153959 ], [ 80.475925961159192, 7.842634931154563 ], [ 80.47654543115793, 7.841853640155408 ], [ 80.477051583156964, 7.840804912156528 ], [ 80.477217283156705, 7.839858785157561 ], [ 80.477226081156644, 7.839797603157606 ], [ 80.47722611915664, 7.839797420157608 ], [ 80.477255523156614, 7.839593198157857 ], [ 80.477320942156524, 7.839138847158393 ], [ 80.477334811156496, 7.838911024158601 ], [ 80.477383556156468, 7.838110304159539 ], [ 80.477444405156319, 7.837868323159816 ], [ 80.477445621156349, 7.837863487159801 ], [ 80.477481030156241, 7.837674672160011 ], [ 80.477539936156134, 7.837360557160384 ], [ 80.477562294156129, 7.837241339160504 ], [ 80.477600469156044, 7.837037772160703 ], [ 80.477642346155974, 7.836814466160939 ], [ 80.477911450155489, 7.8355186341624 ], [ 80.47784294015571, 7.834957471163059 ], [ 80.477788374155836, 7.834510532163552 ], [ 80.477783284155862, 7.834479942163594 ], [ 80.477726352155997, 7.834137849164016 ], [ 80.477572667156394, 7.833214362165075 ], [ 80.477573465156439, 7.832076413166372 ], [ 80.477573475156447, 7.832062346166397 ], [ 80.477608772156401, 7.83182216616667 ], [ 80.477718595156233, 7.831074975167491 ], [ 80.477815784156022, 7.830921032167667 ], [ 80.477816722156035, 7.830915959167657 ], [ 80.477948990155795, 7.830706448167897 ], [ 80.4779783281557, 7.830663570167954 ], [ 80.478018088155636, 7.830600593167994 ], [ 80.47816259015535, 7.830371708168224 ], [ 80.478317625155015, 7.830254839168323 ], [ 80.478532165154562, 7.830093113168483 ], [ 80.479029537153536, 7.829718179168856 ], [ 80.479586705152357, 7.829492277169026 ], [ 80.480370631150706, 7.829513390168876 ], [ 80.480886353149657, 7.829554890168766 ], [ 80.481195919149002, 7.829390529168874 ], [ 80.481381788148582, 7.829102623169191 ], [ 80.481382043148642, 7.828734327169637 ], [ 80.48138205814864, 7.828711923169672 ], [ 80.481382129148656, 7.828608930169742 ], [ 80.481382376148687, 7.828252895170175 ], [ 80.481382614148686, 7.82790949117058 ], [ 80.481238844149075, 7.826983663171609 ], [ 80.481239556149134, 7.825955076172832 ], [ 80.481260841149151, 7.825008790173865 ], [ 80.481336827149022, 7.824602350174316 ], [ 80.481358335148954, 7.824487308174497 ], [ 80.481506134148702, 7.823696741175349 ], [ 80.481512663148706, 7.823661879175383 ], [ 80.481522878148667, 7.823644716175402 ], [ 80.481767980148177, 7.823232891175821 ], [ 80.481771909148179, 7.823211147175869 ], [ 80.481777876148158, 7.823178207175923 ], [ 80.481935183147883, 7.823021537176055 ], [ 80.48219077614732, 7.822766978176324 ], [ 80.482707815146256, 7.822392546176668 ], [ 80.482871895145962, 7.822273722176755 ], [ 80.483882961143834, 7.82196583517699 ], [ 80.484071304143413, 7.821965964176957 ], [ 80.484165531143191, 7.821966028176895 ], [ 80.484331433142842, 7.821966141176866 ], [ 80.484405622142717, 7.821930102176939 ], [ 80.484492452142518, 7.821894078176972 ], [ 80.485103443141256, 7.821772654176977 ], [ 80.485265302140931, 7.821740487177022 ], [ 80.486142201139089, 7.821535363177135 ], [ 80.486720111137885, 7.821124318177494 ], [ 80.487198148136883, 7.820704276177924 ], [ 80.487421935136425, 7.820507639178069 ], [ 80.487686455135901, 7.820294059178296 ], [ 80.488131821134942, 7.819934461178653 ], [ 80.488439455134326, 7.819739051178826 ], [ 80.48874708813365, 7.819543642178986 ], [ 80.489178402132794, 7.819319454179175 ], [ 80.489270635132584, 7.81927151317922 ], [ 80.489414629132312, 7.819196667179269 ], [ 80.489921739131262, 7.819037437179365 ], [ 80.489995261131071, 7.819014351179381 ], [ 80.490850275129304, 7.818885749179436 ], [ 80.491825930127234, 7.818821538179368 ], [ 80.492736566125316, 7.818724852179336 ], [ 80.493556080123611, 7.818546651179377 ], [ 80.493777369123109, 7.818498532179406 ], [ 80.494603300121383, 7.818298767179519 ], [ 80.494980815120627, 7.818207458179544 ], [ 80.496126867118193, 7.817706614179955 ], [ 80.496314534117786, 7.817624601180026 ], [ 80.497225420115925, 7.817138752180467 ], [ 80.497344221115668, 7.817073037180516 ], [ 80.497744388114839, 7.817037740180488 ], [ 80.497838095114602, 7.817029474180472 ], [ 80.498413031113415, 7.81686961018056 ], [ 80.49876581211268, 7.816771516180608 ], [ 80.498915082112376, 7.816730011180675 ], [ 80.499241495111676, 7.816645741180726 ], [ 80.499216117111757, 7.816544112180817 ], [ 80.499203550111787, 7.816493791180869 ], [ 80.499178831111834, 7.816394798180992 ], [ 80.499084138112067, 7.816015594181428 ], [ 80.499022326112211, 7.815697508181808 ], [ 80.499030522112207, 7.815708495181791 ], [ 80.499029402112228, 7.815702730181826 ], [ 80.498800596112744, 7.814525225183215 ], [ 80.498770428112849, 7.814409598183343 ], [ 80.498552861113382, 7.813575704184346 ], [ 80.498529341113425, 7.813552218184345 ], [ 80.498015116114516, 7.813038760185006 ], [ 80.497839412114942, 7.812893826185203 ], [ 80.497770850115074, 7.81283727018528 ], [ 80.497063616116606, 7.812253889186035 ], [ 80.49690687711697, 7.812132156186182 ], [ 80.496688068117408, 7.811962216186431 ], [ 80.495574272119839, 7.811097174187599 ], [ 80.495213728120646, 7.810827150187934 ], [ 80.495176147120702, 7.810799003188006 ], [ 80.495101254120897, 7.810742914188086 ], [ 80.495003934121087, 7.810670027188195 ], [ 80.49478021212154, 7.810502473188389 ], [ 80.494746847121618, 7.810477484188424 ], [ 80.494625612121908, 7.810343902188609 ], [ 80.494621565121903, 7.810339445188623 ], [ 80.494386358122412, 7.810080284188924 ], [ 80.49414710512292, 7.809816666189245 ], [ 80.493733518123861, 7.809321075189921 ], [ 80.493733438123854, 7.809319874189893 ], [ 80.493692536123959, 7.808701900190583 ], [ 80.493734227123937, 7.808247886191142 ], [ 80.494066067123313, 7.8071749121923 ], [ 80.494391381122711, 7.806132002193414 ], [ 80.494439377122589, 7.80597813719363 ], [ 80.494672475122201, 7.805012376194663 ], [ 80.49468840312214, 7.804946386194744 ], [ 80.494978846121597, 7.803873385195911 ], [ 80.4954148201208, 7.802347996197593 ], [ 80.495505424120608, 7.802030984197954 ], [ 80.49558039512047, 7.801768672198223 ], [ 80.495622138120424, 7.80123210419886 ], [ 80.495568513120546, 7.800873993199249 ], [ 80.495553868120609, 7.800776191199393 ], [ 80.495498508120718, 7.800406491199807 ], [ 80.495396725120983, 7.799876811200424 ], [ 80.495292259121271, 7.799333165201082 ], [ 80.49513783412165, 7.79858636520195 ], [ 80.495044703121906, 7.798135983202481 ], [ 80.494993558122005, 7.797467193203236 ], [ 80.494964279122115, 7.797084334203666 ], [ 80.494962628122124, 7.797062738203672 ], [ 80.494959644122162, 7.79680491820397 ], [ 80.494943044122252, 7.795370385205658 ], [ 80.495025389122162, 7.794365752206756 ], [ 80.4950682181221, 7.793843233207326 ], [ 80.495068913122225, 7.792784611208579 ], [ 80.495069004122229, 7.792646212208695 ], [ 80.495101798122192, 7.792112373209346 ], [ 80.495115553122162, 7.791888469209606 ], [ 80.495152678122153, 7.791284139210251 ], [ 80.495462676121704, 7.788140714213824 ], [ 80.495489806121697, 7.787163302214937 ], [ 80.495557246121606, 7.786484073215687 ], [ 80.495649795121466, 7.785551967216746 ], [ 80.495677253121542, 7.784072631218444 ], [ 80.495717315121468, 7.783570734218966 ], [ 80.495850087121255, 7.783068897219512 ], [ 80.496062240120835, 7.782699196219949 ], [ 80.496539280119833, 7.782329666220296 ], [ 80.496826253119238, 7.782213617220342 ], [ 80.497387147118062, 7.781986794220525 ], [ 80.498208317116323, 7.781960908220433 ], [ 80.49897656211472, 7.781855734220431 ], [ 80.499359090113913, 7.781645575220613 ], [ 80.49936078611394, 7.781644644220621 ], [ 80.500076375112428, 7.781037511221188 ], [ 80.500527091111536, 7.780403790221862 ], [ 80.501004582110625, 7.779320995223022 ], [ 80.501270180110126, 7.778211649224285 ], [ 80.501283341110096, 7.778127999224357 ], [ 80.50140316510992, 7.777366387225181 ], [ 80.501436310109824, 7.77720008922536 ], [ 80.501627622109524, 7.776240236226449 ], [ 80.501648163109451, 7.776137177226589 ], [ 80.501682189109431, 7.775966461226767 ], [ 80.501815020109149, 7.775358953227412 ], [ 80.502000641108793, 7.77504206622775 ], [ 80.502055227108684, 7.774983814227832 ], [ 80.502371731108042, 7.774646046228162 ], [ 80.502742670107253, 7.774487778228277 ], [ 80.503246015106228, 7.774382429228354 ], [ 80.503609932105462, 7.774382659228258 ], [ 80.503655353105344, 7.774382688228279 ], [ 80.503835689104946, 7.774382801228253 ], [ 80.504120131104358, 7.774382981228178 ], [ 80.504139069104355, 7.774384710228198 ], [ 80.504994197102491, 7.774462781227998 ], [ 80.505156467102182, 7.774480147227901 ], [ 80.505987444100398, 7.774569072227673 ], [ 80.507013715098211, 7.774660028227426 ], [ 80.50750243809722, 7.774703341227295 ], [ 80.507631560096925, 7.774714784227264 ], [ 80.507788556096571, 7.774728698227244 ], [ 80.5081605670958, 7.77477390422712 ], [ 80.508662607094763, 7.774834908227006 ], [ 80.509065948093877, 7.774868222226917 ], [ 80.509110419093759, 7.774871895226881 ], [ 80.509629384092676, 7.774914758226734 ], [ 80.509947283091989, 7.774958991226672 ], [ 80.510582885090685, 7.775047430226442 ], [ 80.510868973090069, 7.775034926226433 ], [ 80.511774896088127, 7.774995328226336 ], [ 80.512436479086716, 7.775010560226234 ], [ 80.51258629808639, 7.775014009226165 ], [ 80.51285737808584, 7.775020249226124 ], [ 80.512953615085664, 7.775022465226146 ], [ 80.513056899085413, 7.775008976226127 ], [ 80.513137688085237, 7.774998424226128 ], [ 80.513960255083504, 7.774890991226142 ], [ 80.514397362082633, 7.774812005226164 ], [ 80.514834468081702, 7.774733019226183 ], [ 80.515629313080012, 7.774416493226413 ], [ 80.516397875078454, 7.773756529227032 ], [ 80.516914829077393, 7.773043578227801 ], [ 80.517312675076568, 7.772552933228282 ], [ 80.517471496076283, 7.772357067228475 ], [ 80.517657422075942, 7.771929863228928 ], [ 80.517816320075639, 7.771564760229339 ], [ 80.517816710075593, 7.771549530229382 ], [ 80.517828932075616, 7.771073385229876 ], [ 80.517836630075621, 7.77077348223023 ], [ 80.517843443075648, 7.770508092230552 ], [ 80.517908222075548, 7.769961765231169 ], [ 80.517949934075475, 7.769609975231537 ], [ 80.517954062075461, 7.769569060231587 ], [ 80.517963356075455, 7.769476919231709 ], [ 80.517984912075406, 7.769263236231923 ], [ 80.517994853075407, 7.769164687232062 ], [ 80.51799907607537, 7.769122821232108 ], [ 80.518005864075377, 7.76905553523219 ], [ 80.518011929075385, 7.768995411232243 ], [ 80.518013969075383, 7.768975179232272 ], [ 80.518029874075339, 7.768817509232424 ], [ 80.518049574075306, 7.768603545232659 ], [ 80.51815225907518, 7.767488193233914 ], [ 80.518183122075143, 7.767152965234311 ], [ 80.518293837075007, 7.76595039123568 ], [ 80.518389806074907, 7.764907993236868 ], [ 80.518433594074807, 7.764517076237303 ], [ 80.518496326074711, 7.763957041237898 ], [ 80.518505522074719, 7.763887155237973 ], [ 80.518512195074663, 7.763836447238027 ], [ 80.518763731074301, 7.761924906240199 ], [ 80.518882151074138, 7.761024971241202 ], [ 80.518939123074006, 7.760864287241397 ], [ 80.51910561007368, 7.760394718241892 ], [ 80.519200537073544, 7.760126978242152 ], [ 80.51928121707337, 7.759956252242374 ], [ 80.519362254073172, 7.759784772242548 ], [ 80.519620909072657, 7.759237434243143 ], [ 80.519639473072644, 7.759210624243168 ], [ 80.519831022072268, 7.758968934243415 ], [ 80.520022482071894, 7.758727358243656 ], [ 80.520366800071159, 7.758282929244086 ], [ 80.520963505069986, 7.757512726244926 ], [ 80.521626048068583, 7.756905522245518 ], [ 80.521633723068589, 7.756897876245492 ], [ 80.521955636067915, 7.756577193245827 ], [ 80.522262116067296, 7.756271884246131 ], [ 80.522710382066421, 7.755736030246657 ], [ 80.522924763065959, 7.755479758246915 ], [ 80.52316640906551, 7.754998450247409 ], [ 80.523680531064471, 7.753974423248527 ], [ 80.52381276406426, 7.753513849249044 ], [ 80.523848281064147, 7.753390141249194 ], [ 80.523929572064006, 7.753106998249451 ], [ 80.523999025063873, 7.75286509024976 ], [ 80.52418586006354, 7.752155293250523 ], [ 80.524291031063385, 7.751755739250957 ], [ 80.524407086063121, 7.751432238251341 ], [ 80.524556332062829, 7.751016214251791 ], [ 80.524861579062289, 7.749906871253015 ], [ 80.525091005061824, 7.749267341253706 ], [ 80.525126878061769, 7.749167344253811 ], [ 80.525736550060515, 7.748348765254658 ], [ 80.526291172059445, 7.747643843255361 ], [ 80.526298959059375, 7.747633945255348 ], [ 80.526484390059053, 7.747398263255605 ], [ 80.526486849059012, 7.747395138255627 ], [ 80.526505232058966, 7.747371775255631 ], [ 80.526532062058948, 7.747314226255725 ], [ 80.526691947058666, 7.746971280256046 ], [ 80.526849988058302, 7.746632292256455 ], [ 80.526854231058323, 7.746606339256456 ], [ 80.526941726058169, 7.74607126525708 ], [ 80.527010325058043, 7.745651752257555 ], [ 80.527022760058003, 7.745575706257627 ], [ 80.527182152057719, 7.744756866258522 ], [ 80.527276356057584, 7.74445993025886 ], [ 80.527300066057535, 7.744385193258911 ], [ 80.527341360057434, 7.744255032259092 ], [ 80.527664154056765, 7.744019220259288 ], [ 80.52767080605679, 7.744014361259289 ], [ 80.527738825056602, 7.74396467025932 ], [ 80.528020407056033, 7.743908669259379 ], [ 80.528343184055359, 7.743844475259402 ], [ 80.528665959054663, 7.743780281259422 ], [ 80.529963858051929, 7.743675350259334 ], [ 80.530354541051139, 7.74366236225931 ], [ 80.530573398050691, 7.743655087259251 ], [ 80.530745223050303, 7.743649375259221 ], [ 80.530772650050267, 7.743650367259237 ], [ 80.531486832048714, 7.743676211259094 ], [ 80.531752623048163, 7.743499697259282 ], [ 80.53204325704759, 7.743306684259455 ], [ 80.532274623047101, 7.743016920259752 ], [ 80.532970938045722, 7.742144849260638 ], [ 80.533435792044742, 7.741589116261201 ], [ 80.533766063044069, 7.74119427626159 ], [ 80.53389983604383, 7.741052117261726 ], [ 80.534059691043495, 7.740882240261876 ], [ 80.534152781043304, 7.740783315261998 ], [ 80.534163595043282, 7.740771822262026 ], [ 80.534280347043051, 7.740594594262222 ], [ 80.534669865042289, 7.740003312262822 ], [ 80.534720279042176, 7.739926782262901 ], [ 80.534845417041922, 7.7396487732632 ], [ 80.535065027041469, 7.739160876263696 ], [ 80.535172942041285, 7.738648052264272 ], [ 80.535304037041087, 7.738025070264979 ], [ 80.535333155041002, 7.737933283265049 ], [ 80.535463234040819, 7.737523233265525 ], [ 80.535510391040745, 7.73682356726631 ], [ 80.535512317040713, 7.736794983266344 ], [ 80.53554335304068, 7.736334504266892 ], [ 80.535596626040601, 7.735792982267455 ], [ 80.535649899040521, 7.735251458268094 ], [ 80.535654100040531, 7.735206678268145 ], [ 80.535705116040447, 7.734662957268776 ], [ 80.535756475040387, 7.734115580269363 ], [ 80.53578781404039, 7.733715563269809 ], [ 80.535876511040229, 7.732583449271115 ], [ 80.535930055040225, 7.7315532102723 ], [ 80.536089688040008, 7.730258855273723 ], [ 80.536143069039923, 7.729519204274554 ], [ 80.53618651403994, 7.728190149276079 ], [ 80.536193415039946, 7.727979053276334 ], [ 80.536195173039957, 7.727925273276366 ], [ 80.536210425039911, 7.727458700276912 ], [ 80.536210995039923, 7.727439222276921 ], [ 80.536227604039908, 7.726870399277586 ], [ 80.536237424039925, 7.726534114277968 ], [ 80.536237899040017, 7.725675488278928 ], [ 80.536237950040004, 7.725583096279031 ], [ 80.536235329039982, 7.72549251027914 ], [ 80.536212050040149, 7.72468792628008 ], [ 80.536211962040113, 7.724684896280068 ], [ 80.536207402040162, 7.724616773280138 ], [ 80.536120025040432, 7.723311151281627 ], [ 80.536012205040635, 7.723071814281931 ], [ 80.535911216040901, 7.722847641282216 ], [ 80.535881950040945, 7.722782676282312 ], [ 80.535681143041373, 7.722556407282608 ], [ 80.535616963041548, 7.722449580282708 ], [ 80.535498270041813, 7.722252019282966 ], [ 80.53528813604224, 7.721902256283363 ], [ 80.535284297042281, 7.721895866283417 ], [ 80.535236473042403, 7.721816263283498 ], [ 80.534625828043787, 7.720498734285094 ], [ 80.534603395043803, 7.720450332285149 ], [ 80.534606685043812, 7.720445414285156 ], [ 80.534593195043868, 7.720415094285181 ], [ 80.534422396044221, 7.720031202285643 ], [ 80.534400343044325, 7.719981635285737 ], [ 80.534327799044476, 7.719473112286321 ], [ 80.534294814044543, 7.719241895286573 ], [ 80.534295076044586, 7.718773051287095 ], [ 80.534295109044578, 7.718713551287204 ], [ 80.534331985044545, 7.718479004287415 ], [ 80.534327656044582, 7.718450826287471 ], [ 80.534368079044484, 7.718257832287712 ], [ 80.534408501044396, 7.718064837287905 ], [ 80.534428737044408, 7.717537739288479 ], [ 80.534457185044417, 7.716796715289345 ], [ 80.534545493044291, 7.716095222290121 ], [ 80.534561044044239, 7.715971691290278 ], [ 80.534553605044252, 7.715959311290307 ], [ 80.534556669044264, 7.715799085290495 ], [ 80.534565622044298, 7.715330984291007 ], [ 80.534570923044285, 7.715053760291317 ], [ 80.53457831404431, 7.714667248291783 ], [ 80.534640160044219, 7.713830567292725 ], [ 80.534646844044246, 7.713740137292821 ], [ 80.534648668044213, 7.713715466292845 ], [ 80.534677920044174, 7.713319722293289 ], [ 80.534723338044145, 7.712705286293954 ], [ 80.534825813044009, 7.711515697295313 ], [ 80.534827129044018, 7.711500417295318 ], [ 80.534865468043947, 7.711055354295848 ], [ 80.534892347043922, 7.710743336296215 ], [ 80.534892463043946, 7.710534828296441 ], [ 80.534892557043932, 7.710364170296628 ], [ 80.534817176044129, 7.710183431296817 ], [ 80.534753481044277, 7.710030711297041 ], [ 80.534708858044368, 7.709923720297176 ], [ 80.534600859044602, 7.709664775297443 ], [ 80.534551257044726, 7.709545847297644 ], [ 80.534442072044982, 7.709284058297921 ], [ 80.534497402044892, 7.709008901298255 ], [ 80.534525105044835, 7.708871140298388 ], [ 80.534533589044813, 7.708828949298452 ], [ 80.534821699044215, 7.708374488298927 ], [ 80.535088375043699, 7.708144213299116 ], [ 80.535181694043544, 7.708063632299233 ], [ 80.535319136043228, 7.708023393299213 ], [ 80.535450545042949, 7.70798492129926 ], [ 80.535581954042684, 7.70794644729928 ], [ 80.535589559042691, 7.707944221299293 ], [ 80.535713606042421, 7.707958038299276 ], [ 80.535959226041854, 7.707985397299213 ], [ 80.536053205041654, 7.707995865299154 ], [ 80.536064220041681, 7.707977578299186 ], [ 80.536692919040334, 7.708112319298949 ], [ 80.537988093037526, 7.708448011298332 ], [ 80.538758008035927, 7.708619111298005 ], [ 80.538804211035824, 7.708629378298032 ], [ 80.538957376035498, 7.708663416297942 ], [ 80.539067429035271, 7.708687873297897 ], [ 80.539323442034728, 7.708740851297832 ], [ 80.539557375034249, 7.70878926129772 ], [ 80.53976300703377, 7.708831814297656 ], [ 80.539842209033594, 7.708848667297603 ], [ 80.540100832033076, 7.708903701297513 ], [ 80.540326664032548, 7.708951755297415 ], [ 80.540642648031948, 7.708989009297325 ], [ 80.541142210030827, 7.709047905297171 ], [ 80.542089704028839, 7.709120195296934 ], [ 80.542617496027745, 7.709024769296991 ], [ 80.542809441027316, 7.70895309029701 ], [ 80.543028593026861, 7.708815618297129 ], [ 80.543339432026244, 7.70862063229731 ], [ 80.543457338026002, 7.708546671297375 ], [ 80.544081249024714, 7.708140237297794 ], [ 80.544566941023717, 7.707487992298438 ], [ 80.544578955023681, 7.707471858298431 ], [ 80.54463337002359, 7.707398781298537 ], [ 80.544697189023466, 7.707335191298576 ], [ 80.545052093022733, 7.706981564298946 ], [ 80.545161389022525, 7.706872659299066 ], [ 80.545160855022544, 7.706868031299073 ], [ 80.545160442022535, 7.70686444229906 ], [ 80.545170270022496, 7.706854649299064 ], [ 80.545245160022347, 7.706780027299136 ], [ 80.545311669022226, 7.706713757299213 ], [ 80.545555766021735, 7.70647053529946 ], [ 80.545799863021259, 7.706227313299708 ], [ 80.546191363020426, 7.70593085129999 ], [ 80.546624781019531, 7.705602645300294 ], [ 80.547416904017908, 7.704616056301266 ], [ 80.547417349017962, 7.704336297301619 ], [ 80.547417384017933, 7.704313719301615 ], [ 80.547417727017944, 7.704098271301857 ], [ 80.547182509018498, 7.703441066302661 ], [ 80.547115763018638, 7.703254578302886 ], [ 80.546933867019106, 7.702745409303499 ], [ 80.546485787020117, 7.701491130304978 ], [ 80.546483576020151, 7.701489696305027 ], [ 80.546476434020164, 7.701464950305044 ], [ 80.546459626020194, 7.701417901305112 ], [ 80.546461410020186, 7.701412896305069 ], [ 80.546326443020504, 7.700945260305627 ], [ 80.546124418020952, 7.700245283306501 ], [ 80.545983520021323, 7.699752396307085 ], [ 80.54592103802149, 7.699533821307324 ], [ 80.545911871021474, 7.699501753307365 ], [ 80.54584249202162, 7.699259051307673 ], [ 80.545759628021841, 7.698969176307994 ], [ 80.545744403021899, 7.69891591730803 ], [ 80.545741325021879, 7.698905148308072 ], [ 80.545600572022252, 7.698472372308568 ], [ 80.545502839022447, 7.698171869308919 ], [ 80.545429993022594, 7.697947887309218 ], [ 80.545430939022594, 7.697912738309274 ], [ 80.545432652022612, 7.697849075309297 ], [ 80.545435376022624, 7.697747881309446 ], [ 80.545454285022629, 7.697045282310225 ], [ 80.545454463022637, 7.697038660310227 ], [ 80.54562281902237, 7.696201290311164 ], [ 80.545742682022095, 7.695736014311677 ], [ 80.545775123022068, 7.695610089311852 ], [ 80.545863187021908, 7.695268248312211 ], [ 80.546013736021578, 7.694870754312612 ], [ 80.54613844502137, 7.694541485313008 ], [ 80.54628809702109, 7.694146355313415 ], [ 80.546379637020891, 7.6939046583137 ], [ 80.546389580020872, 7.693879520313716 ], [ 80.546406221020845, 7.693837447313733 ], [ 80.546691888020305, 7.69311521931454 ], [ 80.546704775020245, 7.693073065314562 ], [ 80.546844685020005, 7.6926153703151 ], [ 80.546871024019964, 7.692541959315153 ], [ 80.546874699019966, 7.692531715315161 ], [ 80.546980519019755, 7.692290790315464 ], [ 80.547028201019657, 7.692182226315565 ], [ 80.547028291019686, 7.692011228315772 ], [ 80.547028308019662, 7.691979470315774 ], [ 80.547028350019687, 7.691900333315865 ], [ 80.547028404019699, 7.691796484316015 ], [ 80.5470284590197, 7.691692634316113 ], [ 80.546995396019767, 7.691616418316182 ], [ 80.546990678019782, 7.691605540316241 ], [ 80.546985491019782, 7.691602086316221 ], [ 80.546982746019779, 7.691587255316254 ], [ 80.546908668019995, 7.691416486316436 ], [ 80.546743490020361, 7.690708667317259 ], [ 80.546734902020361, 7.690684047317311 ], [ 80.546730530020398, 7.690673854317343 ], [ 80.546640475020624, 7.690463946317548 ], [ 80.546550421020825, 7.690254037317829 ], [ 80.546453644021042, 7.690028459318075 ], [ 80.546414261021127, 7.689888498318296 ], [ 80.546238164021531, 7.689262669319033 ], [ 80.54626880802148, 7.689026746319251 ], [ 80.54626984802151, 7.689018743319253 ], [ 80.546306736021464, 7.688734747319621 ], [ 80.546334502021381, 7.688520970319865 ], [ 80.54633749602138, 7.688514465319831 ], [ 80.546445010021202, 7.688280799320094 ], [ 80.546482145021074, 7.688200092320189 ], [ 80.546495238021066, 7.688171634320242 ], [ 80.546526131021054, 7.688104490320302 ], [ 80.54657403802095, 7.688000371320401 ], [ 80.546598663020887, 7.687946852320446 ], [ 80.546676027020723, 7.687861196320526 ], [ 80.546684933020714, 7.68785133532057 ], [ 80.547019851020039, 7.687480521320936 ], [ 80.547030681019976, 7.687468530320944 ], [ 80.547246664019553, 7.687277224321146 ], [ 80.547387175019253, 7.687207234321164 ], [ 80.547398352019272, 7.687179407321199 ], [ 80.547400340019209, 7.687174457321198 ], [ 80.547686316018684, 7.686932236321423 ], [ 80.547822043018385, 7.686817277321561 ], [ 80.547916056018224, 7.686642503321734 ], [ 80.548015002018005, 7.686458559321969 ], [ 80.548058025017923, 7.686378576322022 ], [ 80.548093105017799, 7.686313361322082 ], [ 80.548132259017777, 7.686240572322158 ], [ 80.548141254017736, 7.686223850322183 ], [ 80.548193595017636, 7.686126544322295 ], [ 80.548230768017575, 7.686057439322351 ], [ 80.54822063001761, 7.68600560632242 ], [ 80.548187489017664, 7.685836171322643 ], [ 80.548144210017767, 7.685614903322882 ], [ 80.547856904018516, 7.684146019324589 ], [ 80.547800157018628, 7.683855893324941 ], [ 80.547795619018657, 7.683826478325011 ], [ 80.547784604018702, 7.683755077325079 ], [ 80.547718249018885, 7.683324971325569 ], [ 80.547693035018924, 7.683161541325781 ], [ 80.547679082018973, 7.683071100325885 ], [ 80.547656830019022, 7.682926855326051 ], [ 80.547609859019133, 7.682622394326362 ], [ 80.547534900019357, 7.682124886326977 ], [ 80.547527540019331, 7.682076035327003 ], [ 80.547478811019502, 7.681752610327403 ], [ 80.547414080019664, 7.68132298032792 ], [ 80.54730575901992, 7.680604029328748 ], [ 80.54729816801995, 7.68055365032879 ], [ 80.547287295019984, 7.680308558329067 ], [ 80.547252400020113, 7.679521927329997 ], [ 80.547240996020136, 7.679264864330296 ], [ 80.547227050020226, 7.678950476330665 ], [ 80.547287231020093, 7.678696890330903 ], [ 80.547458841019775, 7.677973777331714 ], [ 80.547477023019781, 7.67789716233179 ], [ 80.547480073019742, 7.677893018331787 ], [ 80.547589934019527, 7.67774374033196 ], [ 80.547913488018892, 7.67730409833241 ], [ 80.54818992801836, 7.676928472332804 ], [ 80.548313507018065, 7.676778449332953 ], [ 80.548366028017952, 7.676714690333019 ], [ 80.548609963017498, 7.676418556333322 ], [ 80.549312087016048, 7.675566187334217 ], [ 80.549421444015863, 7.675437753334313 ], [ 80.549720824015267, 7.675086146334705 ], [ 80.549878631014934, 7.674900812334856 ], [ 80.550188854014294, 7.674641717335111 ], [ 80.550336375013956, 7.674470209335294 ], [ 80.550599601013445, 7.674164187335581 ], [ 80.550863368012884, 7.673664881336118 ], [ 80.55091639401283, 7.673564505336248 ], [ 80.551030925012569, 7.673347699336456 ], [ 80.551145456012364, 7.673130894336706 ], [ 80.551225909012203, 7.67297859833685 ], [ 80.551284435012121, 7.672867810337002 ], [ 80.551257221012207, 7.672666574337224 ], [ 80.5512529270122, 7.672634828337275 ], [ 80.551246548012216, 7.672587649337289 ], [ 80.5512394450122, 7.672535129337358 ], [ 80.55124067501221, 7.67248362833745 ], [ 80.551241953012223, 7.672430137337487 ], [ 80.551242127012202, 7.67242283833749 ], [ 80.551243230012233, 7.672376646337532 ], [ 80.551245784012238, 7.672269664337673 ], [ 80.55124650901223, 7.672239263337707 ], [ 80.551264657012183, 7.672196203337756 ], [ 80.551409890011939, 7.671851610338106 ], [ 80.55139114501192, 7.671807854338188 ], [ 80.551340140012059, 7.671688792338325 ], [ 80.551355716012054, 7.671425411338595 ], [ 80.551394721011988, 7.671324541338723 ], [ 80.551386206012026, 7.671244524338798 ], [ 80.551355955012113, 7.670960240339161 ], [ 80.551651626011477, 7.670316896339822 ], [ 80.551649411011482, 7.670290253339841 ], [ 80.551636140011539, 7.670130650340038 ], [ 80.551605137011606, 7.67009191734009 ], [ 80.551605195011632, 7.669979473340252 ], [ 80.551605221011641, 7.669929136340304 ], [ 80.551706374011445, 7.669626798340594 ], [ 80.551716012011426, 7.669521917340745 ], [ 80.551729876011379, 7.66937105034091 ], [ 80.551714430011486, 7.669107371341213 ], [ 80.551753326011394, 7.668944608341407 ], [ 80.551668074011559, 7.668626915341783 ], [ 80.551635332011671, 7.668568794341851 ], [ 80.55163446901166, 7.668567261341812 ], [ 80.551598165011725, 7.668502815341941 ], [ 80.551427266012155, 7.668363119342105 ], [ 80.551334220012365, 7.668053052342492 ], [ 80.551157658012713, 7.667751787342845 ], [ 80.551147833012791, 7.66773502434284 ], [ 80.551124504012805, 7.667649664342986 ], [ 80.551147997012777, 7.667417091343244 ], [ 80.551232119012639, 7.667271495343356 ], [ 80.551294531012502, 7.667163475343497 ], [ 80.551295726012484, 7.667161407343489 ], [ 80.551298869012498, 7.667129511343524 ], [ 80.551327053012443, 7.666843491343877 ], [ 80.55133684801244, 7.666832164343849 ], [ 80.551414143012295, 7.666742773343982 ], [ 80.551475279012152, 7.666672070344044 ], [ 80.551568139011962, 7.666564681344156 ], [ 80.551700263011696, 7.666355337344338 ], [ 80.551762519011561, 7.666215761344506 ], [ 80.551770372011546, 7.666091700344639 ], [ 80.551708273011698, 7.66592888734486 ], [ 80.55162082301193, 7.66581588434498 ], [ 80.55157634401202, 7.665758408345058 ], [ 80.551343291012486, 7.665564420345337 ], [ 80.551265607012695, 7.665409229345493 ], [ 80.551276175012703, 7.6650628323459 ], [ 80.551281454012695, 7.66488980634607 ], [ 80.551320359012621, 7.664711501346305 ], [ 80.551359473012596, 7.664122285346934 ], [ 80.551375261012566, 7.663719296347441 ], [ 80.551351973012672, 7.663556502347623 ], [ 80.551305423012721, 7.663455588347719 ], [ 80.551111325013153, 7.663261620348006 ], [ 80.550986994013414, 7.663192035348103 ], [ 80.55075812401391, 7.663171421348166 ], [ 80.550466323014518, 7.663145137348241 ], [ 80.550202204015122, 7.663044111348358 ], [ 80.549922304015709, 7.663051880348431 ], [ 80.549790305015975, 7.663020726348488 ], [ 80.549673818016231, 7.662850253348671 ], [ 80.549565065016452, 7.66278802434878 ], [ 80.54951835401657, 7.662726109348854 ], [ 80.549518391016576, 7.662656305348915 ], [ 80.549586316016445, 7.662576288348976 ], [ 80.549603998016423, 7.662555459349008 ], [ 80.549798397016019, 7.662439407349098 ], [ 80.549969441015648, 7.662291974349244 ], [ 80.550054515015503, 7.662113519349468 ], [ 80.550117197015325, 7.661982031349588 ], [ 80.550179505015279, 7.661741847349846 ], [ 80.550195217015258, 7.661485813350175 ], [ 80.550164119015321, 7.661362015350325 ], [ 80.550039886015583, 7.661105909350635 ], [ 80.549938904015818, 7.661082684350673 ], [ 80.549643583016419, 7.661059358350722 ], [ 80.549332784017096, 7.66111345835071 ], [ 80.549037482017724, 7.66105113235085 ], [ 80.548889719018021, 7.661105316350773 ], [ 80.54864883801848, 7.661260342350652 ], [ 80.548322307019177, 7.661329977350607 ], [ 80.548089753019696, 7.661476235350507 ], [ 80.548026876019819, 7.661515779350474 ], [ 80.547747056020398, 7.66164761135033 ], [ 80.54762255002062, 7.661683951350316 ], [ 80.547164233021618, 7.661817720350236 ], [ 80.546643507022722, 7.661879622350272 ], [ 80.546580970022816, 7.661867350350246 ], [ 80.5458507930244, 7.661724055350536 ], [ 80.545190274025785, 7.661762426350609 ], [ 80.544926136026376, 7.661700396350746 ], [ 80.544234468027838, 7.661715292350807 ], [ 80.543814803028681, 7.66165318035092 ], [ 80.543667114029049, 7.661560123351096 ], [ 80.543573973029197, 7.66144364035124 ], [ 80.543550900029317, 7.661149151351523 ], [ 80.543574261029264, 7.660901035351842 ], [ 80.543628691029156, 7.660831260351923 ], [ 80.543690874029025, 7.660831293351904 ], [ 80.54376088402887, 7.660761526351964 ], [ 80.543776532028843, 7.660637470352096 ], [ 80.543582316029259, 7.660404782352409 ], [ 80.543465869029546, 7.660164504352669 ], [ 80.543388258029722, 7.659877618353041 ], [ 80.543396222029756, 7.659552059353376 ], [ 80.54359077502933, 7.659148881353805 ], [ 80.543637558029275, 7.658807800354205 ], [ 80.543723281029116, 7.658490195354592 ], [ 80.543754491029119, 7.658133562354973 ], [ 80.543891000028822, 7.657631000355518 ], [ 80.544089286028452, 7.656901007356329 ], [ 80.544128257028419, 7.656598639356657 ], [ 80.544132074028454, 7.656067460357261 ], [ 80.544133568028471, 7.655859495357536 ], [ 80.544136668028457, 7.655428085357996 ], [ 80.544175793028401, 7.655102543358381 ], [ 80.544166902028437, 7.654902995358594 ], [ 80.544156616028516, 7.654672122358845 ], [ 80.544090271028665, 7.654378649359192 ], [ 80.544318206028194, 7.654235205359315 ], [ 80.544382082028037, 7.654203386359387 ], [ 80.544735629027315, 7.654009302359515 ], [ 80.545157434026407, 7.653975679359506 ], [ 80.545417199025863, 7.653988766359465 ], [ 80.545518652025677, 7.653993876359459 ], [ 80.545686523025296, 7.654041819359353 ], [ 80.545845910024937, 7.654133478359239 ], [ 80.545884340024884, 7.654155578359174 ], [ 80.545998238024623, 7.654215456359093 ], [ 80.546120639024366, 7.654251140359044 ], [ 80.546142127024339, 7.654257405359062 ], [ 80.546260463024097, 7.654241594359037 ], [ 80.546555529023465, 7.654148431359119 ], [ 80.546749914023053, 7.653947542359277 ], [ 80.546865194022814, 7.653660473359622 ], [ 80.546897097022807, 7.653459583359816 ], [ 80.546916349022794, 7.65333836135999 ], [ 80.546930168022769, 7.653251348360051 ], [ 80.547009547022625, 7.652813517360539 ], [ 80.546923423022847, 7.65238995636104 ], [ 80.546952314022803, 7.65218180236127 ], [ 80.546982834022728, 7.652098210361351 ], [ 80.547089603022542, 7.651842424361658 ], [ 80.547128035022453, 7.651737164361778 ], [ 80.547126573022453, 7.651703229361782 ], [ 80.547123295022473, 7.651627095361889 ], [ 80.547094548022542, 7.651560082361991 ], [ 80.547053415022617, 7.651485567362086 ], [ 80.546945547022858, 7.651363480362225 ], [ 80.54691740002292, 7.651331095362267 ], [ 80.546913407022913, 7.651326500362264 ], [ 80.546829488023121, 7.651229941362403 ], [ 80.546691874023395, 7.651038255362645 ], [ 80.546629561023536, 7.650947298362765 ], [ 80.546612835023623, 7.650852580362863 ], [ 80.546607534023593, 7.650822561362888 ], [ 80.546593799023654, 7.650517587363227 ], [ 80.546593416023683, 7.650509086363264 ], [ 80.546567781023725, 7.64999559036386 ], [ 80.546574696023768, 7.649520144364409 ], [ 80.546577734023771, 7.649311270364641 ], [ 80.546654681023668, 7.64893804336504 ], [ 80.546745891023477, 7.648808882365152 ], [ 80.546933008023075, 7.648741983365213 ], [ 80.547244773022413, 7.648813927365092 ], [ 80.54735037202218, 7.648689560365211 ], [ 80.547408110022104, 7.648354605365615 ], [ 80.547411051022081, 7.648345400365598 ], [ 80.547475377021996, 7.648144078365807 ], [ 80.547609732021726, 7.648067581365868 ], [ 80.547758435021379, 7.64807244336586 ], [ 80.547912154021063, 7.648149218365777 ], [ 80.547921489021007, 7.648153881365743 ], [ 80.547994020020866, 7.64825851436559 ], [ 80.548007769020828, 7.648278348365562 ], [ 80.548085591020694, 7.648310700365518 ], [ 80.548170007020502, 7.648345793365468 ], [ 80.548176879020474, 7.648348650365498 ], [ 80.548181176020506, 7.648348030365459 ], [ 80.548196583020442, 7.648345807365492 ], [ 80.548313636020197, 7.648328919365487 ], [ 80.548655560019455, 7.648329096365443 ], [ 80.548662079019451, 7.648330125365415 ], [ 80.54876327501924, 7.648346100365379 ], [ 80.54888090901899, 7.648364671365337 ], [ 80.548904893018943, 7.648368457365365 ], [ 80.549393739017887, 7.648445628365186 ], [ 80.549416980017853, 7.648422467365207 ], [ 80.549486564017741, 7.64803190336566 ], [ 80.549526079017653, 7.647810114365885 ], [ 80.549526160017663, 7.647652598366064 ], [ 80.5495262210177, 7.647535429366235 ], [ 80.549526235017666, 7.647507724366223 ], [ 80.549479746017781, 7.647290658366479 ], [ 80.549479835017834, 7.647120245366698 ], [ 80.549522667017769, 7.646949474366887 ], [ 80.549534337017732, 7.646902949366917 ], [ 80.549744467017291, 7.646484515367379 ], [ 80.549838318017166, 7.646040472367861 ], [ 80.549868991017078, 7.645895344368037 ], [ 80.549869067017084, 7.645748149368192 ], [ 80.54986927501713, 7.645345107368636 ], [ 80.549846106017213, 7.645228661368783 ], [ 80.549636484017682, 7.644941708369148 ], [ 80.549465603018021, 7.644786468369378 ], [ 80.549380176018232, 7.644546208369667 ], [ 80.549387118018188, 7.644412825369766 ], [ 80.54939591401822, 7.644243826369982 ], [ 80.549378362018231, 7.644145734370126 ], [ 80.549357075018293, 7.644026764370242 ], [ 80.549341905018395, 7.643507324370835 ], [ 80.549380802018277, 7.643336933371041 ], [ 80.54938272301834, 7.643248354371118 ], [ 80.549390474018324, 7.642890964371551 ], [ 80.549395698018344, 7.642650075371829 ], [ 80.549412579018338, 7.641871630372679 ], [ 80.549482842018236, 7.641305605373362 ], [ 80.549537360018149, 7.641057786373601 ], [ 80.54965404601792, 7.640832890373877 ], [ 80.549840709017516, 7.640592770374124 ], [ 80.550066166017046, 7.640383474374291 ], [ 80.550451915016296, 7.639954195374719 ], [ 80.550532710016114, 7.639864281374808 ], [ 80.550925479015362, 7.639310289375385 ], [ 80.550960123015258, 7.63926008637544 ], [ 80.55096047801527, 7.639259570375438 ], [ 80.551045960015131, 7.639135699375595 ], [ 80.551123762014925, 7.639058304375667 ], [ 80.551224773014738, 7.639011726375686 ], [ 80.551784346013577, 7.638818425375847 ], [ 80.551893113013364, 7.638841654375773 ], [ 80.551988815013175, 7.638862093375756 ], [ 80.55200188001308, 7.63886488337575 ], [ 80.552004655013121, 7.638865031375717 ], [ 80.552011085013106, 7.63886537337574 ], [ 80.552062729013002, 7.638557211376074 ], [ 80.552067795012988, 7.638526980376125 ], [ 80.552085007012991, 7.638424284376241 ], [ 80.55210206901296, 7.638322470376349 ], [ 80.552106296012923, 7.638297243376395 ], [ 80.552106505012958, 7.637888083376859 ], [ 80.552135676012895, 7.637731380377025 ], [ 80.552322956012617, 7.636725318378153 ], [ 80.552354697012547, 7.63647752937842 ], [ 80.552429338012402, 7.635894809379066 ], [ 80.552474660012351, 7.635540986379449 ], [ 80.552852041011647, 7.63448850038061 ], [ 80.553710875009827, 7.634317580380707 ], [ 80.553817228009649, 7.634296414380704 ], [ 80.554319541008567, 7.634192272380746 ], [ 80.554559471008091, 7.634142527380759 ], [ 80.554853443007474, 7.634081578380792 ], [ 80.555268979006598, 7.633985556380802 ], [ 80.556062374004881, 7.633802219380886 ], [ 80.556626905003725, 7.633677353380976 ], [ 80.556642900003695, 7.633673815380988 ], [ 80.557334593002281, 7.633520821381039 ], [ 80.557519557001854, 7.633479907381049 ], [ 80.558006313000817, 7.633381624381084 ], [ 80.558687533999432, 7.633244073381174 ], [ 80.559009106998772, 7.633179141381156 ], [ 80.5605635559955, 7.632576914381604 ], [ 80.561123973994356, 7.632333262381803 ], [ 80.561618872993336, 7.632118095382012 ], [ 80.561751006993035, 7.632060647382047 ], [ 80.56291982199059, 7.631604998382384 ], [ 80.563052797990352, 7.631553160382434 ], [ 80.563240681989967, 7.631479915382474 ], [ 80.563241715989946, 7.631478656382488 ], [ 80.563247884989948, 7.631476251382466 ], [ 80.563301026989805, 7.631411516382562 ], [ 80.563636652989146, 7.63100267438297 ], [ 80.564112010988197, 7.630012304384014 ], [ 80.56411888498819, 7.629977249384046 ], [ 80.564137202988164, 7.629952472384105 ], [ 80.564360574987745, 7.629323312384775 ], [ 80.564465970987584, 7.628711711385455 ], [ 80.56449045098752, 7.628569657385633 ], [ 80.564570043987416, 7.627897483386339 ], [ 80.564620490987309, 7.627471448386848 ], [ 80.564620956987412, 7.626502385387943 ], [ 80.564663478987342, 7.626164318388351 ], [ 80.564750963987194, 7.625468780389127 ], [ 80.564709033987342, 7.624828237389835 ], [ 80.564701646987373, 7.624715386389986 ], [ 80.564697394987391, 7.624650434390058 ], [ 80.564438755988007, 7.623853524390991 ], [ 80.564120771988726, 7.622780938392304 ], [ 80.564093954988778, 7.622690482392401 ], [ 80.563964243989147, 7.621691266393535 ], [ 80.563954170989163, 7.621613678393616 ], [ 80.563954503989237, 7.620924566394428 ], [ 80.564127721988925, 7.619804842395705 ], [ 80.564498759988197, 7.619237262396305 ], [ 80.564619099987993, 7.61905317639645 ], [ 80.564794862987597, 7.618784308396751 ], [ 80.56483615098756, 7.618721149396838 ], [ 80.564870790987442, 7.618668159396866 ], [ 80.565032470987148, 7.618420835397139 ], [ 80.565056554987123, 7.618383993397193 ], [ 80.56530362298659, 7.61805797239749 ], [ 80.565512325986163, 7.617782573397798 ], [ 80.565745835985737, 7.617474441398127 ], [ 80.565758562985664, 7.617457647398115 ], [ 80.565823298985563, 7.617372224398226 ], [ 80.56611501298498, 7.61700878239856 ], [ 80.566255250984653, 7.616834060398742 ], [ 80.566580332984046, 7.616378056399218 ], [ 80.566582901984034, 7.616374452399246 ], [ 80.566838428983502, 7.61601601639962 ], [ 80.567086887983038, 7.61552083440014 ], [ 80.567335345982542, 7.615025652400658 ], [ 80.567983333981275, 7.614078426401651 ], [ 80.568286437980632, 7.613625282402114 ], [ 80.568674527979852, 7.613045082402716 ], [ 80.569344092978525, 7.6120978674037 ], [ 80.569395260978439, 7.612070245403728 ], [ 80.569409446978412, 7.612040603403738 ], [ 80.569478719978264, 7.611979678403839 ], [ 80.569489334978243, 7.611970342403844 ], [ 80.569811746977607, 7.611628242404178 ], [ 80.569947722977304, 7.611483961404302 ], [ 80.570083699977047, 7.611339681404469 ], [ 80.570177778976856, 7.611239856404564 ], [ 80.571132558974867, 7.610553783405202 ], [ 80.571359888974428, 7.61044051140528 ], [ 80.571976230973149, 7.610133405405557 ], [ 80.572062482972939, 7.610053360405629 ], [ 80.572620210971849, 7.609535769406132 ], [ 80.57283263597138, 7.609341972406316 ], [ 80.573275288970464, 7.608938135406688 ], [ 80.573324154970351, 7.608886028406752 ], [ 80.57402768896894, 7.60813582840753 ], [ 80.574138326968765, 7.608017852407639 ], [ 80.574230211968541, 7.607919871407726 ], [ 80.574407920968184, 7.607620985408043 ], [ 80.574585629967842, 7.607322099408361 ], [ 80.574816880967404, 7.606894086408839 ], [ 80.575052151966958, 7.606458630409253 ], [ 80.575044562966937, 7.606427576409315 ], [ 80.575370389966309, 7.605770426410018 ], [ 80.57541857496625, 7.605673244410133 ], [ 80.575713665965637, 7.605078084410783 ], [ 80.575896413965268, 7.60470950441113 ], [ 80.575476352966206, 7.604095225411911 ], [ 80.57545140696628, 7.604058745411948 ], [ 80.575444796966266, 7.604049079411983 ], [ 80.575275326966647, 7.603801250412303 ], [ 80.574945700967376, 7.603422475412781 ], [ 80.574769668967747, 7.603220194412998 ], [ 80.574465581968454, 7.60287076541346 ], [ 80.573911734969613, 7.602292537414215 ], [ 80.573212129971182, 7.601562132415147 ], [ 80.573011255971579, 7.601352414415405 ], [ 80.572681004972324, 7.601007621415897 ], [ 80.572513241972715, 7.600832472416097 ], [ 80.57164316697461, 7.599825874417374 ], [ 80.570754878976544, 7.598798199418697 ], [ 80.570483378977158, 7.598484094419127 ], [ 80.570433985977274, 7.598427369419167 ], [ 80.570229577977742, 7.598192613419473 ], [ 80.569596009979094, 7.597464981420389 ], [ 80.569018254980392, 7.596823886421222 ], [ 80.569017396980371, 7.596822934421233 ], [ 80.568597705981304, 7.596357232421846 ], [ 80.568493803981539, 7.59623931742196 ], [ 80.568279415982005, 7.595996017422303 ], [ 80.568233646982108, 7.595944075422348 ], [ 80.568222036982121, 7.595930899422381 ], [ 80.568210289982119, 7.595917569422392 ], [ 80.568109654982365, 7.595803361422529 ], [ 80.567989025982598, 7.595649656422718 ], [ 80.567792332983075, 7.595399029423024 ], [ 80.567699004983282, 7.595280110423188 ], [ 80.567466357983776, 7.594983669423574 ], [ 80.567379841983978, 7.594729391423876 ], [ 80.567113288984643, 7.593945978424791 ], [ 80.567089550984647, 7.593876209424886 ], [ 80.566712681985535, 7.592901621426098 ], [ 80.567111577984718, 7.592452701426549 ], [ 80.567233767984476, 7.592315186426686 ], [ 80.567401118984165, 7.592126847426838 ], [ 80.568026884982871, 7.591417050427542 ], [ 80.568037388982845, 7.591420495427542 ], [ 80.568151451982629, 7.591286390427703 ], [ 80.568349862982203, 7.591053118427938 ], [ 80.568349868982196, 7.59104105242794 ], [ 80.56835604898221, 7.591042156427973 ], [ 80.568910824981089, 7.590356755428671 ], [ 80.569144452980609, 7.590068115428961 ], [ 80.569832922979217, 7.589204754429816 ], [ 80.570061732978772, 7.588875321430166 ], [ 80.570232711978434, 7.588629151430396 ], [ 80.570765694977339, 7.588009319431042 ], [ 80.570796557977289, 7.587950475431141 ], [ 80.570898221977089, 7.587756645431342 ], [ 80.571276644976365, 7.587035144432067 ], [ 80.571540414975857, 7.586570023432568 ], [ 80.571832927975251, 7.58605421843315 ], [ 80.571854198975188, 7.586016709433151 ], [ 80.571851173975233, 7.586001581433195 ], [ 80.571843780975215, 7.58596461343322 ], [ 80.571875373975189, 7.585900211433272 ], [ 80.57187988597515, 7.585891013433295 ], [ 80.571899350975144, 7.585864066433342 ], [ 80.57208760497474, 7.585603448433583 ], [ 80.572095751974743, 7.585592170433604 ], [ 80.572100090974729, 7.585586164433633 ], [ 80.572104048974737, 7.585580640433623 ], [ 80.572108006974716, 7.58557511543362 ], [ 80.57203205897487, 7.585374564433886 ], [ 80.571976988975081, 7.58446656743492 ], [ 80.571966612975075, 7.584387604434991 ], [ 80.571924081975226, 7.584063947435401 ], [ 80.571870740975356, 7.583658010435835 ], [ 80.571866399975349, 7.583624980435875 ], [ 80.571817543975513, 7.583315322436245 ], [ 80.571764052975624, 7.582976295436646 ], [ 80.57173361697572, 7.582783383436888 ], [ 80.571719903975762, 7.582716183436976 ], [ 80.571686529975807, 7.58255263043717 ], [ 80.571559438976138, 7.581929810437861 ], [ 80.571526611976253, 7.581768940438045 ], [ 80.571512164976255, 7.581698141438166 ], [ 80.571487850976297, 7.581618094438226 ], [ 80.57140870497652, 7.581357529438578 ], [ 80.571361815976601, 7.581203159438739 ], [ 80.571135418977121, 7.580457810439632 ], [ 80.571279933976911, 7.579926378440217 ], [ 80.571577649976319, 7.579227084440952 ], [ 80.571591004976298, 7.579195713441012 ], [ 80.571591049976305, 7.579098655441125 ], [ 80.571591226976324, 7.578715228441538 ], [ 80.571591607976387, 7.577889119442477 ], [ 80.571610013976368, 7.577552244442904 ], [ 80.571625302976386, 7.577272411443183 ], [ 80.571636375976368, 7.577069748443433 ], [ 80.572049548975528, 7.576493154444033 ], [ 80.57219160897526, 7.576294905444246 ], [ 80.572506177974589, 7.575867310444671 ], [ 80.572680201974279, 7.575630757444933 ], [ 80.572743714974152, 7.575523624445016 ], [ 80.572965487973676, 7.575149537445455 ], [ 80.572968958973675, 7.575143682445424 ], [ 80.572968129973688, 7.575141014445445 ], [ 80.57286881497393, 7.574821190445798 ], [ 80.572769499974157, 7.574501366446204 ], [ 80.572432100974908, 7.574281048446503 ], [ 80.572324966975103, 7.57421109044662 ], [ 80.5721927029754, 7.574124723446743 ], [ 80.572148194975512, 7.57416889644669 ], [ 80.572096922975604, 7.574227535446609 ], [ 80.572041960975668, 7.574290396446547 ], [ 80.572016172975765, 7.574319888446528 ], [ 80.57201013897577, 7.574326790446513 ], [ 80.571926629975962, 7.574422297446445 ], [ 80.571852161976068, 7.574507465446356 ], [ 80.5714995519768, 7.574713492446163 ], [ 80.571491048976824, 7.574710094446183 ], [ 80.571415225976992, 7.574767290446131 ], [ 80.570682799978499, 7.575319799445595 ], [ 80.569839113980237, 7.575917343445057 ], [ 80.56967751498054, 7.57608398844487 ], [ 80.569195149981539, 7.576581414444361 ], [ 80.568866387982268, 7.576172658444863 ], [ 80.568860642982287, 7.576165515444925 ], [ 80.568792894982437, 7.576081284445018 ], [ 80.568707349982631, 7.575974924445133 ], [ 80.568398260983273, 7.575590626445645 ], [ 80.568311226983468, 7.575482414445738 ], [ 80.568112368983932, 7.575235170446075 ], [ 80.568108228983959, 7.575230021446077 ], [ 80.567963919984251, 7.575318535446025 ], [ 80.56794788398426, 7.575330803445992 ], [ 80.567613552984952, 7.575586564445752 ], [ 80.567566654985072, 7.57562244144574 ], [ 80.567507822985149, 7.575667448445681 ], [ 80.56746198398524, 7.575702514445654 ], [ 80.567009192986191, 7.576048896445299 ], [ 80.56669862098687, 7.57571656444576 ], [ 80.566674756986927, 7.575664550445818 ], [ 80.56645472698743, 7.575184953446364 ], [ 80.565894873988682, 7.574051282447763 ], [ 80.565727249989081, 7.573711850448201 ], [ 80.565634303989299, 7.573523639448406 ], [ 80.56501467499065, 7.572450815449725 ], [ 80.564969007990769, 7.572371748449822 ], [ 80.564798827991126, 7.572404229449814 ], [ 80.564158824992475, 7.572526382449777 ], [ 80.564076338992635, 7.572571815449766 ], [ 80.563315198994204, 7.57299103944939 ], [ 80.563224055994382, 7.573039952449346 ], [ 80.562504142995905, 7.573426293449034 ], [ 80.562176211996587, 7.573491571448982 ], [ 80.562125058996656, 7.573501753448956 ], [ 80.56196310899702, 7.573524759449003 ], [ 80.561839631997273, 7.573542298449002 ], [ 80.561672504997631, 7.573566038448961 ], [ 80.561006787999062, 7.573299969449405 ], [ 80.560863909999341, 7.573157269449561 ], [ 80.560336929000556, 7.572630942450258 ], [ 80.560319084000596, 7.572613119450274 ], [ 80.559986432001324, 7.572059316450962 ], [ 80.559977084001318, 7.571913105451111 ], [ 80.559887313001624, 7.570509069452735 ], [ 80.559887343001662, 7.570447508452815 ], [ 80.559887875001749, 7.569357494454063 ], [ 80.559837742001875, 7.568922103454569 ], [ 80.559836580001843, 7.568912014454587 ], [ 80.559807411001984, 7.568658690454904 ], [ 80.559802612001974, 7.568617010454919 ], [ 80.559769172002092, 7.568326596455249 ], [ 80.559755269002082, 7.56820585445541 ], [ 80.55969043100221, 7.568149587455498 ], [ 80.55900545400371, 7.567555167456251 ], [ 80.558981852003768, 7.5675346864563 ], [ 80.558801563004153, 7.567378231456486 ], [ 80.558401978005065, 7.567031472456976 ], [ 80.558216174005452, 7.566865092457195 ], [ 80.557436944007151, 7.566167317458127 ], [ 80.557367148007259, 7.566109223458211 ], [ 80.557259504007547, 7.566019627458314 ], [ 80.557168848007734, 7.565944171458427 ], [ 80.556495495009187, 7.565383715459153 ], [ 80.556238938009741, 7.565170171459422 ], [ 80.555915965010456, 7.564838099459861 ], [ 80.555484714011385, 7.564394699460438 ], [ 80.555170422012083, 7.564122086460811 ], [ 80.554641694013227, 7.56366347246139 ], [ 80.55459133501337, 7.563400354461736 ], [ 80.554567283013412, 7.563274684461836 ], [ 80.554563214013427, 7.563253424461883 ], [ 80.554559032013444, 7.563231568461915 ], [ 80.554549281013465, 7.56318062546196 ], [ 80.554531847013479, 7.563089532462087 ], [ 80.554489159013642, 7.562866494462348 ], [ 80.554442466013768, 7.562622525462634 ], [ 80.554435303013761, 7.562498547462747 ], [ 80.554431331013774, 7.562429773462824 ], [ 80.554405720013847, 7.561986422463335 ], [ 80.554387456013899, 7.561670234463703 ], [ 80.554298989014171, 7.561050110464459 ], [ 80.554249270014296, 7.560807640464756 ], [ 80.554210429014347, 7.56061822546496 ], [ 80.554176007014433, 7.560450358465139 ], [ 80.55412186901458, 7.560186340465454 ], [ 80.553903514015104, 7.559884345465859 ], [ 80.553685160015576, 7.5595823514662 ], [ 80.553545221015867, 7.559388808466479 ], [ 80.553459391016077, 7.559247151466621 ], [ 80.553162820016752, 7.55875767846727 ], [ 80.553051056017011, 7.558573218467486 ], [ 80.553035181016995, 7.558547016467505 ], [ 80.552549578018073, 7.5578331434684 ], [ 80.552447474018336, 7.55768304046858 ], [ 80.552439988018349, 7.557673757468593 ], [ 80.551932895019462, 7.557044985469418 ], [ 80.55172587501994, 7.556603723469921 ], [ 80.551533834020375, 7.556194389470438 ], [ 80.551339048020864, 7.555166731471647 ], [ 80.551184203021251, 7.554159026472822 ], [ 80.551143503021365, 7.55389415747315 ], [ 80.551126688021427, 7.553784733473264 ], [ 80.550940817021868, 7.552686212474535 ], [ 80.550787296022264, 7.552255133475044 ], [ 80.550568495022759, 7.55164074747578 ], [ 80.550561002022789, 7.55153532847594 ], [ 80.550506242022934, 7.550764846476823 ], [ 80.550504688022954, 7.550742994476821 ], [ 80.550497978023003, 7.550648584476953 ], [ 80.550658563022694, 7.550389446477235 ], [ 80.55068020202259, 7.550354527477243 ], [ 80.550741775022516, 7.550255166477377 ], [ 80.550852252022267, 7.550076887477556 ], [ 80.550871138022245, 7.550046410477591 ], [ 80.550958653022079, 7.549987318477629 ], [ 80.551413142021133, 7.549680439477918 ], [ 80.551397033021161, 7.549667030477919 ], [ 80.551553665020833, 7.549509580478114 ], [ 80.551777023020406, 7.549285055478318 ], [ 80.552114543019727, 7.548930893478662 ], [ 80.552342522019259, 7.548612750478974 ], [ 80.552381055019183, 7.548558981479051 ], [ 80.552385025019149, 7.548391271479278 ], [ 80.552387976019176, 7.548266630479404 ], [ 80.552387996019178, 7.548227360479445 ], [ 80.552423907019104, 7.548200514479447 ], [ 80.552417100019156, 7.548136815479509 ], [ 80.552390271019192, 7.547885755479824 ], [ 80.55221329401968, 7.546751807481129 ], [ 80.552198552019689, 7.546658337481276 ], [ 80.552085930019985, 7.545944265482119 ], [ 80.552000917020209, 7.545405242482762 ], [ 80.551975196020294, 7.54514727948303 ], [ 80.551970386020301, 7.545099038483086 ], [ 80.551939088020404, 7.544785131483435 ], [ 80.551920117020472, 7.544659289483591 ], [ 80.551905210020479, 7.544560403483718 ], [ 80.551831871020681, 7.544073911484291 ], [ 80.55179752502076, 7.543846082484573 ], [ 80.551768909020822, 7.543681403484745 ], [ 80.551726712020965, 7.543438565485015 ], [ 80.551717560020961, 7.543389723485056 ], [ 80.551647879021132, 7.543017853485511 ], [ 80.551555302021384, 7.542523791486123 ], [ 80.551514229021464, 7.542304599486349 ], [ 80.551209107022189, 7.541276195487561 ], [ 80.551204054022207, 7.541259165487602 ], [ 80.551070801022519, 7.54080465948816 ], [ 80.551052231022553, 7.540741323488199 ], [ 80.551018342022616, 7.540625732488336 ], [ 80.55090274702296, 7.540231452488837 ], [ 80.55083146202314, 7.539880348489253 ], [ 80.550689771023499, 7.539182473490062 ], [ 80.550672515023493, 7.539097477490164 ], [ 80.550353429024241, 7.538122904491318 ], [ 80.550799990023293, 7.538173341491221 ], [ 80.550831588023243, 7.538176910491212 ], [ 80.55157897902167, 7.538261325490998 ], [ 80.551577659021646, 7.53825604049096 ], [ 80.552028139020734, 7.538266092490937 ], [ 80.552812335019055, 7.538283589490782 ], [ 80.553286113018061, 7.538257562490747 ], [ 80.553685985017225, 7.538235594490709 ], [ 80.55371575701713, 7.538233958490672 ], [ 80.553771099017055, 7.538230918490703 ], [ 80.554182998016159, 7.5380860824908 ], [ 80.55466967401513, 7.537914953490897 ], [ 80.554676734015146, 7.537912470490896 ], [ 80.554753738014981, 7.537820850491012 ], [ 80.554814865014848, 7.537748121491074 ], [ 80.554948359014588, 7.537589290491216 ], [ 80.554987119014498, 7.537543173491247 ], [ 80.555080066014355, 7.537432583491397 ], [ 80.555227446014058, 7.537257230491544 ], [ 80.555237269014029, 7.536758799492133 ], [ 80.555240697014057, 7.53658541249231 ], [ 80.555245630014085, 7.536335986492622 ], [ 80.555249228014077, 7.536138540492825 ], [ 80.555252337014096, 7.535966519493056 ], [ 80.555254084014095, 7.535869902493168 ], [ 80.555263914014077, 7.535326141493772 ], [ 80.555314168014007, 7.535307934493803 ], [ 80.555654579013265, 7.535184601493861 ], [ 80.555659961013305, 7.535183128493863 ], [ 80.556234151012106, 7.535025940493949 ], [ 80.556509394011499, 7.534950591494007 ], [ 80.556957922010568, 7.534687607494226 ], [ 80.557004572010484, 7.534561446494392 ], [ 80.557118460010258, 7.534253442494694 ], [ 80.557142802010219, 7.534187611494791 ], [ 80.557181956010126, 7.534068960494946 ], [ 80.557221111010065, 7.533950308495053 ], [ 80.55727633400997, 7.533782963495208 ], [ 80.557352627009848, 7.533551767495508 ], [ 80.557492755009562, 7.533127129495942 ], [ 80.55756268000944, 7.532915383496181 ], [ 80.55766150000926, 7.532616136496523 ], [ 80.557734241009129, 7.532395864496726 ], [ 80.557740949009101, 7.532375551496763 ], [ 80.557748794009072, 7.532351794496779 ], [ 80.557750977009093, 7.53235097949681 ], [ 80.557778922009049, 7.532300245496851 ], [ 80.557844531008911, 7.532181135496962 ], [ 80.557846942008865, 7.532176757496999 ], [ 80.557902368008783, 7.532076134497067 ], [ 80.558248536008122, 7.53144767649774 ], [ 80.558861565006879, 7.530402697498874 ], [ 80.559214041006214, 7.529802491499501 ], [ 80.559288016006036, 7.529676523499619 ], [ 80.559347511005939, 7.529574523499755 ], [ 80.559384854005842, 7.529510501499818 ], [ 80.559732238005154, 7.528914925500423 ], [ 80.560322814003996, 7.528341261500989 ], [ 80.56042497200373, 7.528242029501117 ], [ 80.560443078003729, 7.528225922501111 ], [ 80.560535193003503, 7.528143980501183 ], [ 80.560639227003307, 7.528051437501278 ], [ 80.560774570003034, 7.527931040501409 ], [ 80.561002225002568, 7.52772852650158 ], [ 80.561118991002374, 7.527313153502028 ], [ 80.56118647400227, 7.527073099502333 ], [ 80.561251208002133, 7.52684281650258 ], [ 80.56129141900206, 7.526741103502699 ], [ 80.561713374001215, 7.525673743503821 ], [ 80.561794304001083, 7.525582794503941 ], [ 80.561892336000852, 7.525472623504037 ], [ 80.561895774000874, 7.525468760504021 ], [ 80.562168510000319, 7.525162253504332 ], [ 80.562201870000223, 7.525124763504413 ], [ 80.562227510000213, 7.525108405504389 ], [ 80.562234658000136, 7.525103845504414 ], [ 80.562248138000143, 7.525095246504411 ], [ 80.562520481999584, 7.52492149550459 ], [ 80.562671896999277, 7.524824895504669 ], [ 80.56308983599844, 7.524558256504894 ], [ 80.563114430998354, 7.524531634504913 ], [ 80.563194957998206, 7.524444471505011 ], [ 80.563267586998052, 7.524365857505071 ], [ 80.563603161997378, 7.524002630505459 ], [ 80.563662276997263, 7.523938644505534 ], [ 80.563711540997147, 7.52388532050557 ], [ 80.563693320997231, 7.523695275505777 ], [ 80.563688739997218, 7.523647492505878 ], [ 80.563682014997241, 7.52357734050592 ], [ 80.563623211997424, 7.522964016506666 ], [ 80.563591542997486, 7.522799838506819 ], [ 80.56358748599753, 7.522778803506873 ], [ 80.563538323997619, 7.522523943507184 ], [ 80.563428401997925, 7.521954078507814 ], [ 80.563426847997917, 7.521952268507856 ], [ 80.563449042997874, 7.521946743507853 ], [ 80.563445491997854, 7.521922870507846 ], [ 80.56344701699787, 7.521922594507873 ], [ 80.563393028998021, 7.521670595508167 ], [ 80.563109323998646, 7.520926364509065 ], [ 80.563109619998713, 7.520306284509799 ], [ 80.563062960998849, 7.520061201510051 ], [ 80.563038783998906, 7.519934201510235 ], [ 80.562842388999286, 7.519784732510427 ], [ 80.562645994999713, 7.519635263510621 ], [ 80.562293400000499, 7.519366915510968 ], [ 80.561335053002594, 7.518640076511965 ], [ 80.561601391002043, 7.518586068511984 ], [ 80.562118732000954, 7.518481161512043 ], [ 80.562293842000557, 7.518445652512018 ], [ 80.562737742999673, 7.51832184851209 ], [ 80.563455141998162, 7.518128070512221 ], [ 80.563484344998102, 7.518120183512242 ], [ 80.563464593998106, 7.51807633051227 ], [ 80.563454348998135, 7.518053580512328 ], [ 80.563441269998194, 7.518024539512359 ], [ 80.563441295998203, 7.517969684512389 ], [ 80.563441355998194, 7.517843626512557 ], [ 80.563441473998225, 7.517595663512848 ], [ 80.563395182998349, 7.517519992512894 ], [ 80.563292460998554, 7.517352071513146 ], [ 80.563194493998807, 7.517191925513302 ], [ 80.563096527999008, 7.517031780513513 ], [ 80.562947051999302, 7.516787429513818 ], [ 80.562861669999549, 7.516647855513988 ], [ 80.562752811999744, 7.516550368514118 ], [ 80.562636510000033, 7.51644621451427 ], [ 80.562632119000028, 7.516443838514274 ], [ 80.562581382000161, 7.516394969514327 ], [ 80.562341687000682, 7.516164094514623 ], [ 80.562135249001102, 7.515965253514906 ], [ 80.562129649001122, 7.515942052514956 ], [ 80.562098338001206, 7.515812331515095 ], [ 80.562098250001213, 7.515811968515077 ], [ 80.56202924000138, 7.515526064515403 ], [ 80.562011220001395, 7.515451413515513 ], [ 80.561997439001431, 7.515365193515599 ], [ 80.561973267001491, 7.515213971515783 ], [ 80.561933529001607, 7.514965354516062 ], [ 80.561869618001793, 7.514565515516575 ], [ 80.56185671200187, 7.513878705517318 ], [ 80.561763531002072, 7.513661918517583 ], [ 80.561852442001879, 7.513360778517933 ], [ 80.562163170001284, 7.513272344517969 ], [ 80.562508715000504, 7.513368752517793 ], [ 80.562926464999592, 7.513485306517641 ], [ 80.563290302998823, 7.513766680517259 ], [ 80.563476618998408, 7.513910766517037 ], [ 80.5635928769982, 7.514108640516775 ], [ 80.563955574997337, 7.514725956516056 ], [ 80.564913758995246, 7.515789405514645 ], [ 80.56574786599343, 7.516445311513783 ], [ 80.566422466992023, 7.516516494513587 ], [ 80.566497759991861, 7.516489211513601 ], [ 80.566731627991388, 7.516404469513703 ], [ 80.566813111991195, 7.516374943513678 ], [ 80.567030504990768, 7.516174878513928 ], [ 80.567274901990274, 7.515949961514122 ], [ 80.567299260990254, 7.515852923514253 ], [ 80.567343896990153, 7.515675099514401 ], [ 80.56744551298992, 7.515670318514414 ], [ 80.567465127989877, 7.515643520514423 ], [ 80.567603165989581, 7.515454935514631 ], [ 80.567604878989599, 7.515452594514662 ], [ 80.567688821989435, 7.515337912514778 ], [ 80.567715680989366, 7.515301218514797 ], [ 80.567737793989323, 7.515271009514843 ], [ 80.567772339989247, 7.515223810514898 ], [ 80.567777763989241, 7.515166729514941 ], [ 80.567784816989274, 7.515092487515043 ], [ 80.567796678989211, 7.514967633515149 ], [ 80.567861544989142, 7.514284872515912 ], [ 80.567776759989371, 7.514045277516217 ], [ 80.567604459989738, 7.513558372516804 ], [ 80.56727386899054, 7.512688982517857 ], [ 80.567267557990505, 7.512672385517867 ], [ 80.567175368990746, 7.512449763518171 ], [ 80.567073589990983, 7.512203980518437 ], [ 80.567016604991096, 7.512066370518637 ], [ 80.566841958991503, 7.511644625519108 ], [ 80.566828500991534, 7.511441753519352 ], [ 80.566801908991636, 7.511040872519803 ], [ 80.566794299991642, 7.510926158519927 ], [ 80.566790030991655, 7.510861809520048 ], [ 80.566789071991693, 7.510847353520034 ], [ 80.566828045991642, 7.510808495520088 ], [ 80.567125270991014, 7.510512161520397 ], [ 80.567155906990919, 7.510481617520405 ], [ 80.567159903990927, 7.510477632520431 ], [ 80.567494243990254, 7.510144294520738 ], [ 80.567623865990015, 7.510015061520869 ], [ 80.567736936989775, 7.509984557520894 ], [ 80.56846122198823, 7.509789162521018 ], [ 80.568468036988236, 7.509779535521028 ], [ 80.568666661987834, 7.509721072521048 ], [ 80.568865285987414, 7.509662608521078 ], [ 80.569291990986514, 7.509593490521095 ], [ 80.569999490985012, 7.509478887521126 ], [ 80.570291915984399, 7.509399444521171 ], [ 80.570869969983207, 7.509242403521237 ], [ 80.571209377982484, 7.509091863521368 ], [ 80.571500948981893, 7.508962540521459 ], [ 80.571810244981265, 7.508566767521882 ], [ 80.571816317981259, 7.508536531521928 ], [ 80.571832107981209, 7.508457934521991 ], [ 80.571829862981261, 7.508392064522052 ], [ 80.571814588981297, 7.50794414452257 ], [ 80.571775730981415, 7.50765359552291 ], [ 80.571681893981662, 7.506951953523761 ], [ 80.571621846981856, 7.50626523552456 ], [ 80.571593588981912, 7.505942066524923 ], [ 80.571454578982241, 7.505462013525507 ], [ 80.571449225982263, 7.505411202525573 ], [ 80.571407716982378, 7.505300184525664 ], [ 80.571398612982378, 7.505268745525705 ], [ 80.571391465982387, 7.505256721525721 ], [ 80.57106156498314, 7.504701660526412 ], [ 80.570474444984441, 7.504156768527133 ], [ 80.569934724985615, 7.503655864527807 ], [ 80.569450955986639, 7.503214659528374 ], [ 80.569118430987388, 7.50291139152879 ], [ 80.56910602598748, 7.502186723529592 ], [ 80.569103955987472, 7.502065802529767 ], [ 80.569101144987499, 7.501901536529945 ], [ 80.569004015987758, 7.501427889530526 ], [ 80.568970248987867, 7.501263223530673 ], [ 80.568959440987868, 7.501210523530771 ], [ 80.568915247987988, 7.500856371531181 ], [ 80.56887309598811, 7.500518573531541 ], [ 80.568829673988191, 7.500170603531997 ], [ 80.568826786988197, 7.500147465532005 ], [ 80.568922711988066, 7.499985313532144 ], [ 80.568962536987982, 7.499917992532257 ], [ 80.569023096987834, 7.49981562153234 ], [ 80.569235421987386, 7.499456705532737 ], [ 80.56939145598713, 7.499217386532983 ], [ 80.569697322986514, 7.498748253533452 ], [ 80.569753258986381, 7.498717275533492 ], [ 80.56981296798628, 7.498606734533582 ], [ 80.569893683986081, 7.498457301533749 ], [ 80.570215830985461, 7.497871691534401 ], [ 80.570506393984942, 7.496897969535448 ], [ 80.570506434984921, 7.496809146535549 ], [ 80.5705064409849, 7.496796892535554 ], [ 80.570506482984925, 7.496703868535691 ], [ 80.570542520984901, 7.496457703535948 ], [ 80.570549857984872, 7.496407588536041 ], [ 80.570603961984816, 7.496038025536407 ], [ 80.570527301984995, 7.495876326536611 ], [ 80.570376755985293, 7.49555877553703 ], [ 80.570313500985463, 7.495425351537186 ], [ 80.570125102985898, 7.495027958537656 ], [ 80.570092087985955, 7.494852643537881 ], [ 80.56989487998645, 7.493805406539095 ], [ 80.56989446998648, 7.493796290539104 ], [ 80.569848935986613, 7.492782948540309 ], [ 80.569849046986661, 7.492541942540569 ], [ 80.569849074986649, 7.492482049540634 ], [ 80.569849343986689, 7.491896790541312 ], [ 80.569975307986454, 7.491825813541365 ], [ 80.569975309986475, 7.491821715541391 ], [ 80.570463916985432, 7.491732822541362 ], [ 80.570961003984351, 7.491697616541378 ], [ 80.571790064982665, 7.491611810541326 ], [ 80.571813165982576, 7.491609419541317 ], [ 80.571786848982626, 7.491560082541376 ], [ 80.571739490982779, 7.491471299541511 ], [ 80.571645924982946, 7.491295883541682 ], [ 80.571535629983188, 7.491089107541964 ], [ 80.571470871983337, 7.490967701542113 ], [ 80.571192401984007, 7.490351257542858 ], [ 80.570988539984441, 7.49017186254312 ], [ 80.57084168598476, 7.490042633543253 ], [ 80.570447098985611, 7.489695402543738 ], [ 80.570029612986531, 7.489278377544288 ], [ 80.569726142987179, 7.488975242544659 ], [ 80.569577627987528, 7.488826889544866 ], [ 80.569391398987932, 7.488454755545289 ], [ 80.569205169988365, 7.488082620545779 ], [ 80.569011678988801, 7.487502426546466 ], [ 80.568992434988857, 7.487444724546548 ], [ 80.568939440989041, 7.486877767547218 ], [ 80.568966828988962, 7.48669008654743 ], [ 80.569023501988895, 7.486301709547829 ], [ 80.569032716988858, 7.486238567547912 ], [ 80.569043326988847, 7.486165856548017 ], [ 80.569086136988787, 7.485872488548321 ], [ 80.569099718988781, 7.485779410548404 ], [ 80.569281263988387, 7.485669863548536 ], [ 80.569333901988287, 7.485638100548527 ], [ 80.569660183987608, 7.485441213548745 ], [ 80.569774493987396, 7.48537223654879 ], [ 80.569778481987385, 7.485370996548772 ], [ 80.56978131698736, 7.485339110548823 ], [ 80.570298365986289, 7.484982712549149 ], [ 80.571328199984166, 7.484540265549476 ], [ 80.571528489983748, 7.484446089549555 ], [ 80.57196775598284, 7.484239547549778 ], [ 80.572269270982218, 7.484097776549875 ], [ 80.572610998981574, 7.483571232550402 ], [ 80.572660092981408, 7.483495587550501 ], [ 80.572660140981441, 7.483389670550635 ], [ 80.572660148981456, 7.483372792550658 ], [ 80.572660300981482, 7.483036751551023 ], [ 80.572660486981533, 7.482627472551492 ], [ 80.572663323981544, 7.482530823551605 ], [ 80.572665994981506, 7.482439857551689 ], [ 80.57268753298149, 7.481706219552539 ], [ 80.572769900981385, 7.481583034552669 ], [ 80.572782625981333, 7.481564003552662 ], [ 80.572966012980956, 7.481289741553001 ], [ 80.573149400980569, 7.481015479553282 ], [ 80.57382441997926, 7.480041367554298 ], [ 80.574481629977925, 7.479191263555125 ], [ 80.574458149978014, 7.479046355555307 ], [ 80.574375410978234, 7.47853570155593 ], [ 80.57436670897826, 7.47852767755593 ], [ 80.574144730978716, 7.478322997556171 ], [ 80.57413102597873, 7.478319344556214 ], [ 80.573896361979251, 7.477968553556638 ], [ 80.573594721979916, 7.47764951855703 ], [ 80.573503399980126, 7.477578812557153 ], [ 80.57339880798034, 7.477497831557265 ], [ 80.572875849981486, 7.477092927557817 ], [ 80.57278541098168, 7.477069131557862 ], [ 80.572374823982571, 7.476961099558041 ], [ 80.572301315982699, 7.476961066558058 ], [ 80.571979230983402, 7.476960920558116 ], [ 80.571763119983871, 7.477038234558015 ], [ 80.570950518985555, 7.477328939557807 ], [ 80.570916147985599, 7.477325348557817 ], [ 80.570914317985626, 7.477329407557865 ], [ 80.570699453986037, 7.477429806557744 ], [ 80.570674479986096, 7.477441475557733 ], [ 80.570346133986774, 7.4775948975576 ], [ 80.569280762988996, 7.478143626557135 ], [ 80.568428625990819, 7.4782318175572 ], [ 80.56805593199158, 7.478019045557501 ], [ 80.567877715991983, 7.477790148557788 ], [ 80.56787852699199, 7.477770930557782 ], [ 80.567850097992064, 7.477726299557855 ], [ 80.567754352992267, 7.477575990558049 ], [ 80.567703654992386, 7.477442984558213 ], [ 80.567612510992589, 7.477203875558496 ], [ 80.567683368992491, 7.476968549558759 ], [ 80.567710173992438, 7.476879523558844 ], [ 80.567772524992293, 7.47667245055906 ], [ 80.567790564992308, 7.476052376559785 ], [ 80.567784495992314, 7.476044798559789 ], [ 80.567802325992275, 7.47603224955984 ], [ 80.567783330992341, 7.475845263560037 ], [ 80.567767304992401, 7.475687497560195 ], [ 80.567711527992572, 7.47513843356085 ], [ 80.567631587992764, 7.474351506561787 ], [ 80.567457960993153, 7.474205654561973 ], [ 80.566850811994456, 7.473695629562615 ], [ 80.566500469995219, 7.473450633562958 ], [ 80.565963510996397, 7.473075134563498 ], [ 80.565369042997673, 7.472614223564118 ], [ 80.56486874599878, 7.472208148564666 ], [ 80.564694010999119, 7.472066322564848 ], [ 80.564598171999378, 7.471988531564927 ], [ 80.564517282999532, 7.47192287656506 ], [ 80.564238689000149, 7.471693680565343 ], [ 80.563913958000853, 7.471426527565716 ], [ 80.563633637001487, 7.471126491566109 ], [ 80.563168765002501, 7.47062892756675 ], [ 80.562938413003039, 7.469742986567768 ], [ 80.562767234003459, 7.469027059568625 ], [ 80.562748841003497, 7.468950134568747 ], [ 80.562743532003537, 7.46892792956872 ], [ 80.562618249003805, 7.468492817569253 ], [ 80.562588368003873, 7.468389042569419 ], [ 80.562505023004064, 7.468099578569715 ], [ 80.562489857004138, 7.468046908569774 ], [ 80.562415059004309, 7.467787130570099 ], [ 80.562406808004312, 7.467758471570125 ], [ 80.56241290000429, 7.467661926570274 ], [ 80.562433289004318, 7.467338802570606 ], [ 80.56243654700431, 7.467287167570693 ], [ 80.562442580004287, 7.467191556570789 ], [ 80.562550810004097, 7.466960376571024 ], [ 80.562541527004115, 7.466935633571072 ], [ 80.562578564004028, 7.46683787057119 ], [ 80.562796529003577, 7.466262515571795 ], [ 80.562806941003643, 7.46623503157184 ], [ 80.56325114000272, 7.465367125572773 ], [ 80.563287768002681, 7.465260059572886 ], [ 80.563517781002204, 7.464587718573586 ], [ 80.563562612002215, 7.463631042574685 ], [ 80.563599830002161, 7.462980240575433 ], [ 80.563616310002161, 7.462692084575754 ], [ 80.56402266500136, 7.46205321457643 ], [ 80.564078188001247, 7.461965920576556 ], [ 80.564570574000271, 7.461444274577035 ], [ 80.564574916000225, 7.461439673577041 ], [ 80.564646514000103, 7.461363820577124 ], [ 80.564688386000029, 7.461256880577269 ], [ 80.564836579999763, 7.460878401577677 ], [ 80.564930875999565, 7.46063757157794 ], [ 80.564785728999937, 7.459765869578926 ], [ 80.564753861999989, 7.459574490579146 ], [ 80.564675589000188, 7.459378919579378 ], [ 80.564561139000446, 7.459092964579747 ], [ 80.564434716000761, 7.458777092580137 ], [ 80.564236049001181, 7.458560581580399 ], [ 80.564178549001355, 7.458497917580492 ], [ 80.564123952001438, 7.458438416580564 ], [ 80.56409482600148, 7.45840667458063 ], [ 80.564044389001623, 7.458351709580699 ], [ 80.563995100001733, 7.458357473580675 ], [ 80.563922462001884, 7.45831634658076 ], [ 80.56384982400202, 7.458275219580783 ], [ 80.563718228002301, 7.458200711580882 ], [ 80.563704547002345, 7.458192966580943 ], [ 80.563671698002437, 7.458174368580974 ], [ 80.563562850002626, 7.458105391581054 ], [ 80.563326558003126, 7.457955589581252 ], [ 80.563198307003432, 7.457874281581365 ], [ 80.563074934003694, 7.457796065581456 ], [ 80.562748881004424, 7.457589356581744 ], [ 80.562352848005247, 7.457372758582051 ], [ 80.561905921006243, 7.457128325582417 ], [ 80.561801793006424, 7.45709362858249 ], [ 80.56116049100784, 7.456879938582824 ], [ 80.560095499010089, 7.456719979583197 ], [ 80.55936780701164, 7.456507030583557 ], [ 80.558080866014379, 7.456470978583757 ], [ 80.557847774014832, 7.456451458583848 ], [ 80.557721866015143, 7.456440914583859 ], [ 80.557228849016184, 7.456399699583979 ], [ 80.556376830017939, 7.456328419584203 ], [ 80.555808041019162, 7.456275737584362 ], [ 80.555223060020438, 7.456221555584537 ], [ 80.554868204021204, 7.455884764584922 ], [ 80.55485636702123, 7.455860200584953 ], [ 80.554637676021699, 7.455406302585522 ], [ 80.554580429021854, 7.455194487585767 ], [ 80.554460488022158, 7.454750700586305 ], [ 80.554403795022267, 7.45449142558665 ], [ 80.554398498022323, 7.454467202586652 ], [ 80.554435313022253, 7.454074303587078 ], [ 80.554469878022175, 7.453705423587496 ], [ 80.554502422022168, 7.453285869588015 ], [ 80.554505607022179, 7.453244807588026 ], [ 80.554521841022151, 7.453023089588296 ], [ 80.55452494602217, 7.452980682588321 ], [ 80.554528051022132, 7.452938275588404 ], [ 80.554539888022106, 7.45277661158857 ], [ 80.55454243702215, 7.452741790588624 ], [ 80.554551790022117, 7.452614052588767 ], [ 80.554585094022102, 7.452159159589243 ], [ 80.554586028022086, 7.452146415589312 ], [ 80.554547502022146, 7.452054737589376 ], [ 80.554512240022277, 7.451970826589485 ], [ 80.554373320022549, 7.451640248589899 ], [ 80.554213695022938, 7.451260401590384 ], [ 80.554210817022962, 7.451252156590392 ], [ 80.554192324022964, 7.451199618590421 ], [ 80.554179639023019, 7.451163584590459 ], [ 80.553959855023564, 7.450539201591203 ], [ 80.55387690002371, 7.450303537591495 ], [ 80.553844397023795, 7.450215349591589 ], [ 80.553787940023938, 7.450062171591826 ], [ 80.553643625024279, 7.449670618592253 ], [ 80.553636752024275, 7.449671043592249 ], [ 80.553618932024335, 7.449623082592307 ], [ 80.553614362024348, 7.449610784592376 ], [ 80.553568543024426, 7.449619470592374 ], [ 80.553469113024676, 7.449328920592675 ], [ 80.55338455702487, 7.449235058592826 ], [ 80.552990104025724, 7.44879718559338 ], [ 80.552679222026384, 7.448897309593283 ], [ 80.552539712026658, 7.448942240593304 ], [ 80.55211129902753, 7.44908021659317 ], [ 80.551960501027864, 7.449131800593143 ], [ 80.551066513029696, 7.449437603592933 ], [ 80.550921792030039, 7.449487107592903 ], [ 80.550577993030743, 7.449530738592889 ], [ 80.550335425031292, 7.449561521592893 ], [ 80.550087448031789, 7.449592990592917 ], [ 80.54957764403288, 7.449624702592961 ], [ 80.549193290033685, 7.449648610593004 ], [ 80.548392191035376, 7.449698439593043 ], [ 80.547900369036398, 7.44975141559307 ], [ 80.547695963036801, 7.449773432593069 ], [ 80.547023837038211, 7.44984582959309 ], [ 80.546918790038475, 7.449857144593087 ], [ 80.546879876038545, 7.449858785593128 ], [ 80.54676433403877, 7.449863660593151 ], [ 80.546594932039156, 7.449870807593125 ], [ 80.546465230039388, 7.449876279593139 ], [ 80.546374445039589, 7.449880109593175 ], [ 80.546007320040403, 7.449895597593191 ], [ 80.545945467040497, 7.44989820659323 ], [ 80.545821369040794, 7.449903441593251 ], [ 80.545581764041302, 7.44991355059323 ], [ 80.545316489041866, 7.449924741593261 ], [ 80.54525905204197, 7.449927164593276 ], [ 80.545236915041983, 7.449933618593286 ], [ 80.545241390042023, 7.449933620593264 ], [ 80.545216947042036, 7.449940747593267 ], [ 80.544890780042735, 7.450035849593195 ], [ 80.544836453042862, 7.450051689593188 ], [ 80.544782166042978, 7.450067518593186 ], [ 80.544654698043232, 7.450104684593189 ], [ 80.544527229043481, 7.450141851593184 ], [ 80.544522079043503, 7.450143353593156 ], [ 80.544393754043767, 7.450223721593086 ], [ 80.544282975043984, 7.450293101593039 ], [ 80.543289128046027, 7.450915538592483 ], [ 80.543141293046361, 7.451008125592382 ], [ 80.543137072046349, 7.451010769592382 ], [ 80.542673940047337, 7.451138030592301 ], [ 80.542249548048204, 7.451254646592247 ], [ 80.542107378048485, 7.451293712592219 ], [ 80.54164163804947, 7.45147146359206 ], [ 80.541302534050203, 7.451600883591971 ], [ 80.541299415050176, 7.451594393592002 ], [ 80.541024375050782, 7.451682923591913 ], [ 80.540945870050919, 7.451669824591939 ], [ 80.540704887051461, 7.451629613592027 ], [ 80.540474234051956, 7.451416895592308 ], [ 80.540072458052848, 7.450903071592966 ], [ 80.540030753052946, 7.450849736593067 ], [ 80.53991062005322, 7.450689696593249 ], [ 80.539392161054337, 7.449999010594138 ], [ 80.539227763054711, 7.449788557594386 ], [ 80.538840468055582, 7.44929276459504 ], [ 80.538824511055594, 7.44927233659504 ], [ 80.538664863055985, 7.449059654595327 ], [ 80.538655673056013, 7.448985945595422 ], [ 80.538647910056042, 7.448923696595497 ], [ 80.538631560056075, 7.448792440595623 ], [ 80.538629529056067, 7.448776139595628 ], [ 80.538682486055933, 7.448696942595717 ], [ 80.538691449055946, 7.448693111595764 ], [ 80.538915737055476, 7.448357700596072 ], [ 80.538922875055462, 7.448347026596075 ], [ 80.539020532055275, 7.448293928596152 ], [ 80.539118189055046, 7.448240830596174 ], [ 80.539792754053678, 7.448170316596137 ], [ 80.539809033053601, 7.448178450596163 ], [ 80.539851593053513, 7.448146626596174 ], [ 80.540964350051169, 7.448082345596084 ], [ 80.541425490050216, 7.448067244596055 ], [ 80.541496882050055, 7.448064906596046 ], [ 80.541718808049595, 7.447985296596102 ], [ 80.541940735049096, 7.447905687596144 ], [ 80.542171650048687, 7.447604623596413 ], [ 80.542207559048634, 7.447560044596499 ], [ 80.542456759048108, 7.447250674596791 ], [ 80.54268833704765, 7.446922585597139 ], [ 80.54270382904761, 7.446900636597186 ], [ 80.542879323047217, 7.446652002597445 ], [ 80.542956079047073, 7.446561302597489 ], [ 80.543591776045787, 7.445810116598254 ], [ 80.544018952044951, 7.445196151598935 ], [ 80.544208029044597, 7.444894555599209 ], [ 80.544285432044404, 7.444771089599342 ], [ 80.544386104044264, 7.444603819599561 ], [ 80.544658816043693, 7.444150696600039 ], [ 80.544978297043059, 7.443619862600586 ], [ 80.545351414042315, 7.442929105601285 ], [ 80.545996131041036, 7.441849939602472 ], [ 80.546011302041052, 7.441824544602476 ], [ 80.546739899039579, 7.44060496860378 ], [ 80.546790434039494, 7.440520374603884 ], [ 80.546865848039303, 7.440421341603956 ], [ 80.547027826038985, 7.440208634604171 ], [ 80.547091828038845, 7.440124588604275 ], [ 80.547518686038018, 7.439564043604807 ], [ 80.547129344038837, 7.439466644605013 ], [ 80.546453819040266, 7.439297720605333 ], [ 80.54558410304216, 7.439190978605575 ], [ 80.54509603204319, 7.439059786605778 ], [ 80.54493797904351, 7.439010399605875 ], [ 80.54492742804355, 7.439013476605902 ], [ 80.544927006043508, 7.439006971605863 ], [ 80.544705795044024, 7.438535013606447 ], [ 80.544533882044448, 7.438009248607115 ], [ 80.544404513044782, 7.437613594607544 ], [ 80.544389316044771, 7.437550613607633 ], [ 80.544156538045343, 7.436585902608788 ], [ 80.544156645045348, 7.436584383608763 ], [ 80.544184213045327, 7.436195891609254 ], [ 80.544203657045287, 7.435921879609528 ], [ 80.54422032604532, 7.435686978609799 ], [ 80.54423699404532, 7.435452077610068 ], [ 80.544304191045143, 7.435292086610265 ], [ 80.544544373044701, 7.43472023061086 ], [ 80.544556876044666, 7.434690461610915 ], [ 80.544681089044431, 7.434395246611238 ], [ 80.544761542044284, 7.434204035611433 ], [ 80.544817116044158, 7.434071952611587 ], [ 80.544876205044048, 7.433931517611694 ], [ 80.544978527043867, 7.433688330611991 ], [ 80.545018946043754, 7.433592266612107 ], [ 80.545303415043236, 7.43270654361307 ], [ 80.545306549043218, 7.432698866613094 ], [ 80.545614418042675, 7.431944921613868 ], [ 80.545658257042589, 7.431819330614031 ], [ 80.545995957041939, 7.430851875615066 ], [ 80.546041054041851, 7.430722683615236 ], [ 80.546273269041379, 7.430518047615398 ], [ 80.546289330041319, 7.430503893615426 ], [ 80.546804658040287, 7.430049810615898 ], [ 80.547594750038627, 7.429625010616248 ], [ 80.549139366035419, 7.428899406616813 ], [ 80.54965538503437, 7.428633328617058 ], [ 80.550169132033332, 7.428368420617256 ], [ 80.550174299033301, 7.42836334761731 ], [ 80.550662825032333, 7.427883721617774 ], [ 80.550746290032151, 7.427801776617819 ], [ 80.550893938031862, 7.427522110618134 ], [ 80.550896492031853, 7.427517273618136 ], [ 80.551279274031074, 7.426792225618917 ], [ 80.551364953030941, 7.426631250619113 ], [ 80.551741203030204, 7.425924337619822 ], [ 80.551875001029913, 7.42566280062013 ], [ 80.552194264029282, 7.425038729620791 ], [ 80.552909411027912, 7.423579476622341 ], [ 80.553331399027087, 7.422718407623272 ], [ 80.553403207026932, 7.422555507623431 ], [ 80.553540550026653, 7.422243934623791 ], [ 80.553589061026571, 7.422133885623912 ], [ 80.553670380026418, 7.421980427624071 ], [ 80.553724012026322, 7.4218792186242 ], [ 80.554086513025652, 7.421195144624884 ], [ 80.55427441302524, 7.42084823462529 ], [ 80.554309331025195, 7.420783767625344 ], [ 80.554566188024651, 7.420309547625844 ], [ 80.554974857023879, 7.419441628626809 ], [ 80.555049138023762, 7.419226296627001 ], [ 80.555025419023821, 7.41903614762723 ], [ 80.554991258023861, 7.41898153262729 ], [ 80.554812866024278, 7.418468796627946 ], [ 80.554749022024453, 7.418391922628045 ], [ 80.554496353025002, 7.418087686628398 ], [ 80.554298966025414, 7.417850014628737 ], [ 80.55421479402564, 7.41774397562887 ], [ 80.553906600026338, 7.417355711629326 ], [ 80.553910903026264, 7.417350535629331 ], [ 80.553910696026307, 7.417350145629361 ], [ 80.553747021026666, 7.417088464629647 ], [ 80.553733568026686, 7.417066955629711 ], [ 80.553426770027357, 7.416911055629956 ], [ 80.553210088027839, 7.416800949630088 ], [ 80.552686609028939, 7.416534941630497 ], [ 80.551896923030668, 7.416197935631011 ], [ 80.551494678031503, 7.416037103631255 ], [ 80.551489305031552, 7.416034955631239 ], [ 80.551187085032154, 7.415914116631448 ], [ 80.550881537032851, 7.41576770563166 ], [ 80.550860004032899, 7.415757387631658 ], [ 80.550634199033368, 7.415649187631813 ], [ 80.550545222033534, 7.415606551631889 ], [ 80.550211716034255, 7.41544674163211 ], [ 80.550187860034313, 7.415435310632105 ], [ 80.550054890034644, 7.415371594632203 ], [ 80.549908166034896, 7.41530128763232 ], [ 80.549902871034902, 7.415298749632334 ], [ 80.549897606034932, 7.415296227632351 ], [ 80.549891684034947, 7.415293389632354 ], [ 80.548427712038077, 7.41458399163337 ], [ 80.548053265038888, 7.414418246633618 ], [ 80.547185530040778, 7.414034149634201 ], [ 80.546475555042264, 7.414033790634303 ], [ 80.545043305045212, 7.414991315633472 ], [ 80.544939707045415, 7.415060575633381 ], [ 80.543643588048127, 7.415857162632698 ], [ 80.543507195048434, 7.41594050763263 ], [ 80.542542774050361, 7.416529829632101 ], [ 80.54141534105274, 7.417184763631477 ], [ 80.540985318053572, 7.417451453631291 ], [ 80.540351949054937, 7.417844252630929 ], [ 80.53961958605646, 7.418298443630486 ], [ 80.539160418057378, 7.418583205630266 ], [ 80.53815350705942, 7.419615474629247 ], [ 80.538089187059526, 7.419681412629157 ], [ 80.537899517059913, 7.419875858628984 ], [ 80.537227382061289, 7.42056367162826 ], [ 80.536778834062233, 7.421022681627841 ], [ 80.536669673062491, 7.420486248628443 ], [ 80.536764702062285, 7.420189585628795 ], [ 80.536815144062231, 7.420032115628936 ], [ 80.536865587062081, 7.419874643629151 ], [ 80.537040173061783, 7.419329619629734 ], [ 80.537050451061759, 7.419297534629781 ], [ 80.537065870061753, 7.419249397629812 ], [ 80.537092560061765, 7.418644065630481 ], [ 80.536766062062426, 7.418562412630638 ], [ 80.536558977062867, 7.418510622630742 ], [ 80.536388664063267, 7.418467997630822 ], [ 80.536143390063785, 7.418406654630906 ], [ 80.535762863064633, 7.417744508631753 ], [ 80.535747640064699, 7.417552323631976 ], [ 80.535801254064552, 7.417392064632171 ], [ 80.535859725064441, 7.417217285632343 ], [ 80.535907254064384, 7.41706733363249 ], [ 80.536019367064171, 7.416713620632899 ], [ 80.536077756064074, 7.416529404633066 ], [ 80.536149630063946, 7.416302645633326 ], [ 80.536212541063804, 7.416104161633537 ], [ 80.536320201063575, 7.415764496633954 ], [ 80.536325219063599, 7.415748666633976 ], [ 80.536370069063508, 7.41560716463411 ], [ 80.536393105063482, 7.415534485634168 ], [ 80.536221416063853, 7.415426458634366 ], [ 80.536174357063942, 7.415396848634392 ], [ 80.536022049064272, 7.41530101563454 ], [ 80.535914030064546, 7.415233049634613 ], [ 80.535753606064858, 7.415291493634558 ], [ 80.535088522066204, 7.415533793634415 ], [ 80.534953388066526, 7.415582465634366 ], [ 80.534929122066558, 7.415591205634363 ], [ 80.534771841066913, 7.41564785463431 ], [ 80.533615032069321, 7.416064506634028 ], [ 80.533445655069642, 7.416123805633968 ], [ 80.532990599070629, 7.416283120633875 ], [ 80.532709586071206, 7.416381502633786 ], [ 80.532602805071434, 7.416418886633755 ], [ 80.532301324072051, 7.416524433633712 ], [ 80.531784406073115, 7.416706224633574 ], [ 80.53171934307322, 7.416729105633558 ], [ 80.531690397073319, 7.416739285633559 ], [ 80.531245028074252, 7.416895912633417 ], [ 80.530570461075641, 7.41705499763335 ], [ 80.530378637076069, 7.417208002633218 ], [ 80.530037744076751, 7.417479907632932 ], [ 80.529777175077299, 7.41768267463276 ], [ 80.529600516077664, 7.417820143632618 ], [ 80.529427560078005, 7.417954731632522 ], [ 80.529309704078273, 7.418046443632408 ], [ 80.528892120079078, 7.418363653632099 ], [ 80.528728016079455, 7.418488311631989 ], [ 80.528563913079751, 7.418612969631875 ], [ 80.528395311080146, 7.418577443631968 ], [ 80.528104871080757, 7.418363223632224 ], [ 80.527715664081597, 7.418076153632658 ], [ 80.527650133081792, 7.418027819632684 ], [ 80.52694046408331, 7.41746049763345 ], [ 80.526803050083629, 7.417338441633611 ], [ 80.526707387083803, 7.41725347063374 ], [ 80.526674287083893, 7.417224070633766 ], [ 80.526624156083983, 7.417179542633834 ], [ 80.526621131084013, 7.417176855633834 ], [ 80.526629280084009, 7.417121218633893 ], [ 80.526745845083809, 7.416326524634806 ], [ 80.526917314083491, 7.415953645635211 ], [ 80.526917566083497, 7.415953100635175 ], [ 80.526922698083439, 7.415947524635208 ], [ 80.526922846083465, 7.4159472136352 ], [ 80.526926673083452, 7.415939064635211 ], [ 80.526930685083428, 7.415930521635244 ], [ 80.527119008083105, 7.415529516635658 ], [ 80.527210351082928, 7.415279221635934 ], [ 80.527269124082792, 7.41511817363611 ], [ 80.527314115082689, 7.414994892636227 ], [ 80.527403447082548, 7.414750106636503 ], [ 80.527776654081805, 7.413864513637442 ], [ 80.527881230081633, 7.413649090637688 ], [ 80.527938512081505, 7.413531091637815 ], [ 80.527987324081423, 7.413313927638065 ], [ 80.527984904081436, 7.413304645638068 ], [ 80.528024073081355, 7.413162360638245 ], [ 80.528036044081333, 7.413118877638281 ], [ 80.528123368081154, 7.412801671638655 ], [ 80.527679957082157, 7.412216779639387 ], [ 80.527147654083308, 7.41189758663985 ], [ 80.52648647808472, 7.411716776640143 ], [ 80.526483887084737, 7.411716067640133 ], [ 80.526330047085068, 7.411673996640209 ], [ 80.525988823085783, 7.41158068164036 ], [ 80.525914266085948, 7.411560292640408 ], [ 80.524452170089063, 7.411655702640502 ], [ 80.524299023089341, 7.41166569664055 ], [ 80.523349328091371, 7.411860050640451 ], [ 80.522248764093675, 7.41205431864043 ], [ 80.521281327095721, 7.41223094064035 ], [ 80.520376104097608, 7.412248147640516 ], [ 80.520158023098062, 7.412222905640529 ], [ 80.519671642099127, 7.412166608640714 ], [ 80.519453202099555, 7.412141324640777 ], [ 80.519173958100197, 7.412099090640828 ], [ 80.518894714100796, 7.412056856640946 ], [ 80.518512571101567, 7.411999058641072 ], [ 80.518137827102365, 7.41204871564105 ], [ 80.517713793103269, 7.412104902641098 ], [ 80.517706480103314, 7.412108878641051 ], [ 80.517704334103271, 7.412109163641052 ], [ 80.517313730104135, 7.412321544640906 ], [ 80.517204590104342, 7.412403888640793 ], [ 80.517200900104314, 7.412409539640826 ], [ 80.516780232105177, 7.412726918640486 ], [ 80.516666178105424, 7.41281296764041 ], [ 80.515725055107396, 7.413521092639773 ], [ 80.515345468108123, 7.413753965639577 ], [ 80.515304769108255, 7.413778933639546 ], [ 80.515273737108288, 7.413797971639534 ], [ 80.515222208108426, 7.413707842639641 ], [ 80.51511149510867, 7.413514193639844 ], [ 80.515024049108845, 7.413361238640056 ], [ 80.514341380110423, 7.412191546641496 ], [ 80.513979873111197, 7.411613456642241 ], [ 80.513809395111608, 7.411340841642548 ], [ 80.513650076112, 7.410614367643434 ], [ 80.513625926112113, 7.409525926644712 ], [ 80.51360683611226, 7.408665514645694 ], [ 80.513586934112325, 7.408243176646161 ], [ 80.513540632112509, 7.407260592647317 ], [ 80.513533565112525, 7.407110633647489 ], [ 80.513519174112602, 7.406805218647826 ], [ 80.513539508112586, 7.406572253648087 ], [ 80.513599579112508, 7.405884000648899 ], [ 80.513671090112354, 7.405765190649024 ], [ 80.513883140111957, 7.405412881649346 ], [ 80.513894128111914, 7.405394625649384 ], [ 80.513925420111832, 7.405342635649471 ], [ 80.514020498111634, 7.405184668649629 ], [ 80.514064725111552, 7.40511118864968 ], [ 80.514080659111556, 7.405084715649714 ], [ 80.514101640111477, 7.40504985764976 ], [ 80.514110786111473, 7.405034661649788 ], [ 80.514185843111335, 7.404909957649886 ], [ 80.514206503111254, 7.404871173649963 ], [ 80.514831252110042, 7.403698242651166 ], [ 80.515100911109528, 7.403191972651746 ], [ 80.515261585109229, 7.402915317652041 ], [ 80.51564537510842, 7.402254490652698 ], [ 80.515730911108278, 7.402107211652879 ], [ 80.515882639107986, 7.401845958653134 ], [ 80.515961495107845, 7.401713302653268 ], [ 80.515990598107763, 7.401664345653336 ], [ 80.516053268107655, 7.401558918653449 ], [ 80.516451151106878, 7.400889586654189 ], [ 80.516773638106258, 7.400265060654828 ], [ 80.517003681105791, 7.399819557655322 ], [ 80.517073053105634, 7.399685211655428 ], [ 80.517313124105172, 7.399291478655889 ], [ 80.517623762104535, 7.398782008656426 ], [ 80.517356775105185, 7.397991670657378 ], [ 80.517180793105567, 7.397470724658009 ], [ 80.517144614105689, 7.397384225658092 ], [ 80.51699638110604, 7.39702982665852 ], [ 80.516773132106508, 7.396496076659185 ], [ 80.516632284106834, 7.396160789659548 ], [ 80.51649143510717, 7.395825501659986 ], [ 80.516400920107372, 7.395610031660244 ], [ 80.51617152810789, 7.395364415660537 ], [ 80.515904265108517, 7.395078248660952 ], [ 80.515787139108753, 7.395026725661005 ], [ 80.515749238108839, 7.395010052661027 ], [ 80.515711316108877, 7.395081722660959 ], [ 80.515682526108932, 7.395124775660928 ], [ 80.515639351109044, 7.395172605660852 ], [ 80.515586604109131, 7.395191717660854 ], [ 80.51551707610929, 7.395213212660837 ], [ 80.51542118210952, 7.395232299660835 ], [ 80.515280047109783, 7.395252293660846 ], [ 80.515077375110209, 7.395309899660795 ], [ 80.514836658110724, 7.395395900660732 ], [ 80.514601683111195, 7.395501046660659 ], [ 80.514500978111428, 7.395547886660603 ], [ 80.514356169111721, 7.395590872660616 ], [ 80.514240142111987, 7.395604205660592 ], [ 80.514122205112216, 7.395605093660599 ], [ 80.513968802112515, 7.39558777766067 ], [ 80.513802945112914, 7.395551311660697 ], [ 80.513663000113212, 7.395472748660825 ], [ 80.513560458113403, 7.395380806660964 ], [ 80.513491471113596, 7.39529654066108 ], [ 80.513431132113709, 7.395181653661229 ], [ 80.513419233113723, 7.395156015661247 ], [ 80.513391965113797, 7.395097264661335 ], [ 80.513375589113821, 7.395061982661379 ], [ 80.513329622113957, 7.394965288661465 ], [ 80.51329131511406, 7.394921614661535 ], [ 80.513261590114126, 7.394887723661594 ], [ 80.513184925114288, 7.394814939661694 ], [ 80.513140833114335, 7.394790028661708 ], [ 80.513074684114528, 7.394771804661759 ], [ 80.513006604114651, 7.394776551661763 ], [ 80.512976875114717, 7.394782780661763 ], [ 80.512914979114854, 7.394805239661729 ], [ 80.512873013114927, 7.394835124661705 ], [ 80.512826243115043, 7.394879961661675 ], [ 80.512796258115074, 7.394917004661603 ], [ 80.512684064115305, 7.39509009966146 ], [ 80.512554841115644, 7.394427342662197 ], [ 80.512489077115816, 7.394090051662601 ], [ 80.512444603115938, 7.393861956662859 ], [ 80.512626374115513, 7.393807259662897 ], [ 80.512724330115319, 7.393774670662921 ], [ 80.512817667115115, 7.393736921662946 ], [ 80.51290776111496, 7.393684490663025 ], [ 80.512917178114947, 7.393679009663009 ], [ 80.512991131114759, 7.393634741663038 ], [ 80.5130241221147, 7.393612694663098 ], [ 80.513073427114605, 7.393578990663101 ], [ 80.513170774114428, 7.393500909663206 ], [ 80.51328543511417, 7.393408642663275 ], [ 80.513361395114018, 7.393340407663328 ], [ 80.513428642113894, 7.39329984166337 ], [ 80.5134947911137, 7.393278899663394 ], [ 80.51356727311358, 7.393272066663404 ], [ 80.51367113911337, 7.393274869663353 ], [ 80.513680338113318, 7.393275117663348 ], [ 80.513786693113104, 7.393287025663348 ], [ 80.513872208112971, 7.393299874663293 ], [ 80.514012081112625, 7.393320887663284 ], [ 80.514098956112463, 7.393334052663239 ], [ 80.514176595112275, 7.393339703663196 ], [ 80.514330341111972, 7.393338526663176 ], [ 80.514398110111827, 7.393334315663197 ], [ 80.514509112111568, 7.393301460663187 ], [ 80.51459611611142, 7.393248787663264 ], [ 80.514689394111244, 7.393158678663306 ], [ 80.514911136110726, 7.392916530663571 ], [ 80.514945365110719, 7.392876857663604 ], [ 80.515152741110299, 7.392636501663844 ], [ 80.51516705111024, 7.392622232663898 ], [ 80.515181658110237, 7.392607668663885 ], [ 80.515272572110064, 7.392531213663958 ], [ 80.515358128109881, 7.392475190663997 ], [ 80.51546061910966, 7.392431661664049 ], [ 80.515559116109401, 7.392401873664061 ], [ 80.515774859108973, 7.392350177664075 ], [ 80.515916026108712, 7.392321953664077 ], [ 80.515992976108549, 7.392303644664104 ], [ 80.516045326108411, 7.392291188664133 ], [ 80.516426980107624, 7.392212573664154 ], [ 80.516434296107604, 7.392211067664165 ], [ 80.516470009107522, 7.392203710664154 ], [ 80.516536979107357, 7.392172277664175 ], [ 80.516556554107325, 7.392161435664191 ], [ 80.516588730107244, 7.392137035664182 ], [ 80.516658901107121, 7.392050801664291 ], [ 80.51670278810704, 7.391987341664374 ], [ 80.516710337107057, 7.391935887664424 ], [ 80.516746308106988, 7.391769959664605 ], [ 80.516760700106929, 7.39163639666474 ], [ 80.516767974106969, 7.391432377665005 ], [ 80.516778432106946, 7.390888960665611 ], [ 80.516778927107026, 7.390659254665904 ], [ 80.516780860106977, 7.390605086665945 ], [ 80.516803729106968, 7.390538265665999 ], [ 80.516827519106926, 7.390445221666124 ], [ 80.516846802106855, 7.390408420666144 ], [ 80.516881665106794, 7.390341886666229 ], [ 80.516939808106727, 7.39021947066635 ], [ 80.516960078106663, 7.390169048666386 ], [ 80.516985352106616, 7.390106180666471 ], [ 80.517032532106498, 7.389985297666635 ], [ 80.517062582106462, 7.389877243666747 ], [ 80.517103145106361, 7.389761871666837 ], [ 80.517126463106351, 7.3896989406669 ], [ 80.517149774106329, 7.389495475667159 ], [ 80.517158704106308, 7.38940522666728 ], [ 80.517163956106288, 7.389292230667368 ], [ 80.517164256106298, 7.38928576566742 ], [ 80.517164391106306, 7.389282870667399 ], [ 80.517167249106308, 7.389231749667444 ], [ 80.517169700106308, 7.389187917667535 ], [ 80.517169372106309, 7.389180592667532 ], [ 80.517168984106263, 7.389171911667543 ], [ 80.51716912410626, 7.389160746667568 ], [ 80.517169173106325, 7.389156794667534 ], [ 80.517170029106296, 7.3890883496676 ], [ 80.517149513106347, 7.389001520667703 ], [ 80.517106437106449, 7.388916305667855 ], [ 80.517047392106591, 7.388812166667951 ], [ 80.517022267106654, 7.388767851668038 ], [ 80.516890181106945, 7.388603094668197 ], [ 80.516217606108356, 7.388770820668144 ], [ 80.515872357109046, 7.38884197266809 ], [ 80.515658252109517, 7.388850719668151 ], [ 80.51513099311066, 7.388692494668407 ], [ 80.515053731110783, 7.38870042766842 ], [ 80.515046169110832, 7.388704724668393 ], [ 80.514443656112078, 7.388770284668409 ], [ 80.513538459114017, 7.38882291266848 ], [ 80.51298822011519, 7.388893459668496 ], [ 80.512544636116104, 7.388680602668798 ], [ 80.512474613116282, 7.388610623668907 ], [ 80.51228458011667, 7.388420709669179 ], [ 80.512245918116804, 7.388382071669196 ], [ 80.511994758117353, 7.388131067669518 ], [ 80.511710820117983, 7.387882938669846 ], [ 80.511698668118001, 7.387863702669914 ], [ 80.511273021118882, 7.387452986670423 ], [ 80.511240869119007, 7.387421962670453 ], [ 80.510605965120362, 7.386829190671286 ], [ 80.51013864812144, 7.386392883671831 ], [ 80.509892740121941, 7.386163292672143 ], [ 80.509799408122163, 7.386075670672237 ], [ 80.509706076122356, 7.385988047672393 ], [ 80.509344046123118, 7.385648163672814 ], [ 80.50934201712316, 7.385645535672814 ], [ 80.50930771012321, 7.385601079672862 ], [ 80.509292534123276, 7.385581414672917 ], [ 80.509112298123668, 7.385347869673196 ], [ 80.508633118124678, 7.385312153673301 ], [ 80.507905348126229, 7.385471173673249 ], [ 80.507568126126912, 7.385463493673302 ], [ 80.507106689127923, 7.385452984673394 ], [ 80.506742310128686, 7.385452744673425 ], [ 80.506682809128804, 7.385452713673484 ], [ 80.506396761129452, 7.38545256367353 ], [ 80.506367869129463, 7.385467721673511 ], [ 80.50625003812975, 7.385469956673531 ], [ 80.506134876129934, 7.385498622673512 ], [ 80.506113140129983, 7.385472554673535 ], [ 80.505520234131296, 7.385483807673647 ], [ 80.505461811131369, 7.385525743673546 ], [ 80.50534960713162, 7.385469656673666 ], [ 80.504760670132853, 7.385752743673447 ], [ 80.50409799713421, 7.386071273673143 ], [ 80.503978874134475, 7.386165388673083 ], [ 80.503954220134517, 7.38618486567303 ], [ 80.503156892136161, 7.386814806672431 ], [ 80.502162636138223, 7.387398856671958 ], [ 80.500784588141073, 7.388297422671132 ], [ 80.500751088141158, 7.388319266671119 ], [ 80.500484014141691, 7.388455321670987 ], [ 80.500029480142615, 7.388686876670818 ], [ 80.499952165142773, 7.388726262670755 ], [ 80.499188738144383, 7.389133279670397 ], [ 80.49899361914477, 7.389232678670332 ], [ 80.498389811146026, 7.389540273670058 ], [ 80.498222228146361, 7.389616187670035 ], [ 80.497608665147652, 7.38989412666981 ], [ 80.497068808148796, 7.390171844669579 ], [ 80.497058301148812, 7.390177249669545 ], [ 80.497053496148808, 7.390187769669523 ], [ 80.497039573148854, 7.390194398669554 ], [ 80.496567190149847, 7.390418582669359 ], [ 80.496125033150761, 7.390670429669163 ], [ 80.496099583150809, 7.390655011669153 ], [ 80.49572667715158, 7.390955961668861 ], [ 80.495523012151978, 7.391190465668612 ], [ 80.495096182152864, 7.391681923668114 ], [ 80.494492294154071, 7.392390214667419 ], [ 80.494287420154478, 7.39251785766729 ], [ 80.493640012155851, 7.392921211666941 ], [ 80.493600807155929, 7.392940332666902 ], [ 80.492805579157576, 7.393328172666616 ], [ 80.492255175158689, 7.393646726666328 ], [ 80.492249534158717, 7.393650888666301 ], [ 80.492126111158996, 7.393741957666226 ], [ 80.491279691160713, 7.394366492665626 ], [ 80.491127618161059, 7.394478699665554 ], [ 80.490381799162535, 7.395080593664977 ], [ 80.489778314163786, 7.39565607166438 ], [ 80.48956487016423, 7.395859608664186 ], [ 80.489474164164434, 7.395947444664134 ], [ 80.489453779164435, 7.395967184664086 ], [ 80.488943288165487, 7.396461579663628 ], [ 80.48867424716606, 7.396706800663392 ], [ 80.488321723166791, 7.397028114663039 ], [ 80.487657981168127, 7.397683632662415 ], [ 80.487371583168681, 7.397966481662112 ], [ 80.487275336168906, 7.398135619661981 ], [ 80.487191468169087, 7.398283003661769 ], [ 80.487187721169079, 7.398289590661795 ], [ 80.487088647169301, 7.398463696661584 ], [ 80.487065708169325, 7.398504008661549 ], [ 80.486936174169571, 7.398731642661305 ], [ 80.486847555169746, 7.398887375661187 ], [ 80.486741801169956, 7.399073220660959 ], [ 80.486696380170073, 7.399153038660896 ], [ 80.486311056170834, 7.399387761660694 ], [ 80.486057154171377, 7.399542427660514 ], [ 80.485241077173086, 7.399924149660246 ], [ 80.485187204173201, 7.399949349660209 ], [ 80.485145844173246, 7.39996940066017 ], [ 80.484530294174519, 7.400267825659964 ], [ 80.484235515175129, 7.400565717659657 ], [ 80.484195202175201, 7.400606455659613 ], [ 80.484154888175297, 7.400647193659571 ], [ 80.483930880175791, 7.400873566659318 ], [ 80.48388982117585, 7.400915059659305 ], [ 80.483882041175889, 7.400922920659267 ], [ 80.483300225177061, 7.401416525658825 ], [ 80.483144638177407, 7.401548531658697 ], [ 80.483107150177432, 7.401580337658645 ], [ 80.483047386177589, 7.401631044658613 ], [ 80.482735950178238, 7.401917628658313 ], [ 80.482354767179018, 7.402268392657991 ], [ 80.481608888180531, 7.402923421657327 ], [ 80.481046527181675, 7.403477271656792 ], [ 80.480952664181856, 7.403569712656693 ], [ 80.480871835182043, 7.403649318656607 ], [ 80.480459029182839, 7.404227969656013 ], [ 80.480456985182855, 7.404230834656013 ], [ 80.48038017818304, 7.404338498655943 ], [ 80.480303370183179, 7.404446163655804 ], [ 80.480158112183432, 7.404694348655513 ], [ 80.479981976183794, 7.404995289655234 ], [ 80.479805839184166, 7.405296231654878 ], [ 80.479130796185515, 7.406181618654008 ], [ 80.478983040185824, 7.406297901653849 ], [ 80.478455960186949, 7.406712703653482 ], [ 80.478374550187112, 7.406740619653486 ], [ 80.478372627187099, 7.406741279653438 ], [ 80.477859739188162, 7.406917145653325 ], [ 80.477545298188829, 7.407024965653288 ], [ 80.477454106188986, 7.407056234653245 ], [ 80.477373024189163, 7.40708403765325 ], [ 80.477200217189562, 7.407143618653164 ], [ 80.476449862191103, 7.407402324652995 ], [ 80.476195277191621, 7.407517080652925 ], [ 80.476147985191744, 7.407538396652916 ], [ 80.475704179192675, 7.407738443652724 ], [ 80.475631073192815, 7.407760012652721 ], [ 80.475574766192906, 7.40777662565273 ], [ 80.475435086193244, 7.40781783465272 ], [ 80.475323026193479, 7.407850895652653 ], [ 80.475224860193649, 7.407879857652682 ], [ 80.47497171619419, 7.407795443652802 ], [ 80.47463581019494, 7.407683430652954 ], [ 80.474629639194958, 7.407664909653015 ], [ 80.474621535194956, 7.407666857652991 ], [ 80.474216119195859, 7.407490589653239 ], [ 80.474040980196222, 7.407414442653393 ], [ 80.473805318196767, 7.40731197965353 ], [ 80.473333743197756, 7.407096416653873 ], [ 80.473321056197747, 7.407090616653886 ], [ 80.473212537198009, 7.407041010653956 ], [ 80.473207926198015, 7.407047138653938 ], [ 80.473204998198, 7.407046624653923 ], [ 80.473202686198022, 7.407046218653957 ], [ 80.47299793919845, 7.40701025765399 ], [ 80.47221725820016, 7.406602251654596 ], [ 80.471870973200865, 7.406576414654675 ], [ 80.471258868202199, 7.406530740654841 ], [ 80.471255942202177, 7.406535974654854 ], [ 80.471175413202332, 7.406680015654696 ], [ 80.471171295202353, 7.406687382654655 ], [ 80.471068398202576, 7.406871438654485 ], [ 80.471025340202658, 7.406948457654405 ], [ 80.470912382202883, 7.407150520654207 ], [ 80.470586034203535, 7.407862795653399 ], [ 80.470539100203609, 7.407965230653316 ], [ 80.470258517204172, 7.408452585652763 ], [ 80.47005720820458, 7.408802244652445 ], [ 80.469917148204829, 7.409045519652132 ], [ 80.469882225204898, 7.409111028652082 ], [ 80.469839690205021, 7.409190816651994 ], [ 80.469818212205055, 7.409231105651979 ], [ 80.469572008205517, 7.409692940651492 ], [ 80.46944828820574, 7.409925016651216 ], [ 80.469377979205916, 7.410056902651106 ], [ 80.469312906206014, 7.41017896865093 ], [ 80.469033716206596, 7.410748009650325 ], [ 80.468973668206687, 7.41087039765022 ], [ 80.468960637206749, 7.41089695565019 ], [ 80.468952307206735, 7.410913935650165 ], [ 80.468934541206778, 7.410950144650104 ], [ 80.468679291207266, 7.411470388649572 ], [ 80.468650680207332, 7.411528701649523 ], [ 80.468530855207547, 7.411772926649225 ], [ 80.468463180207706, 7.411904429649118 ], [ 80.468445864207723, 7.411938074649052 ], [ 80.468070848208441, 7.412666770648283 ], [ 80.467992955208615, 7.412818124648148 ], [ 80.467915063208736, 7.412969477647967 ], [ 80.467842924208895, 7.41296466164798 ], [ 80.467695973209231, 7.412975843647974 ], [ 80.467494179209623, 7.413072006647915 ], [ 80.467435814209779, 7.413099819647868 ], [ 80.467323148210014, 7.413153509647839 ], [ 80.467299091210052, 7.413145291647849 ], [ 80.467119248210466, 7.413083857647972 ], [ 80.467109982210474, 7.413065329647995 ], [ 80.466822908211071, 7.412942963648155 ], [ 80.466568789211635, 7.412834644648331 ], [ 80.466452289211901, 7.412799451648413 ], [ 80.46579666921329, 7.412601401648699 ], [ 80.465754725213415, 7.412585172648734 ], [ 80.46552825321389, 7.412497552648884 ], [ 80.465456593214043, 7.412459594648936 ], [ 80.465005417214996, 7.412220611649306 ], [ 80.464937317215131, 7.412184539649361 ], [ 80.464899048215258, 7.412164268649348 ], [ 80.464768215215514, 7.412094967649455 ], [ 80.464723868215586, 7.412071477649502 ], [ 80.464685355215664, 7.412057891649495 ], [ 80.463976498217207, 7.411807811649895 ], [ 80.463818410217556, 7.411752039649986 ], [ 80.46373755721774, 7.411719348650041 ], [ 80.463621375217997, 7.41167237465012 ], [ 80.463436410218378, 7.41159758965026 ], [ 80.462984432219358, 7.41141484765055 ], [ 80.462810814219708, 7.411345387650634 ], [ 80.462807615219717, 7.411344108650636 ], [ 80.462633207220136, 7.411274332650774 ], [ 80.462540171220326, 7.411237111650813 ], [ 80.462528346220353, 7.411232380650826 ], [ 80.462387682220637, 7.411176105650896 ], [ 80.462363360220678, 7.411201816650909 ], [ 80.462050661221355, 7.411033023651147 ], [ 80.462032023221425, 7.411019082651143 ], [ 80.461725192222104, 7.410789574651441 ], [ 80.461690497222179, 7.410763621651499 ], [ 80.461565037222456, 7.410669778651632 ], [ 80.461478526222649, 7.410614427651693 ], [ 80.461402927222778, 7.410566058651746 ], [ 80.461327327222961, 7.410517689651797 ], [ 80.46122792122317, 7.410454087651933 ], [ 80.461115766223415, 7.410382330652039 ], [ 80.461067284223489, 7.410351311652073 ], [ 80.460742820224226, 7.410143715652367 ], [ 80.460677960224373, 7.410102216652408 ], [ 80.460511792224693, 7.410198815652339 ], [ 80.460497753224729, 7.410206976652314 ], [ 80.46025180822528, 7.410349950652214 ], [ 80.460214212225324, 7.410368075652195 ], [ 80.4599917902258, 7.410475309652098 ], [ 80.459835053226143, 7.410550875652052 ], [ 80.459751052226309, 7.410591373651996 ], [ 80.459701398226414, 7.410615313651984 ], [ 80.459694864226392, 7.410620466651994 ], [ 80.459694246226391, 7.41061907065198 ], [ 80.459691560226446, 7.410613000652003 ], [ 80.459558655226715, 7.410312627652358 ], [ 80.45950481522685, 7.410177997652528 ], [ 80.459450974226968, 7.410043367652698 ], [ 80.459397143227093, 7.409893782652851 ], [ 80.45937926622716, 7.409750204653012 ], [ 80.459367376227192, 7.409612613653175 ], [ 80.459367548227206, 7.409368676653458 ], [ 80.459224463227557, 7.40899008265394 ], [ 80.459218313227609, 7.408535769654422 ], [ 80.459223816227606, 7.408516047654458 ], [ 80.459248353227522, 7.408428116654559 ], [ 80.45928442022749, 7.408272612654712 ], [ 80.459374393227321, 7.40815901965485 ], [ 80.459392931227242, 7.40815032765486 ], [ 80.459560678226907, 7.40811696265489 ], [ 80.45984825222628, 7.408236802654677 ], [ 80.460046011225856, 7.408242921654665 ], [ 80.460273790225372, 7.408171298654718 ], [ 80.460369291225206, 7.408040079654829 ], [ 80.460507198224931, 7.407938483654949 ], [ 80.460699074224507, 7.407789070655057 ], [ 80.460824987224214, 7.407699430655143 ], [ 80.460951351223997, 7.407645366655202 ], [ 80.461167140223537, 7.407610677655192 ], [ 80.46125382622337, 7.407596742655224 ], [ 80.461268863223296, 7.407594325655206 ], [ 80.461401623223026, 7.407522768655259 ], [ 80.461478391222911, 7.407436683655377 ], [ 80.461509309222848, 7.407337486655432 ], [ 80.461513544222854, 7.407323898655502 ], [ 80.461521637222802, 7.407297933655513 ], [ 80.461531383222777, 7.407073020655752 ], [ 80.461531547222819, 7.406838531656048 ], [ 80.461503076222911, 7.406417387656508 ], [ 80.461534776222877, 7.406334858656599 ], [ 80.461537203222846, 7.406291790656681 ], [ 80.461537233222884, 7.406248721656715 ], [ 80.461510904222891, 7.406191276656803 ], [ 80.46145579522306, 7.406155346656834 ], [ 80.46140547522316, 7.406128991656881 ], [ 80.461343159223262, 7.406114591656909 ], [ 80.461244875223471, 7.406116916656893 ], [ 80.461062671223857, 7.406147895656919 ], [ 80.460978755224033, 7.406171763656871 ], [ 80.460890049224247, 7.406188451656885 ], [ 80.460824088224371, 7.406191916656907 ], [ 80.460710257224648, 7.40619789665689 ], [ 80.460440391225148, 7.406194706656965 ], [ 80.460359794225369, 7.406167862656959 ], [ 80.460329379225428, 7.406158497656996 ], [ 80.460260094225561, 7.406137165657015 ], [ 80.460206416225702, 7.406114157657079 ], [ 80.460158508225817, 7.406064353657126 ], [ 80.460151192225837, 7.406054847657172 ], [ 80.460120188225915, 7.406014558657193 ], [ 80.460067783226009, 7.405909755657326 ], [ 80.460058908226046, 7.405892006657354 ], [ 80.460032105226077, 7.405828818657415 ], [ 80.460026376226097, 7.405799302657472 ], [ 80.46001872922615, 7.405759898657509 ], [ 80.460016850226111, 7.405704384657581 ], [ 80.460028418226102, 7.405616339657692 ], [ 80.460044038226073, 7.405526001657787 ], [ 80.460049507226088, 7.405494375657816 ], [ 80.460049599226096, 7.405493844657803 ], [ 80.460074632226025, 7.405346469657983 ], [ 80.460092610226013, 7.405271332658058 ], [ 80.460196217225771, 7.405133643658216 ], [ 80.460333751225534, 7.405021235658313 ], [ 80.460356763225462, 7.405006872658338 ], [ 80.460523686225102, 7.404902687658432 ], [ 80.460878585224364, 7.404724914658561 ], [ 80.461034058224058, 7.404654348658643 ], [ 80.461051233224012, 7.404646552658617 ], [ 80.4611029102239, 7.404622293658654 ], [ 80.461250740223591, 7.404552895658712 ], [ 80.461319796223464, 7.404526145658712 ], [ 80.461363661223388, 7.404524612658723 ], [ 80.461373492223359, 7.404524268658721 ], [ 80.46143485722321, 7.4045262256587 ], [ 80.461498113223087, 7.404566467658658 ], [ 80.461511042223052, 7.404584834658629 ], [ 80.461534513223015, 7.404618176658581 ], [ 80.461578573222909, 7.404685204658487 ], [ 80.461610166222854, 7.404743283658463 ], [ 80.461637946222766, 7.404794355658357 ], [ 80.461657067222703, 7.40487476565827 ], [ 80.461670411222684, 7.404927499658214 ], [ 80.461693403222611, 7.40501835565809 ], [ 80.461722225222587, 7.405085614658001 ], [ 80.461727866222546, 7.405098776658 ], [ 80.461753124222469, 7.405145076657949 ], [ 80.461773831222459, 7.405183033657923 ], [ 80.46184471022228, 7.405292192657759 ], [ 80.461976937221976, 7.405428192657585 ], [ 80.461998229221962, 7.405448900657575 ], [ 80.462047844221843, 7.405497153657504 ], [ 80.462122599221672, 7.405546975657431 ], [ 80.462182039221531, 7.40556041565738 ], [ 80.462247240221416, 7.405560460657403 ], [ 80.462302859221282, 7.405552842657359 ], [ 80.462317065221256, 7.405546688657421 ], [ 80.462346979221223, 7.405533731657405 ], [ 80.46241851122106, 7.405492285657431 ], [ 80.462429474220997, 7.405485933657427 ], [ 80.462451315221003, 7.405459613657485 ], [ 80.462558068220744, 7.405330972657612 ], [ 80.462738520220427, 7.405061194657882 ], [ 80.462821105220243, 7.40491054665805 ], [ 80.462851809220169, 7.404854539658097 ], [ 80.463084102219696, 7.404492915658484 ], [ 80.463123566219636, 7.404429859658562 ], [ 80.463205051219489, 7.404299664658705 ], [ 80.46330404521926, 7.404194930658763 ], [ 80.463383220219086, 7.404094489658894 ], [ 80.463457594218966, 7.404003616659011 ], [ 80.463498848218862, 7.403958919659036 ], [ 80.463512769218838, 7.403943835659065 ], [ 80.463526336218791, 7.403931542659079 ], [ 80.463618309218603, 7.403848198659142 ], [ 80.463663892218548, 7.403793197659176 ], [ 80.463670688218514, 7.403763443659241 ], [ 80.463675914218484, 7.403740564659242 ], [ 80.463666396218571, 7.403640062659347 ], [ 80.463647269218569, 7.403568266659447 ], [ 80.463604177218684, 7.403486882659549 ], [ 80.463549855218815, 7.403419007659623 ], [ 80.463537115218855, 7.403403090659659 ], [ 80.463443570219042, 7.403318283659764 ], [ 80.463434104219047, 7.40330970165981 ], [ 80.463390392219168, 7.403258407659878 ], [ 80.463379016219179, 7.403245059659852 ], [ 80.463345494219283, 7.403190001659938 ], [ 80.46333153721929, 7.40314391065999 ], [ 80.463352315219282, 7.403006287660142 ], [ 80.463364819219237, 7.402977060660203 ], [ 80.463408005219179, 7.402922056660222 ], [ 80.463458368219023, 7.402888593660282 ], [ 80.463617655218755, 7.402813947660314 ], [ 80.463731724218505, 7.402766751660378 ], [ 80.463733208218514, 7.402766326660382 ], [ 80.463923532218047, 7.402711850660414 ], [ 80.46405778921779, 7.402683230660397 ], [ 80.464083656217767, 7.402679806660404 ], [ 80.464138026217626, 7.402672607660423 ], [ 80.464201630217502, 7.402664188660382 ], [ 80.464413637217078, 7.402654094660412 ], [ 80.464498882216859, 7.402650036660403 ], [ 80.464767012216271, 7.402652345660325 ], [ 80.464800916216234, 7.402652637660298 ], [ 80.464973500215848, 7.402664720660256 ], [ 80.4650382272157, 7.40265758566028 ], [ 80.465070649215633, 7.402646189660296 ], [ 80.465119749215546, 7.402628929660321 ], [ 80.465201268215381, 7.402602665660295 ], [ 80.465209035215352, 7.402601162660331 ], [ 80.465287577215165, 7.4025859756603 ], [ 80.465312966215151, 7.402587847660335 ], [ 80.465385853214983, 7.402593221660277 ], [ 80.465451541214833, 7.402603874660253 ], [ 80.465548838214659, 7.402619653660246 ], [ 80.465750180214187, 7.402643719660167 ], [ 80.465932322213845, 7.402698877660087 ], [ 80.46615999921336, 7.402770816659969 ], [ 80.466373299212876, 7.402833174659844 ], [ 80.466589015212435, 7.402869213659777 ], [ 80.466735322212074, 7.402881611659768 ], [ 80.466747706212047, 7.402882660659753 ], [ 80.466776332212007, 7.402885086659725 ], [ 80.466796322211977, 7.402887337659734 ], [ 80.466797319211935, 7.402877730659764 ], [ 80.466798828211964, 7.402863193659754 ], [ 80.46680060821194, 7.402846043659806 ], [ 80.466801053211952, 7.402841765659808 ], [ 80.466802542211937, 7.402827416659799 ], [ 80.466802974211973, 7.402823250659805 ], [ 80.466803465211953, 7.402818530659821 ], [ 80.466804059211938, 7.402813426659801 ], [ 80.466804466211954, 7.40280993965985 ], [ 80.466804630211968, 7.402809076659823 ], [ 80.466806443211965, 7.402799536659824 ], [ 80.466806663211969, 7.40279837765986 ], [ 80.466806992211943, 7.402796638659837 ], [ 80.466807301211972, 7.402795017659815 ], [ 80.466807523211955, 7.402793846659865 ], [ 80.466809105211937, 7.402785524659834 ], [ 80.466816898211917, 7.402758530659867 ], [ 80.466828463211939, 7.402718476659897 ], [ 80.466848222211908, 7.402639812659989 ], [ 80.466879339211843, 7.402496544660162 ], [ 80.466889484211791, 7.402442389660233 ], [ 80.466896639211754, 7.402404192660301 ], [ 80.466899830211773, 7.402387157660274 ], [ 80.466904341211773, 7.402363076660311 ], [ 80.466929437211718, 7.402229115660502 ], [ 80.466936813211746, 7.402189738660537 ], [ 80.466945522211731, 7.402149013660559 ], [ 80.466965715211686, 7.402054579660668 ], [ 80.467024344211566, 7.401780400660994 ], [ 80.467032070211587, 7.401733253661018 ], [ 80.467059920211526, 7.401563293661211 ], [ 80.467062580211518, 7.401517082661286 ], [ 80.467065814211495, 7.401424750661382 ], [ 80.467064840211506, 7.401393188661412 ], [ 80.467061913211552, 7.401303113661516 ], [ 80.467060228211523, 7.401250298661574 ], [ 80.467056591211573, 7.401138427661698 ], [ 80.467053742211604, 7.40104829966179 ], [ 80.467053401211558, 7.401037500661812 ], [ 80.467051182211563, 7.400970939661908 ], [ 80.46704848621161, 7.400898614661969 ], [ 80.467047268211587, 7.400865941662041 ], [ 80.467045318211589, 7.400805168662089 ], [ 80.467017938211654, 7.400650122662294 ], [ 80.467014364211678, 7.400629883662281 ], [ 80.46700345021172, 7.400560151662374 ], [ 80.466995083211728, 7.400476583662494 ], [ 80.466993680211729, 7.400469092662485 ], [ 80.466981183211757, 7.400402327662574 ], [ 80.466978876211783, 7.400331786662644 ], [ 80.466982381211793, 7.400242619662746 ], [ 80.46699281021175, 7.400208039662809 ], [ 80.467038501211675, 7.400056544662967 ], [ 80.467110482211567, 7.39986179866314 ], [ 80.467194987211371, 7.399679379663344 ], [ 80.467279493211194, 7.399496960663539 ], [ 80.467289911211168, 7.399474470663572 ], [ 80.467324072211127, 7.399400727663676 ], [ 80.467530501210717, 7.399075397664012 ], [ 80.467543031210695, 7.399037061664065 ], [ 80.467557371210688, 7.399000987664064 ], [ 80.467558218210641, 7.398955047664171 ], [ 80.467556089210646, 7.398889661664231 ], [ 80.46752457921076, 7.398732734664381 ], [ 80.467440205210977, 7.398380523664849 ], [ 80.467418816210994, 7.39828455866495 ], [ 80.467374364211111, 7.398085117665177 ], [ 80.467316345211259, 7.397875631665412 ], [ 80.467271190211406, 7.397755895665565 ], [ 80.467182844211578, 7.397521627665867 ], [ 80.467174910211583, 7.397500590665881 ], [ 80.467118859211723, 7.397329448666086 ], [ 80.467064878211858, 7.397175039666273 ], [ 80.467134502211692, 7.397136361666295 ], [ 80.467176901211658, 7.397112807666322 ], [ 80.468634414208623, 7.396246636667105 ], [ 80.468680444208502, 7.39621850166709 ], [ 80.468795780208268, 7.396148002667151 ], [ 80.468882796208106, 7.396094814667213 ], [ 80.468943455207963, 7.396057736667256 ], [ 80.46939129220705, 7.395783998667529 ], [ 80.469509247206815, 7.395711898667575 ], [ 80.469532725206719, 7.39569754866758 ], [ 80.469634768206546, 7.39563517266762 ], [ 80.469667977206456, 7.395620755667636 ], [ 80.46978677920626, 7.395239553668087 ], [ 80.469846138206123, 7.395049089668285 ], [ 80.469923071205983, 7.394704616668681 ], [ 80.470102141205658, 7.393902817669534 ], [ 80.470115899205695, 7.393587387669891 ], [ 80.47013637420568, 7.393117917670446 ], [ 80.470141030205667, 7.393011162670575 ], [ 80.469758281206509, 7.392883520670793 ], [ 80.468967259208227, 7.392628217671194 ], [ 80.468854928208444, 7.392591963671245 ], [ 80.46817623920991, 7.392372915671645 ], [ 80.467755485210859, 7.3918376206723 ], [ 80.467755850210892, 7.391302611672946 ], [ 80.467822474210777, 7.39096183267327 ], [ 80.467935134210606, 7.390385577673919 ], [ 80.467971034210535, 7.390282512674072 ], [ 80.468266439209955, 7.389434441674993 ], [ 80.468369864209777, 7.389137520675289 ], [ 80.468316219209868, 7.388877811675617 ], [ 80.468217235210147, 7.388398594676163 ], [ 80.46771098321129, 7.387904324676826 ], [ 80.467668874211341, 7.387863212676915 ], [ 80.467553976211576, 7.387719644677104 ], [ 80.467484462211772, 7.38763278667718 ], [ 80.467448575211847, 7.38758794567726 ], [ 80.467413871211946, 7.387544582677288 ], [ 80.467382426211969, 7.387505290677337 ], [ 80.46737116621199, 7.387491221677384 ], [ 80.467276270212253, 7.387372646677488 ], [ 80.467183349212419, 7.387256541677676 ], [ 80.467158868212508, 7.387225950677736 ], [ 80.466613044213688, 7.386680354678392 ], [ 80.466586708213725, 7.386654029678468 ], [ 80.466515187213886, 7.386582537678542 ], [ 80.466475309213976, 7.386542676678588 ], [ 80.466368226214229, 7.386435637678731 ], [ 80.466105383214853, 7.385877097679431 ], [ 80.465991513215101, 7.385635124679711 ], [ 80.465960468215172, 7.385569153679822 ], [ 80.465728901215684, 7.385006680680503 ], [ 80.465603756216012, 7.384702705680865 ], [ 80.465413630216446, 7.384107172681556 ], [ 80.465382171216518, 7.384008634681702 ], [ 80.465310886216699, 7.383785347681986 ], [ 80.465124493217161, 7.383157922682731 ], [ 80.465113441217142, 7.383120723682761 ], [ 80.465105286217181, 7.383093269682774 ], [ 80.465091787217233, 7.383047828682831 ], [ 80.465030794217355, 7.3828425206831 ], [ 80.464674104218176, 7.381950595684161 ], [ 80.464225256219223, 7.380628333685787 ], [ 80.464234826219254, 7.380602911685789 ], [ 80.463743980220414, 7.37926202968739 ], [ 80.463662423220612, 7.379007794687696 ], [ 80.463641856220633, 7.378943679687788 ], [ 80.463621088220663, 7.378936346687807 ], [ 80.463358444221313, 7.378130434688806 ], [ 80.463303965221414, 7.377920652689045 ], [ 80.463124035221853, 7.377227788689839 ], [ 80.463109821221906, 7.377173159689928 ], [ 80.462921006222345, 7.376845268690352 ], [ 80.462745919222726, 7.376541219690708 ], [ 80.462523405223237, 7.376478859690804 ], [ 80.46230634122368, 7.376418026690948 ], [ 80.462212732223904, 7.376391792690968 ], [ 80.462119123224085, 7.376365558690997 ], [ 80.461787317224818, 7.376272568691173 ], [ 80.46133095522579, 7.376121929691394 ], [ 80.46130629122581, 7.376113788691436 ], [ 80.461222196226018, 7.376086029691454 ], [ 80.460857505226784, 7.375965648691663 ], [ 80.460066355228491, 7.37576762369204 ], [ 80.459783852229094, 7.375696913692177 ], [ 80.458882766231028, 7.375447436692597 ], [ 80.457895433233148, 7.375140471693118 ], [ 80.45721070923463, 7.374844743693544 ], [ 80.457051959235002, 7.374776180693627 ], [ 80.456630223235891, 7.374594033693933 ], [ 80.456208486236804, 7.374411886694178 ], [ 80.455633487238075, 7.374028639694711 ], [ 80.455702213237913, 7.373836234694969 ], [ 80.455713315237887, 7.37380515169499 ], [ 80.455727393237879, 7.373805209695003 ], [ 80.455727581237909, 7.373765211695016 ], [ 80.455988942237354, 7.373033503695825 ], [ 80.456200294236965, 7.372440248696459 ], [ 80.455636867238255, 7.371786155697324 ], [ 80.455606339238287, 7.371750715697339 ], [ 80.455190977239198, 7.371304731697966 ], [ 80.455088993239471, 7.371195230698111 ], [ 80.454380057240982, 7.370409902699119 ], [ 80.454378497241024, 7.370402207699109 ], [ 80.454255853241335, 7.369797269699847 ], [ 80.454160351241569, 7.36927079570044 ], [ 80.454064848241813, 7.368744320701047 ], [ 80.453950587242176, 7.367634000702391 ], [ 80.453939241242196, 7.367511300702515 ], [ 80.453906856242298, 7.367161069702896 ], [ 80.45387447224239, 7.366810837703347 ], [ 80.453719135242764, 7.365927568704347 ], [ 80.453700782242848, 7.365854059704489 ], [ 80.453079830244192, 7.365221482705284 ], [ 80.452505064245486, 7.364531959706164 ], [ 80.452300911245942, 7.364371593706392 ], [ 80.451700158247249, 7.363899697707003 ], [ 80.451039080248691, 7.36324839470788 ], [ 80.450234247250464, 7.362520419708829 ], [ 80.450189203250574, 7.362476639708889 ], [ 80.449544425252014, 7.361849950709717 ], [ 80.449375849252377, 7.36153148471015 ], [ 80.449199769252814, 7.361198845710544 ], [ 80.449565078252036, 7.360825108710898 ], [ 80.449928961251317, 7.360452829711295 ], [ 80.450152445250879, 7.360208088711518 ], [ 80.450327386250464, 7.360016507711745 ], [ 80.450610212249941, 7.359706778712023 ], [ 80.450862828249385, 7.359448962712293 ], [ 80.451067130249015, 7.359240453712497 ], [ 80.451094111248935, 7.359212916712528 ], [ 80.451178763248734, 7.359126522712624 ], [ 80.451240192248648, 7.359063829712666 ], [ 80.451271517248585, 7.359031859712688 ], [ 80.451343823248436, 7.358958064712771 ], [ 80.451416129248287, 7.358884270712846 ], [ 80.451456944248193, 7.358776820712984 ], [ 80.451576466247971, 7.358462164713327 ], [ 80.451685086247764, 7.358176210713648 ], [ 80.45179953924756, 7.357650686714228 ], [ 80.451917124247359, 7.357110780714798 ], [ 80.45193518224734, 7.357027865714883 ], [ 80.451987553247221, 7.356954170714991 ], [ 80.452150160246859, 7.356725349715225 ], [ 80.452406054246381, 7.356365255715622 ], [ 80.45242463924636, 7.356339102715629 ], [ 80.452466730246229, 7.356347728715619 ], [ 80.452574211246045, 7.356369755715581 ], [ 80.452634593245861, 7.356382129715549 ], [ 80.453268207244562, 7.356511978715316 ], [ 80.453315172244416, 7.356526331715275 ], [ 80.453703822243597, 7.3566298067151 ], [ 80.454054228242867, 7.356723099714896 ], [ 80.454778150241296, 7.35695280671453 ], [ 80.454840223241192, 7.356972502714482 ], [ 80.45489674424104, 7.356981452714512 ], [ 80.455133271240499, 7.357018905714384 ], [ 80.455568790239582, 7.35708786971427 ], [ 80.45566849023939, 7.357002680714348 ], [ 80.455837424239036, 7.356858324714463 ], [ 80.455890136238963, 7.356746427714574 ], [ 80.455998336238736, 7.356516740714818 ], [ 80.45603447223867, 7.356440028714951 ], [ 80.456057844238615, 7.356390416715006 ], [ 80.456077887238578, 7.356347869715032 ], [ 80.456126009238503, 7.356245714715163 ], [ 80.456182546238352, 7.356125697715259 ], [ 80.456187277238342, 7.356115652715263 ], [ 80.456279135238177, 7.355920647715506 ], [ 80.456624918237509, 7.355021212716482 ], [ 80.457018555236758, 7.354236665717298 ], [ 80.457402603236005, 7.353452109718152 ], [ 80.457526928235765, 7.353254756718387 ], [ 80.457661752235481, 7.353040736718568 ], [ 80.457920900234967, 7.352629363719032 ], [ 80.457854345235134, 7.352295942719437 ], [ 80.457849230235126, 7.352270315719453 ], [ 80.457748933235422, 7.35176785072004 ], [ 80.457536398235916, 7.351394857720517 ], [ 80.457318686236405, 7.351012776720991 ], [ 80.457279731236454, 7.350944412721063 ], [ 80.456905208237274, 7.350739323721343 ], [ 80.456474706238225, 7.350503579721676 ], [ 80.456371972238443, 7.350459539721761 ], [ 80.455937978239405, 7.350273497722053 ], [ 80.455401251240559, 7.35004341372239 ], [ 80.454775695241878, 7.349747060722825 ], [ 80.454672859242109, 7.349698342722938 ], [ 80.454423658242661, 7.349602455723044 ], [ 80.453723771244157, 7.349621102723183 ], [ 80.453133976245411, 7.349734628723093 ], [ 80.453129277245424, 7.349735533723135 ], [ 80.452983247245669, 7.349768855723089 ], [ 80.452630669246446, 7.349830888723087 ], [ 80.452112817247553, 7.350021941722931 ], [ 80.451537346248756, 7.350346945722693 ], [ 80.45100118624984, 7.350673203722375 ], [ 80.450626152250607, 7.350901414722152 ], [ 80.450617604250652, 7.350908650722197 ], [ 80.449993003251905, 7.351436937721632 ], [ 80.449483461252967, 7.351864063721257 ], [ 80.449246099253457, 7.352063033721048 ], [ 80.44914880725365, 7.35214458872098 ], [ 80.448262290255499, 7.352829897720334 ], [ 80.448208721255611, 7.352871308720283 ], [ 80.447575556256908, 7.353387716719796 ], [ 80.447344232257365, 7.353610169719574 ], [ 80.44676005825859, 7.354171949719015 ], [ 80.446126829259853, 7.354803178718414 ], [ 80.445697260260729, 7.355253346717945 ], [ 80.445378437261382, 7.355587457717648 ], [ 80.445363304261434, 7.355602850717584 ], [ 80.444900738262362, 7.356073363717154 ], [ 80.444438170263311, 7.356543875716677 ], [ 80.44389537926439, 7.3570076447162 ], [ 80.443766600264695, 7.357117674716119 ], [ 80.443085934266151, 7.357059749716272 ], [ 80.443031239266261, 7.357045282716332 ], [ 80.442181301268093, 7.356820489716688 ], [ 80.442069861268308, 7.356791015716769 ], [ 80.441557865269431, 7.356620221717066 ], [ 80.441207205270203, 7.35650324771722 ], [ 80.440679722271312, 7.356284453717581 ], [ 80.440421276271877, 7.356177253717743 ], [ 80.440114634272561, 7.35596646371805 ], [ 80.439661530273511, 7.355652105718466 ], [ 80.439175552274605, 7.355314939718919 ], [ 80.438547669275991, 7.354839349719566 ], [ 80.438536994276006, 7.354851510719578 ], [ 80.43850829027609, 7.35482286771961 ], [ 80.437733772277767, 7.354335235720303 ], [ 80.437654568277907, 7.354294613720337 ], [ 80.437443614278394, 7.35418641772051 ], [ 80.437047341279211, 7.353983174720824 ], [ 80.43672395527993, 7.353817313721039 ], [ 80.43661492928014, 7.353761394721146 ], [ 80.436551612280354, 7.353731236721168 ], [ 80.436349352280743, 7.353634900721303 ], [ 80.436355499280751, 7.353621086721319 ], [ 80.436296527280859, 7.353601413721356 ], [ 80.436178060281108, 7.35356189272146 ], [ 80.436032234281427, 7.353513245721503 ], [ 80.435294236283056, 7.353206421721971 ], [ 80.434990224283695, 7.35313873772211 ], [ 80.43477660628416, 7.353091178722209 ], [ 80.434668986284336, 7.353113883722194 ], [ 80.434487608284741, 7.353152149722167 ], [ 80.434401706284959, 7.353170273722165 ], [ 80.434143738285485, 7.35322469872212 ], [ 80.43412837128551, 7.353235567722156 ], [ 80.43412784228552, 7.353235941722123 ], [ 80.434024162285752, 7.353309278722059 ], [ 80.43371518128636, 7.353527831721881 ], [ 80.4335490032867, 7.353645375721751 ], [ 80.43353537428672, 7.353654429721717 ], [ 80.43308859828764, 7.353951286721467 ], [ 80.432954137287908, 7.354238327721141 ], [ 80.432947712287941, 7.354252727721119 ], [ 80.432923413287952, 7.354246717721139 ], [ 80.432822871288195, 7.354231808721214 ], [ 80.432771241288322, 7.3542229967212 ], [ 80.432704925288462, 7.354220635721229 ], [ 80.432694111288484, 7.354220250721206 ], [ 80.432566153288747, 7.354215695721257 ], [ 80.432452801289003, 7.354192908721328 ], [ 80.432375130289131, 7.354177295721342 ], [ 80.432333193289224, 7.354286326721182 ], [ 80.432225779289425, 7.354489179720988 ], [ 80.432181799289523, 7.354546753720906 ], [ 80.432180465289548, 7.354549307720957 ], [ 80.432138343289594, 7.354629920720837 ], [ 80.432045186289798, 7.35478711372068 ], [ 80.432000907289876, 7.354880227720558 ], [ 80.431905830290106, 7.3550609337204 ], [ 80.431864295290154, 7.355119322720342 ], [ 80.431776334290348, 7.35523455872022 ], [ 80.431725925290408, 7.355287876720146 ], [ 80.43165821029055, 7.355344799720076 ], [ 80.431596039290724, 7.355380382720041 ], [ 80.431389948291169, 7.355497968719987 ], [ 80.431360127291228, 7.35551928871994 ], [ 80.431327295291283, 7.355569725719917 ], [ 80.431292632291346, 7.355644218719837 ], [ 80.431273768291376, 7.355672689719754 ], [ 80.431249736291406, 7.355704414719764 ], [ 80.431208464291529, 7.355774740719704 ], [ 80.43116167229158, 7.355837013719608 ], [ 80.431139154291643, 7.355864660719605 ], [ 80.431068186291796, 7.355951793719478 ], [ 80.4310016412919, 7.356017578719419 ], [ 80.430923413292106, 7.356081818719383 ], [ 80.430887757292155, 7.356151423719277 ], [ 80.430846841292237, 7.356229438719239 ], [ 80.430841141292234, 7.356265010719197 ], [ 80.430834279292284, 7.356307835719132 ], [ 80.430682049292557, 7.356475836718984 ], [ 80.430634976292637, 7.356548780718851 ], [ 80.430583288292766, 7.356616385718815 ], [ 80.430520843292925, 7.356686846718748 ], [ 80.430506401292945, 7.356703143718734 ], [ 80.430444216293068, 7.356754914718644 ], [ 80.43039244229314, 7.356815645718601 ], [ 80.43036956629318, 7.356876130718542 ], [ 80.430356321293218, 7.356900627718541 ], [ 80.430301839293321, 7.356949328718461 ], [ 80.430220012293518, 7.356980195718459 ], [ 80.430164932293593, 7.356981961718438 ], [ 80.430085398293826, 7.356976925718451 ], [ 80.43004862029386, 7.356975812718461 ], [ 80.430021708293907, 7.356984292718477 ], [ 80.429979916294002, 7.357023327718423 ], [ 80.429916263294146, 7.357099966718335 ], [ 80.429847193294307, 7.357151822718315 ], [ 80.429663373294659, 7.357286157718173 ], [ 80.429554163294881, 7.357347929718155 ], [ 80.42939693129523, 7.357423231718061 ], [ 80.429274289295464, 7.357464941718037 ], [ 80.429249955295532, 7.357473217718049 ], [ 80.429181709295662, 7.35751458371802 ], [ 80.429135763295761, 7.357527111717968 ], [ 80.429096717295863, 7.357537759717959 ], [ 80.429059115295914, 7.357547768717947 ], [ 80.429003730296046, 7.357592038717951 ], [ 80.428869945296313, 7.357686710717855 ], [ 80.428717024296631, 7.357811030717732 ], [ 80.428677653296688, 7.357881448717661 ], [ 80.428659748296738, 7.357956766717551 ], [ 80.428651887296766, 7.358046561717458 ], [ 80.428638427296804, 7.358114016717406 ], [ 80.42861929129684, 7.358141854717368 ], [ 80.428549856296982, 7.358197417717307 ], [ 80.428473635297124, 7.358242394717281 ], [ 80.428331176297405, 7.358308392717199 ], [ 80.428254539297555, 7.358305348717236 ], [ 80.428045733298021, 7.358299941717269 ], [ 80.427939927298283, 7.358295245717272 ], [ 80.427884566298374, 7.358308859717276 ], [ 80.427818870298523, 7.358332954717277 ], [ 80.427697366298801, 7.358361256717237 ], [ 80.427604501298987, 7.358373843717254 ], [ 80.427526576299115, 7.35839566971726 ], [ 80.427476727299236, 7.358427028717227 ], [ 80.427443011299289, 7.358448237717215 ], [ 80.427380009299441, 7.358501815717168 ], [ 80.42726354229967, 7.358576695717098 ], [ 80.42716402929986, 7.358633591717041 ], [ 80.427125212299927, 7.358661997717027 ], [ 80.426945038300317, 7.358793852716857 ], [ 80.42688060930044, 7.358819213716878 ], [ 80.426699214300854, 7.35886148671682 ], [ 80.426653897300938, 7.358889032716807 ], [ 80.426569350301094, 7.358923422716778 ], [ 80.426486306301314, 7.359004929716698 ], [ 80.426412116301449, 7.359115383716563 ], [ 80.426410560301392, 7.359312765716351 ], [ 80.426410204301405, 7.359357836716343 ], [ 80.426404746301429, 7.359503884716152 ], [ 80.426398399301434, 7.359532107716135 ], [ 80.426387382301428, 7.359581101716076 ], [ 80.426335082301563, 7.359618048716057 ], [ 80.426266824301678, 7.359674968715967 ], [ 80.426191784301835, 7.35971506371596 ], [ 80.426132800301986, 7.359725959715953 ], [ 80.426061053302163, 7.359725270715973 ], [ 80.425961139302345, 7.359716601715991 ], [ 80.425810503302657, 7.359695230716035 ], [ 80.425768834302758, 7.359692576716034 ], [ 80.42568423930291, 7.359672705716058 ], [ 80.425553625303195, 7.35965044571613 ], [ 80.425293462303785, 7.35963278871619 ], [ 80.425073400304242, 7.359542633716316 ], [ 80.425002651304411, 7.359538960716355 ], [ 80.424826548304779, 7.359534029716356 ], [ 80.424819793304763, 7.359533762716392 ], [ 80.42459129130529, 7.359524710716387 ], [ 80.424442184305576, 7.359515998716468 ], [ 80.424266541305983, 7.359505735716469 ], [ 80.424090257306332, 7.359499809716537 ], [ 80.423963336306599, 7.35950405071655 ], [ 80.423914125306737, 7.359529875716495 ], [ 80.423868775306829, 7.359569104716497 ], [ 80.423863360306811, 7.359573787716476 ], [ 80.423808346306927, 7.359605486716423 ], [ 80.423718707307117, 7.359663023716402 ], [ 80.423628070307331, 7.359719177716348 ], [ 80.423591002307361, 7.359742142716354 ], [ 80.423559919307479, 7.359755232716328 ], [ 80.423495507307578, 7.359758526716341 ], [ 80.423392147307837, 7.359753652716358 ], [ 80.423327468307917, 7.359749721716386 ], [ 80.42317954230829, 7.359740733716373 ], [ 80.42306767630852, 7.359724638716431 ], [ 80.422988513308695, 7.359708117716446 ], [ 80.422850289308968, 7.359687298716503 ], [ 80.422699016309267, 7.359670900716532 ], [ 80.422605433309514, 7.359675078716582 ], [ 80.422553140309603, 7.359702618716518 ], [ 80.422531047309661, 7.359715515716548 ], [ 80.422489581309719, 7.359739720716511 ], [ 80.422399972309918, 7.359792027716443 ], [ 80.422335614310072, 7.359840630716435 ], [ 80.422267642310217, 7.35987765571638 ], [ 80.422176026310396, 7.359914570716366 ], [ 80.422069283310606, 7.359950116716337 ], [ 80.421978493310775, 7.359971388716296 ], [ 80.421925953310904, 7.359968724716341 ], [ 80.4216918843114, 7.359948010716387 ], [ 80.421635556311557, 7.359923276716407 ], [ 80.421496377311826, 7.359850638716561 ], [ 80.421376371312121, 7.35981717271657 ], [ 80.42138244231208, 7.359701330716748 ], [ 80.4213882293121, 7.359486915716976 ], [ 80.421376311312144, 7.359436624717058 ], [ 80.421356227312188, 7.359402966717095 ], [ 80.421307246312267, 7.359366482717124 ], [ 80.421220773312498, 7.359316584717203 ], [ 80.421163193312594, 7.359271231717251 ], [ 80.42112961831269, 7.35922833871731 ], [ 80.421071708312809, 7.35914364571739 ], [ 80.421031815312887, 7.359071990717484 ], [ 80.421002883312951, 7.358999077717578 ], [ 80.420919621313161, 7.358784229717853 ], [ 80.42090233231319, 7.358767033717887 ], [ 80.420884980313218, 7.358716466717929 ], [ 80.420855045313289, 7.358652053718054 ], [ 80.420816687313405, 7.358585915718108 ], [ 80.420700427313648, 7.358400161718309 ], [ 80.420623510313817, 7.358295105718449 ], [ 80.420607047313851, 7.358274952718499 ], [ 80.420556901313972, 7.358213571718555 ], [ 80.420493988314092, 7.358153382718681 ], [ 80.420452245314195, 7.358128841718696 ], [ 80.420352207314451, 7.358048637718779 ], [ 80.420272824314608, 7.357968268718893 ], [ 80.420257982314666, 7.357949898718951 ], [ 80.420226474314717, 7.357927716718973 ], [ 80.420090617314969, 7.35777902471913 ], [ 80.420067531315041, 7.357761642719199 ], [ 80.419927667315349, 7.357638631719333 ], [ 80.419889935315467, 7.357584068719413 ], [ 80.41981229231564, 7.357481363719528 ], [ 80.419778274315718, 7.357425810719614 ], [ 80.419761942315745, 7.357345039719716 ], [ 80.419756689315747, 7.357305185719737 ], [ 80.419741952315789, 7.357193365719895 ], [ 80.419740748315789, 7.357112243719949 ], [ 80.419741256315831, 7.357031011720086 ], [ 80.419741891315823, 7.356929657720165 ], [ 80.419732834315866, 7.356812990720311 ], [ 80.419719717315843, 7.356770823720358 ], [ 80.419718286315856, 7.356766223720355 ], [ 80.419682026315954, 7.356683266720499 ], [ 80.419629837316108, 7.35658076272058 ], [ 80.419624791316096, 7.356573492720626 ], [ 80.419593199316196, 7.356527983720659 ], [ 80.419591019316172, 7.356524843720676 ], [ 80.419584425316174, 7.356506114720724 ], [ 80.419569327316211, 7.356463239720755 ], [ 80.419569026316196, 7.356456265720733 ], [ 80.419567993316207, 7.356432309720812 ], [ 80.419554988316278, 7.356421741720775 ], [ 80.419548166316261, 7.356416197720805 ], [ 80.419502792316393, 7.356403500720839 ], [ 80.419495087316363, 7.356403422720813 ], [ 80.419444089316471, 7.35640291072084 ], [ 80.419314824316743, 7.356394940720851 ], [ 80.419262837316921, 7.356381333720907 ], [ 80.419229731316932, 7.35631845572099 ], [ 80.419229336316988, 7.356245836721041 ], [ 80.419235731317002, 7.356065876721275 ], [ 80.419113792317262, 7.355912095721481 ], [ 80.419081698317328, 7.35595355972143 ], [ 80.41906931531733, 7.355969557721392 ], [ 80.419024839317402, 7.356027019721362 ], [ 80.418823413317824, 7.356141713721257 ], [ 80.418782338317911, 7.356163429721224 ], [ 80.418647171318185, 7.35623489172116 ], [ 80.418384670318744, 7.356292111721168 ], [ 80.418179722319195, 7.356313483721167 ], [ 80.417967615319682, 7.356295370721213 ], [ 80.417909460319777, 7.356282881721207 ], [ 80.417893284319817, 7.356279408721224 ], [ 80.417766314320104, 7.356252142721259 ], [ 80.417586558320465, 7.35624123372133 ], [ 80.417499030320641, 7.356242468721354 ], [ 80.417345671320959, 7.356244632721345 ], [ 80.417111898321465, 7.35628388472136 ], [ 80.417090372321553, 7.356287499721326 ], [ 80.416698402322353, 7.356394863721291 ], [ 80.416452273322889, 7.35647840872123 ], [ 80.416381932322992, 7.356502285721207 ], [ 80.415933523323929, 7.356603090721154 ], [ 80.415856926324139, 7.35662031072116 ], [ 80.41561598632461, 7.356691901721111 ], [ 80.415546749324761, 7.356728549721073 ], [ 80.415385790325132, 7.356813748721011 ], [ 80.41530476532526, 7.356865656720953 ], [ 80.415234711325411, 7.356910535720942 ], [ 80.414979420325977, 7.35694263372091 ], [ 80.414821231326329, 7.356938919720996 ], [ 80.41469288932656, 7.356918717721007 ], [ 80.414637894326717, 7.356910060721005 ], [ 80.414634258326686, 7.356909074721028 ], [ 80.414566848326842, 7.35689079072104 ], [ 80.414465358327035, 7.356863264721093 ], [ 80.414321630327407, 7.356759064721223 ], [ 80.414241756327527, 7.356696667721342 ], [ 80.414206653327639, 7.35666924572137 ], [ 80.414088066327878, 7.356597368721486 ], [ 80.414077230327891, 7.356596157721503 ], [ 80.413926292328227, 7.356579293721516 ], [ 80.413717766328674, 7.356579126721556 ], [ 80.413582499328939, 7.356563130721597 ], [ 80.413473311329241, 7.356550218721636 ], [ 80.413468507329213, 7.356550214721626 ], [ 80.413316276329525, 7.356550093721681 ], [ 80.413236022329684, 7.356550028721691 ], [ 80.41298792033021, 7.356585721721665 ], [ 80.412925398330358, 7.356591522721654 ], [ 80.412898828330412, 7.356593987721682 ], [ 80.412757804330681, 7.356607071721673 ], [ 80.412371349331536, 7.35666756072169 ], [ 80.412313931331639, 7.356675873721656 ], [ 80.412124328332069, 7.35670332172168 ], [ 80.411950482332443, 7.356728489721661 ], [ 80.411916715332524, 7.356733377721695 ], [ 80.411835551332658, 7.356737122721661 ], [ 80.411779358332808, 7.356739715721702 ], [ 80.411750287332879, 7.356741056721675 ], [ 80.411733007332884, 7.356852313721563 ], [ 80.411729051332898, 7.356880346721511 ], [ 80.41171987633291, 7.35694539372146 ], [ 80.41168036533297, 7.357225466721142 ], [ 80.411669274333008, 7.357304085721074 ], [ 80.411640854333029, 7.357505537720841 ], [ 80.411601615333083, 7.357783681720524 ], [ 80.411595445333077, 7.358018082720254 ], [ 80.411620777332999, 7.358170665720063 ], [ 80.411643712332946, 7.358483406719714 ], [ 80.411653041332869, 7.358596818719545 ], [ 80.411720017332712, 7.359224217718803 ], [ 80.411749007332602, 7.359404074718628 ], [ 80.411764677332599, 7.359501283718503 ], [ 80.411794558332517, 7.359686669718283 ], [ 80.411809709332488, 7.359760714718212 ], [ 80.411810414332479, 7.359764159718216 ], [ 80.411871254332326, 7.360061491717863 ], [ 80.411907158332255, 7.360194337717691 ], [ 80.411948385332138, 7.360346875717521 ], [ 80.411986063332023, 7.360502622717343 ], [ 80.412012251331959, 7.360610869717163 ], [ 80.412015017331953, 7.360622302717148 ], [ 80.412043324331876, 7.360717139717043 ], [ 80.412079906331797, 7.360839699716922 ], [ 80.41214240133165, 7.361049075716653 ], [ 80.412340765331194, 7.361638881715939 ], [ 80.412368839331137, 7.361722355715841 ], [ 80.412422770330977, 7.361882713715662 ], [ 80.412439180330935, 7.361931504715591 ], [ 80.412488168330825, 7.362069366715454 ], [ 80.412653243330411, 7.362533725714871 ], [ 80.412705812330358, 7.362681603714702 ], [ 80.412763474330177, 7.362846501714481 ], [ 80.412797770330101, 7.362944578714376 ], [ 80.41284761932998, 7.363087135714207 ], [ 80.412862389329931, 7.363209435714054 ], [ 80.412873354329918, 7.363300219713958 ], [ 80.412875436329884, 7.363309153713942 ], [ 80.412910457329843, 7.363459415713734 ], [ 80.412941665329768, 7.363627376713583 ], [ 80.412942484329733, 7.363669967713483 ], [ 80.412942969329706, 7.363695204713502 ], [ 80.412941651329717, 7.363755612713403 ], [ 80.41293815632973, 7.363821446713324 ], [ 80.412932600329711, 7.363856621713276 ], [ 80.412929950329712, 7.363885106713274 ], [ 80.412931831329715, 7.363911151713217 ], [ 80.412941480329692, 7.363965601713143 ], [ 80.412949358329683, 7.364082087713032 ], [ 80.412971751329607, 7.36439419471268 ], [ 80.412990140329541, 7.364538181712516 ], [ 80.412994476329544, 7.364572136712466 ], [ 80.413000338329567, 7.364618035712404 ], [ 80.413004427329511, 7.364650060712354 ], [ 80.413023256329438, 7.364817202712171 ], [ 80.413035817329416, 7.364928714712028 ], [ 80.413077866329303, 7.365132949711799 ], [ 80.413099430329254, 7.365240584711679 ], [ 80.413123091329197, 7.36533257471155 ], [ 80.413166925329108, 7.365457048711423 ], [ 80.413174913329073, 7.365549931711295 ], [ 80.413151346329144, 7.365676249711168 ], [ 80.413115649329214, 7.365792247711053 ], [ 80.413088048329215, 7.365868098710929 ], [ 80.413050078329292, 7.365994405710809 ], [ 80.41303339532935, 7.366122989710647 ], [ 80.413006363329359, 7.366278605710503 ], [ 80.41297528432942, 7.366397500710379 ], [ 80.412952643329447, 7.366545541710202 ], [ 80.412943588329526, 7.366604750710104 ], [ 80.412927498329495, 7.366785063709944 ], [ 80.412923381329492, 7.36691226170977 ], [ 80.412922294329505, 7.366945852709764 ], [ 80.412903865329497, 7.367103826709577 ], [ 80.412876822329565, 7.367272013709372 ], [ 80.412866184329587, 7.367347168709281 ], [ 80.412856868329612, 7.367412983709229 ], [ 80.4128487813296, 7.367442368709198 ], [ 80.412839888329657, 7.367461352709133 ], [ 80.412828822329658, 7.36747744070917 ], [ 80.412816762329669, 7.36749180970914 ], [ 80.412807940329699, 7.367504619709111 ], [ 80.412797234329716, 7.367520166709072 ], [ 80.412783603329743, 7.367539957709051 ], [ 80.412774478329794, 7.367553208709078 ], [ 80.41279870532972, 7.367580646709002 ], [ 80.412814024329677, 7.367607457708971 ], [ 80.412814000329647, 7.367638084708933 ], [ 80.412808122329693, 7.367657827708909 ], [ 80.412804853329703, 7.367668807708905 ], [ 80.412798617329685, 7.36768975570893 ], [ 80.412775542329712, 7.367770133708786 ], [ 80.412771557329748, 7.367839428708711 ], [ 80.412769708329748, 7.367871581708683 ], [ 80.412790724329682, 7.367967307708608 ], [ 80.412831686329596, 7.36806537570849 ], [ 80.412834933329592, 7.368073148708471 ], [ 80.412844311329579, 7.368095601708434 ], [ 80.412863952329545, 7.368130126708379 ], [ 80.412894625329443, 7.368184042708323 ], [ 80.412907501329457, 7.368206676708298 ], [ 80.412999435329255, 7.368340743708107 ], [ 80.413120102328961, 7.368511204707929 ], [ 80.413224841328699, 7.368661667707691 ], [ 80.413252847328621, 7.368701902707675 ], [ 80.413256090328673, 7.368706560707633 ], [ 80.413256961328656, 7.368708470707666 ], [ 80.413303861328515, 7.368811330707514 ], [ 80.413305858328528, 7.368815709707524 ], [ 80.413306872328491, 7.368821299707518 ], [ 80.413321131328473, 7.368899947707422 ], [ 80.413321777328449, 7.368904328707414 ], [ 80.413326112328477, 7.368933697707382 ], [ 80.41334387732843, 7.369054070707261 ], [ 80.413344017328427, 7.369055015707265 ], [ 80.413346483328425, 7.369126956707167 ], [ 80.41334762832841, 7.369160342707114 ], [ 80.413348276328378, 7.369179260707116 ], [ 80.413350398328376, 7.36924119170705 ], [ 80.413352588328422, 7.369271095706994 ], [ 80.413358460328382, 7.369351264706895 ], [ 80.413359978328387, 7.369357539706864 ], [ 80.413366834328357, 7.369385868706862 ], [ 80.413382350328334, 7.369449984706759 ], [ 80.413393353328303, 7.36947916370675 ], [ 80.413442146328151, 7.369608551706599 ], [ 80.413473835328105, 7.369703710706492 ], [ 80.413507902328021, 7.369806005706343 ], [ 80.413518839328006, 7.36984763070629 ], [ 80.413552708327927, 7.369976524706134 ], [ 80.413557116327894, 7.369996649706105 ], [ 80.413579409327809, 7.370098419705998 ], [ 80.413579574327827, 7.370099174705971 ], [ 80.413586438327798, 7.370229020705874 ], [ 80.413588428327799, 7.370266674705809 ], [ 80.413590089327769, 7.370321132705767 ], [ 80.413591543327811, 7.370368782705713 ], [ 80.413594267327781, 7.370458098705568 ], [ 80.413614991327705, 7.370537456705466 ], [ 80.413645046327645, 7.37065254970536 ], [ 80.413662456327629, 7.370713567705289 ], [ 80.413663554327599, 7.37071741570529 ], [ 80.413670251327574, 7.370740884705243 ], [ 80.413701510327527, 7.370850428705111 ], [ 80.413722727327468, 7.370924787705018 ], [ 80.413753738327358, 7.371017905704898 ], [ 80.413758403327364, 7.371031912704884 ], [ 80.413788484327313, 7.371122240704773 ], [ 80.413824256327246, 7.371186639704691 ], [ 80.413860834327139, 7.371252488704617 ], [ 80.413897411327085, 7.371318336704558 ], [ 80.413908158327018, 7.371337684704497 ], [ 80.413916387327006, 7.371359919704491 ], [ 80.41392380132703, 7.371379950704488 ], [ 80.413954522326904, 7.371462957704386 ], [ 80.41396795132691, 7.371499242704306 ], [ 80.41398650132686, 7.37156321470425 ], [ 80.413994843326847, 7.371591982704209 ], [ 80.414008109326801, 7.371726053704045 ], [ 80.414011248326801, 7.371757773704043 ], [ 80.414011821326767, 7.37178662070396 ], [ 80.414012642326782, 7.371827943703919 ], [ 80.41401493532679, 7.371943453703787 ], [ 80.414028338326702, 7.372030884703681 ], [ 80.414041641326691, 7.372117667703606 ], [ 80.414055334326662, 7.37219263270353 ], [ 80.414068154326628, 7.372262814703449 ], [ 80.414112280326492, 7.372504391703164 ], [ 80.414112890326535, 7.372529555703094 ], [ 80.41411784832647, 7.3727340997029 ], [ 80.414119707326464, 7.372753066702839 ], [ 80.414125252326485, 7.372809686702782 ], [ 80.414134647326392, 7.372905594702662 ], [ 80.414144476326385, 7.37300593670254 ], [ 80.414147288326376, 7.373079766702475 ], [ 80.414150026326382, 7.37315162070239 ], [ 80.414150939326348, 7.373175591702383 ], [ 80.414151988326395, 7.373203104702314 ], [ 80.414130866326389, 7.373320633702201 ], [ 80.414113464326391, 7.373417464702099 ], [ 80.414107508326424, 7.373445994702075 ], [ 80.414085665326496, 7.37355063670196 ], [ 80.414071116326511, 7.373620335701871 ], [ 80.414070897326496, 7.373635982701851 ], [ 80.414070481326519, 7.37366573770183 ], [ 80.414070201326524, 7.373685738701803 ], [ 80.414069081326474, 7.373765812701697 ], [ 80.414085505326454, 7.373861344701574 ], [ 80.414107342326361, 7.373988361701432 ], [ 80.414080644326404, 7.374035562701351 ], [ 80.413704022327195, 7.374701387700705 ], [ 80.413689195327251, 7.374727024700641 ], [ 80.413689045327246, 7.374727283700628 ], [ 80.413636909327323, 7.374817428700537 ], [ 80.413539910327515, 7.374985144700384 ], [ 80.413529641327528, 7.375002900700333 ], [ 80.413436556327696, 7.375163847700207 ], [ 80.413419699327733, 7.375192994700144 ], [ 80.413418361327729, 7.375195307700177 ], [ 80.413400470327801, 7.375226242700136 ], [ 80.413339088327902, 7.375332373700012 ], [ 80.413312011328003, 7.375379189699968 ], [ 80.413265716328084, 7.375459236699869 ], [ 80.413202831328178, 7.375567967699765 ], [ 80.412889365328837, 7.376109959699157 ], [ 80.412593300329362, 7.37677669569846 ], [ 80.412338036329885, 7.377351546697851 ], [ 80.412000979330543, 7.377908352697228 ], [ 80.411746945331075, 7.378328007696814 ], [ 80.411427583331673, 7.378855579696265 ], [ 80.411124798332324, 7.379346924695754 ], [ 80.410973168332603, 7.37959298269545 ], [ 80.41087412133281, 7.379753710695311 ], [ 80.41084401033288, 7.379802574695262 ], [ 80.410775075333007, 7.379914438695168 ], [ 80.410767670333001, 7.379926453695137 ], [ 80.410674135333167, 7.38007823869499 ], [ 80.410589020333347, 7.380216357694827 ], [ 80.410458628333643, 7.380456238694538 ], [ 80.410141655334286, 7.381039367693926 ], [ 80.409958853334601, 7.381375664693564 ], [ 80.40992130333467, 7.381467456693491 ], [ 80.409852663334803, 7.381635250693304 ], [ 80.409774232334996, 7.381853065693052 ], [ 80.409727077335077, 7.381992282692926 ], [ 80.409679923335133, 7.382131499692744 ], [ 80.409638132335232, 7.38225488169263 ], [ 80.409316912335839, 7.38320322869161 ], [ 80.40922217033598, 7.383482936691295 ], [ 80.407910450338704, 7.38436989569044 ], [ 80.407879109338765, 7.384391087690443 ], [ 80.406915559340774, 7.384975477689957 ], [ 80.406775940341078, 7.385060155689828 ], [ 80.406304088342097, 7.385245635689709 ], [ 80.406088058342505, 7.385330555689658 ], [ 80.405864784343024, 7.385418321689571 ], [ 80.405599507343538, 7.38552525168951 ], [ 80.405272369344246, 7.385657116689427 ], [ 80.405212079344338, 7.385717201689338 ], [ 80.405161325344466, 7.385843560689233 ], [ 80.405110792344573, 7.385969366689065 ], [ 80.405110709344527, 7.386070266688961 ], [ 80.405110626344566, 7.386171165688856 ], [ 80.405120065344519, 7.386208991688796 ], [ 80.405072577344626, 7.386253080688723 ], [ 80.404786043345212, 7.38651910568849 ], [ 80.40458585734558, 7.386739492688287 ], [ 80.403755099347364, 7.386700092688467 ], [ 80.403219259348504, 7.386761540688483 ], [ 80.402698953349599, 7.386869631688404 ], [ 80.402520310349999, 7.386869484688451 ], [ 80.402170861350754, 7.386977716688381 ], [ 80.40178243835156, 7.387140175688282 ], [ 80.401480657352167, 7.387222082688219 ], [ 80.401355268352432, 7.387256114688171 ], [ 80.401342598352471, 7.387262804688186 ], [ 80.401223280352752, 7.387325808688161 ], [ 80.400873669353416, 7.387627765687842 ], [ 80.400866061353454, 7.387638746687831 ], [ 80.400492707354232, 7.388177685687243 ], [ 80.400399492354424, 7.388262955687213 ], [ 80.399886704355467, 7.38851828668695 ], [ 80.399397472356483, 7.388703834686866 ], [ 80.399001352357331, 7.388757764686845 ], [ 80.398333640358743, 7.388749434686943 ], [ 80.398178267359086, 7.388850053686875 ], [ 80.397875225359726, 7.389152189686592 ], [ 80.397713357360033, 7.389263398686447 ], [ 80.397649879360159, 7.389307010686418 ], [ 80.397433327360616, 7.389518107686245 ], [ 80.397292438360878, 7.389655447686091 ], [ 80.397036019361437, 7.389895447685874 ], [ 80.396740697362048, 7.390104469685656 ], [ 80.396701898362139, 7.390119980685661 ], [ 80.396543393362478, 7.39027145268548 ], [ 80.396512350362485, 7.390291750685445 ], [ 80.396476630362599, 7.390325369685435 ], [ 80.396305689362933, 7.390445210685336 ], [ 80.39577746036403, 7.39070829568509 ], [ 80.395458181364702, 7.391043629684757 ], [ 80.395202369365236, 7.391312305684505 ], [ 80.395101380365432, 7.391382024684447 ], [ 80.394837285366009, 7.391490321684365 ], [ 80.394379095366943, 7.391621630684273 ], [ 80.394125256367488, 7.391733189684186 ], [ 80.394114993367538, 7.391737699684179 ], [ 80.393971384367802, 7.391843784684105 ], [ 80.393664274368462, 7.392070651683874 ], [ 80.393617643368515, 7.392140275683791 ], [ 80.393578849368623, 7.392148013683815 ], [ 80.393536050368681, 7.392206193683751 ], [ 80.393306862369158, 7.39238036868357 ], [ 80.393120368369551, 7.39262042468332 ], [ 80.392879401370081, 7.392829489683153 ], [ 80.39277149737029, 7.392937140683053 ], [ 80.392230550371323, 7.39392509468198 ], [ 80.391860416372069, 7.394675154681154 ], [ 80.391534199372714, 7.395336216680446 ], [ 80.390958372373888, 7.395957836679824 ], [ 80.390095144375692, 7.396292082679603 ], [ 80.389851501376242, 7.396257934679687 ], [ 80.38957983837679, 7.396219858679764 ], [ 80.389231771377538, 7.396187387679858 ], [ 80.389161854377718, 7.396180864679853 ], [ 80.389094050377835, 7.396174538679867 ], [ 80.388689789378731, 7.396136824680001 ], [ 80.388285529379559, 7.39609911068008 ], [ 80.388044279380082, 7.396067489680153 ], [ 80.38773426738075, 7.396026854680296 ], [ 80.387120785382081, 7.395792104680664 ], [ 80.386919536382521, 7.395715095680786 ], [ 80.386413426383641, 7.395550531681016 ], [ 80.386067795384363, 7.395438146681234 ], [ 80.385517654385566, 7.395259263681543 ], [ 80.384822802387035, 7.394923679682015 ], [ 80.384639392387456, 7.394865454682133 ], [ 80.383840282389173, 7.394611769682536 ], [ 80.383241145390485, 7.39446768468281 ], [ 80.382306444392484, 7.394299377683127 ], [ 80.381815731393559, 7.394266561683264 ], [ 80.381749698393648, 7.394262146683243 ], [ 80.380856314395572, 7.394202399683492 ], [ 80.380814196395718, 7.394198451683471 ], [ 80.380317164396772, 7.394151858683627 ], [ 80.380238523396912, 7.394144487683664 ], [ 80.379825669397817, 7.394105784683744 ], [ 80.378627316400369, 7.393913312684183 ], [ 80.377860707402007, 7.3934101626849 ], [ 80.376998346403937, 7.392763361685767 ], [ 80.376465201405097, 7.39226576868645 ], [ 80.376389528405298, 7.392195141686532 ], [ 80.376313151405427, 7.392235008686493 ], [ 80.376141693405785, 7.392104367686681 ], [ 80.376052135406027, 7.392068629686722 ], [ 80.375380273407501, 7.391706737687247 ], [ 80.375117741408047, 7.391565325687446 ], [ 80.37432693440978, 7.39132534868787 ], [ 80.373200610412169, 7.391013288688407 ], [ 80.372635307413404, 7.39086135168868 ], [ 80.372218065414287, 7.390749209688844 ], [ 80.372061722414657, 7.390719338688923 ], [ 80.371386563416081, 7.390590340689141 ], [ 80.37130554241628, 7.390574859689182 ], [ 80.370959843417012, 7.390508807689352 ], [ 80.370816136417304, 7.390473895689421 ], [ 80.370279180418507, 7.390343446689621 ], [ 80.369378155420435, 7.390124548689999 ], [ 80.368931956421378, 7.390007926690258 ], [ 80.368731112421798, 7.389956472690334 ], [ 80.368131944423084, 7.389860221690542 ], [ 80.367886398423636, 7.389783382690644 ], [ 80.367748529423906, 7.38974023869075 ], [ 80.367053567425415, 7.389548189691062 ], [ 80.366358543426927, 7.389427922691313 ], [ 80.366152822427381, 7.389361709691457 ], [ 80.365687575428353, 7.389211967691684 ], [ 80.36492077143005, 7.38894806869211 ], [ 80.363795804432485, 7.388585818692682 ], [ 80.363483371433119, 7.388499476692859 ], [ 80.363469475433178, 7.388486353692842 ], [ 80.363409525433312, 7.388480191692884 ], [ 80.363291242433576, 7.388468033692913 ], [ 80.362633258434997, 7.388279722693252 ], [ 80.362284762435735, 7.388179983693417 ], [ 80.361761670436834, 7.388016706693675 ], [ 80.361362179437691, 7.387892009693886 ], [ 80.360355680439895, 7.387627881694391 ], [ 80.360274423440046, 7.38760405969443 ], [ 80.360132042440355, 7.387562319694474 ], [ 80.359594061441541, 7.387404603694744 ], [ 80.359373175441988, 7.387339848694876 ], [ 80.359290306442205, 7.38731757269488 ], [ 80.359262663442252, 7.387310141694916 ], [ 80.358940631442948, 7.387223578695044 ], [ 80.358390648444157, 7.38707573969534 ], [ 80.358211321444529, 7.387011292695445 ], [ 80.357623112445808, 7.386799900695743 ], [ 80.357456129446192, 7.38673989069587 ], [ 80.357038406447089, 7.386621736696068 ], [ 80.356437674448401, 7.386451817696327 ], [ 80.356035582449252, 7.386256090696616 ], [ 80.355551187450303, 7.386020300696984 ], [ 80.354826382451847, 7.386079912697067 ], [ 80.35468820245211, 7.386091277697053 ], [ 80.353542755454541, 7.386202926697127 ], [ 80.353061308455608, 7.386249852697133 ], [ 80.352986180455787, 7.386257175697114 ], [ 80.35258592045659, 7.386272781697194 ], [ 80.35196703645795, 7.386296909697276 ], [ 80.351875634458139, 7.386300473697282 ], [ 80.351787637458273, 7.386303904697272 ], [ 80.351735929458414, 7.386307541697298 ], [ 80.351684569458527, 7.386311155697283 ], [ 80.351452034459015, 7.38632751569732 ], [ 80.350865623460294, 7.38638549469731 ], [ 80.350013702462121, 7.386469723697387 ], [ 80.349446744463293, 7.386525777697383 ], [ 80.349207459463827, 7.386549434697381 ], [ 80.348575368465163, 7.38661192669745 ], [ 80.347760436466899, 7.386563298697636 ], [ 80.347754304466903, 7.38655648269765 ], [ 80.347749591466908, 7.386593838697612 ], [ 80.347548385467334, 7.386602988697621 ], [ 80.347376871467716, 7.386610788697631 ], [ 80.347040203468438, 7.386657511697657 ], [ 80.346178214470285, 7.386777137697612 ], [ 80.346108362470417, 7.386782172697634 ], [ 80.345506395471673, 7.386825562697712 ], [ 80.345484360471744, 7.386827151697678 ], [ 80.34519537847234, 7.386847981697684 ], [ 80.344758754473304, 7.38659837369805 ], [ 80.344524586473796, 7.386464505698265 ], [ 80.34443163447402, 7.38635666269838 ], [ 80.344296553474322, 7.386199945698601 ], [ 80.344244171474486, 7.386139172698708 ], [ 80.344165611474637, 7.38586597969904 ], [ 80.34379687247548, 7.385205107699836 ], [ 80.343767266475552, 7.385152045699892 ], [ 80.343742729475593, 7.385093292699948 ], [ 80.343675012475785, 7.384931147700152 ], [ 80.34355555447604, 7.384645104700547 ], [ 80.343378557476498, 7.383913218701373 ], [ 80.343364555476512, 7.383855322701457 ], [ 80.343340567476588, 7.38351842270187 ], [ 80.34333220047661, 7.383400923702016 ], [ 80.343331159476648, 7.383393343701973 ], [ 80.343306969476686, 7.383043467702405 ], [ 80.343293613476789, 7.382850308702644 ], [ 80.343179805477035, 7.382241178703377 ], [ 80.343150532477111, 7.382084500703509 ], [ 80.343160648477095, 7.381837974703839 ], [ 80.343175078477131, 7.381486342704193 ], [ 80.343316297476846, 7.381264231704454 ], [ 80.343631192476195, 7.38076896170499 ], [ 80.344205995475022, 7.380223545705501 ], [ 80.344386923474659, 7.380051867705656 ], [ 80.344889600473621, 7.379657296706076 ], [ 80.345178516472998, 7.379430514706261 ], [ 80.346041992471214, 7.378833155706826 ], [ 80.346474100470303, 7.37845645370721 ], [ 80.346809656469645, 7.378163923707466 ], [ 80.347083097469081, 7.377943885707666 ], [ 80.347433341468346, 7.377662042707956 ], [ 80.347865132467433, 7.37730354370828 ], [ 80.348017924467158, 7.376847422708768 ], [ 80.348035538467101, 7.376785318708842 ], [ 80.348116001467005, 7.376187241709511 ], [ 80.348118384466986, 7.37616952670958 ], [ 80.348129957466966, 7.376083503709623 ], [ 80.348192949466906, 7.375604948710195 ], [ 80.348218564466819, 7.375585228710203 ], [ 80.34829310146668, 7.375225557710589 ], [ 80.348551341466248, 7.374439558711498 ], [ 80.348653095466005, 7.374129850711806 ], [ 80.348659146466019, 7.374121966711802 ], [ 80.348923218465472, 7.373691525712264 ], [ 80.349272997464794, 7.373226884712737 ], [ 80.349669734463959, 7.372699867713312 ], [ 80.349700580463917, 7.37265889171337 ], [ 80.349707467463887, 7.372662538713337 ], [ 80.349895286463536, 7.372304660713732 ], [ 80.350118029463076, 7.371938555714107 ], [ 80.350375415462565, 7.371515512714541 ], [ 80.350519660462268, 7.371061029715044 ], [ 80.350663904462024, 7.370606547715538 ], [ 80.35069551546195, 7.370496494715702 ], [ 80.350706787461945, 7.370457249715704 ], [ 80.35085628946166, 7.369936762716324 ], [ 80.351181090461111, 7.368644995717758 ], [ 80.351237449460996, 7.368463833717914 ], [ 80.351284047460894, 7.368314043718115 ], [ 80.351493634460525, 7.367640342718873 ], [ 80.351734112460036, 7.366803112719801 ], [ 80.351843103459828, 7.366423656720201 ], [ 80.352070779459424, 7.365630990721086 ], [ 80.352370429458915, 7.364534260722273 ], [ 80.352371424458909, 7.364530616722273 ], [ 80.352401762458825, 7.364384210722438 ], [ 80.352444433458771, 7.364178285722677 ], [ 80.352522635458655, 7.363800898723082 ], [ 80.352539969458562, 7.363717245723185 ], [ 80.352852507457996, 7.362712591724313 ], [ 80.352923953457918, 7.362460619724589 ], [ 80.352946146457825, 7.362382352724687 ], [ 80.353030489457694, 7.362084899724985 ], [ 80.353117037457551, 7.361779673725361 ], [ 80.353177580457384, 7.361598923725532 ], [ 80.353429505456958, 7.360846800726373 ], [ 80.35348247345685, 7.360340274726966 ], [ 80.353338904457203, 7.360088913727237 ], [ 80.353326101457256, 7.359898835727456 ], [ 80.353316312457281, 7.359753509727637 ], [ 80.353235437457428, 7.359689648727719 ], [ 80.35328701645733, 7.359434955728011 ], [ 80.353551565456854, 7.358478110729058 ], [ 80.353558352456872, 7.358448128729093 ], [ 80.353560298456856, 7.358439533729105 ], [ 80.35361984245678, 7.358176494729396 ], [ 80.35363779145672, 7.358097204729511 ], [ 80.353662135456673, 7.357989663729645 ], [ 80.353768177456516, 7.357521220730131 ], [ 80.353735589456591, 7.357225918730494 ], [ 80.353728116456637, 7.357158200730602 ], [ 80.353720644456601, 7.35709048273066 ], [ 80.353703639456683, 7.357075365730704 ], [ 80.353489244457165, 7.356884761730944 ], [ 80.353486440457132, 7.356882269730928 ], [ 80.353416475457337, 7.356820066731039 ], [ 80.353385101457391, 7.356792174731029 ], [ 80.35333654645747, 7.356749007731084 ], [ 80.353289571457609, 7.356707244731186 ], [ 80.352482824459329, 7.35643795073161 ], [ 80.351492507461487, 7.356107380732136 ], [ 80.350510190463595, 7.355699693732756 ], [ 80.349830049465098, 7.355472657733169 ], [ 80.349575719465633, 7.35538776073329 ], [ 80.349204336466457, 7.355255810733479 ], [ 80.348832952467262, 7.355123860733721 ], [ 80.348011232468991, 7.354922516734086 ], [ 80.347934798469183, 7.354903787734138 ], [ 80.347754630469581, 7.354859641734169 ], [ 80.347452012470256, 7.354754747734392 ], [ 80.347338200470446, 7.354715297734428 ], [ 80.347294858470576, 7.354700274734449 ], [ 80.347167106470835, 7.354655992734541 ], [ 80.347019998471183, 7.35455124073466 ], [ 80.346339338472674, 7.354303419735043 ], [ 80.346179475472979, 7.35424521473517 ], [ 80.346140669473044, 7.354210558735199 ], [ 80.345801950473842, 7.354092116735417 ], [ 80.345723957474021, 7.35406668573542 ], [ 80.34557442747429, 7.354017926735517 ], [ 80.345465755474507, 7.353982492735593 ], [ 80.344771637476057, 7.353756155735949 ], [ 80.344497240476642, 7.353660583736083 ], [ 80.343669467478421, 7.353372268736578 ], [ 80.343288982479251, 7.353237077736762 ], [ 80.342926707480061, 7.353108357737011 ], [ 80.342693958480552, 7.353015158737163 ], [ 80.342088145481867, 7.352772574737505 ], [ 80.341865339482354, 7.352603067737732 ], [ 80.34148795148316, 7.352315957738135 ], [ 80.341384477483402, 7.35223723573823 ], [ 80.341237899483716, 7.352125721738417 ], [ 80.340829890484656, 7.351682132739009 ], [ 80.340702788484947, 7.351543946739172 ], [ 80.340687211484962, 7.351527010739183 ], [ 80.340623883485094, 7.351406611739366 ], [ 80.340538876485311, 7.35124499573955 ], [ 80.340492547485411, 7.35115691573965 ], [ 80.340484769485442, 7.35114212873967 ], [ 80.340447969485496, 7.351072162739746 ], [ 80.340454333485496, 7.35085111574003 ], [ 80.340460726485531, 7.350629048740247 ], [ 80.340465081485533, 7.350477786740447 ], [ 80.340472767485537, 7.350210802740751 ], [ 80.340689425485152, 7.349229992741857 ], [ 80.340725521485069, 7.349076781742029 ], [ 80.341134652484371, 7.347340165743957 ], [ 80.341255020484155, 7.346789953744559 ], [ 80.341302962484079, 7.34654236474487 ], [ 80.341413464483864, 7.345971678745506 ], [ 80.34147793548378, 7.34563872074588 ], [ 80.341495895483732, 7.345545964745969 ], [ 80.341551201483696, 7.345118558746423 ], [ 80.341551658483681, 7.345115027746427 ], [ 80.341616631483546, 7.344612916746993 ], [ 80.341775800483276, 7.344078505747594 ], [ 80.341791570483238, 7.344025555747653 ], [ 80.341808992483195, 7.343967063747726 ], [ 80.341824216483147, 7.343950298747745 ], [ 80.341889169483068, 7.343878765747832 ], [ 80.342077014482655, 7.343671896748031 ], [ 80.342264859482313, 7.343465026748241 ], [ 80.342274662482239, 7.343460145748251 ], [ 80.342462410481872, 7.343366652748319 ], [ 80.342888316480938, 7.343154566748512 ], [ 80.343159712480386, 7.343010782748595 ], [ 80.344015364478608, 7.342557459748988 ], [ 80.34460651247737, 7.342215541749288 ], [ 80.344758770477057, 7.342127475749376 ], [ 80.345450108475589, 7.34172958274971 ], [ 80.345837902474784, 7.341506390749939 ], [ 80.346093186474306, 7.341243811750163 ], [ 80.346474830473497, 7.340851263750574 ], [ 80.346581623473256, 7.340741420750665 ], [ 80.347061607472313, 7.34007191075139 ], [ 80.34707679147229, 7.340065673751361 ], [ 80.347301577471811, 7.339761081751713 ], [ 80.347367356471722, 7.339673696751777 ], [ 80.347742475470952, 7.339175356752308 ], [ 80.347805527470811, 7.339091592752387 ], [ 80.347829709470773, 7.338864306752665 ], [ 80.347853893470713, 7.338637019752892 ], [ 80.347684725471112, 7.33820422075341 ], [ 80.347638707471233, 7.338086487753587 ], [ 80.34734403147192, 7.337496727754288 ], [ 80.34733008747196, 7.337468822754354 ], [ 80.347243993472176, 7.33729651475456 ], [ 80.347126824472426, 7.337073192754829 ], [ 80.347121239472443, 7.337062547754815 ], [ 80.347001461472715, 7.336834254755132 ], [ 80.346971866472785, 7.336777846755166 ], [ 80.346952110472856, 7.336740190755251 ], [ 80.346741589473297, 7.336338946755758 ], [ 80.346670081473547, 7.335581754756611 ], [ 80.346646674473604, 7.335333908756916 ], [ 80.346636119473629, 7.335247174756988 ], [ 80.346503982474019, 7.334161336758264 ], [ 80.346489762474022, 7.334146667758294 ], [ 80.345737785475706, 7.333371007759323 ], [ 80.34525178247678, 7.332927778759925 ], [ 80.34492361147754, 7.332628489760331 ], [ 80.344253263479004, 7.331862179761305 ], [ 80.344120582479334, 7.331712339761491 ], [ 80.34351108748065, 7.33102401776241 ], [ 80.343376820480984, 7.330944055762495 ], [ 80.343233227481292, 7.330858539762609 ], [ 80.342794805482242, 7.33059743976299 ], [ 80.342505048482849, 7.330424874763226 ], [ 80.342058363483829, 7.330320371763424 ], [ 80.342002896483976, 7.330307394763467 ], [ 80.341952259484046, 7.330214231763613 ], [ 80.341939219484104, 7.330190237763639 ], [ 80.341901624484208, 7.330121066763716 ], [ 80.341851832484281, 7.330082327763781 ], [ 80.341585330484889, 7.329874981764037 ], [ 80.341582185484896, 7.329869737764022 ], [ 80.341442745485224, 7.329637218764312 ], [ 80.341347796485422, 7.329478886764547 ], [ 80.341267794485603, 7.329345479764693 ], [ 80.341011044486166, 7.328917340765225 ], [ 80.340952252486304, 7.328770194765445 ], [ 80.340892059486492, 7.328619536765576 ], [ 80.340856726486535, 7.328601857765606 ], [ 80.340855472486552, 7.328599649765652 ], [ 80.340721582486907, 7.328269712766049 ], [ 80.340495351487419, 7.32778563276661 ], [ 80.34016621948814, 7.327081365767476 ], [ 80.340027974488493, 7.326785554767841 ], [ 80.339674267489272, 7.326107141768672 ], [ 80.339453833489813, 7.325684347769225 ], [ 80.338927536490985, 7.324678895770455 ], [ 80.338709935491522, 7.324277787770954 ], [ 80.338472979492082, 7.323841001771532 ], [ 80.338448695492133, 7.323833845771504 ], [ 80.338449037492097, 7.323817052771537 ], [ 80.337922443493284, 7.323122652772439 ], [ 80.337397962494492, 7.322378334773393 ], [ 80.337396770494479, 7.322376643773372 ], [ 80.33727449049475, 7.322203108773607 ], [ 80.337228410494845, 7.322093109773729 ], [ 80.336821513495821, 7.321542388774457 ], [ 80.336652427496176, 7.321304032774749 ], [ 80.336625948496248, 7.321266706774758 ], [ 80.336555058496401, 7.32116677377494 ], [ 80.336436540496635, 7.320999700775152 ], [ 80.336351314496881, 7.320879559775277 ], [ 80.33616167149728, 7.320939681775223 ], [ 80.335815781497999, 7.321065529775171 ], [ 80.335668742498299, 7.321112827775114 ], [ 80.335389206498903, 7.321202745775069 ], [ 80.335143100499394, 7.321292288775002 ], [ 80.335043317499611, 7.32132859377496 ], [ 80.334651276500438, 7.321465842774902 ], [ 80.334515346500723, 7.321511540774819 ], [ 80.334083808501646, 7.321656617774738 ], [ 80.333890608502045, 7.321721568774703 ], [ 80.33369508250243, 7.321776264774683 ], [ 80.333315256503255, 7.321882517774633 ], [ 80.332656932504605, 7.322210340774325 ], [ 80.332308174505371, 7.322384009774174 ], [ 80.331876625506297, 7.322539115774087 ], [ 80.331631760506809, 7.322591101774079 ], [ 80.33117545950779, 7.322687975774052 ], [ 80.330667484508879, 7.322782774773981 ], [ 80.33013226751001, 7.322882655773991 ], [ 80.329419426511507, 7.323182744773764 ], [ 80.329415627511509, 7.323185045773763 ], [ 80.328364268513667, 7.323821761773168 ], [ 80.327806792514863, 7.324078430772975 ], [ 80.327284373515951, 7.324445935772622 ], [ 80.326854891516831, 7.324719629772414 ], [ 80.325986544518656, 7.325272995771883 ], [ 80.325545872519555, 7.325492904771708 ], [ 80.324890725520973, 7.325819843771426 ], [ 80.324065882522731, 7.326211431771125 ], [ 80.323883849523071, 7.326304439771067 ], [ 80.323514367523828, 7.3264932237709 ], [ 80.323405953524102, 7.326574146770807 ], [ 80.323024970524884, 7.32685851477054 ], [ 80.322768446525401, 7.32704998577035 ], [ 80.3217973375274, 7.327506025769998 ], [ 80.321313042528459, 7.327673032769901 ], [ 80.321202552528689, 7.327711200769878 ], [ 80.320798035529549, 7.327850936769774 ], [ 80.320560225530073, 7.327933084769716 ], [ 80.320540635530094, 7.327939326769692 ], [ 80.320335132530502, 7.32800481076965 ], [ 80.319886544531457, 7.328147754769563 ], [ 80.319734149531797, 7.328201990769512 ], [ 80.319524515532251, 7.32827659776951 ], [ 80.319280123532764, 7.328329466769486 ], [ 80.319227263532881, 7.328340902769446 ], [ 80.318891714533606, 7.328354921769478 ], [ 80.318683204533997, 7.328354711769516 ], [ 80.31854181453437, 7.328340212769582 ], [ 80.318405272534648, 7.328273078769672 ], [ 80.318295105534887, 7.328194007769769 ], [ 80.31823177053505, 7.32809030476992 ], [ 80.318216145535075, 7.328064720769938 ], [ 80.318149196535188, 7.327909126770146 ], [ 80.318089480535349, 7.32771046977039 ], [ 80.318025508535541, 7.327436803770718 ], [ 80.317910403535791, 7.32704511277119 ], [ 80.317906280535823, 7.327031141771158 ], [ 80.317779036536109, 7.32659993277168 ], [ 80.317687274536326, 7.32631593877205 ], [ 80.317645242536415, 7.326185856772205 ], [ 80.317367969537074, 7.325455795773083 ], [ 80.317367636537071, 7.325454988773089 ], [ 80.317143236537632, 7.324910028773744 ], [ 80.317064432537819, 7.324627607774074 ], [ 80.316973672538069, 7.324318854774496 ], [ 80.316854326538333, 7.324015247774828 ], [ 80.316796776538453, 7.323868843775045 ], [ 80.316679588538747, 7.323624667775319 ], [ 80.316670608538757, 7.323605905775319 ], [ 80.316433255539309, 7.323109981775976 ], [ 80.316407895539356, 7.323057126776011 ], [ 80.316258669539693, 7.322746111776429 ], [ 80.31600741054028, 7.322363021776895 ], [ 80.315939273540408, 7.322253439777042 ], [ 80.315788253540774, 7.322010562777343 ], [ 80.315653754541088, 7.321804201777562 ], [ 80.315244513541998, 7.321229533778338 ], [ 80.315061749542423, 7.321090702778513 ], [ 80.314856558542857, 7.320934834778744 ], [ 80.314739021543105, 7.32088645277878 ], [ 80.314369513543895, 7.320734352779032 ], [ 80.314209738544264, 7.320668585779111 ], [ 80.313483706545853, 7.320524284779419 ], [ 80.313466169545876, 7.320523328779416 ], [ 80.313081094546689, 7.320502339779499 ], [ 80.312556144547813, 7.320587943779472 ], [ 80.312521101547915, 7.320603273779461 ], [ 80.312081398548813, 7.320795626779355 ], [ 80.311567412549891, 7.321132587779005 ], [ 80.311239614550587, 7.321347484778851 ], [ 80.311043329550969, 7.321521613778694 ], [ 80.310840987551416, 7.321701116778493 ], [ 80.310446238552217, 7.322051306778159 ], [ 80.310188929552751, 7.322279570777919 ], [ 80.310116240552929, 7.322306221777891 ], [ 80.309778949553646, 7.322429891777846 ], [ 80.309606376553972, 7.322444071777856 ], [ 80.309405095554411, 7.322407974777908 ], [ 80.309394071554436, 7.322402289777902 ], [ 80.309369731554511, 7.322389739777967 ], [ 80.309316412554608, 7.322362247777995 ], [ 80.309256644554765, 7.322331430778002 ], [ 80.309208109554859, 7.322306406778068 ], [ 80.309167954554923, 7.322285701778104 ], [ 80.309082822555112, 7.322220183778207 ], [ 80.308981164555348, 7.322141946778292 ], [ 80.308858760555594, 7.322028236778448 ], [ 80.308754181555841, 7.321931085778544 ], [ 80.308753538555877, 7.321930488778546 ], [ 80.308679477556026, 7.321861687778645 ], [ 80.308255806556957, 7.32134442377931 ], [ 80.308021628557512, 7.321097129779675 ], [ 80.30799725155758, 7.321071387779655 ], [ 80.307983622557586, 7.321058092779705 ], [ 80.307738538558098, 7.32081903378 ], [ 80.307709945558202, 7.320791143780076 ], [ 80.307314791559079, 7.320510787780449 ], [ 80.306912425559958, 7.320251958780794 ], [ 80.306672418560481, 7.320137874781005 ], [ 80.306342852561201, 7.319981218781239 ], [ 80.306319229561254, 7.319969725781214 ], [ 80.306009286561917, 7.319818941781468 ], [ 80.305855876562276, 7.319751262781581 ], [ 80.305487951563038, 7.319613266781768 ], [ 80.305031514564064, 7.319442071782038 ], [ 80.304459561565281, 7.319211179782405 ], [ 80.303877683566569, 7.318926636782866 ], [ 80.303688451566956, 7.318860753782927 ], [ 80.303062747568362, 7.318642907783278 ], [ 80.302895425568678, 7.318584652783377 ], [ 80.301835255571007, 7.318266513783917 ], [ 80.300716394573442, 7.317924382784528 ], [ 80.299762844575469, 7.317636257785026 ], [ 80.299742510575527, 7.317631131785014 ], [ 80.29890508557736, 7.317420014785398 ], [ 80.2985567465781, 7.317365205785515 ], [ 80.298220399578838, 7.31731228278563 ], [ 80.29780282757973, 7.317246580785747 ], [ 80.297458324580489, 7.31716976778593 ], [ 80.297082855581266, 7.317086051786085 ], [ 80.296940250581599, 7.31705425478612 ], [ 80.296612009582333, 7.316996232786283 ], [ 80.296049518583558, 7.316896801786462 ], [ 80.295823641583993, 7.316856873786565 ], [ 80.295480037584781, 7.316783616786713 ], [ 80.295029252585735, 7.316687508786861 ], [ 80.294923708585955, 7.316660000786952 ], [ 80.294551388586768, 7.316562029787127 ], [ 80.294502753586897, 7.316549232787134 ], [ 80.29409360758774, 7.31644157178731 ], [ 80.293571419588872, 7.316304164787545 ], [ 80.292411771591404, 7.316015806788085 ], [ 80.291789242592756, 7.315907487788326 ], [ 80.291553947593286, 7.315866545788414 ], [ 80.291173979594092, 7.315783653788549 ], [ 80.291080752594269, 7.315763315788574 ], [ 80.29102325159441, 7.315750771788639 ], [ 80.291004848594454, 7.315746756788645 ], [ 80.290911630594636, 7.31572641978866 ], [ 80.290741385595013, 7.315689279788714 ], [ 80.290561987595396, 7.3156501427888 ], [ 80.290549858595398, 7.315647150788784 ], [ 80.289685064597265, 7.315433861789189 ], [ 80.289107956598571, 7.315268877789493 ], [ 80.28858979659968, 7.315120744789768 ], [ 80.288391299600121, 7.315063997789834 ], [ 80.287605423601818, 7.314871737790181 ], [ 80.287505485602011, 7.314857604790232 ], [ 80.286718820603696, 7.314746362790492 ], [ 80.285988073605324, 7.314661042790727 ], [ 80.285932837605458, 7.314654592790743 ], [ 80.28543995960645, 7.314700734790741 ], [ 80.284919158607565, 7.314915228790557 ], [ 80.284753357607912, 7.31498351479055 ], [ 80.284694911608014, 7.315006503790532 ], [ 80.283952553609623, 7.315298487790319 ], [ 80.28312818661135, 7.315746255789889 ], [ 80.282950184611721, 7.315842940789832 ], [ 80.28216368461338, 7.3162249207895 ], [ 80.28145889261485, 7.316401214789442 ], [ 80.280082925617791, 7.3166916267893 ], [ 80.279214975619638, 7.317055603789028 ], [ 80.279138231619783, 7.317087785789046 ], [ 80.278577001620945, 7.317474790788687 ], [ 80.278169310621848, 7.317718401788443 ], [ 80.277857647622511, 7.317813767788366 ], [ 80.277560415623114, 7.317861296788386 ], [ 80.277282410623712, 7.317860991788417 ], [ 80.276956535624421, 7.317803208788549 ], [ 80.276837942624667, 7.317752517788618 ], [ 80.27656367762529, 7.317635286788808 ], [ 80.276025361626466, 7.317314982789251 ], [ 80.275817042626898, 7.317191030789464 ], [ 80.275347002627925, 7.316911349789869 ], [ 80.274740022629288, 7.316431236790485 ], [ 80.274341311630167, 7.316115861790959 ], [ 80.274074803630768, 7.315929386791201 ], [ 80.273969649630985, 7.31585580979128 ], [ 80.273658823631678, 7.315638324791573 ], [ 80.273260030632571, 7.315435188791892 ], [ 80.272779758633632, 7.315190548792249 ], [ 80.272627918633944, 7.315111200792382 ], [ 80.272018086635285, 7.314792515792823 ], [ 80.270441790638714, 7.314202157793811 ], [ 80.270187165639257, 7.314107786793918 ], [ 80.269342672641102, 7.313794790794429 ], [ 80.269133798641548, 7.313717374794535 ], [ 80.268161162643693, 7.313381310795134 ], [ 80.267246208645716, 7.312901745795809 ], [ 80.26604359264833, 7.312488852796502 ], [ 80.26554042664938, 7.3122036107969 ], [ 80.265104735650326, 7.311956617797241 ], [ 80.264883718650836, 7.311788581797479 ], [ 80.264367225652009, 7.311395894798029 ], [ 80.263547518653809, 7.310816524798811 ], [ 80.263447678654018, 7.310745957798944 ], [ 80.263124393654749, 7.310524267799261 ], [ 80.262741289655608, 7.310218764799687 ], [ 80.26264730565579, 7.31010877579982 ], [ 80.262612375655891, 7.310067897799876 ], [ 80.262527043656064, 7.309968034800003 ], [ 80.262406707656339, 7.309827207800188 ], [ 80.26238826465638, 7.309805624800187 ], [ 80.262354877656492, 7.309767003800251 ], [ 80.262086410657076, 7.309456454800649 ], [ 80.262075533657082, 7.309443872800652 ], [ 80.261815384657666, 7.309142945801032 ], [ 80.26173605865786, 7.309051184801185 ], [ 80.261329188658763, 7.308572183801778 ], [ 80.261230707658981, 7.308467380801917 ], [ 80.261181143659115, 7.308414633802001 ], [ 80.260952187659612, 7.308170977802313 ], [ 80.260631741660333, 7.307915570802662 ], [ 80.2602757756611, 7.307631853803046 ], [ 80.259485386662845, 7.307218214803666 ], [ 80.259051011663814, 7.307012183803975 ], [ 80.258916515664112, 7.306948389804095 ], [ 80.258451078665118, 7.306825841804282 ], [ 80.258434349665123, 7.306821436804322 ], [ 80.257958187666162, 7.306696065804511 ], [ 80.25720406966785, 7.30632087480509 ], [ 80.256994129668257, 7.306216425805252 ], [ 80.256879275668581, 7.306166379805313 ], [ 80.256616930669139, 7.30605206880549 ], [ 80.255149719672303, 7.305412761806498 ], [ 80.255084204672499, 7.305388762806531 ], [ 80.254581410673595, 7.30520458580683 ], [ 80.254035802674736, 7.305004724807152 ], [ 80.253737206675396, 7.304856325807364 ], [ 80.253314982676343, 7.30464648480766 ], [ 80.253215461676533, 7.304597023807732 ], [ 80.252407186678312, 7.304117553808402 ], [ 80.251581106680177, 7.303494499809299 ], [ 80.251395864680617, 7.303307800809503 ], [ 80.250743302682039, 7.302650105810404 ], [ 80.250435628682737, 7.302332632810822 ], [ 80.250074768683533, 7.301960279811327 ], [ 80.249998381683739, 7.301883385811415 ], [ 80.249931216683848, 7.301815773811492 ], [ 80.249752428684232, 7.301648651811718 ], [ 80.249609593684582, 7.301515136811879 ], [ 80.249310884685258, 7.301226113812273 ], [ 80.249241485685388, 7.301153654812344 ], [ 80.249344232685189, 7.301075088812466 ], [ 80.2486789596867, 7.300368669813352 ], [ 80.248066114688029, 7.299841982814071 ], [ 80.247503133689293, 7.299441236814658 ], [ 80.247261713689838, 7.299269386814883 ], [ 80.247160134690063, 7.299197081814981 ], [ 80.247080725690211, 7.29914055581508 ], [ 80.246921178690556, 7.299056119815196 ], [ 80.246763606690934, 7.298972728815282 ], [ 80.246242470692039, 7.29869693181572 ], [ 80.245134583694465, 7.298276917816402 ], [ 80.244763970695303, 7.298092640816658 ], [ 80.244266362696422, 7.297845218817002 ], [ 80.244126689696685, 7.297757708817166 ], [ 80.24395955669705, 7.297652994817287 ], [ 80.243434194698196, 7.297323834817772 ], [ 80.242991016699222, 7.296960213818251 ], [ 80.242787284699645, 7.296793054818473 ], [ 80.242769810699684, 7.296778717818506 ], [ 80.242556254700162, 7.296535170818808 ], [ 80.242492906700335, 7.296462926818931 ], [ 80.24225525670083, 7.296191903819245 ], [ 80.241506032702574, 7.295402929820294 ], [ 80.241460998702621, 7.29535933382034 ], [ 80.241329822702937, 7.295227305820517 ], [ 80.241265806703069, 7.295162873820614 ], [ 80.240950540703764, 7.294844310821027 ], [ 80.240149144705569, 7.294034528822121 ], [ 80.239581440706843, 7.293550392822765 ], [ 80.238540841709096, 7.293085992823475 ], [ 80.238298408709653, 7.292977798823638 ], [ 80.237904884710517, 7.292793937823927 ], [ 80.237667963711033, 7.292687998824057 ], [ 80.237100102712276, 7.292434081824492 ], [ 80.236721700713105, 7.29223264682478 ], [ 80.236195958714276, 7.291851266825283 ], [ 80.235908661714916, 7.291619899825633 ], [ 80.235563789715656, 7.29136529082596 ], [ 80.235355390716137, 7.291180646826204 ], [ 80.235012850716899, 7.290799337826729 ], [ 80.234779662717443, 7.290539757827037 ], [ 80.234509753718044, 7.290239298827412 ], [ 80.233959410719308, 7.289535190828334 ], [ 80.233270913720844, 7.288947086829155 ], [ 80.232604127722297, 7.288614781829626 ], [ 80.232342007722877, 7.288436692829905 ], [ 80.231334093725096, 7.287751894830854 ], [ 80.23087428272612, 7.287498676831206 ], [ 80.23085512372613, 7.28748876383124 ], [ 80.230537600726848, 7.287321758831448 ], [ 80.229906737728214, 7.28698994783197 ], [ 80.229156617729899, 7.286504531832658 ], [ 80.228495748731348, 7.286076870833251 ], [ 80.228128015732167, 7.285776165833691 ], [ 80.227967217732555, 7.285625841833887 ], [ 80.226975262734769, 7.284484971835345 ], [ 80.226861670735047, 7.284354325835514 ], [ 80.226284071736359, 7.283571178836524 ], [ 80.225808977737387, 7.282927010837339 ], [ 80.225282268738596, 7.28251483083789 ], [ 80.224694872739875, 7.282158264838404 ], [ 80.224636720739994, 7.282120470838483 ], [ 80.224338525740706, 7.281926666838763 ], [ 80.224005062741426, 7.28172971383905 ], [ 80.223677136742126, 7.2815485378393 ], [ 80.223648531742171, 7.281532733839336 ], [ 80.223315041742907, 7.281358812839604 ], [ 80.222958483743724, 7.281184863839815 ], [ 80.222708936744269, 7.281040143840043 ], [ 80.222579056744522, 7.280964821840167 ], [ 80.222234117745288, 7.2807792998404 ], [ 80.221912105746028, 7.28059394584067 ], [ 80.22159026374672, 7.28038556084102 ], [ 80.221454742747014, 7.280289472841128 ], [ 80.221280039747384, 7.28016560284132 ], [ 80.220946621748155, 7.279934029841634 ], [ 80.22063622974882, 7.2797372448419 ], [ 80.220291292749636, 7.279551720842155 ], [ 80.220227797749757, 7.279513753842241 ], [ 80.220080464750069, 7.279425651842365 ], [ 80.219973949750312, 7.279361959842425 ], [ 80.219923331750422, 7.27933169184248 ], [ 80.219543934751272, 7.279088474842835 ], [ 80.219377477751593, 7.278982624842972 ], [ 80.21871435575305, 7.278560943843594 ], [ 80.217982675754669, 7.278095664844231 ], [ 80.217753598755209, 7.277949992844465 ], [ 80.217333830756104, 7.277742256844784 ], [ 80.216264364758459, 7.277212994845527 ], [ 80.216125058758777, 7.277144053845635 ], [ 80.215914559759256, 7.277017620845823 ], [ 80.21522688876081, 7.276604577846435 ], [ 80.214443721762507, 7.276134174847102 ], [ 80.214347006762679, 7.276076083847163 ], [ 80.214246508762912, 7.27603612484723 ], [ 80.21408699976331, 7.2759264078474 ], [ 80.213553319764429, 7.275559322847919 ], [ 80.212662613766412, 7.274962444848748 ], [ 80.212179330767498, 7.274557559849333 ], [ 80.212001906767924, 7.274408916849486 ], [ 80.211456189769109, 7.273884242850222 ], [ 80.211032228770051, 7.273389137850843 ], [ 80.210896255770365, 7.273230346851056 ], [ 80.210508675771251, 7.272725557851715 ], [ 80.210153856772052, 7.272318256852248 ], [ 80.209934372772551, 7.272066307852559 ], [ 80.209892005772645, 7.272004267852649 ], [ 80.209709178773068, 7.271736542852979 ], [ 80.209481668773591, 7.271403384853413 ], [ 80.209453584773698, 7.271362259853463 ], [ 80.209066040774545, 7.270830601854152 ], [ 80.208886986774971, 7.270292024854819 ], [ 80.208798658775194, 7.27003522685512 ], [ 80.208672095775512, 7.269667265855571 ], [ 80.20843087877607, 7.269158340856184 ], [ 80.208401523776104, 7.269096407856273 ], [ 80.208206820776581, 7.268738533856693 ], [ 80.208168116776648, 7.268690298856749 ], [ 80.208059953776896, 7.268555494856951 ], [ 80.207965770777122, 7.268438113857108 ], [ 80.207736339777668, 7.26812626085748 ], [ 80.207483842778217, 7.267814238857881 ], [ 80.207459466778275, 7.267778631857952 ], [ 80.207254583778777, 7.267479353858331 ], [ 80.207212316778836, 7.267421875858377 ], [ 80.206837907779686, 7.266800667859175 ], [ 80.20663469778016, 7.266463508859635 ], [ 80.20636181878082, 7.266010753860174 ], [ 80.20597039278168, 7.265515940860822 ], [ 80.205861069781932, 7.265381956860996 ], [ 80.205852649781974, 7.265371636861012 ], [ 80.205706450782273, 7.265192457861253 ], [ 80.205465389782816, 7.264903479861615 ], [ 80.205201433783458, 7.264591583861989 ], [ 80.205032072783823, 7.264380379862285 ], [ 80.204960530783993, 7.264291160862381 ], [ 80.204731089784516, 7.263990752862778 ], [ 80.204501691785055, 7.263655866863188 ], [ 80.204338413785436, 7.263394641863542 ], [ 80.204331152785443, 7.263397267863512 ], [ 80.203806977786641, 7.262497487864641 ], [ 80.203749491786752, 7.262380810864793 ], [ 80.203262014787924, 7.261391382866051 ], [ 80.203046666788367, 7.260981361866567 ], [ 80.203002171788498, 7.26089664186666 ], [ 80.202726226789139, 7.260371239867319 ], [ 80.202233658790306, 7.259499505868428 ], [ 80.201762641791376, 7.258934604869139 ], [ 80.201360377792255, 7.258690044869492 ], [ 80.200778258793534, 7.258552930869763 ], [ 80.200181616794808, 7.258530645869891 ], [ 80.199642459795982, 7.258529966869942 ], [ 80.199320074796674, 7.258501319870062 ], [ 80.199257035796805, 7.258495718870082 ], [ 80.199232744796817, 7.258493559870067 ], [ 80.199230449796843, 7.258492650870077 ], [ 80.198650744798101, 7.258263128870458 ], [ 80.198399020798689, 7.258200375870564 ], [ 80.198389832798682, 7.258198084870584 ], [ 80.198099885799294, 7.25812580387068 ], [ 80.19766511680028, 7.258017417870858 ], [ 80.197579955800421, 7.257996187870945 ], [ 80.196595469802602, 7.257700641871427 ], [ 80.195696920804536, 7.257663612871621 ], [ 80.195085940805896, 7.257612591871794 ], [ 80.194546739807009, 7.25764779687186 ], [ 80.194330993807483, 7.257712124871772 ], [ 80.194007307808178, 7.257862452871672 ], [ 80.193931210808373, 7.257910861871611 ], [ 80.193748302808757, 7.258027217871546 ], [ 80.193737181808785, 7.258034201871524 ], [ 80.193572469809098, 7.258137643871438 ], [ 80.193488351809251, 7.25819047187137 ], [ 80.193410706809445, 7.258239234871323 ], [ 80.193404633809465, 7.258243049871335 ], [ 80.19323142780982, 7.258351825871227 ], [ 80.192651362811006, 7.258778998870819 ], [ 80.192375156811565, 7.25898240287068 ], [ 80.192122352812149, 7.25918607987043 ], [ 80.192074689812216, 7.259224480870435 ], [ 80.19202702781233, 7.259262880870389 ], [ 80.191946085812475, 7.259328092870304 ], [ 80.191805246812791, 7.259441563870222 ], [ 80.191734694812936, 7.259498404870168 ], [ 80.191370514813642, 7.259967748869697 ], [ 80.191367459813662, 7.259971687869649 ], [ 80.191361434813686, 7.259978138869683 ], [ 80.191003305814419, 7.260361661869288 ], [ 80.190937271814562, 7.260432378869181 ], [ 80.19089457281467, 7.260478105869178 ], [ 80.190697981815035, 7.260688636868958 ], [ 80.190612244815213, 7.260788255868831 ], [ 80.190538397815416, 7.260874057868746 ], [ 80.190179613816127, 7.261290928868346 ], [ 80.189740358817033, 7.261864610867735 ], [ 80.189578419817352, 7.262070612867552 ], [ 80.189213033818106, 7.262535415867074 ], [ 80.189175784818175, 7.262582799866994 ], [ 80.189036693818451, 7.262759735866814 ], [ 80.188842390818863, 7.262924010866691 ], [ 80.18876475781903, 7.263002973866576 ], [ 80.188734508819081, 7.263029896866556 ], [ 80.188713540819109, 7.263048557866552 ], [ 80.18858201181942, 7.263165615866438 ], [ 80.188490885819576, 7.263223942866365 ], [ 80.188418758819765, 7.263270111866352 ], [ 80.188382556819803, 7.263290383866302 ], [ 80.188232203820135, 7.263374578866232 ], [ 80.188059480820513, 7.263452389866211 ], [ 80.187951604820725, 7.263485748866176 ], [ 80.187922109820818, 7.263491011866168 ], [ 80.187831762820977, 7.263507129866181 ], [ 80.187664024821373, 7.263506913866217 ], [ 80.187407652821918, 7.26348265586624 ], [ 80.187099035822612, 7.263432577866385 ], [ 80.187060741822648, 7.263428211866356 ], [ 80.187052601822714, 7.263426271866416 ], [ 80.186929132822954, 7.26339685086645 ], [ 80.186891262823053, 7.263387826866456 ], [ 80.186766264823305, 7.263358042866519 ], [ 80.186632584823613, 7.263298512866626 ], [ 80.186598342823658, 7.263283265866627 ], [ 80.186586630823683, 7.26327804986666 ], [ 80.186446950824035, 7.263188137866766 ], [ 80.186282378824387, 7.26304335786699 ], [ 80.186140327824688, 7.262856231867212 ], [ 80.185896577825275, 7.26249013986764 ], [ 80.185838953825382, 7.262403592867791 ], [ 80.185711783825695, 7.262212594868036 ], [ 80.185485692826205, 7.261927196868384 ], [ 80.185482493826228, 7.261923158868411 ], [ 80.185268141826697, 7.26166365586875 ], [ 80.184951394827408, 7.261441409869036 ], [ 80.184723270827902, 7.261318641869233 ], [ 80.184656268828022, 7.261282583869255 ], [ 80.184282840828857, 7.261081617869583 ], [ 80.184260867828897, 7.261072181869569 ], [ 80.184088232829282, 7.260998041869702 ], [ 80.183933548829629, 7.260931613869782 ], [ 80.183619153830321, 7.26082153586998 ], [ 80.183394520830817, 7.260774682870059 ], [ 80.183354613830929, 7.260766358870113 ], [ 80.183134936831379, 7.260766076870116 ], [ 80.183127606831377, 7.260767056870097 ], [ 80.182950178831788, 7.260790764870116 ], [ 80.182780376832127, 7.260830428870086 ], [ 80.182643177832432, 7.260898703870077 ], [ 80.182580542832554, 7.260929873870051 ], [ 80.18241562383291, 7.261054291869918 ], [ 80.182250634833267, 7.261233545869734 ], [ 80.182105526833524, 7.261482616869447 ], [ 80.182024090833679, 7.261614566869331 ], [ 80.181977946833825, 7.261689338869258 ], [ 80.181784663834165, 7.26202397786892 ], [ 80.181747768834242, 7.262087855868844 ], [ 80.181681969834401, 7.262212604868718 ], [ 80.181642664834456, 7.262287127868605 ], [ 80.181585899834545, 7.26241891186848 ], [ 80.181567549834583, 7.262461511868404 ], [ 80.181502463834775, 7.262601012868292 ], [ 80.181494126834792, 7.262613187868268 ], [ 80.181427431834862, 7.262710589868166 ], [ 80.181342376835062, 7.26285006486799 ], [ 80.181264676835227, 7.263091745867754 ], [ 80.18124453883523, 7.263221334867587 ], [ 80.181244440835243, 7.26329729886752 ], [ 80.181244293835192, 7.263410770867397 ], [ 80.181229121835258, 7.263560306867208 ], [ 80.181233874835215, 7.263744764866965 ], [ 80.181243569835175, 7.26396910986676 ], [ 80.18124944883516, 7.264399663866249 ], [ 80.181241341835118, 7.264518762866072 ], [ 80.181232489835125, 7.264648809865951 ], [ 80.181218415835147, 7.264855579865687 ], [ 80.181204288835147, 7.265530430864952 ], [ 80.181191242835155, 7.265633559864803 ], [ 80.181188968835173, 7.265651537864801 ], [ 80.181156299835237, 7.265818498864602 ], [ 80.181074513835355, 7.266056644864355 ], [ 80.181062059835384, 7.266092907864286 ], [ 80.181015974835461, 7.266227100864143 ], [ 80.180805686835882, 7.266685465863632 ], [ 80.18058056283634, 7.267034137863296 ], [ 80.180482988836516, 7.267201014863089 ], [ 80.180232374837075, 7.267495039862808 ], [ 80.180117963837262, 7.267629268862695 ], [ 80.180065514837381, 7.267684529862641 ], [ 80.179772993837972, 7.267992738862302 ], [ 80.179440624838691, 7.26826400086205 ], [ 80.178872872839875, 7.268779316861572 ], [ 80.17865083984033, 7.268980841861342 ], [ 80.178598354840432, 7.269021187861297 ], [ 80.178450791840746, 7.269134617861183 ], [ 80.178407810840852, 7.26916765686117 ], [ 80.178365970840957, 7.269199819861159 ], [ 80.178096154841498, 7.269358995861026 ], [ 80.177881350841972, 7.269448449860935 ], [ 80.177686503842395, 7.269547898860858 ], [ 80.177504128842756, 7.269654844860781 ], [ 80.177135506843527, 7.270003774860411 ], [ 80.176694168844406, 7.270421535859992 ], [ 80.176609985844578, 7.270501221859912 ], [ 80.176595976844624, 7.270514481859899 ], [ 80.176594854844623, 7.270515543859921 ], [ 80.176494346844819, 7.270610682859822 ], [ 80.176081906845695, 7.271021422859421 ], [ 80.175835875846232, 7.271340100859076 ], [ 80.175416743847038, 7.271882989858548 ], [ 80.175227863847425, 7.272158721858241 ], [ 80.17508408884774, 7.272368608858004 ], [ 80.174903191848102, 7.272667736857679 ], [ 80.174788874848332, 7.272856770857501 ], [ 80.174742677848414, 7.272964010857415 ], [ 80.174653499848588, 7.273171027857168 ], [ 80.174635406848637, 7.273208750857116 ], [ 80.174555067848772, 7.273376259856932 ], [ 80.17443411084902, 7.273628458856643 ], [ 80.174095176849661, 7.274665117855524 ], [ 80.173986514849858, 7.274997469855142 ], [ 80.173850469850152, 7.275243680854871 ], [ 80.173604992850613, 7.27568794085445 ], [ 80.173181934851513, 7.276226145853892 ], [ 80.172942395852004, 7.276530880853565 ], [ 80.172637337852592, 7.276918966853154 ], [ 80.172363009853157, 7.277199065852881 ], [ 80.171689494854547, 7.27788674485221 ], [ 80.171482874855002, 7.278030750852052 ], [ 80.170610135856847, 7.27863900585152 ], [ 80.170355421857408, 7.2787594578514 ], [ 80.169399211859385, 7.279211639851039 ], [ 80.168487893861354, 7.279736813850598 ], [ 80.167911984862528, 7.280322251849994 ], [ 80.167674418863015, 7.280608699849693 ], [ 80.167622425863101, 7.280724405849603 ], [ 80.167539608863251, 7.280908705849405 ], [ 80.167446083863496, 7.281116838849181 ], [ 80.167401162863513, 7.281339548848933 ], [ 80.167355618863596, 7.281565343848681 ], [ 80.16726133586377, 7.281937105848255 ], [ 80.167144823864007, 7.2823965158477 ], [ 80.166993653864225, 7.283126023846892 ], [ 80.166927076864312, 7.283875384846062 ], [ 80.166915003864332, 7.284011262845886 ], [ 80.166836664864505, 7.284352113845538 ], [ 80.166763784864656, 7.284498907845371 ], [ 80.16652783786509, 7.284974150844843 ], [ 80.165984771866221, 7.285792123843965 ], [ 80.165964507866263, 7.285822644843978 ], [ 80.165926820866304, 7.285893763843881 ], [ 80.16581854786655, 7.285987666843786 ], [ 80.165694382866775, 7.286095353843709 ], [ 80.165643757866917, 7.28615805684361 ], [ 80.165637036866897, 7.286166380843626 ], [ 80.165621238866947, 7.286175168843616 ], [ 80.165573935867059, 7.286201480843584 ], [ 80.165394878867417, 7.286301070843486 ], [ 80.164519725869269, 7.286776441843077 ], [ 80.164077259870226, 7.286998298842941 ], [ 80.163849367870711, 7.287171461842773 ], [ 80.163495496871434, 7.287470069842466 ], [ 80.162979624872506, 7.287947909841974 ], [ 80.162902457872647, 7.288030440841921 ], [ 80.16249967787347, 7.288461213841492 ], [ 80.162229603874067, 7.288796297841124 ], [ 80.161947597874629, 7.289112945840827 ], [ 80.161620434875303, 7.289359864840599 ], [ 80.161488539875606, 7.289430918840533 ], [ 80.161305992875995, 7.289529257840417 ], [ 80.16115467587629, 7.289590964840421 ], [ 80.160909767876788, 7.28969083584032 ], [ 80.160864473876941, 7.289709306840281 ], [ 80.160806424877038, 7.289732978840261 ], [ 80.160595617877505, 7.28980459884024 ], [ 80.160411800877853, 7.289867048840175 ], [ 80.160220120878307, 7.289914621840169 ], [ 80.160012231878738, 7.289966216840143 ], [ 80.159652672879503, 7.290015585840158 ], [ 80.159520043879795, 7.290016465840194 ], [ 80.159340609880161, 7.290017657840181 ], [ 80.159281903880284, 7.29001727884022 ], [ 80.158520948881957, 7.290012358840371 ], [ 80.15836699288225, 7.290011362840357 ], [ 80.158051764882984, 7.290002355840462 ], [ 80.158013404883036, 7.290001258840419 ], [ 80.157920699883249, 7.289998609840482 ], [ 80.157817788883477, 7.289995668840453 ], [ 80.157318448884567, 7.290029891840498 ], [ 80.157028749885185, 7.290109262840482 ], [ 80.156670887885966, 7.290234010840411 ], [ 80.156600252886079, 7.290258632840353 ], [ 80.156320223886638, 7.290439235840243 ], [ 80.156026328887293, 7.290684083839973 ], [ 80.155790254887791, 7.290929660839714 ], [ 80.155473248888399, 7.291397005839225 ], [ 80.155395527888587, 7.291511583839129 ], [ 80.155289992888825, 7.291592811839054 ], [ 80.155241120888888, 7.291630426839007 ], [ 80.155209233888954, 7.291654969838987 ], [ 80.154978760889449, 7.291832359838851 ], [ 80.15480231188981, 7.291916052838753 ], [ 80.15427493489095, 7.292153185838545 ], [ 80.154176063891128, 7.292212786838528 ], [ 80.15384921889185, 7.292409814838359 ], [ 80.153405471892768, 7.292708291838091 ], [ 80.153157667893325, 7.292895314837879 ], [ 80.15303364089354, 7.2929889208378 ], [ 80.153002900893611, 7.293023352837769 ], [ 80.152967178893689, 7.293063365837713 ], [ 80.152937635893764, 7.293096459837687 ], [ 80.152889567893837, 7.293198081837625 ], [ 80.152889478893812, 7.293262469837548 ], [ 80.152889372893839, 7.293340027837443 ], [ 80.152889370893789, 7.293341641837425 ], [ 80.152909476893782, 7.293500832837257 ], [ 80.152960587893645, 7.293820155836868 ], [ 80.152960606893615, 7.293820271836891 ], [ 80.152990315893589, 7.293999762836661 ], [ 80.152990174893532, 7.294101894836539 ], [ 80.152990044893528, 7.294197157836415 ], [ 80.152959072893594, 7.294320127836292 ], [ 80.152946226893619, 7.294371133836209 ], [ 80.152923780893659, 7.294460259836143 ], [ 80.152846049893839, 7.294564963836007 ], [ 80.152769776894004, 7.294667702835894 ], [ 80.152714851894089, 7.294741685835812 ], [ 80.152713330894088, 7.294745328835818 ], [ 80.152624469894278, 7.294870949835683 ], [ 80.152178917895213, 7.295500813835051 ], [ 80.151701131896147, 7.296048927834515 ], [ 80.151683019896225, 7.296069706834451 ], [ 80.151373445896837, 7.296424848834139 ], [ 80.151307343896974, 7.296478792834027 ], [ 80.151062934897482, 7.296678255833844 ], [ 80.150825781897964, 7.296848246833687 ], [ 80.150570791898545, 7.296998802833552 ], [ 80.150530954898599, 7.297022324833581 ], [ 80.150331070899043, 7.297141695833462 ], [ 80.150240089899185, 7.297188421833415 ], [ 80.150176177899354, 7.297221246833394 ], [ 80.150047805899618, 7.29731021783328 ], [ 80.149978767899782, 7.297358067833282 ], [ 80.149788833900189, 7.29750237783314 ], [ 80.149568840900599, 7.297721422832915 ], [ 80.149399867900982, 7.297830752832807 ], [ 80.149368941901031, 7.297850763832787 ], [ 80.149302684901173, 7.297869870832793 ], [ 80.149214096901389, 7.297895417832782 ], [ 80.149113429901618, 7.297928767832729 ], [ 80.149019280901811, 7.29795995783272 ], [ 80.148789470902301, 7.298054361832634 ], [ 80.148766899902341, 7.298062347832644 ], [ 80.148674226902514, 7.298095137832597 ], [ 80.148512384902901, 7.298152402832567 ], [ 80.14849473790288, 7.298158646832584 ], [ 80.148363688903231, 7.298187896832584 ], [ 80.148294956903328, 7.298203238832561 ], [ 80.148040216903865, 7.298272681832553 ], [ 80.147695526904641, 7.298396837832433 ], [ 80.147620907904766, 7.298418356832452 ], [ 80.147385834905265, 7.298486145832367 ], [ 80.147162150905757, 7.298560248832353 ], [ 80.147063638905948, 7.298592883832296 ], [ 80.14693224790625, 7.298662715832248 ], [ 80.146623927906916, 7.298826581832149 ], [ 80.146319182907575, 7.298950791832023 ], [ 80.146287653907621, 7.298959029832035 ], [ 80.146167462907869, 7.298990431832009 ], [ 80.146109644907995, 7.299005537831982 ], [ 80.146034475908138, 7.299025176831989 ], [ 80.14573475690878, 7.299124468831936 ], [ 80.14538503790952, 7.299273540831823 ], [ 80.145287278909763, 7.299328895831746 ], [ 80.145095214910143, 7.299437651831685 ], [ 80.144900287910559, 7.299581951831541 ], [ 80.144715254910963, 7.299791072831337 ], [ 80.144587735911244, 7.299932973831205 ], [ 80.144467683911472, 7.30009233283099 ], [ 80.144407535911569, 7.30026381783081 ], [ 80.14437228391165, 7.300364323830725 ], [ 80.144192107911991, 7.300681099830367 ], [ 80.144006031912397, 7.300932071830109 ], [ 80.143524570913414, 7.301390390829676 ], [ 80.143414669913597, 7.301519120829514 ], [ 80.143249704913927, 7.301658476829416 ], [ 80.143160754914149, 7.301732675829328 ], [ 80.143034157914386, 7.301838276829257 ], [ 80.142879790914733, 7.30196704382911 ], [ 80.142694817915142, 7.302131298828965 ], [ 80.142619783915265, 7.302230896828826 ], [ 80.142504735915495, 7.30238029182866 ], [ 80.142172257916187, 7.302696387828362 ], [ 80.142141367916238, 7.302727984828358 ], [ 80.141999291916562, 7.302873318828185 ], [ 80.141807244916961, 7.303069767828033 ], [ 80.141672230917223, 7.303214149827862 ], [ 80.141537216917541, 7.303358531827748 ], [ 80.141347091917908, 7.303637434827443 ], [ 80.14121169891817, 7.303902109827131 ], [ 80.141194055918177, 7.303936598827121 ], [ 80.141134307918335, 7.304053399826991 ], [ 80.141004043918585, 7.304372266826618 ], [ 80.140903687918765, 7.304726071826255 ], [ 80.140848354918873, 7.305020117825892 ], [ 80.140835868918884, 7.305136988825804 ], [ 80.14082811891889, 7.305209524825671 ], [ 80.140820382918918, 7.305386485825488 ], [ 80.140846346918806, 7.305515786825349 ], [ 80.140850333918806, 7.305535644825297 ], [ 80.14088372291873, 7.305701920825116 ], [ 80.140924516918602, 7.305905084824844 ], [ 80.140999197918418, 7.306059727824683 ], [ 80.141048659918312, 7.306119567824611 ], [ 80.141118830918145, 7.306204461824499 ], [ 80.141258423917861, 7.306359194824281 ], [ 80.141301223917736, 7.306395697824221 ], [ 80.141301261917732, 7.306395730824216 ], [ 80.141393076917538, 7.306474038824125 ], [ 80.141552669917147, 7.306608859823956 ], [ 80.14174970791673, 7.306746223823772 ], [ 80.141865150916502, 7.306834230823637 ], [ 80.141900896916397, 7.306861481823611 ], [ 80.143475678912949, 7.307796137822232 ], [ 80.143699814912438, 7.307930825822045 ], [ 80.143857552912081, 7.308007886821934 ], [ 80.144161919911411, 7.308162845821697 ], [ 80.144630901910347, 7.308432691821339 ], [ 80.145074945909371, 7.308682559820948 ], [ 80.14543896090855, 7.309032020820468 ], [ 80.145680615908034, 7.309403747820014 ], [ 80.146061952907118, 7.30991283981937 ], [ 80.146162170906891, 7.310046633819226 ], [ 80.146488018906197, 7.310481648818655 ], [ 80.146508653906153, 7.31051172581858 ], [ 80.146526151906087, 7.310537231818591 ], [ 80.146684852905693, 7.310768563818294 ], [ 80.146804379905461, 7.310993060817988 ], [ 80.146888918905248, 7.311242432817673 ], [ 80.146901912905165, 7.311397384817496 ], [ 80.146908568905189, 7.311476761817421 ], [ 80.146917623905139, 7.311626570817242 ], [ 80.146919608905151, 7.31165941981718 ], [ 80.146903907905127, 7.311761474817077 ], [ 80.146894215905164, 7.311824477817044 ], [ 80.146771589905384, 7.312115015816671 ], [ 80.146666941905607, 7.312401989816361 ], [ 80.146568880905832, 7.312607103816179 ], [ 80.146526335905875, 7.312696092816091 ], [ 80.146310329906356, 7.312925487815821 ], [ 80.146064046906844, 7.313255019815506 ], [ 80.146008667906941, 7.31331514181542 ], [ 80.145624248907765, 7.313609528815142 ], [ 80.145444113908141, 7.313670662815118 ], [ 80.144863711909366, 7.313867638814973 ], [ 80.144612213909951, 7.313910100814973 ], [ 80.144281397910632, 7.31397783081497 ], [ 80.144061940911072, 7.314103140814845 ], [ 80.143867625911497, 7.314242839814704 ], [ 80.143750397911774, 7.314338454814638 ], [ 80.14356891691213, 7.314486475814466 ], [ 80.143158623912981, 7.314834034814167 ], [ 80.14290436491352, 7.315080487813908 ], [ 80.142846281913634, 7.315145923813851 ], [ 80.141984219915429, 7.316117110812865 ], [ 80.141542152916344, 7.316547313812448 ], [ 80.141243254916958, 7.316923738812076 ], [ 80.140858646917735, 7.317345869811644 ], [ 80.140725684918038, 7.317464780811489 ], [ 80.140711161918091, 7.317477770811493 ], [ 80.140650350918179, 7.317526856811438 ], [ 80.140623173918243, 7.317543786811437 ], [ 80.140519733918481, 7.31760822181139 ], [ 80.140098766919351, 7.317873216811164 ], [ 80.1400255579195, 7.317932847811105 ], [ 80.139663293920265, 7.318227915810781 ], [ 80.139266387921055, 7.318573034810479 ], [ 80.139094614921433, 7.318722397810324 ], [ 80.138572787922527, 7.319130807809917 ], [ 80.138273388923167, 7.319461628809617 ], [ 80.138245146923182, 7.319492834809601 ], [ 80.138167640923371, 7.319607070809428 ], [ 80.138057825923582, 7.319768922809279 ], [ 80.137989229923704, 7.319976987809033 ], [ 80.137938552923799, 7.320224555808771 ], [ 80.137905560923826, 7.32067672180826 ], [ 80.137847093923924, 7.321207310807644 ], [ 80.137774639924032, 7.321601995807205 ], [ 80.137714277924147, 7.321918938806879 ], [ 80.137582039924411, 7.322220824806537 ], [ 80.137440148924696, 7.322484537806236 ], [ 80.1374228489247, 7.322516690806207 ], [ 80.137408987924786, 7.32253344580618 ], [ 80.137212789925158, 7.322770614805943 ], [ 80.136877603925882, 7.323035324805701 ], [ 80.136762929926093, 7.323125887805626 ], [ 80.136160252927354, 7.3235048718053 ], [ 80.13566263192844, 7.323737452805091 ], [ 80.135466980928825, 7.323851758804988 ], [ 80.135220804929347, 7.32399558480486 ], [ 80.135197909929403, 7.324008960804878 ], [ 80.134519663930831, 7.324380663804549 ], [ 80.134430405931028, 7.324429579804479 ], [ 80.133917818932119, 7.324653164804313 ], [ 80.133629982932746, 7.324826223804181 ], [ 80.133200838933618, 7.325158956803858 ], [ 80.133033173933981, 7.325288953803725 ], [ 80.132563876934995, 7.32559414380346 ], [ 80.132505434935098, 7.325632148803448 ], [ 80.132405662935298, 7.325705128803345 ], [ 80.132109585935893, 7.325921695803141 ], [ 80.131692759936769, 7.326214202802855 ], [ 80.131153087937918, 7.326521488802601 ], [ 80.13042455193947, 7.32692122080226 ], [ 80.130037879940289, 7.327076190802185 ], [ 80.130013137940352, 7.327083370802139 ], [ 80.129576342941306, 7.327210119802067 ], [ 80.12933952094177, 7.327320441801993 ], [ 80.129187998942086, 7.327411157801897 ], [ 80.128970727942544, 7.327541235801826 ], [ 80.128398034943785, 7.327893332801475 ], [ 80.128032268944537, 7.328062747801358 ], [ 80.127887682944859, 7.328129717801277 ], [ 80.127786495945102, 7.328176584801282 ], [ 80.127592569945506, 7.328240584801248 ], [ 80.1269382959469, 7.328456505801053 ], [ 80.12640184294807, 7.328605277801017 ], [ 80.125709497949529, 7.328831585800852 ], [ 80.125382787950201, 7.328950749800784 ], [ 80.124987237951046, 7.32902794180075 ], [ 80.124645527951785, 7.329162036800669 ], [ 80.124111956952916, 7.329388570800478 ], [ 80.123623354954006, 7.329591241800338 ], [ 80.123587133954075, 7.329608179800308 ], [ 80.123221651954822, 7.329779084800178 ], [ 80.123107520955102, 7.329811460800137 ], [ 80.122848514955635, 7.329884936800107 ], [ 80.12280207295575, 7.329898111800087 ], [ 80.122403512956595, 7.329984269800044 ], [ 80.122091915957256, 7.330010736800067 ], [ 80.121819306957804, 7.330007352800146 ], [ 80.121618647958286, 7.329968181800196 ], [ 80.121454193958627, 7.329899966800308 ], [ 80.121444997958648, 7.329896151800354 ], [ 80.121437286958681, 7.329890405800364 ], [ 80.121187640959263, 7.329704367800582 ], [ 80.120927105959808, 7.329435518800933 ], [ 80.120649369960447, 7.329039629801431 ], [ 80.12043708096094, 7.328758185801797 ], [ 80.120251721961381, 7.328497717802166 ], [ 80.119886858962175, 7.328072494802684 ], [ 80.119804587962363, 7.32797398880284 ], [ 80.119610716962853, 7.32774185980316 ], [ 80.119417064963272, 7.327547990803372 ], [ 80.119278270963576, 7.327409042803582 ], [ 80.118980693964218, 7.327111133803938 ], [ 80.118622620965056, 7.326752543804451 ], [ 80.118601862965093, 7.326731755804454 ], [ 80.11859776396507, 7.3267287578045 ], [ 80.118358343965653, 7.326548949804705 ], [ 80.118280433965822, 7.326483940804827 ], [ 80.118148876966075, 7.32637416780496 ], [ 80.117969370966478, 7.326199431805168 ], [ 80.117779805966947, 7.326074528805373 ], [ 80.117635094967255, 7.32600951380546 ], [ 80.117474109967617, 7.325922042805613 ], [ 80.117340720967945, 7.325849565805714 ], [ 80.117016422968646, 7.325664648805973 ], [ 80.116697176969353, 7.3254398568063 ], [ 80.116405297969976, 7.325282404806539 ], [ 80.116275323970257, 7.325203403806637 ], [ 80.116123499970584, 7.325111122806788 ], [ 80.115879458971136, 7.325002502806904 ], [ 80.115635417971674, 7.324893882807078 ], [ 80.115519839971938, 7.324842440807189 ], [ 80.115272617972508, 7.324732404807332 ], [ 80.114913273973286, 7.324612240807522 ], [ 80.114628793973907, 7.324517112807683 ], [ 80.114359286974462, 7.324426989807823 ], [ 80.114174616974921, 7.324371886807952 ], [ 80.113969956975339, 7.324326722808017 ], [ 80.113458280976431, 7.324233755808206 ], [ 80.113312321976764, 7.32418953480828 ], [ 80.113193752977025, 7.324153610808373 ], [ 80.112989115977498, 7.324093491808464 ], [ 80.112779426977923, 7.324073246808554 ], [ 80.111944207979732, 7.323904504808861 ], [ 80.11172845798022, 7.323860914808928 ], [ 80.111291296981207, 7.3237167148092 ], [ 80.110654744982597, 7.32351689580955 ], [ 80.11029856198337, 7.32331440780983 ], [ 80.110166662983673, 7.323239423809902 ], [ 80.1101119449838, 7.323212009809958 ], [ 80.109837348984399, 7.323074433810175 ], [ 80.109542943985076, 7.322939406810384 ], [ 80.109477164985222, 7.322907233810406 ], [ 80.109123809985974, 7.322734404810664 ], [ 80.108834390986601, 7.322604368810887 ], [ 80.108455157987436, 7.322429335811147 ], [ 80.107759987989013, 7.322147096811594 ], [ 80.107549421989432, 7.32206160581174 ], [ 80.10743996498968, 7.321998473811848 ], [ 80.107055508990527, 7.321776732812151 ], [ 80.106701281991292, 7.321576808812423 ], [ 80.106696473991349, 7.32157362581244 ], [ 80.106406965992022, 7.321381958812685 ], [ 80.10607273599274, 7.321167108813028 ], [ 80.105573911993815, 7.320827389813497 ], [ 80.104945435995262, 7.320321775814166 ], [ 80.104795933995604, 7.320154458814409 ], [ 80.104612439996004, 7.319949098814683 ], [ 80.104538699996169, 7.319866571814768 ], [ 80.104176598997, 7.319409109815379 ], [ 80.104017759997362, 7.319176115815687 ], [ 80.103659778998221, 7.318651004816356 ], [ 80.10339606999878, 7.318362235816725 ], [ 80.103312746998952, 7.318270993816847 ], [ 80.102231412001416, 7.317229519818208 ], [ 80.102030587001877, 7.317036097818467 ], [ 80.101959418002025, 7.316967552818588 ], [ 80.10193038400206, 7.316931961818598 ], [ 80.101787760002409, 7.316744496818887 ], [ 80.101767578002438, 7.3166947448189 ], [ 80.10159519500283, 7.316269798819466 ], [ 80.101554273002961, 7.31616892181957 ], [ 80.101532997003034, 7.31597754681981 ], [ 80.101447858003283, 7.315211707820709 ], [ 80.101299344003678, 7.314362099821714 ], [ 80.101066631004244, 7.313727704822467 ], [ 80.100719887005027, 7.313224734823096 ], [ 80.100495722005562, 7.313037434823358 ], [ 80.100491637005589, 7.313034020823368 ], [ 80.100430049005666, 7.312969041823457 ], [ 80.100158340006345, 7.312682373823833 ], [ 80.09978664700715, 7.312290215824341 ], [ 80.099307768008188, 7.312008366824768 ], [ 80.098816558009247, 7.311959780824917 ], [ 80.098149696010751, 7.312034553824941 ], [ 80.098079510010876, 7.312042423824931 ], [ 80.097522397012085, 7.311993737825064 ], [ 80.097073733013076, 7.311808286825361 ], [ 80.096510876014307, 7.311328267826008 ], [ 80.095951627015594, 7.310851322826653 ], [ 80.095627456016331, 7.310574859827045 ], [ 80.095583423016421, 7.310537307827118 ], [ 80.094673795018466, 7.309848059828053 ], [ 80.094358544019173, 7.309583687828411 ], [ 80.093937806020108, 7.309230850828912 ], [ 80.09338168002138, 7.308530168829816 ], [ 80.093023302022246, 7.307805857830718 ], [ 80.092754348022808, 7.307415050831187 ], [ 80.092721177022909, 7.307366851831256 ], [ 80.092654735023075, 7.307270306831357 ], [ 80.092626746023157, 7.307229636831434 ], [ 80.092598858023166, 7.307189114831478 ], [ 80.092212608024028, 7.306842979831973 ], [ 80.091800676024974, 7.30667008883221 ], [ 80.091379072025902, 7.306554607832447 ], [ 80.091247797026185, 7.306535378832462 ], [ 80.090784880027186, 7.306467576832629 ], [ 80.090386207028075, 7.306417209832722 ], [ 80.090248174028332, 7.306399771832783 ], [ 80.089740357029484, 7.306245876833068 ], [ 80.089284990030436, 7.306100788833299 ], [ 80.089136739030778, 7.306053553833368 ], [ 80.088715297031712, 7.305832792833714 ], [ 80.088276938032706, 7.305470516834236 ], [ 80.088054952033232, 7.305269096834452 ], [ 80.087828222033721, 7.305063372834773 ], [ 80.086401904036904, 7.303769186836519 ], [ 80.086329134037101, 7.303726145836555 ], [ 80.085836626038216, 7.303434841837002 ], [ 80.085606999038717, 7.303299022837165 ], [ 80.085463228039018, 7.303251680837221 ], [ 80.085287346039408, 7.303244072837287 ], [ 80.085064317039894, 7.303234424837331 ], [ 80.085045488039938, 7.303233609837318 ], [ 80.084745750040554, 7.303352785837289 ], [ 80.084553889041004, 7.303448199837193 ], [ 80.084262685041594, 7.303769104836833 ], [ 80.084217821041676, 7.303818545836829 ], [ 80.083917661042292, 7.304212871836419 ], [ 80.083605757042946, 7.304451659836178 ], [ 80.083557816043054, 7.304462422836155 ], [ 80.083256597043714, 7.304530042836165 ], [ 80.082777118044703, 7.304653727836108 ], [ 80.082211630045933, 7.304605011836223 ], [ 80.081847589046788, 7.304460897836484 ], [ 80.081713452047055, 7.304359853836609 ], [ 80.081506991047519, 7.304204330836833 ], [ 80.080628660049555, 7.303105623838213 ], [ 80.080361435050165, 7.302339573839166 ], [ 80.080314220050397, 7.301102067840612 ], [ 80.080430526050279, 7.29952017784242 ], [ 80.080432916050299, 7.299487667842471 ], [ 80.080418770050386, 7.298804986843265 ], [ 80.080415067050382, 7.298626293843466 ], [ 80.080214694050895, 7.298023043844213 ], [ 80.079721267051994, 7.297529414844872 ], [ 80.079686588052041, 7.297494721844885 ], [ 80.078500956054697, 7.296661403846056 ], [ 80.077457469057009, 7.296242416846733 ], [ 80.077083152057867, 7.296029148847057 ], [ 80.076513685059098, 7.295704693847536 ], [ 80.076458310059223, 7.295663016847581 ], [ 80.07483295406287, 7.294531107849183 ], [ 80.073451125065958, 7.293399720850693 ], [ 80.072727723067572, 7.292940726851355 ], [ 80.07241278806832, 7.29274090185166 ], [ 80.071489888070332, 7.292083111852591 ], [ 80.071382779070589, 7.292006770852685 ], [ 80.071332321070713, 7.291970806852726 ], [ 80.070726133072057, 7.291611262853261 ], [ 80.070282737073015, 7.291348274853603 ], [ 80.069221043075387, 7.290673042854581 ], [ 80.067926710078311, 7.289743407855899 ], [ 80.067229730079873, 7.289355387856466 ], [ 80.067000517080388, 7.289227781856616 ], [ 80.066747621080921, 7.28908018185684 ], [ 80.066217890082086, 7.288771008857285 ], [ 80.066030980082544, 7.288661919857463 ], [ 80.065927686082716, 7.288593620857541 ], [ 80.065696694083272, 7.288440885857786 ], [ 80.065650518083373, 7.288410352857801 ], [ 80.065590625083487, 7.288370750857895 ], [ 80.065558110083572, 7.288349250857924 ], [ 80.065073428084673, 7.288028772858329 ], [ 80.064736102085419, 7.287745914858724 ], [ 80.064213893086603, 7.287308027859345 ], [ 80.062784079089809, 7.285943043861154 ], [ 80.06241104909067, 7.285704269861521 ], [ 80.062030670091474, 7.285460792861844 ], [ 80.06150430809268, 7.285139770862328 ], [ 80.061472985092735, 7.285120666862365 ], [ 80.061234608093287, 7.284975282862564 ], [ 80.060469947094973, 7.284804258862899 ], [ 80.059732044096549, 7.284697823863127 ], [ 80.059176397097787, 7.284505539863461 ], [ 80.059008358098154, 7.284415281863594 ], [ 80.058021496100352, 7.28388520886439 ], [ 80.057876868100692, 7.283823029864432 ], [ 80.057033907102578, 7.283477161865023 ], [ 80.056171382104438, 7.28338009486527 ], [ 80.055294119106335, 7.283428032865326 ], [ 80.054700894107626, 7.283460449865385 ], [ 80.053856065109457, 7.28353212786549 ], [ 80.053271211110712, 7.283626903865444 ], [ 80.052793873111739, 7.283781689865342 ], [ 80.052331365112735, 7.283931666865277 ], [ 80.051802894113848, 7.284190124865034 ], [ 80.051746204113968, 7.284217849865066 ], [ 80.051371813114784, 7.28457136186466 ], [ 80.051246714115024, 7.284877417864331 ], [ 80.051169405115132, 7.285269683863892 ], [ 80.051130284115146, 7.28575771486336 ], [ 80.051130536115153, 7.285762195863323 ], [ 80.051158245115033, 7.286255424862771 ], [ 80.051325538114568, 7.28740017886141 ], [ 80.051328916114599, 7.287423292861369 ], [ 80.051442396114254, 7.288390091860255 ], [ 80.051460176114119, 7.28926103185921 ], [ 80.051411469114186, 7.289749047858673 ], [ 80.051352093114318, 7.290013829858361 ], [ 80.051334236114371, 7.290093461858264 ], [ 80.051326418114343, 7.290113568858254 ], [ 80.051307832114375, 7.290161372858224 ], [ 80.051285437114444, 7.290218970858172 ], [ 80.051257335114514, 7.290291250858076 ], [ 80.05117070811464, 7.29051405085785 ], [ 80.051170611114642, 7.290514302857798 ], [ 80.051069466114896, 7.290643639857698 ], [ 80.050910491115189, 7.290846925857475 ], [ 80.050858669115286, 7.290913192857432 ], [ 80.050632079115758, 7.291154580857192 ], [ 80.050333844116366, 7.291472289856873 ], [ 80.050183762116689, 7.291578399856765 ], [ 80.049651287117825, 7.291879019856474 ], [ 80.049185410118852, 7.292157095856263 ], [ 80.048391987120539, 7.292630679855866 ], [ 80.047391733122637, 7.293232016855312 ], [ 80.047356993122705, 7.293255990855276 ], [ 80.046499291124505, 7.293847880854742 ], [ 80.046099734125363, 7.294195365854428 ], [ 80.045700177126179, 7.29454284885408 ], [ 80.045376964126831, 7.294934042853653 ], [ 80.045167141127294, 7.295187996853411 ], [ 80.045015729127613, 7.295460511853125 ], [ 80.044929158127815, 7.295646995852904 ], [ 80.044871170127848, 7.295941193852582 ], [ 80.044899243127759, 7.296364731852089 ], [ 80.04494676412763, 7.296636518851794 ], [ 80.044965111127553, 7.296741453851636 ], [ 80.04508748712729, 7.297316158850968 ], [ 80.045258730126847, 7.298120351849973 ], [ 80.045260956126825, 7.298262530849827 ], [ 80.045250308126839, 7.298374548849681 ], [ 80.04522824512685, 7.298606660849409 ], [ 80.045213566126861, 7.2987932608492 ], [ 80.045102960127124, 7.299022773848975 ], [ 80.045073472127129, 7.299052120848956 ], [ 80.044992549127315, 7.299132656848861 ], [ 80.044990168127313, 7.299134130848847 ], [ 80.044865412127592, 7.29921140884877 ], [ 80.044721522127901, 7.299276972848724 ], [ 80.044583709128219, 7.299288713848775 ], [ 80.044507392128324, 7.29928859184877 ], [ 80.044429142128507, 7.299288465848752 ], [ 80.044278101128853, 7.29933009284876 ], [ 80.043928885129603, 7.299460766848664 ], [ 80.04381651412983, 7.299502813848649 ], [ 80.043671272130155, 7.299534793848601 ], [ 80.043492884130558, 7.299574070848626 ], [ 80.043014329131552, 7.299644800848628 ], [ 80.04288854413187, 7.299663391848585 ], [ 80.042517560132652, 7.299689250848621 ], [ 80.042335103133041, 7.299701968848635 ], [ 80.04220473413335, 7.299725418848642 ], [ 80.041641373134581, 7.299750526848697 ], [ 80.041335755135222, 7.299797885848698 ], [ 80.040982044135959, 7.299946850848578 ], [ 80.040790128136365, 7.300072152848483 ], [ 80.040514755136982, 7.300327271848261 ], [ 80.039560595138951, 7.300994029847622 ], [ 80.039104631139949, 7.301313577847317 ], [ 80.038528753141151, 7.301767238846882 ], [ 80.038323581141583, 7.301934871846772 ], [ 80.037958845142356, 7.302232871846471 ], [ 80.037606028143088, 7.302548078846135 ], [ 80.037294454143776, 7.302754737845965 ], [ 80.036678361145064, 7.303048767845748 ], [ 80.036382310145683, 7.303170341845647 ], [ 80.036341254145768, 7.30318720184565 ], [ 80.036158050146184, 7.303262435845539 ], [ 80.035746336147071, 7.303341832845559 ], [ 80.035422820147801, 7.303341305845619 ], [ 80.0348956861489, 7.303292592845752 ], [ 80.034230877150378, 7.303171876845978 ], [ 80.033931163151024, 7.3031121598461 ], [ 80.033462476152053, 7.30301877584632 ], [ 80.03265585415383, 7.302792466846689 ], [ 80.031835663155661, 7.302438212847236 ], [ 80.031781736155764, 7.302403161847295 ], [ 80.031343127156731, 7.302118076847725 ], [ 80.030834500157894, 7.301683187848294 ], [ 80.030707232158207, 7.301569874848462 ], [ 80.030585145158454, 7.301461175848602 ], [ 80.030339602159003, 7.301406938848736 ], [ 80.030129917159442, 7.301406594848774 ], [ 80.02985424216007, 7.30145997584874 ], [ 80.029641697160514, 7.30152102584871 ], [ 80.029626475160569, 7.301525397848682 ], [ 80.029356732161133, 7.30161467784862 ], [ 80.02901490916183, 7.301817485848487 ], [ 80.028966057161966, 7.301874096848416 ], [ 80.02885218916218, 7.30200604784824 ], [ 80.028510459162874, 7.302546400847688 ], [ 80.028279816163362, 7.303151018847037 ], [ 80.028262103163371, 7.303197452846998 ], [ 80.028104934163665, 7.30395505984611 ], [ 80.028067623163636, 7.304780446845182 ], [ 80.028054637163649, 7.304900901845046 ], [ 80.028047527163665, 7.304966856844942 ], [ 80.027872922163908, 7.306586540843136 ], [ 80.027789222164017, 7.307362957842249 ], [ 80.027646745164276, 7.307903014841612 ], [ 80.027558654164437, 7.308236918841242 ], [ 80.027198139165208, 7.308870362840583 ], [ 80.027056893165494, 7.309052235840372 ], [ 80.02685555216587, 7.309311490840103 ], [ 80.026789872166034, 7.30939606184002 ], [ 80.026530850166552, 7.309594269839861 ], [ 80.026523921166572, 7.309598978839856 ], [ 80.02589881216791, 7.310023829839459 ], [ 80.025860162167959, 7.310050097839435 ], [ 80.025824076168078, 7.310066303839417 ], [ 80.025296356169164, 7.310303297839205 ], [ 80.025063946169695, 7.310407670839127 ], [ 80.02438777217111, 7.31071133183892 ], [ 80.023958966172032, 7.31090390283878 ], [ 80.023770659172456, 7.310988468838714 ], [ 80.023236419173614, 7.311265977838485 ], [ 80.022881233174317, 7.311571640838197 ], [ 80.022617041174897, 7.311920521837819 ], [ 80.022558689174971, 7.312422869837238 ], [ 80.022600788174813, 7.313045015836521 ], [ 80.022681090174629, 7.313393188836071 ], [ 80.022812387174298, 7.31369846283572 ], [ 80.023003736173848, 7.313920096835442 ], [ 80.023266948173259, 7.314159793835101 ], [ 80.023607967172495, 7.314447471834717 ], [ 80.024159557171245, 7.31489651183408 ], [ 80.024350238170811, 7.315009785833917 ], [ 80.02473000417001, 7.315235385833612 ], [ 80.025061448169239, 7.315518692833247 ], [ 80.025280198168716, 7.31583444683283 ], [ 80.025432945168362, 7.316212731832374 ], [ 80.025413057168379, 7.316643366831864 ], [ 80.025215918168755, 7.317021070831477 ], [ 80.025199175168794, 7.31703385283146 ], [ 80.024660143169967, 7.317445364831045 ], [ 80.024447597170422, 7.317529336831014 ], [ 80.024178496171004, 7.317570672830988 ], [ 80.024177923170967, 7.317570759830979 ], [ 80.023746555171954, 7.317570043831063 ], [ 80.023327291172862, 7.31749756983124 ], [ 80.022872088173841, 7.317419053831383 ], [ 80.022452843174776, 7.317334616831551 ], [ 80.022022261175692, 7.317240036831745 ], [ 80.022013791175752, 7.317238176831745 ], [ 80.02199257017574, 7.317238459831772 ], [ 80.021529744176775, 7.317244638831804 ], [ 80.020509910179015, 7.317258250831996 ], [ 80.019502039181177, 7.317408738831968 ], [ 80.018874170182571, 7.317402905832089 ], [ 80.018423799183566, 7.317301663832256 ], [ 80.017693459185168, 7.317065185832677 ], [ 80.017020483186613, 7.31669159683323 ], [ 80.015940035189061, 7.316091801834089 ], [ 80.015753984189445, 7.315902206834344 ], [ 80.015047443191065, 7.315182207835288 ], [ 80.014923919191332, 7.315056329835507 ], [ 80.014716721191817, 7.314850285835736 ], [ 80.014433317192498, 7.314568458836134 ], [ 80.014290722192811, 7.314426657836339 ], [ 80.014268384192874, 7.31440444283637 ], [ 80.014211317193002, 7.314365278836381 ], [ 80.014169938193035, 7.314336880836436 ], [ 80.013918904193631, 7.314164595836661 ], [ 80.01348299819459, 7.314015522836915 ], [ 80.013454391194671, 7.314014658836906 ], [ 80.013147510195296, 7.314005386836973 ], [ 80.013113163195385, 7.314020830837004 ], [ 80.01294605319579, 7.314095966836907 ], [ 80.012904131195839, 7.314172955836864 ], [ 80.012810923196028, 7.31434412783664 ], [ 80.012756404196097, 7.314564746836403 ], [ 80.012620438196393, 7.315114963835796 ], [ 80.012485535196646, 7.315660878835156 ], [ 80.01245945719667, 7.315767703835086 ], [ 80.012343307196872, 7.316243500834532 ], [ 80.012215163197169, 7.316557826834213 ], [ 80.0121479651973, 7.316643784834123 ], [ 80.012135586197317, 7.316659620834096 ], [ 80.012089076197398, 7.316719113834014 ], [ 80.011909874197769, 7.316837951833901 ], [ 80.011897222197774, 7.316846341833899 ], [ 80.011891144197833, 7.316850372833894 ], [ 80.011639403198373, 7.316915744833856 ], [ 80.011411716198879, 7.316915360833921 ], [ 80.011332500199032, 7.31691522783392 ], [ 80.011160107199387, 7.316914936833959 ], [ 80.010596956200629, 7.316902022834045 ], [ 80.010314797201247, 7.316870239834133 ], [ 80.010069998201814, 7.31684266483422 ], [ 80.009680477202608, 7.316798787834338 ], [ 80.008804980204545, 7.316725119834598 ], [ 80.008727956204709, 7.316718638834605 ], [ 80.008123903206013, 7.316760692834666 ], [ 80.007823140206682, 7.316837513834623 ], [ 80.007510328207346, 7.317033374834453 ], [ 80.007436816207516, 7.317079403834389 ], [ 80.007419304207545, 7.317109483834344 ], [ 80.007405877207589, 7.317132547834323 ], [ 80.007352470207692, 7.317224289834221 ], [ 80.007237588207872, 7.317421632834038 ], [ 80.007184348207986, 7.317513087833958 ], [ 80.007114611208138, 7.317757458833633 ], [ 80.007105075208131, 7.317931362833442 ], [ 80.007091687208117, 7.318175516833194 ], [ 80.007091687208131, 7.31817626083317 ], [ 80.007091717208141, 7.318250997833117 ], [ 80.007092298208008, 7.319703353831386 ], [ 80.007092493207949, 7.320191881830826 ], [ 80.007083025207962, 7.320615341830373 ], [ 80.007079521207956, 7.320772063830176 ], [ 80.006976500208182, 7.321051279829838 ], [ 80.006959945208209, 7.321096149829798 ], [ 80.006911246208247, 7.321138013829784 ], [ 80.00678399120855, 7.321247409829652 ], [ 80.006752486208626, 7.321274491829653 ], [ 80.006717833208697, 7.321289249829605 ], [ 80.006648714208865, 7.321318683829635 ], [ 80.00659112220896, 7.321343210829612 ], [ 80.006506430209171, 7.32137927682959 ], [ 80.006349581209506, 7.321446072829541 ], [ 80.006316661209539, 7.321449556829529 ], [ 80.006176187209888, 7.321464418829541 ], [ 80.00585581021052, 7.321498314829542 ], [ 80.005854192210535, 7.32149848482951 ], [ 80.005734890210846, 7.321511106829556 ], [ 80.005394271211586, 7.321315737829804 ], [ 80.005303656211765, 7.321263762829917 ], [ 80.005269887211867, 7.321245372829906 ], [ 80.005233304211956, 7.321225450829957 ], [ 80.00491021621265, 7.321049503830213 ], [ 80.004713962213089, 7.320906495830407 ], [ 80.004581107213383, 7.320809684830549 ], [ 80.004428880213723, 7.320691285830737 ], [ 80.004223376214185, 7.320531448830947 ], [ 80.00412637621443, 7.32045600283107 ], [ 80.003689826215393, 7.319982722831639 ], [ 80.0034881342159, 7.319786613831901 ], [ 80.003256668216437, 7.319478882832335 ], [ 80.00307191121685, 7.319222338832641 ], [ 80.003050117216887, 7.31919207683268 ], [ 80.00297248721705, 7.31904240783287 ], [ 80.002941299217127, 7.31891369383306 ], [ 80.002894417217306, 7.318301111833747 ], [ 80.002942970217234, 7.317937521834151 ], [ 80.002991522217158, 7.317573930834574 ], [ 80.002997212217153, 7.317209714835013 ], [ 80.003002287217171, 7.316884883835391 ], [ 80.002972102217299, 7.31670214383559 ], [ 80.002971020217245, 7.316695594835624 ], [ 80.002878949217518, 7.316138185836272 ], [ 80.002858160217556, 7.316063411836386 ], [ 80.002702270217966, 7.315502695837011 ], [ 80.002697931217995, 7.315487092837077 ], [ 80.002449716218592, 7.314893307837775 ], [ 80.002057434219466, 7.314461971838372 ], [ 80.001651647220356, 7.314270836838644 ], [ 80.001425278220893, 7.314164210838816 ], [ 80.000986917221823, 7.314087981838976 ], [ 80.000869464222106, 7.314067556839021 ], [ 80.000468322222943, 7.314086893839035 ], [ 80.000294266223349, 7.314095283839059 ], [ 80.000193930223546, 7.314133895839055 ], [ 79.999523760225003, 7.31439178383884 ], [ 79.999142587225833, 7.314452103838874 ], [ 79.998756473226649, 7.314513205838833 ], [ 79.997707939228988, 7.314520719839004 ], [ 79.996737468231103, 7.314127503839661 ], [ 79.996259335232182, 7.313833011840064 ], [ 79.996071295232582, 7.313681244840295 ], [ 79.99582857323314, 7.313485344840565 ], [ 79.995742230233319, 7.313381028840673 ], [ 79.995601233233685, 7.313210679840918 ], [ 79.995422024234074, 7.312994164841168 ], [ 79.994926980235235, 7.312313093842069 ], [ 79.994654346235862, 7.311914551842546 ], [ 79.994581722235992, 7.311808387842704 ], [ 79.994100121237111, 7.311067052843657 ], [ 79.993633945238216, 7.310414269844473 ], [ 79.993370907238798, 7.31008483584492 ], [ 79.993143598239286, 7.30988107384518 ], [ 79.992880714239888, 7.309730901845384 ], [ 79.992250288241308, 7.309411123845858 ], [ 79.991829652242231, 7.309271501846143 ], [ 79.991169505243676, 7.309052377846496 ], [ 79.989921922246467, 7.308759462847061 ], [ 79.989202840248012, 7.308627042847334 ], [ 79.988924553248651, 7.308575795847402 ], [ 79.988349597249879, 7.308469523847638 ], [ 79.98795210025078, 7.308291782847894 ], [ 79.987488603251805, 7.30802474384829 ], [ 79.987080707252716, 7.307773470848652 ], [ 79.986659631253644, 7.307375568849205 ], [ 79.986351888254418, 7.307000224849681 ], [ 79.986213572254727, 7.306757582849994 ], [ 79.986160602254841, 7.306664659850099 ], [ 79.986046933255111, 7.306226519850659 ], [ 79.986047258255155, 7.306039442850853 ], [ 79.986087444255062, 7.305685411851284 ], [ 79.986130888255033, 7.305508435851449 ], [ 79.986212716254812, 7.305307601851671 ], [ 79.986376005254485, 7.305116479851879 ], [ 79.986529584254185, 7.304997117851966 ], [ 79.986675980253864, 7.304913548852067 ], [ 79.986788654253658, 7.304849228852088 ], [ 79.987191391252736, 7.304768580852121 ], [ 79.988102071250765, 7.30474145185201 ], [ 79.988640156249588, 7.304757172851908 ], [ 79.989146851248492, 7.30477197585181 ], [ 79.989508008247697, 7.304840050851669 ], [ 79.989736173247209, 7.30488305685157 ], [ 79.990727867244999, 7.305124031851124 ], [ 79.990833437244802, 7.305152069851056 ], [ 79.991164393244034, 7.30523996485093 ], [ 79.991235671243871, 7.305258894850855 ], [ 79.991326367243701, 7.305271127850829 ], [ 79.991666924242921, 7.305317062850721 ], [ 79.991735480242824, 7.305313921850731 ], [ 79.991968896242312, 7.305303228850727 ], [ 79.992203917241781, 7.305203145850802 ], [ 79.992226125241757, 7.30518294585082 ], [ 79.992328673241516, 7.305089660850866 ], [ 79.992371931241451, 7.30505031185094 ], [ 79.992460920241271, 7.304872895851091 ], [ 79.992584492241022, 7.304626533851375 ], [ 79.992675941240819, 7.304334838851712 ], [ 79.992719436240719, 7.304196101851879 ], [ 79.992711542240812, 7.304036779852057 ], [ 79.992707994240817, 7.304031915852063 ], [ 79.992653974240937, 7.303957866852124 ], [ 79.992587146241107, 7.303866259852238 ], [ 79.992431716241427, 7.303739277852428 ], [ 79.992259531241828, 7.303533218852701 ], [ 79.992052204242299, 7.303274533853036 ], [ 79.992006061242392, 7.303216959853129 ], [ 79.991951862242544, 7.303159763853203 ], [ 79.991880557242695, 7.303084514853284 ], [ 79.991766318242938, 7.302963956853451 ], [ 79.991647258243233, 7.302838311853591 ], [ 79.991527488243463, 7.302809393853644 ], [ 79.991259043244042, 7.302837640853706 ], [ 79.991183786244221, 7.302857587853694 ], [ 79.990774748245101, 7.302966002853638 ], [ 79.990213735246328, 7.303113371853553 ], [ 79.990079456246619, 7.303145152853554 ], [ 79.989872439247023, 7.30319414885351 ], [ 79.989524229247806, 7.303276561853444 ], [ 79.988914318249101, 7.303362177853485 ], [ 79.988417026250204, 7.303317755853591 ], [ 79.987870733251384, 7.303268955853735 ], [ 79.987564153252094, 7.303177505853941 ], [ 79.987257574252737, 7.303086054854097 ], [ 79.987110415253071, 7.303003826854222 ], [ 79.986719051253957, 7.302785142854535 ], [ 79.986213951255095, 7.302395176855079 ], [ 79.985406330256936, 7.301771643855928 ], [ 79.985206186257372, 7.301617119856161 ], [ 79.984956755257954, 7.301424543856411 ], [ 79.98399618526004, 7.301103010856914 ], [ 79.983168308261853, 7.301132366857045 ], [ 79.982653695262968, 7.301150613857126 ], [ 79.98229940026377, 7.301201688857121 ], [ 79.981915760264599, 7.301326627857024 ], [ 79.981531486265439, 7.301396671856994 ], [ 79.980736099267133, 7.301454390857102 ], [ 79.980155735268426, 7.301327780857352 ], [ 79.979904588268951, 7.301272990857422 ], [ 79.979382849270152, 7.30105003885777 ], [ 79.978915131271222, 7.300757283858219 ], [ 79.978511417272117, 7.300409217858674 ], [ 79.978284830272656, 7.300170547859 ], [ 79.977951705273327, 7.299819659859448 ], [ 79.977832369273671, 7.299609263859718 ], [ 79.977732039273903, 7.29943237885997 ], [ 79.977536029274333, 7.299086800860394 ], [ 79.977458961274522, 7.298876808860642 ], [ 79.977230300275096, 7.298234975861452 ], [ 79.977207849275146, 7.298149421861547 ], [ 79.977036808275585, 7.297497640862288 ], [ 79.977004166275663, 7.29737325086244 ], [ 79.976909056275886, 7.297010734862884 ], [ 79.976761839276307, 7.296449608863584 ], [ 79.976635213276637, 7.295966963864188 ], [ 79.976496122276927, 7.295434362864795 ], [ 79.976480496276977, 7.295374528864858 ], [ 79.97635562827729, 7.294841959865528 ], [ 79.976272723277532, 7.294303671866137 ], [ 79.976250690277595, 7.294160618866314 ], [ 79.976194116277753, 7.293954565866567 ], [ 79.976171623277793, 7.293872643866671 ], [ 79.976003804278193, 7.29345416486717 ], [ 79.975974792278279, 7.293381818867291 ], [ 79.975963940278305, 7.293361044867312 ], [ 79.975777761278707, 7.293004640867754 ], [ 79.97570510727887, 7.29289541586788 ], [ 79.975598512279149, 7.292735160868115 ], [ 79.97557859627922, 7.292717230868127 ], [ 79.975185801280062, 7.292363583868609 ], [ 79.975182382280067, 7.292361599868613 ], [ 79.974730964281122, 7.292099599868976 ], [ 79.974347722281976, 7.292003220869142 ], [ 79.973904467282907, 7.291966549869283 ], [ 79.97351489528377, 7.292061565869235 ], [ 79.972775541285344, 7.292290807869081 ], [ 79.97253081128585, 7.292402657868985 ], [ 79.971623347287846, 7.292817394868689 ], [ 79.97152533928805, 7.29283330186866 ], [ 79.970738774289757, 7.292960966868685 ], [ 79.97057345029009, 7.292987799868673 ], [ 79.969977247291425, 7.292765100869032 ], [ 79.969955607291467, 7.292757017869033 ], [ 79.969369186292838, 7.292096096869881 ], [ 79.969255398293072, 7.291936181870102 ], [ 79.969085474293493, 7.291697372870414 ], [ 79.969041014293566, 7.291634888870486 ], [ 79.968963616293763, 7.291526115870655 ], [ 79.968885217293931, 7.291415934870772 ], [ 79.968849287294006, 7.291365439870851 ], [ 79.968720997294312, 7.291181607871088 ], [ 79.968518386294789, 7.290891279871454 ], [ 79.968351806295175, 7.290652580871739 ], [ 79.968126247295686, 7.290329367872151 ], [ 79.967807609296429, 7.289966404872643 ], [ 79.967552157297021, 7.289754130872954 ], [ 79.967177898297848, 7.28949525787331 ], [ 79.967127337297939, 7.289460283873348 ], [ 79.966572961299207, 7.289236698873684 ], [ 79.966486785299367, 7.28920194387374 ], [ 79.966031722300372, 7.289069541874007 ], [ 79.965516614301507, 7.28901478987412 ], [ 79.965131277302334, 7.289030381874177 ], [ 79.964757402303164, 7.289058425874242 ], [ 79.964294340304193, 7.289102330874257 ], [ 79.963772930305339, 7.289221028874201 ], [ 79.963221364306492, 7.289453317874025 ], [ 79.962639767307735, 7.289727423873811 ], [ 79.962237914308574, 7.289989886873583 ], [ 79.962021827309073, 7.290222775873311 ], [ 79.961772220309584, 7.290486864873086 ], [ 79.961643689309838, 7.290622853872952 ], [ 79.961503679310113, 7.290777491872763 ], [ 79.961206635310759, 7.291105574872437 ], [ 79.960792105311626, 7.291569257871987 ], [ 79.96075610031167, 7.291609532871948 ], [ 79.960725261311765, 7.291644029871915 ], [ 79.960691020311799, 7.291678825871847 ], [ 79.960478965312291, 7.291894325871659 ], [ 79.960167096312901, 7.292211262871323 ], [ 79.959688221313925, 7.292611890870961 ], [ 79.959284938314809, 7.292833255870788 ], [ 79.959069249315249, 7.292951648870668 ], [ 79.958292116316926, 7.293352202870343 ], [ 79.957477040318651, 7.293532569870259 ], [ 79.956748195320245, 7.293732231870147 ], [ 79.956251256321337, 7.293838158870102 ], [ 79.956137137321591, 7.293862484870113 ], [ 79.956129058321608, 7.293864206870095 ], [ 79.956124909321602, 7.29386509087012 ], [ 79.956109449321659, 7.293864902870123 ], [ 79.956059147321739, 7.293864287870099 ], [ 79.955987737321919, 7.293863416870117 ], [ 79.955204740323637, 7.293853859870261 ], [ 79.954863146324371, 7.293738829870493 ], [ 79.954487404325178, 7.293612298870668 ], [ 79.954243252325739, 7.29353008087082 ], [ 79.954204903325873, 7.293434772870965 ], [ 79.954147457325973, 7.293292005871138 ], [ 79.954133661325983, 7.293257720871155 ], [ 79.954118009326038, 7.293218820871211 ], [ 79.954150070326008, 7.292907460871557 ], [ 79.954293347325731, 7.292333889872178 ], [ 79.954485845325351, 7.291897594872666 ], [ 79.954533939325287, 7.291804969872792 ], [ 79.954582034325199, 7.291712345872899 ], [ 79.95471524232488, 7.291461079873151 ], [ 79.954909195324504, 7.291095232873532 ], [ 79.954957728324416, 7.290760361873904 ], [ 79.954946311324477, 7.290449307874256 ], [ 79.95483912732476, 7.290090228874729 ], [ 79.954689792325098, 7.289850702875004 ], [ 79.954576021325366, 7.289763287875127 ], [ 79.954527528325471, 7.289726028875171 ], [ 79.954448007325666, 7.289664928875276 ], [ 79.954330846325945, 7.289574909875429 ], [ 79.954231407326176, 7.289534638875445 ], [ 79.954054265326519, 7.289462898875605 ], [ 79.953989623326677, 7.289436719875619 ], [ 79.95390199832687, 7.289443519875618 ], [ 79.953682181327338, 7.289460578875653 ], [ 79.953462363327816, 7.289477636875697 ], [ 79.952743224329367, 7.289613906875644 ], [ 79.952203416330548, 7.289760264875564 ], [ 79.952041959330899, 7.289804041875513 ], [ 79.950984811333186, 7.289932342875562 ], [ 79.950751112333705, 7.289964815875544 ], [ 79.949981250335412, 7.29004520787561 ], [ 79.949935214335497, 7.290050014875593 ], [ 79.949527228336379, 7.290049277875673 ], [ 79.949278147336926, 7.289967624875816 ], [ 79.949238010337041, 7.289954466875833 ], [ 79.94884891733787, 7.289786279876112 ], [ 79.948615826338411, 7.289595285876332 ], [ 79.94850175933864, 7.289501819876515 ], [ 79.948413332338873, 7.289316352876747 ], [ 79.948377005338983, 7.289240158876813 ], [ 79.948281502339228, 7.288852148877286 ], [ 79.948282234339246, 7.288451395877745 ], [ 79.948349169339153, 7.287883284878386 ], [ 79.948439904339011, 7.287404937878915 ], [ 79.948511496338867, 7.287182487879196 ], [ 79.948668850338578, 7.286693567879727 ], [ 79.948828994338257, 7.286355873880098 ], [ 79.948915417338057, 7.286173634880265 ], [ 79.948954182337971, 7.286092828880385 ], [ 79.949161974337585, 7.285659681880827 ], [ 79.949354243337169, 7.285348997881154 ], [ 79.94964839633657, 7.285014573881535 ], [ 79.949936472335963, 7.284727989881784 ], [ 79.950440265334905, 7.284411889882101 ], [ 79.950926042333862, 7.28411968288233 ], [ 79.951230795333188, 7.283988247882418 ], [ 79.951232553333185, 7.283987489882418 ], [ 79.951699447332174, 7.283786125882607 ], [ 79.952298722330895, 7.283569772882715 ], [ 79.952358854330754, 7.283548063882775 ], [ 79.95237557533072, 7.283539661882733 ], [ 79.952904503329577, 7.283273906882966 ], [ 79.953383205328578, 7.283011886883206 ], [ 79.953438203328446, 7.282981782883219 ], [ 79.953642145328061, 7.282838596883348 ], [ 79.953828203327674, 7.282647527883555 ], [ 79.953863554327597, 7.282560774883643 ], [ 79.953930499327441, 7.282396493883798 ], [ 79.953930997327475, 7.28212134988412 ], [ 79.953833379327733, 7.281922255884386 ], [ 79.953751939327887, 7.281756159884607 ], [ 79.953250082329035, 7.281007576885548 ], [ 79.95317236832922, 7.280881860885691 ], [ 79.952994684329639, 7.280594422886069 ], [ 79.952987265329682, 7.280582421886067 ], [ 79.952743348330202, 7.280407795886325 ], [ 79.952694379330339, 7.280372739886371 ], [ 79.952526584330727, 7.280252611886545 ], [ 79.952053554331755, 7.2801261448868 ], [ 79.951706250332521, 7.280041776886919 ], [ 79.95135336133329, 7.280041137887026 ], [ 79.951203039333635, 7.280040865887032 ], [ 79.95025632733568, 7.280146813887066 ], [ 79.949372221337612, 7.280330435887015 ], [ 79.949145819338085, 7.280393289886944 ], [ 79.948802721338865, 7.280488541886946 ], [ 79.948590608339273, 7.280535190886882 ], [ 79.948378495339753, 7.280581839886875 ], [ 79.947793150341028, 7.280710571886833 ], [ 79.947247894342212, 7.280769393886884 ], [ 79.946972326342816, 7.280768891886896 ], [ 79.946601149343664, 7.280636624887149 ], [ 79.946122469344715, 7.28032471888756 ], [ 79.945494517346162, 7.279743377888348 ], [ 79.945046329347164, 7.27913843888911 ], [ 79.944747687347856, 7.278653400889758 ], [ 79.944514777348445, 7.278258202890227 ], [ 79.944461563348597, 7.277875295890714 ], [ 79.944486041348569, 7.277594214891014 ], [ 79.944564542348388, 7.27725341889141 ], [ 79.944570775348396, 7.277208249891479 ], [ 79.944649539348248, 7.276637489892119 ], [ 79.944668811348294, 7.276042904892819 ], [ 79.944674935348274, 7.275853972893019 ], [ 79.944657894348381, 7.275345522893633 ], [ 79.944563021348614, 7.27481300589426 ], [ 79.94446196034886, 7.274388140894754 ], [ 79.944312700349215, 7.27411272489508 ], [ 79.944193213349536, 7.273936055895326 ], [ 79.944073726349799, 7.273759385895577 ], [ 79.943936316350076, 7.273680652895681 ], [ 79.943822387350323, 7.273615372895775 ], [ 79.943552858350941, 7.273590954895842 ], [ 79.943225524351632, 7.273647024895857 ], [ 79.942815564352543, 7.273840825895672 ], [ 79.94276785335262, 7.273866437895649 ], [ 79.942515742353137, 7.274001774895556 ], [ 79.94215414835395, 7.274183987895422 ], [ 79.942033410354199, 7.274244829895356 ], [ 79.941912671354444, 7.274305670895299 ], [ 79.941766180354804, 7.274407137895181 ], [ 79.941500619355324, 7.274629596895013 ], [ 79.941310197355762, 7.274789111894806 ], [ 79.940950056356499, 7.274996414894654 ], [ 79.940626551357198, 7.275182629894483 ], [ 79.940080741358358, 7.275546493894154 ], [ 79.939584873359436, 7.27582854789394 ], [ 79.939474916359671, 7.275891091893885 ], [ 79.939483368359632, 7.275902398893835 ], [ 79.939484234359611, 7.275903561893874 ], [ 79.939484859359666, 7.275904525893847 ], [ 79.939499869359608, 7.275963776893762 ], [ 79.939572302359423, 7.276249698893463 ], [ 79.939594834359369, 7.276338644893302 ], [ 79.939640847359215, 7.276520273893081 ], [ 79.939706751359054, 7.276780420892775 ], [ 79.939757855358963, 7.276982149892552 ], [ 79.939855270358663, 7.277346867892129 ], [ 79.939894189358583, 7.277492579891956 ], [ 79.939926582358538, 7.277613859891786 ], [ 79.940186222357838, 7.278585943890616 ], [ 79.940194767357809, 7.279086999890055 ], [ 79.940204621357694, 7.27966481388937 ], [ 79.94020487535775, 7.279679678889329 ], [ 79.940229475357512, 7.281122123887656 ], [ 79.940253425357383, 7.282201245886416 ], [ 79.940253360357403, 7.282212526886358 ], [ 79.940253200357375, 7.282240217886341 ], [ 79.940256057357388, 7.282319883886284 ], [ 79.940262532357309, 7.282611578885928 ], [ 79.9402611343573, 7.282849345885641 ], [ 79.940260249357323, 7.282993097885456 ], [ 79.940259013357291, 7.283193952885227 ], [ 79.940254570357297, 7.28330119988512 ], [ 79.940277945357238, 7.283306084885122 ], [ 79.940295852357096, 7.284112930884168 ], [ 79.940274714357145, 7.284561304883623 ], [ 79.940254090357158, 7.284998767883143 ], [ 79.940183632357133, 7.286493308881421 ], [ 79.939962225357476, 7.288325118879324 ], [ 79.939891623357596, 7.288909244878639 ], [ 79.9398684793576, 7.289180506878335 ], [ 79.939744668357761, 7.290631608876701 ], [ 79.9397003943578, 7.291111817876138 ], [ 79.939641525357828, 7.291750311875391 ], [ 79.939519223358005, 7.29307680287386 ], [ 79.939463462358077, 7.29368158687318 ], [ 79.939255868358345, 7.29555624887101 ], [ 79.939234467358418, 7.295749507870807 ], [ 79.939219764358384, 7.295882279870685 ], [ 79.939203314358181, 7.298907008867176 ], [ 79.939203052358167, 7.298955194867078 ], [ 79.939201612358147, 7.299219847866758 ], [ 79.939043535358394, 7.300507556865346 ], [ 79.939031302358401, 7.300607210865225 ], [ 79.938789500358823, 7.301779111863867 ], [ 79.938752296358828, 7.302139772863458 ], [ 79.938686576358933, 7.30277687186274 ], [ 79.938679693358949, 7.302843590862683 ], [ 79.938530888359267, 7.303223541862225 ], [ 79.938375630359573, 7.303619969861834 ], [ 79.938303218359707, 7.303804861861622 ], [ 79.93835847035956, 7.303915622861457 ], [ 79.938366098359495, 7.304115058861231 ], [ 79.938356353359524, 7.304215177861137 ], [ 79.938333495359601, 7.304450026860848 ], [ 79.938292587359612, 7.304952493860262 ], [ 79.938292466359641, 7.305018133860187 ], [ 79.938291760359576, 7.305399196859762 ], [ 79.93829121335952, 7.305694339859439 ], [ 79.938255394359587, 7.305891346859217 ], [ 79.938234670359648, 7.30600533385905 ], [ 79.93817751135974, 7.306473222858505 ], [ 79.938192896359652, 7.306800302858155 ], [ 79.938200344359629, 7.307095460857782 ], [ 79.93818205235965, 7.30741333985744 ], [ 79.938175560359639, 7.307526165857328 ], [ 79.938118868359766, 7.307916926856834 ], [ 79.938065819359807, 7.308326727856415 ], [ 79.938062087359825, 7.308355550856359 ], [ 79.93806947735979, 7.308682615856 ], [ 79.93811697535962, 7.3089379628557 ], [ 79.938108669359636, 7.309105461855497 ], [ 79.938051527359718, 7.309582668854905 ], [ 79.938037459359748, 7.309679634854797 ], [ 79.938002934359815, 7.309917607854556 ], [ 79.937954354359888, 7.310244569854155 ], [ 79.937954883359865, 7.310249722854165 ], [ 79.937993621359752, 7.310627531853709 ], [ 79.938025188359674, 7.310850941853492 ], [ 79.938021022359663, 7.310923330853375 ], [ 79.938016927359669, 7.31099450985332 ], [ 79.937944391359807, 7.311305473852968 ], [ 79.937937053359803, 7.311590783852619 ], [ 79.937935774359786, 7.311640485852571 ], [ 79.937918954359802, 7.312087159852046 ], [ 79.937918794359788, 7.312173267851952 ], [ 79.937918125359715, 7.31253386285155 ], [ 79.937869399359812, 7.312940592851035 ], [ 79.937874295359791, 7.313085860850906 ], [ 79.937876592359757, 7.313153983850833 ], [ 79.937875614359811, 7.313171567850793 ], [ 79.937851777359825, 7.313600641850303 ], [ 79.937802856359838, 7.314111071849739 ], [ 79.93779723235987, 7.314226207849583 ], [ 79.937785384359884, 7.314468775849282 ], [ 79.937777922359842, 7.31462154484911 ], [ 79.937768964359847, 7.315140023848508 ], [ 79.937757557359888, 7.315253306848396 ], [ 79.937711944359933, 7.315706275847854 ], [ 79.937711928359946, 7.315714818847878 ], [ 79.937711308359866, 7.316049279847455 ], [ 79.937747624359815, 7.316237680847234 ], [ 79.937747632359773, 7.316237724847231 ], [ 79.93774720035978, 7.316470930846974 ], [ 79.937747159359745, 7.316492847846973 ], [ 79.937748062359745, 7.316527595846892 ], [ 79.937748117359732, 7.316529703846934 ], [ 79.937751500359752, 7.316659949846756 ], [ 79.93775299535973, 7.316717474846673 ], [ 79.937735537359757, 7.316905192846472 ], [ 79.937717797359809, 7.317095929846277 ], [ 79.937714703359788, 7.317129199846199 ], [ 79.937676365359835, 7.317487503845816 ], [ 79.937671973359812, 7.317625755845659 ], [ 79.937663199359818, 7.317901780845347 ], [ 79.93766308035984, 7.317905513845313 ], [ 79.93766144635984, 7.317970435845271 ], [ 79.937659285359842, 7.318056303845156 ], [ 79.937658647359825, 7.318081658845118 ], [ 79.93765632835985, 7.318173792845009 ], [ 79.937655906359794, 7.318385059844764 ], [ 79.937655118359729, 7.318778651844327 ], [ 79.937654761359738, 7.318957416844106 ], [ 79.937654573359737, 7.319051512843993 ], [ 79.937628674359772, 7.319525653843428 ], [ 79.937600506359757, 7.320015045842888 ], [ 79.937576967359803, 7.320424019842402 ], [ 79.937537268359762, 7.321482878841184 ], [ 79.937535247359762, 7.321596565841065 ], [ 79.93753250135974, 7.321751080840906 ], [ 79.937530282359731, 7.321875942840713 ], [ 79.937507384359719, 7.322478779840044 ], [ 79.937503977359782, 7.322568458839925 ], [ 79.937502724359675, 7.32324230383914 ], [ 79.937453201359759, 7.323894637838386 ], [ 79.937444736359751, 7.324006138838304 ], [ 79.937425427359784, 7.324299351837925 ], [ 79.937421763359779, 7.324331694837881 ], [ 79.937380912359828, 7.324692346837502 ], [ 79.937361348359829, 7.325122822836974 ], [ 79.937349993359859, 7.325379454836678 ], [ 79.937335169359869, 7.32571445883631 ], [ 79.93731834335982, 7.326079531835906 ], [ 79.937315617359829, 7.326138695835831 ], [ 79.937314769359773, 7.326594164835273 ], [ 79.937289030359835, 7.326980955834867 ], [ 79.937284004359839, 7.327022088834788 ], [ 79.937212813359935, 7.327604745834117 ], [ 79.937194240359972, 7.327808104833901 ], [ 79.937174343359985, 7.32802595783363 ], [ 79.937164962360015, 7.328114534833569 ], [ 79.937115763360083, 7.328579055833006 ], [ 79.937104310360098, 7.328687195832888 ], [ 79.93706156836015, 7.329195765832333 ], [ 79.937042566360176, 7.329421854832034 ], [ 79.937040345360131, 7.329448272832015 ], [ 79.936982570360229, 7.330156142831184 ], [ 79.936970049360212, 7.330289841831036 ], [ 79.936959049360269, 7.330407292830895 ], [ 79.936899609360296, 7.331041971830191 ], [ 79.9368945953603, 7.331186093830024 ], [ 79.93688601636029, 7.331432698829771 ], [ 79.936885209360298, 7.331439043829732 ], [ 79.936847931360376, 7.331732115829373 ], [ 79.936836969360357, 7.331837014829268 ], [ 79.936765141360468, 7.33252435482849 ], [ 79.936701064360548, 7.333257787827643 ], [ 79.936669067360569, 7.333644566827195 ], [ 79.936573408360687, 7.33463020082608 ], [ 79.936570263360693, 7.334663867826018 ], [ 79.936544921360777, 7.334935107825717 ], [ 79.936509527360798, 7.335313929825302 ], [ 79.936473221360828, 7.335623920824944 ], [ 79.936445966360907, 7.335856632824689 ], [ 79.936350712361019, 7.336623891823801 ], [ 79.936305938361073, 7.337154149823218 ], [ 79.93630296236104, 7.337346996822986 ], [ 79.936298847361059, 7.337613765822685 ], [ 79.936279698361048, 7.337819628822417 ], [ 79.936247841361094, 7.338131534822087 ], [ 79.936201485361167, 7.338515881821619 ], [ 79.936190663361202, 7.338605616821536 ], [ 79.936158423361249, 7.339123419820913 ], [ 79.936152584361196, 7.339224109820812 ], [ 79.936136795361222, 7.33949639882051 ], [ 79.936099950361239, 7.340131790819767 ], [ 79.936054291361287, 7.341136235818584 ], [ 79.936048349361258, 7.341292767818413 ], [ 79.936031874361262, 7.341726677817936 ], [ 79.936027591361253, 7.341839498817817 ], [ 79.936018131361237, 7.342209759817394 ], [ 79.936007345361261, 7.342631853816892 ], [ 79.935969154361203, 7.343744892815568 ], [ 79.935967600361209, 7.343790176815521 ], [ 79.935966310361209, 7.343828458815471 ], [ 79.935954356361194, 7.344183229815109 ], [ 79.93596431736114, 7.344555282814649 ], [ 79.935971830361112, 7.344835879814354 ], [ 79.935971898361117, 7.344838389814294 ], [ 79.935966089361102, 7.345061579814071 ], [ 79.935958421361079, 7.345356228813753 ], [ 79.935932352361135, 7.345917717813048 ], [ 79.935869406361221, 7.346325775812591 ], [ 79.935846123361245, 7.346476714812453 ], [ 79.935843136361228, 7.346496078812403 ], [ 79.935835136361277, 7.346529927812397 ], [ 79.93579516236133, 7.346699072812182 ], [ 79.935729648361473, 7.346976293811906 ], [ 79.935658637361584, 7.347245760811555 ], [ 79.935649278361595, 7.347281273811516 ], [ 79.935578455361735, 7.347550028811252 ], [ 79.93536448336215, 7.348269628810415 ], [ 79.935300931362235, 7.348483352810171 ], [ 79.935225134362426, 7.34887628780977 ], [ 79.935204746362402, 7.348962004809658 ], [ 79.935137264362581, 7.349245706809335 ], [ 79.935099043362627, 7.349406394809147 ], [ 79.934992470362843, 7.34977308280878 ], [ 79.934919853362985, 7.350022944808479 ], [ 79.934859810363065, 7.350229537808227 ], [ 79.934695186363385, 7.350869097807534 ], [ 79.934556150363647, 7.351393182806943 ], [ 79.934531398363688, 7.351486484806819 ], [ 79.9344679083638, 7.351740299806545 ], [ 79.934384950363963, 7.352071949806196 ], [ 79.93437384136395, 7.352116360806121 ], [ 79.934244490364193, 7.352628386805571 ], [ 79.934241503364177, 7.352640215805573 ], [ 79.934096115364483, 7.353118278805046 ], [ 79.933951243364746, 7.353654588804415 ], [ 79.933825322364982, 7.354091105803962 ], [ 79.933730688365145, 7.354521440803452 ], [ 79.933680780365236, 7.354731395803221 ], [ 79.933642837365312, 7.354891009803028 ], [ 79.933637676365336, 7.354912719803 ], [ 79.93359769636541, 7.355080906802855 ], [ 79.93359264236544, 7.355101059802811 ], [ 79.933483512365584, 7.35553619180233 ], [ 79.933459282365675, 7.355632803802215 ], [ 79.933383419365796, 7.355935290801879 ], [ 79.933353480365867, 7.356041491801746 ], [ 79.933228112366109, 7.35648619080127 ], [ 79.933222788366081, 7.356505077801258 ], [ 79.933181470366165, 7.356651639801092 ], [ 79.933130988366244, 7.356830708800849 ], [ 79.933073723366405, 7.357057384800607 ], [ 79.933011250366491, 7.357304671800369 ], [ 79.933002973366513, 7.357328898800327 ], [ 79.932894011366699, 7.357647812799964 ], [ 79.932879166366718, 7.357691261799945 ], [ 79.932853171366787, 7.357762578799858 ], [ 79.932690537367122, 7.358208770799341 ], [ 79.932669643367163, 7.358284947799291 ], [ 79.932634324367228, 7.358413705799109 ], [ 79.932579325367342, 7.358614203798914 ], [ 79.932473825367524, 7.358998813798453 ], [ 79.932456871367563, 7.359060617798427 ], [ 79.932343400367742, 7.35952835279787 ], [ 79.932241154367944, 7.359908550797465 ], [ 79.932085130368222, 7.360488721796787 ], [ 79.932025352368342, 7.360715394796578 ], [ 79.931995152368373, 7.360829909796396 ], [ 79.931955395368476, 7.360980662796243 ], [ 79.931834227368682, 7.361440110795749 ], [ 79.931645138369035, 7.362182337794902 ], [ 79.93164442836904, 7.362185124794932 ], [ 79.931634904369048, 7.362222509794873 ], [ 79.931633694369069, 7.362227259794884 ], [ 79.931612238369084, 7.362311476794783 ], [ 79.931448576369391, 7.363015529793987 ], [ 79.931371842369543, 7.363345627793624 ], [ 79.931293722369674, 7.363681691793258 ], [ 79.931148164369944, 7.364307853792558 ], [ 79.931110670369989, 7.364469155792357 ], [ 79.931108686369996, 7.364477683792312 ], [ 79.931079409370085, 7.364564442792216 ], [ 79.931023757370198, 7.364729363792057 ], [ 79.930979020370287, 7.36486193879192 ], [ 79.930917109370412, 7.36513543079163 ], [ 79.930875950370435, 7.365395603791295 ], [ 79.930831738370514, 7.365675085790972 ], [ 79.930814762370531, 7.365782395790884 ], [ 79.930782663370621, 7.365985295790631 ], [ 79.930755780370646, 7.366097423790514 ], [ 79.930597733370902, 7.366756635789793 ], [ 79.930425914371213, 7.367473283788973 ], [ 79.930405530371274, 7.367569193788895 ], [ 79.930246708371556, 7.368316470788011 ], [ 79.930173932371716, 7.368658889787617 ], [ 79.9301749873717, 7.368747342787562 ], [ 79.930052203371929, 7.369280329786948 ], [ 79.930031713371974, 7.369369276786842 ], [ 79.929898700372149, 7.370127454785996 ], [ 79.929824047372264, 7.370552975785529 ], [ 79.929752302372421, 7.370961927785052 ], [ 79.929666705372554, 7.371449834784477 ], [ 79.929588417372713, 7.371721022784174 ], [ 79.9295788523727, 7.371784170784141 ], [ 79.929468435372897, 7.372513108783263 ], [ 79.929395489373036, 7.372994679782746 ], [ 79.929349594373079, 7.37329766178239 ], [ 79.929321927373138, 7.37348031078219 ], [ 79.929261806373248, 7.373850857781761 ], [ 79.929126632373453, 7.374683957780838 ], [ 79.92905649937353, 7.375150479780324 ], [ 79.929039186373572, 7.375222908780241 ], [ 79.92901909737364, 7.375346716780053 ], [ 79.92901699037364, 7.375359705780068 ], [ 79.928999110373695, 7.375577567779811 ], [ 79.92897671437369, 7.375850492779494 ], [ 79.928781100374067, 7.376470319778786 ], [ 79.928700117374234, 7.376641333778648 ], [ 79.928478505374656, 7.377109326778111 ], [ 79.9283508353749, 7.37769422377747 ], [ 79.928306338374952, 7.377898079777221 ], [ 79.928251563375099, 7.378149020776934 ], [ 79.928223165375101, 7.378279119776828 ], [ 79.928210593375113, 7.378344556776745 ], [ 79.92818531937516, 7.378476099776606 ], [ 79.928134482375256, 7.378740691776261 ], [ 79.928124609375317, 7.378792078776247 ], [ 79.92810309637531, 7.378904046776118 ], [ 79.928099672375311, 7.378921867776071 ], [ 79.927883188375674, 7.380048599774784 ], [ 79.927879684375739, 7.380066834774794 ], [ 79.927849881375749, 7.380221949774602 ], [ 79.927848429375771, 7.380229450774618 ], [ 79.927769260375896, 7.380638380774148 ], [ 79.927742536375945, 7.380776417773993 ], [ 79.927682970376054, 7.381084093773621 ], [ 79.927299939376695, 7.38304511277143 ], [ 79.927271973376733, 7.383188286771287 ], [ 79.927261838376793, 7.383240177771228 ], [ 79.927221569376869, 7.383446346770961 ], [ 79.927160104376966, 7.383657465770753 ], [ 79.92715081537699, 7.383689368770697 ], [ 79.927062831377171, 7.383991581770357 ], [ 79.926913359377409, 7.384730315769565 ], [ 79.926863203377494, 7.385075586769129 ], [ 79.926821276377552, 7.385364215768817 ], [ 79.926762965377634, 7.385765622768383 ], [ 79.926663064377834, 7.386007033768113 ], [ 79.926613855377937, 7.386125948767951 ], [ 79.926279052378646, 7.386569139767484 ], [ 79.92610230537899, 7.386827702767258 ], [ 79.925999729379171, 7.387145190766916 ], [ 79.925962307379251, 7.387261016766741 ], [ 79.925961499379227, 7.387686347766277 ], [ 79.925998217379117, 7.387889836766043 ], [ 79.926024491379053, 7.387908040766029 ], [ 79.926118657378836, 7.387973281765896 ], [ 79.926233818378591, 7.388062909765785 ], [ 79.926285389378492, 7.388103046765711 ], [ 79.926376875378267, 7.388234658765565 ], [ 79.926400469378237, 7.388268599765545 ], [ 79.926433413378149, 7.388315993765462 ], [ 79.92651626937797, 7.388291967765473 ], [ 79.926736486377493, 7.388228112765498 ], [ 79.926817912377317, 7.388228266765508 ], [ 79.92693997337706, 7.388269077765401 ], [ 79.927143458376591, 7.38831004176537 ], [ 79.927259951376342, 7.388391001765242 ], [ 79.927459187375845, 7.388529465765024 ], [ 79.927509389375757, 7.388564355764971 ], [ 79.927580344375599, 7.388627233764879 ], [ 79.927580529375575, 7.388627398764898 ], [ 79.927674449375417, 7.388710630764797 ], [ 79.927574023375584, 7.388917762764589 ], [ 79.927534813375658, 7.3890552597644 ], [ 79.927531363375635, 7.389294506764146 ], [ 79.927503956375674, 7.389527727763855 ], [ 79.927398942375902, 7.389608276763791 ], [ 79.927159130376467, 7.389676608763772 ], [ 79.927033115376702, 7.38977207176366 ], [ 79.926922035376904, 7.389891488763551 ], [ 79.92685267237708, 7.390130610763268 ], [ 79.926843184377091, 7.390393772762969 ], [ 79.926848386377003, 7.390809484762495 ], [ 79.926820728377066, 7.391174293762094 ], [ 79.926775384377152, 7.391386546761826 ], [ 79.926616009377469, 7.39169428376151 ], [ 79.926477805377743, 7.391897387761278 ], [ 79.926288697378126, 7.39208544076108 ], [ 79.926219486378272, 7.392243815760919 ], [ 79.926218494378247, 7.392310348760838 ], [ 79.926216052378251, 7.392474090760687 ], [ 79.92626381837816, 7.392563901760527 ], [ 79.926360807377932, 7.392639150760444 ], [ 79.926627158377329, 7.392795170760238 ], [ 79.926734902377063, 7.392855188760151 ], [ 79.926791725376972, 7.392909127760076 ], [ 79.926818445376881, 7.393037777759889 ], [ 79.92684795637679, 7.393274096759616 ], [ 79.926838360376792, 7.393594080759289 ], [ 79.926784112376922, 7.393761454759102 ], [ 79.926279513377978, 7.394424426758408 ], [ 79.926231990378028, 7.394562494758268 ], [ 79.926195157378118, 7.394669502758134 ], [ 79.926157986378115, 7.395309435757401 ], [ 79.926121670378208, 7.395500769757147 ], [ 79.926010520378426, 7.395656073757022 ], [ 79.925948395378541, 7.395749645756893 ], [ 79.925911365378653, 7.395805418756874 ], [ 79.925851136378768, 7.395966800756689 ], [ 79.92582372737877, 7.396200021756394 ], [ 79.925828802378746, 7.396223345756408 ], [ 79.925871249378645, 7.396418429756157 ], [ 79.925919050378567, 7.396490297756083 ], [ 79.925951875378445, 7.396559144755966 ], [ 79.925954751378484, 7.396621954755922 ], [ 79.925921630378554, 7.396708620755784 ], [ 79.925831526378701, 7.396825086755676 ], [ 79.925750444378863, 7.396923624755607 ], [ 79.925669197379051, 7.39710889175535 ], [ 79.925618053379168, 7.397219449755247 ], [ 79.925579019379242, 7.397264235755197 ], [ 79.925462058379495, 7.397323826755169 ], [ 79.925104489380246, 7.397451210755078 ], [ 79.92488101038073, 7.397558626754981 ], [ 79.924557201381418, 7.397680031754915 ], [ 79.924280035382026, 7.397851767754729 ], [ 79.924071166382461, 7.398030809754575 ], [ 79.923988235382623, 7.398156260754473 ], [ 79.92394122938272, 7.398296134754272 ], [ 79.923944633382689, 7.398396627754206 ], [ 79.923973155382654, 7.398522289754014 ], [ 79.924041280382482, 7.398619316753931 ], [ 79.924103849382348, 7.398699932753814 ], [ 79.924166808382211, 7.398781051753723 ], [ 79.9242816113819, 7.398910466753501 ], [ 79.924331726381808, 7.399025403753392 ], [ 79.924316954381851, 7.39922993775314 ], [ 79.924269565381891, 7.39957078375278 ], [ 79.924236721381945, 7.399825525752471 ], [ 79.924142818382165, 7.400047852752242 ], [ 79.924135456382146, 7.400137558752125 ], [ 79.924174758382065, 7.40026683075195 ], [ 79.924307585381769, 7.400371158751822 ], [ 79.924390168381592, 7.400428736751738 ], [ 79.924425922381431, 7.4005328797516 ], [ 79.924418534381488, 7.400636941751529 ], [ 79.924382429381566, 7.400715825751389 ], [ 79.924317563381706, 7.400794655751314 ], [ 79.924188015381944, 7.40085541975128 ], [ 79.924012552382322, 7.40092877275123 ], [ 79.923937341382512, 7.400960214751228 ], [ 79.923912219382558, 7.401114324751034 ], [ 79.923873321382601, 7.401352932750783 ], [ 79.923780167382745, 7.401924368750109 ], [ 79.923737375382828, 7.402186866749792 ], [ 79.923706354382901, 7.402400382749581 ], [ 79.923630236383033, 7.402924317748977 ], [ 79.923420296383341, 7.404006925747748 ], [ 79.923369216383449, 7.404270332747481 ], [ 79.9233488333835, 7.404356940747388 ], [ 79.923250777383643, 7.404773585746898 ], [ 79.923234032383704, 7.404859676746816 ], [ 79.923218637383741, 7.40493882574671 ], [ 79.923148262383862, 7.405300637746298 ], [ 79.9231080263839, 7.405507497746057 ], [ 79.923072469383982, 7.405671352745916 ], [ 79.92305846738401, 7.405772266745764 ], [ 79.923036733384066, 7.405928878745601 ], [ 79.923029442384035, 7.405969944745554 ], [ 79.922953604384176, 7.40639707174509 ], [ 79.922906277384257, 7.406572613744864 ], [ 79.9227881293845, 7.406636234744787 ], [ 79.922728852384623, 7.406865408744563 ], [ 79.92265460038476, 7.407248346744099 ], [ 79.922610495384816, 7.407383088743948 ], [ 79.922574807384905, 7.407569479743744 ], [ 79.922510883385016, 7.407836114743445 ], [ 79.922451098385096, 7.408306217742908 ], [ 79.922418680385135, 7.408676902742489 ], [ 79.922372830385228, 7.408966179742196 ], [ 79.922352968385269, 7.409119775741986 ], [ 79.922347543385271, 7.40916181374194 ], [ 79.922336048385276, 7.409250951741861 ], [ 79.922294762385349, 7.409522151741539 ], [ 79.922263713385433, 7.409650859741429 ], [ 79.922198878385515, 7.409919844741118 ], [ 79.922121138385648, 7.410304007740664 ], [ 79.922088376385716, 7.410476478740455 ], [ 79.922066229385763, 7.41059326674034 ], [ 79.92200679838588, 7.41087799574 ], [ 79.921897359386051, 7.411257576739589 ], [ 79.921877820386072, 7.411383955739437 ], [ 79.921865253386102, 7.411465495739396 ], [ 79.921835891386195, 7.411612111739223 ], [ 79.921831648386146, 7.411640773739172 ], [ 79.921787339386256, 7.411940084738823 ], [ 79.921774850386242, 7.412059972738714 ], [ 79.921764265386273, 7.41216158473858 ], [ 79.921714033386394, 7.412373990738345 ], [ 79.921650150386512, 7.412618019738062 ], [ 79.921558897386632, 7.412961464737674 ], [ 79.921526831386714, 7.413149037737464 ], [ 79.92146720938679, 7.413438468737139 ], [ 79.921453816386858, 7.413506833737067 ], [ 79.921449093386855, 7.413530939737051 ], [ 79.921419287386911, 7.413709783736856 ], [ 79.921394104386962, 7.413860890736649 ], [ 79.921288951387169, 7.414367076736074 ], [ 79.921233241387228, 7.414696819735711 ], [ 79.921229389387207, 7.414719624735698 ], [ 79.921202037387303, 7.41480999873562 ], [ 79.921187300387317, 7.414889093735519 ], [ 79.921175438387323, 7.414948647735418 ], [ 79.921096831387487, 7.415343311735026 ], [ 79.921032782387599, 7.415673244734641 ], [ 79.921032260387591, 7.415675504734616 ], [ 79.921016156387637, 7.415745101734531 ], [ 79.920968825387689, 7.415967471734295 ], [ 79.920865224387853, 7.416454206733731 ], [ 79.920861975387879, 7.416468622733711 ], [ 79.920843066387917, 7.416552518733654 ], [ 79.920762978388041, 7.41690785973324 ], [ 79.920753775388079, 7.416935874733209 ], [ 79.920748865388106, 7.417010193733148 ], [ 79.920740898388075, 7.417130808732965 ], [ 79.920703033388179, 7.417320704732746 ], [ 79.92067165138819, 7.417478093732608 ], [ 79.92059196438835, 7.417880774732123 ], [ 79.920565166388386, 7.418016196731993 ], [ 79.920480089388533, 7.418398174731576 ], [ 79.920465936388567, 7.418466026731473 ], [ 79.920423474388613, 7.418669611731251 ], [ 79.920383806388685, 7.418859796731047 ], [ 79.920326957388809, 7.419261089730568 ], [ 79.920235719388998, 7.41969711373009 ], [ 79.920203977389022, 7.419848804729905 ], [ 79.920103313389191, 7.420421371729258 ], [ 79.92007902438921, 7.420584268729069 ], [ 79.920061461389253, 7.420702064728979 ], [ 79.92006054638928, 7.420707215728958 ], [ 79.919991582389358, 7.421095193728513 ], [ 79.91985083538961, 7.421876115727617 ], [ 79.919706829389881, 7.422608290726784 ], [ 79.919560615390125, 7.423263961726057 ], [ 79.919446395390338, 7.423723830725542 ], [ 79.919368424390456, 7.424156821725075 ], [ 79.919308667390581, 7.424488661724699 ], [ 79.919272094390664, 7.424714747724442 ], [ 79.919206802390732, 7.425118374723956 ], [ 79.919110464390897, 7.425606490723447 ], [ 79.919055768391004, 7.425904090723063 ], [ 79.919034656391062, 7.426018959722954 ], [ 79.918984349391124, 7.426315098722614 ], [ 79.918947165391188, 7.426523369722401 ], [ 79.918881620391303, 7.426875543722002 ], [ 79.918772609391496, 7.427451619721365 ], [ 79.918647920391706, 7.428030649720699 ], [ 79.918529373391891, 7.428665393719947 ], [ 79.918480275392014, 7.428914880719689 ], [ 79.918426535392101, 7.429187949719383 ], [ 79.918315552392301, 7.429705606718791 ], [ 79.918215547392492, 7.430168033718271 ], [ 79.918208687392507, 7.430194540718275 ], [ 79.918176298392567, 7.430319693718133 ], [ 79.918066086392741, 7.430766366717633 ], [ 79.917946075392976, 7.431313665717023 ], [ 79.917880597393065, 7.431583099716683 ], [ 79.917820936393213, 7.431853488716419 ], [ 79.917700966393411, 7.432397199715783 ], [ 79.917687658393433, 7.432457510715745 ], [ 79.917620240393546, 7.432743623715378 ], [ 79.91757512039365, 7.432935104715167 ], [ 79.917564978393656, 7.432979574715151 ], [ 79.917540165393717, 7.433114352714958 ], [ 79.917507102393785, 7.433252459714805 ], [ 79.917373768394029, 7.4337537057143 ], [ 79.917348766394056, 7.433847700714177 ], [ 79.91732295239413, 7.433957795714021 ], [ 79.917244900394223, 7.43429067871365 ], [ 79.917181289394378, 7.434572605713335 ], [ 79.917140178394405, 7.434754814713136 ], [ 79.917033659394633, 7.435211260712609 ], [ 79.91701697539466, 7.435285948712562 ], [ 79.916922530394814, 7.435708751712088 ], [ 79.916889245394913, 7.435854285711939 ], [ 79.916885442394872, 7.435870915711918 ], [ 79.916851947394989, 7.436017372711729 ], [ 79.916780722395103, 7.436328800711412 ], [ 79.91666178739527, 7.43679169871086 ], [ 79.916643722395364, 7.436862004710782 ], [ 79.916628732395381, 7.43692034571071 ], [ 79.916501657395585, 7.437511486710077 ], [ 79.916489638395603, 7.437551981710043 ], [ 79.916476428395612, 7.437596493709981 ], [ 79.91645606039566, 7.437665123709892 ], [ 79.91636704539583, 7.438017612709518 ], [ 79.916337390395881, 7.438126066709382 ], [ 79.916264378396065, 7.438401725709088 ], [ 79.916200487396139, 7.438645752708823 ], [ 79.916192465396193, 7.438677979708748 ], [ 79.916122874396308, 7.438957571708465 ], [ 79.916074671396387, 7.439160430708248 ], [ 79.916039112396433, 7.439310071708031 ], [ 79.916034333396453, 7.439332314708047 ], [ 79.915972100396573, 7.439621911707678 ], [ 79.915936660396667, 7.439770232707548 ], [ 79.915853358396788, 7.440119025707165 ], [ 79.915743554396968, 7.440679454706488 ], [ 79.915729824397005, 7.440751768706428 ], [ 79.915713609397017, 7.440835053706352 ], [ 79.915684069397116, 7.440986788706155 ], [ 79.915641076397165, 7.441171109705954 ], [ 79.915628943397209, 7.441223123705902 ], [ 79.915615550397206, 7.441280540705834 ], [ 79.915602641397214, 7.441349871705774 ], [ 79.915574369397262, 7.441492961705603 ], [ 79.915542344397309, 7.441655666705403 ], [ 79.915519475397403, 7.441768654705284 ], [ 79.915489653397472, 7.441916533705119 ], [ 79.915464590397491, 7.442039826704985 ], [ 79.91543881039749, 7.442171927704853 ], [ 79.915434136397536, 7.442195879704816 ], [ 79.91542785839755, 7.442228045704761 ], [ 79.915427338397535, 7.442230712704748 ], [ 79.915391383397605, 7.442414952704552 ], [ 79.915377745397635, 7.442492705704491 ], [ 79.915350158397658, 7.442649980704309 ], [ 79.915339388397712, 7.442699090704218 ], [ 79.915330871397714, 7.442737927704204 ], [ 79.915319041397737, 7.442792341704122 ], [ 79.915308020397759, 7.442843030704095 ], [ 79.915299881397729, 7.442880469704035 ], [ 79.915276640397835, 7.442998430703906 ], [ 79.91526566539784, 7.443058277703825 ], [ 79.915246056397891, 7.443165207703721 ], [ 79.915191252397975, 7.443436559703383 ], [ 79.915170038398003, 7.443541594703313 ], [ 79.915153746398019, 7.443632349703187 ], [ 79.915144301398058, 7.443684959703139 ], [ 79.915116806398061, 7.443847673702952 ], [ 79.915048225398195, 7.444173074702586 ], [ 79.915028778398224, 7.444245828702477 ], [ 79.914966089398334, 7.444480363702218 ], [ 79.91494737939837, 7.444597790702103 ], [ 79.914940594398388, 7.444639102702067 ], [ 79.914906462398449, 7.444860037701835 ], [ 79.91488228939852, 7.444972337701661 ], [ 79.914873367398513, 7.445013787701643 ], [ 79.914868340398527, 7.4450362947016 ], [ 79.914783047398657, 7.445429481701143 ], [ 79.914773126398714, 7.445470592701128 ], [ 79.91470997939885, 7.445732267700827 ], [ 79.914704305398843, 7.445761464700793 ], [ 79.914696240398797, 7.445809102700753 ], [ 79.914666961398865, 7.445956983700563 ], [ 79.914644442398938, 7.446076211700444 ], [ 79.914608012398972, 7.446267879700241 ], [ 79.914595562399015, 7.446333378700126 ], [ 79.914577892399009, 7.446428381700032 ], [ 79.914558945399037, 7.446527723699921 ], [ 79.91449869739921, 7.446760272699692 ], [ 79.914476711399217, 7.44688474669951 ], [ 79.914421947399333, 7.447092620699289 ], [ 79.914395565399388, 7.447197086699154 ], [ 79.914389991399418, 7.447219154699155 ], [ 79.914344402399479, 7.447368269698987 ], [ 79.914326036399501, 7.447494829698855 ], [ 79.914297546399567, 7.447594234698759 ], [ 79.914273585399613, 7.447677840698642 ], [ 79.914226466399697, 7.44790624069841 ], [ 79.914225615399673, 7.447910603698366 ], [ 79.914208200399699, 7.447981192698307 ], [ 79.914179907399799, 7.448095879698187 ], [ 79.914089881399946, 7.448406408697828 ], [ 79.914070344399974, 7.448529711697696 ], [ 79.914026688400057, 7.448708850697511 ], [ 79.914006804400103, 7.448777807697426 ], [ 79.913965283400159, 7.4489771156972 ], [ 79.913950563400178, 7.449041827697108 ], [ 79.913924162400249, 7.449157888697001 ], [ 79.913883787400309, 7.449337577696793 ], [ 79.913878466400305, 7.449361257696739 ], [ 79.913824962400398, 7.449618111696492 ], [ 79.91381444840043, 7.449668581696394 ], [ 79.913745534400576, 7.449931135696123 ], [ 79.913716355400595, 7.450109206695915 ], [ 79.913709317400631, 7.450152156695883 ], [ 79.913620581400764, 7.450503511695459 ], [ 79.913608882400837, 7.450549835695446 ], [ 79.913590319400839, 7.450630172695341 ], [ 79.913572334400882, 7.450708010695234 ], [ 79.913544881400952, 7.450848117695071 ], [ 79.913491277401022, 7.451043721694855 ], [ 79.913458195401077, 7.451164439694721 ], [ 79.913434622401098, 7.451266394694658 ], [ 79.913375603401192, 7.451519774694317 ], [ 79.913339420401314, 7.451675115694181 ], [ 79.913300792401373, 7.451831025694 ], [ 79.913219622401527, 7.452199172693598 ], [ 79.913164904401626, 7.452475588693254 ], [ 79.913161698401581, 7.45249102969325 ], [ 79.913161337401604, 7.452492762693227 ], [ 79.913094479401749, 7.45281581469286 ], [ 79.913076728401762, 7.452940052692737 ], [ 79.913065558401769, 7.453018238692644 ], [ 79.913065341401804, 7.453019757692661 ], [ 79.913047542401785, 7.453144331692506 ], [ 79.913046715401833, 7.453150117692526 ], [ 79.912991193401922, 7.453338809692311 ], [ 79.912968826401979, 7.453414823692232 ], [ 79.912923635402024, 7.453730412691837 ], [ 79.912877970402093, 7.454010734691559 ], [ 79.912825849402225, 7.454302346691186 ], [ 79.912821423402178, 7.45433695269119 ], [ 79.912798524402234, 7.454515970690967 ], [ 79.912785987402287, 7.454626536690827 ], [ 79.91278451240224, 7.45463544269083 ], [ 79.912765727402274, 7.454748119690705 ], [ 79.912734092402346, 7.454938547690486 ], [ 79.912727223402371, 7.45497989769044 ], [ 79.912700497402426, 7.455124023690288 ], [ 79.912646280402512, 7.455416406689943 ], [ 79.912614064402518, 7.455768823689527 ], [ 79.912609957402537, 7.45582124068948 ], [ 79.912601149402533, 7.455933644689337 ], [ 79.912596224402549, 7.455996481689295 ], [ 79.912542960402661, 7.456223798689035 ], [ 79.912493980402715, 7.456533063688687 ], [ 79.912493419402736, 7.456536600688681 ], [ 79.912488813402732, 7.456565682688614 ], [ 79.912480266402767, 7.456619653688553 ], [ 79.912424201402828, 7.456957012688186 ], [ 79.912410846402878, 7.457009132688146 ], [ 79.912397620402899, 7.457060747688109 ], [ 79.912324870403012, 7.457344655687763 ], [ 79.912287051403084, 7.457496041687623 ], [ 79.912252640403153, 7.457633787687418 ], [ 79.912230865403203, 7.457742527687334 ], [ 79.912178805403315, 7.458002490687057 ], [ 79.91217568740332, 7.458021745687017 ], [ 79.912129922403352, 7.458305955686708 ], [ 79.9120976944034, 7.458460002686504 ], [ 79.912091968403431, 7.458487456686496 ], [ 79.912088951403462, 7.458500924686448 ], [ 79.912059410403515, 7.458632444686325 ], [ 79.91204600840355, 7.458691525686276 ], [ 79.912024702403571, 7.458786092686127 ], [ 79.911977344403653, 7.45905058668585 ], [ 79.91194886540373, 7.459223604685651 ], [ 79.911943785403736, 7.459254521685619 ], [ 79.911942685403702, 7.459261482685612 ], [ 79.911937492403723, 7.459278022685583 ], [ 79.911864826403871, 7.459509459685353 ], [ 79.911794185403963, 7.459819301684981 ], [ 79.911771097404028, 7.459904166684904 ], [ 79.91175395640407, 7.459967135684836 ], [ 79.911722457404124, 7.460082844684707 ], [ 79.911644280404246, 7.460400990684334 ], [ 79.911618566404272, 7.460515000684206 ], [ 79.911551058404427, 7.460814326683882 ], [ 79.911537363404449, 7.460858927683841 ], [ 79.911533909404426, 7.46087017668384 ], [ 79.911532741404457, 7.460873981683787 ], [ 79.911462821404598, 7.461101696683585 ], [ 79.911456738404596, 7.461121507683523 ], [ 79.911455407404645, 7.461125838683531 ], [ 79.91144665140466, 7.46115593268351 ], [ 79.911361986404785, 7.46140914168322 ], [ 79.911317179404875, 7.461573538683031 ], [ 79.911289802404937, 7.461673948682936 ], [ 79.911272564404968, 7.461732239682886 ], [ 79.911251364405032, 7.461829383682774 ], [ 79.911217809405088, 7.461983142682597 ], [ 79.911199244405111, 7.462068209682485 ], [ 79.911168253405137, 7.462163548682364 ], [ 79.91105585840539, 7.462511830681986 ], [ 79.91104620140537, 7.462539210681965 ], [ 79.91097442340552, 7.462827619681643 ], [ 79.910940447405565, 7.462958842681482 ], [ 79.910918552405647, 7.463043401681403 ], [ 79.910868250405699, 7.463237674681165 ], [ 79.910772584405876, 7.463602627680784 ], [ 79.910771489405874, 7.463606603680741 ], [ 79.910695086406051, 7.463880310680456 ], [ 79.910688641406054, 7.463903400680446 ], [ 79.910593166406215, 7.464170422680157 ], [ 79.910496612406405, 7.464525698679752 ], [ 79.910373298406626, 7.464990065679244 ], [ 79.910337755406744, 7.465096246679098 ], [ 79.910322831406731, 7.465157342679059 ], [ 79.910283685406796, 7.465317593678891 ], [ 79.910234864406888, 7.46554175467864 ], [ 79.910230657406927, 7.465560677678597 ], [ 79.910204056406982, 7.465681854678438 ], [ 79.910201600406978, 7.465692049678446 ], [ 79.91018112840699, 7.46577702767837 ], [ 79.910168156407039, 7.46583116767828 ], [ 79.910138934407072, 7.465994600678114 ], [ 79.9101115284071, 7.466109296678003 ], [ 79.910075884407192, 7.466266749677816 ], [ 79.910068944407215, 7.466323653677711 ], [ 79.910058297407218, 7.466410943677623 ], [ 79.910032308407253, 7.466634787677373 ], [ 79.910001148407304, 7.46681575867719 ], [ 79.909976701407359, 7.466992764676989 ], [ 79.909970587407344, 7.467039416676918 ], [ 79.9099530634074, 7.467173117676803 ], [ 79.909933930407391, 7.467319751676611 ], [ 79.909922803407426, 7.46740355467651 ], [ 79.909917289407417, 7.467442788676449 ], [ 79.909889196407491, 7.467631090676262 ], [ 79.909875319407504, 7.467777281676096 ], [ 79.909873980407511, 7.467878135675958 ], [ 79.909873901407479, 7.467881732675947 ], [ 79.909867557407495, 7.467947883675867 ], [ 79.909848961407505, 7.468143363675646 ], [ 79.909848136407547, 7.468149992675679 ], [ 79.909835981407525, 7.468247689675568 ], [ 79.909823596407549, 7.468372091675411 ], [ 79.909813833407583, 7.468499753675276 ], [ 79.909800381407564, 7.468638001675099 ], [ 79.909797374407617, 7.468668907675073 ], [ 79.909787155407628, 7.468797744674903 ], [ 79.909767212407615, 7.468941572674771 ], [ 79.909760804407625, 7.469067794674634 ], [ 79.909729809407708, 7.469256995674378 ], [ 79.909729474407683, 7.469267064674405 ], [ 79.909729471407701, 7.469267157674386 ], [ 79.909724128407717, 7.469428069674213 ], [ 79.909710722407738, 7.469610974673976 ], [ 79.909701151407702, 7.469778966673786 ], [ 79.909691493407706, 7.469909161673635 ], [ 79.909689239407726, 7.46993954067361 ], [ 79.909681322407735, 7.470018733673495 ], [ 79.909677687407751, 7.470055081673489 ], [ 79.909668532407721, 7.47019558467334 ], [ 79.909651299407741, 7.470343759673161 ], [ 79.909633430407808, 7.470492655672976 ], [ 79.909630207407773, 7.470519235672945 ], [ 79.909627659407789, 7.470525772672926 ], [ 79.909601382407871, 7.470593177672893 ], [ 79.909592871407852, 7.470615012672852 ], [ 79.909584676407917, 7.470727847672707 ], [ 79.909551766407972, 7.470876986672566 ], [ 79.909501419408045, 7.471046978672379 ], [ 79.909454980408114, 7.471164622672245 ], [ 79.909427867408183, 7.471247692672112 ], [ 79.90940858440824, 7.471306771672086 ], [ 79.90935869340835, 7.47147495567186 ], [ 79.90931352440839, 7.4716379956717 ], [ 79.909282287408473, 7.471811461671541 ], [ 79.909240488408528, 7.47196546567134 ], [ 79.909200102408633, 7.472091891671203 ], [ 79.909163013408644, 7.472246628671034 ], [ 79.909128163408752, 7.472368453670903 ], [ 79.909097757408801, 7.472488118670773 ], [ 79.909061631408875, 7.472659675670566 ], [ 79.909029986408939, 7.472810443670422 ], [ 79.909002835408955, 7.472933279670229 ], [ 79.909002990408965, 7.472946933670256 ], [ 79.90900576440896, 7.472973380670206 ], [ 79.909007259408938, 7.472987633670205 ], [ 79.909009845408917, 7.473008526670183 ], [ 79.909014171408913, 7.473020471670149 ], [ 79.909049831408879, 7.47308600967007 ], [ 79.909073193408801, 7.473093169670052 ], [ 79.909209602408509, 7.473134980669997 ], [ 79.909237181408429, 7.473143434669989 ], [ 79.909305414408266, 7.473163150669957 ], [ 79.909303962408288, 7.473167087669923 ], [ 79.909224448408438, 7.473382687669677 ], [ 79.909129283408632, 7.473640722669399 ], [ 79.909079908408714, 7.473774598669258 ], [ 79.909046298408768, 7.473824509669222 ], [ 79.909058454408793, 7.473832770669219 ], [ 79.909051894408776, 7.473850559669166 ], [ 79.908980558408942, 7.474043981668947 ], [ 79.908857942409199, 7.474376447668617 ], [ 79.908729628409446, 7.474724360668219 ], [ 79.908717047409453, 7.474758474668198 ], [ 79.908714447409423, 7.47476552266818 ], [ 79.908672623409529, 7.474878926668047 ], [ 79.908646832409588, 7.474948857668009 ], [ 79.908576129409724, 7.475091119667856 ], [ 79.908435822410013, 7.475373434667541 ], [ 79.908335226410188, 7.47557584366732 ], [ 79.908211998410422, 7.475823793667017 ], [ 79.908158231410539, 7.475931977666955 ], [ 79.908129306410615, 7.475990179666882 ], [ 79.908008078410859, 7.476234102666587 ], [ 79.907900576411095, 7.476450407666394 ], [ 79.907838835411241, 7.476574637666247 ], [ 79.907793844411273, 7.476665163666156 ], [ 79.907742278411419, 7.476768918666043 ], [ 79.907665527411581, 7.476923349665873 ], [ 79.907541230411823, 7.477173448665576 ], [ 79.90752602641183, 7.477204040665573 ], [ 79.907486423411896, 7.47728372566549 ], [ 79.907383181412143, 7.477491457665245 ], [ 79.90733001041221, 7.477598442665133 ], [ 79.9072915554123, 7.477675816665044 ], [ 79.907262926412372, 7.477733420664993 ], [ 79.907192135412515, 7.478048425664636 ], [ 79.907149664412572, 7.478237411664448 ], [ 79.907142869412581, 7.478267645664356 ], [ 79.907090202412718, 7.478502001664117 ], [ 79.907049755412771, 7.478681978663936 ], [ 79.906970280412907, 7.479035620663529 ], [ 79.90696570041294, 7.47905600166352 ], [ 79.906924341412974, 7.479240036663274 ], [ 79.906922946412962, 7.479948511662465 ], [ 79.906922810412894, 7.480017478662385 ], [ 79.906921327412846, 7.480770816661496 ], [ 79.906921279412842, 7.480795159661477 ], [ 79.906917176412861, 7.480815853661455 ], [ 79.905906269415027, 7.481257689661104 ], [ 79.905769940415325, 7.481317274661088 ], [ 79.905566735415775, 7.481406089660989 ], [ 79.905543392415808, 7.481416292661025 ], [ 79.90554469841581, 7.481443060660994 ], [ 79.905537391415848, 7.481496798660897 ], [ 79.905529344415868, 7.481555971660836 ], [ 79.905522449415855, 7.481606324660786 ], [ 79.905491169415882, 7.481754742660598 ], [ 79.905473312415936, 7.481865392660487 ], [ 79.905464476415943, 7.481920168660436 ], [ 79.905436333415977, 7.482039565660294 ], [ 79.905419351416043, 7.482133265660225 ], [ 79.905411234416036, 7.482178048660136 ], [ 79.90538708141608, 7.482295915660039 ], [ 79.905360196416169, 7.482437987659839 ], [ 79.905355676416164, 7.482461875659851 ], [ 79.905310264416229, 7.482608546659671 ], [ 79.9052711824163, 7.482761741659498 ], [ 79.905283072416253, 7.482889174659336 ], [ 79.90527710641625, 7.483019375659179 ], [ 79.905255111416295, 7.483191954659021 ], [ 79.905239929416339, 7.483355775658833 ], [ 79.905211826416362, 7.483500943658633 ], [ 79.905189749416408, 7.483622161658497 ], [ 79.905158951416453, 7.483755840658383 ], [ 79.905123162416558, 7.483893487658211 ], [ 79.905087589416624, 7.484058625658021 ], [ 79.905056578416634, 7.484253702657806 ], [ 79.905029086416661, 7.484410989657609 ], [ 79.905017224416738, 7.484473756657568 ], [ 79.905000884416779, 7.484560226657454 ], [ 79.904969098416785, 7.484734956657286 ], [ 79.904962830416807, 7.484880981657109 ], [ 79.904941136416838, 7.485037827656911 ], [ 79.904933989416833, 7.485075108656869 ], [ 79.904920809416851, 7.485144009656815 ], [ 79.904916493416863, 7.485166574656782 ], [ 79.904916326416867, 7.485167448656749 ], [ 79.904907047416913, 7.485231457656703 ], [ 79.90489455641692, 7.485317240656578 ], [ 79.904893942416933, 7.485340212656564 ], [ 79.904889452416896, 7.485508160656381 ], [ 79.904887903416906, 7.485566078656293 ], [ 79.904894889416894, 7.485653081656225 ], [ 79.904899046416858, 7.48570472265614 ], [ 79.904908450416855, 7.485806018656043 ], [ 79.904908439416829, 7.485921196655901 ], [ 79.904908437416793, 7.485950337655832 ], [ 79.904901539416826, 7.486047983655753 ], [ 79.904896320416825, 7.486121398655643 ], [ 79.904872625416886, 7.486282491655489 ], [ 79.904850236416891, 7.486424775655321 ], [ 79.904826099416965, 7.486580622655119 ], [ 79.904792534416998, 7.486829678654862 ], [ 79.904732289417112, 7.487100474654559 ], [ 79.904723458417124, 7.487146606654529 ], [ 79.904715382417166, 7.487188796654471 ], [ 79.904706196417195, 7.487236785654407 ], [ 79.904703906417183, 7.487249168654412 ], [ 79.904669957417198, 7.487418197654224 ], [ 79.90463085941731, 7.487606322653976 ], [ 79.904627877417312, 7.487620668653959 ], [ 79.904581734417377, 7.487815987653747 ], [ 79.904560288417414, 7.487984226653554 ], [ 79.904554676417419, 7.488028252653516 ], [ 79.904520083417466, 7.488247557653239 ], [ 79.904507369417502, 7.488400079653077 ], [ 79.904504084417511, 7.48841914065304 ], [ 79.904477305417572, 7.488574541652897 ], [ 79.904435317417608, 7.488821411652627 ], [ 79.904403940417708, 7.489018296652388 ], [ 79.904394341417699, 7.48908205965233 ], [ 79.90437281541773, 7.489225039652126 ], [ 79.904357571417748, 7.489419242651941 ], [ 79.904351987417755, 7.48946202565186 ], [ 79.90433263841777, 7.489610262651712 ], [ 79.904284945417871, 7.489764795651539 ], [ 79.904251563417958, 7.489921527651359 ], [ 79.904222173417992, 7.490121039651134 ], [ 79.90417487541805, 7.490304781650913 ], [ 79.904156214418066, 7.490429340650799 ], [ 79.904149888418132, 7.490477082650742 ], [ 79.904117620418148, 7.490620253650566 ], [ 79.904098728418219, 7.490826476650354 ], [ 79.904075957418215, 7.490978165650188 ], [ 79.90407384541821, 7.490992358650146 ], [ 79.904050835418246, 7.491173254649949 ], [ 79.904030029418266, 7.491339325649787 ], [ 79.903999333418369, 7.491512158649552 ], [ 79.903977070418392, 7.491681843649369 ], [ 79.903946058418413, 7.491877462649161 ], [ 79.903925772418447, 7.492055199648956 ], [ 79.903898874418516, 7.492231747648769 ], [ 79.903890901418507, 7.492279267648724 ], [ 79.903871368418521, 7.492395001648554 ], [ 79.903870563418579, 7.492398886648568 ], [ 79.90384026341863, 7.492545046648383 ], [ 79.90380021041868, 7.492730972648208 ], [ 79.903770513418721, 7.492901999647977 ], [ 79.903748249418769, 7.493071683647797 ], [ 79.903727467418761, 7.493225547647648 ], [ 79.903688406418837, 7.493367076647452 ], [ 79.903688260418818, 7.493578490647242 ], [ 79.903652678418894, 7.493793181646997 ], [ 79.903631367418953, 7.493985022646782 ], [ 79.90361101541896, 7.4941504606466 ], [ 79.90357024241905, 7.494378614646302 ], [ 79.903535434419098, 7.49461428464603 ], [ 79.903502638419141, 7.494841097645811 ], [ 79.903466522419208, 7.495050632645588 ], [ 79.903449359419241, 7.495161460645408 ], [ 79.903440738419235, 7.495213618645368 ], [ 79.903437538419283, 7.495229064645366 ], [ 79.903406432419331, 7.49537921064521 ], [ 79.903368929419344, 7.495561289644961 ], [ 79.90336587141941, 7.495591539644932 ], [ 79.903350474419412, 7.495707679644799 ], [ 79.903335608419425, 7.495819804644707 ], [ 79.903300292419502, 7.496037479644454 ], [ 79.90327314341954, 7.496249111644214 ], [ 79.903248778419567, 7.496427201643977 ], [ 79.903234921419596, 7.496511338643918 ], [ 79.903209892419653, 7.496663316643715 ], [ 79.903206070419614, 7.49669603864369 ], [ 79.903204727419663, 7.496707541643673 ], [ 79.903184175419682, 7.496883542643476 ], [ 79.903165064419724, 7.497015188643324 ], [ 79.90315694441972, 7.497024009643307 ], [ 79.903120002419769, 7.49726717664304 ], [ 79.903112715419766, 7.497307401643017 ], [ 79.903061762419895, 7.497588660642662 ], [ 79.902976649420026, 7.49805847764214 ], [ 79.902886197420173, 7.498728722641416 ], [ 79.902870731420222, 7.498908855641167 ], [ 79.902736196420406, 7.499828516640134 ], [ 79.902742133420404, 7.499892009640086 ], [ 79.902739549420403, 7.499903790640031 ], [ 79.902684332420492, 7.50015537463976 ], [ 79.902654599420529, 7.500353770639564 ], [ 79.902635870420568, 7.500478737639402 ], [ 79.902584189420651, 7.500823571639041 ], [ 79.902566386420688, 7.500942363638874 ], [ 79.90255249242071, 7.501035069638799 ], [ 79.902496477420826, 7.50132512463847 ], [ 79.902494716420804, 7.501334238638419 ], [ 79.902344206421006, 7.502396189637215 ], [ 79.902340781421017, 7.502420350637189 ], [ 79.902339961421077, 7.50242613863719 ], [ 79.902315322421103, 7.502599974636978 ], [ 79.902305361421128, 7.502670256636923 ], [ 79.902297711421099, 7.502724231636882 ], [ 79.902284221421155, 7.502865763636701 ], [ 79.902168004421327, 7.503477455636021 ], [ 79.902140297421369, 7.503753462635674 ], [ 79.902110117421458, 7.503902373635503 ], [ 79.90208798442147, 7.504142694635263 ], [ 79.902064301421504, 7.50439984363496 ], [ 79.902056503421505, 7.504467853634885 ], [ 79.901997471421566, 7.504982741634301 ], [ 79.901988933421606, 7.505054708634219 ], [ 79.901949845421669, 7.50538413363386 ], [ 79.901942228421689, 7.505448333633784 ], [ 79.901929463421695, 7.505556404633656 ], [ 79.90189376242175, 7.505858650633301 ], [ 79.901867988421785, 7.506014296633126 ], [ 79.901859759421811, 7.506063987633086 ], [ 79.901853091421785, 7.506104252633033 ], [ 79.901851778421815, 7.506114038632991 ], [ 79.901774521421956, 7.506690097632357 ], [ 79.901773046421923, 7.506701093632358 ], [ 79.901771707421915, 7.506711080632346 ], [ 79.901754683421956, 7.506775246632238 ], [ 79.90171685942201, 7.507044369631937 ], [ 79.901627224422171, 7.507809499631057 ], [ 79.901619139422181, 7.507878514630989 ], [ 79.901558961422268, 7.508392207630414 ], [ 79.901555867422246, 7.508421601630408 ], [ 79.901545811422295, 7.508517183630268 ], [ 79.901436493422452, 7.509556101629088 ], [ 79.901413400422456, 7.509731752628899 ], [ 79.901394115422477, 7.509878707628725 ], [ 79.901292777422654, 7.510650958627844 ], [ 79.9012515074227, 7.510996493627465 ], [ 79.901158334422874, 7.511776577626561 ], [ 79.901148088422843, 7.511870509626477 ], [ 79.901120974422909, 7.512136785626166 ], [ 79.901065557422982, 7.512681009625552 ], [ 79.901045792423005, 7.51291390562529 ], [ 79.900966230423109, 7.513598539624483 ], [ 79.900960882423121, 7.513644735624465 ], [ 79.900946831423155, 7.513784324624259 ], [ 79.900887574423194, 7.514373418623607 ], [ 79.900870154423231, 7.514430714623565 ], [ 79.900860985423293, 7.514620860623315 ], [ 79.900849135423272, 7.514792825623112 ], [ 79.900821707423304, 7.515104467622795 ], [ 79.900799626423336, 7.515355353622458 ], [ 79.900706435423444, 7.516271440621417 ], [ 79.900696943423441, 7.516364749621333 ], [ 79.900678371423481, 7.516544386621097 ], [ 79.900670131423496, 7.516632444621021 ], [ 79.900631521423563, 7.517000489620615 ], [ 79.900628115423544, 7.517027339620567 ], [ 79.900558897423693, 7.517566950619973 ], [ 79.900527457423692, 7.517858488619644 ], [ 79.900513845423731, 7.517984716619498 ], [ 79.900485148423769, 7.518289031619144 ], [ 79.900435347423851, 7.518633995618775 ], [ 79.900412776423892, 7.518956045618371 ], [ 79.900365083423978, 7.519289529617995 ], [ 79.900320237423998, 7.519466674617815 ], [ 79.900291284424085, 7.519581095617667 ], [ 79.900270546424139, 7.519710995617503 ], [ 79.900214111424191, 7.520065169617102 ], [ 79.900199958424196, 7.520283478616896 ], [ 79.900177556424239, 7.520628989616476 ], [ 79.900172924424282, 7.5206799796164 ], [ 79.900163909424251, 7.520747057616351 ], [ 79.900145699424328, 7.520882387616176 ], [ 79.900114075424327, 7.521211341615795 ], [ 79.900082773424415, 7.521536941615421 ], [ 79.900078009424377, 7.521608639615338 ], [ 79.900062624424407, 7.521801042615145 ], [ 79.900044181424448, 7.522031672614854 ], [ 79.900034843424393, 7.52235184961448 ], [ 79.900023853424443, 7.52250093961435 ], [ 79.899983597424452, 7.522965916613788 ], [ 79.899981373424509, 7.522990869613802 ], [ 79.899943277424512, 7.523443457613256 ], [ 79.899940255424539, 7.523479355613232 ], [ 79.899924292424558, 7.523587696613097 ], [ 79.899858658424648, 7.524033159612599 ], [ 79.899856570424674, 7.524047330612561 ], [ 79.899848960424663, 7.524145066612434 ], [ 79.899808118424687, 7.524669541611853 ], [ 79.899763872424771, 7.525272319611192 ], [ 79.899753559424767, 7.525403598611001 ], [ 79.899723517424817, 7.525786034610557 ], [ 79.899678084424863, 7.526189873610099 ], [ 79.89965008342493, 7.526438758609836 ], [ 79.899646457424893, 7.526484597609777 ], [ 79.899639766424954, 7.526568136609682 ], [ 79.899624237424916, 7.52672373060954 ], [ 79.899510497425112, 7.52786331260819 ], [ 79.89945967842516, 7.528353586607649 ], [ 79.8994531184252, 7.528416600607606 ], [ 79.899437718425204, 7.528710352607217 ], [ 79.899434466425205, 7.528772386607198 ], [ 79.899386124425263, 7.529337266606506 ], [ 79.899337105425289, 7.529879360605914 ], [ 79.899313548425326, 7.530134419605607 ], [ 79.899264210425372, 7.530668626604981 ], [ 79.89925273242541, 7.530789863604875 ], [ 79.899252523425403, 7.530792679604878 ], [ 79.899146662425522, 7.53221782860324 ], [ 79.899105097425561, 7.532889844602478 ], [ 79.899086775425616, 7.533186073602098 ], [ 79.899078487425598, 7.533320066601972 ], [ 79.899065810425583, 7.5335288096017 ], [ 79.899065463425629, 7.53353452960174 ], [ 79.899038205425555, 7.534340796600786 ], [ 79.899031073425618, 7.534424402600723 ], [ 79.898999879425631, 7.534790133600289 ], [ 79.89899575242562, 7.534814811600249 ], [ 79.898975712425653, 7.535093913599911 ], [ 79.898943344425675, 7.535690204599251 ], [ 79.898942319425657, 7.535704669599225 ], [ 79.898906515425693, 7.536252755598573 ], [ 79.898873516425738, 7.536930642597848 ], [ 79.89886651342573, 7.537074497597658 ], [ 79.898859640425727, 7.537215690597487 ], [ 79.898844301425754, 7.537454473597203 ], [ 79.898782313425812, 7.538361585596153 ], [ 79.898740161425863, 7.53895668059552 ], [ 79.898738959425827, 7.538968794595464 ], [ 79.898718802425833, 7.539486257594866 ], [ 79.898686012425884, 7.540021418594267 ], [ 79.898684437425885, 7.540084442594177 ], [ 79.898679591425861, 7.540241862593986 ], [ 79.898594797425957, 7.541658256592412 ], [ 79.898585177425943, 7.541818960592219 ], [ 79.89858531842593, 7.541838492592212 ], [ 79.898582346425925, 7.541874566592149 ], [ 79.898571373425966, 7.542013799591954 ], [ 79.898403121426327, 7.542227228591778 ], [ 79.89847830542611, 7.542584985591311 ], [ 79.898416041426216, 7.542903113590956 ], [ 79.898410593426235, 7.543295412590506 ], [ 79.898405347426205, 7.543673182590069 ], [ 79.898400744426169, 7.544004698589705 ], [ 79.89839037542616, 7.544224886589464 ], [ 79.898384712426193, 7.544345110589326 ], [ 79.898371182426217, 7.544632400589009 ], [ 79.898352913426208, 7.545020288588542 ], [ 79.898280161426342, 7.545404730588093 ], [ 79.89828616242626, 7.545728122587758 ], [ 79.898286061426262, 7.545730378587718 ], [ 79.898272255426292, 7.546231792587176 ], [ 79.898252192426298, 7.546446862586898 ], [ 79.898224357426315, 7.547274647585961 ], [ 79.898158278426408, 7.547593919585616 ], [ 79.898144611426389, 7.547879803585281 ], [ 79.898159883426374, 7.548133609584973 ], [ 79.898175534426287, 7.548393716584642 ], [ 79.898188937426269, 7.548616475584378 ], [ 79.898168901426274, 7.548818507584152 ], [ 79.898171775426206, 7.549675159583197 ], [ 79.898171947426192, 7.549726546583127 ], [ 79.898173090426198, 7.550067068582718 ], [ 79.898158549426157, 7.550318702582421 ], [ 79.89814597342621, 7.550536342582189 ], [ 79.898149551426144, 7.550675106582014 ], [ 79.898158034426146, 7.551004151581632 ], [ 79.89814540242611, 7.551178483581459 ], [ 79.898138827426123, 7.551269215581347 ], [ 79.898131115426125, 7.551375650581242 ], [ 79.898107479426173, 7.551617739580951 ], [ 79.898091028426165, 7.551786230580767 ], [ 79.898094592426176, 7.55220261858025 ], [ 79.898096328426163, 7.552405491580049 ], [ 79.898096525426141, 7.552410584580014 ], [ 79.898109846426053, 7.552755937579612 ], [ 79.89811490542607, 7.552887110579456 ], [ 79.898114848426061, 7.552890830579447 ], [ 79.898112344426039, 7.553053524579301 ], [ 79.89810738042604, 7.553375978578877 ], [ 79.898062341426083, 7.553666913578564 ], [ 79.898060975426091, 7.553675734578547 ], [ 79.898027813426182, 7.553890952578301 ], [ 79.89801426542617, 7.554125412578029 ], [ 79.898039318426072, 7.554534657577567 ], [ 79.898012558426146, 7.554827934577254 ], [ 79.898014348426145, 7.554879865577172 ], [ 79.898024920426039, 7.555186473576833 ], [ 79.898063150425926, 7.555764483576128 ], [ 79.898062587425898, 7.556044775575811 ], [ 79.898021830425947, 7.556787795574976 ], [ 79.89796070742598, 7.557749609573871 ], [ 79.897966818425971, 7.557964730573614 ], [ 79.897998935425861, 7.558264644573246 ], [ 79.898011420425803, 7.558564516572924 ], [ 79.898010901425778, 7.558856730572598 ], [ 79.898002471425784, 7.558979027572415 ], [ 79.897990681425767, 7.559150020572263 ], [ 79.898016254425713, 7.559449919571883 ], [ 79.898132388425395, 7.560271474570927 ], [ 79.898134423425404, 7.560311717570879 ], [ 79.898140338425364, 7.560428631570733 ], [ 79.898170221425275, 7.561019392570055 ], [ 79.89821964842514, 7.561464351569526 ], [ 79.898221641425096, 7.561482303569512 ], [ 79.898253227425002, 7.562138053568767 ], [ 79.898279933424888, 7.562455885568347 ], [ 79.898291573424885, 7.562594420568202 ], [ 79.898297524424848, 7.56288776256788 ], [ 79.898296921424816, 7.563187608567502 ], [ 79.898297028424835, 7.563189858567517 ], [ 79.898334867424637, 7.563981273566573 ], [ 79.898334172424626, 7.564326749566184 ], [ 79.898328855424637, 7.564518317565952 ], [ 79.89832006342462, 7.56483515956561 ], [ 79.898316595424589, 7.565068841565326 ], [ 79.8983120914246, 7.56537236056497 ], [ 79.898312056424615, 7.565374687564977 ], [ 79.898311738424567, 7.565532903564778 ], [ 79.898311614424543, 7.565594441564719 ], [ 79.898311269424568, 7.56576579156454 ], [ 79.898349693424464, 7.56618304856403 ], [ 79.898349379424417, 7.56633948956385 ], [ 79.898350002424408, 7.566355490563834 ], [ 79.898361824424398, 7.566658918563482 ], [ 79.898321286424419, 7.567192293562901 ], [ 79.898333639424351, 7.567557350562485 ], [ 79.898352141424283, 7.567928063562047 ], [ 79.898352511424278, 7.567935457562005 ], [ 79.898357563424227, 7.568521088561366 ], [ 79.898330496424236, 7.568964289560852 ], [ 79.898330049424231, 7.569186373560563 ], [ 79.898329774424226, 7.569322801560427 ], [ 79.898330515424249, 7.569354617560378 ], [ 79.898337311424172, 7.56964636156002 ], [ 79.898344470424135, 7.569953685559668 ], [ 79.898347844424137, 7.570098530559523 ], [ 79.898313275424101, 7.570898665558623 ], [ 79.898279587424184, 7.571380962558031 ], [ 79.898272545424177, 7.57162864855777 ], [ 79.89828166642414, 7.571813045557552 ], [ 79.898285121424095, 7.571882892557429 ], [ 79.898349741423942, 7.572435643556825 ], [ 79.89836047342385, 7.572776992556427 ], [ 79.898362038423855, 7.572826775556377 ], [ 79.898361950423876, 7.572832727556354 ], [ 79.898354474423826, 7.57333519655574 ], [ 79.898352847423794, 7.573371858555711 ], [ 79.898327078423833, 7.573952497555063 ], [ 79.898345897423738, 7.574356677554571 ], [ 79.898358276423693, 7.574708698554184 ], [ 79.898358415423701, 7.574717316554159 ], [ 79.898364098423698, 7.575067224553782 ], [ 79.898409260423549, 7.575386717553416 ], [ 79.898409653423556, 7.575389611553383 ], [ 79.898450727423395, 7.575691556553021 ], [ 79.898454390423424, 7.575718485552989 ], [ 79.898456311423388, 7.575824838552847 ], [ 79.898460278423343, 7.57604441855261 ], [ 79.898459740423334, 7.576311673552284 ], [ 79.898472276423334, 7.576585471551991 ], [ 79.898536650423125, 7.577113594551349 ], [ 79.89853863742313, 7.57725601155119 ], [ 79.898547806423011, 7.577913234550443 ], [ 79.898548176423006, 7.57793972155043 ], [ 79.898566889422966, 7.578396048549894 ], [ 79.898567095422948, 7.578397595549903 ], [ 79.898599124422859, 7.578637295549568 ], [ 79.898664352422657, 7.579053374549124 ], [ 79.898792211422375, 7.579567189548488 ], [ 79.898800673422329, 7.579601196548455 ], [ 79.89899586342186, 7.580162172547749 ], [ 79.899184104421394, 7.580606565547211 ], [ 79.899199002421398, 7.580641734547169 ], [ 79.899205053421383, 7.580656724547163 ], [ 79.899361563420968, 7.581054561546656 ], [ 79.899409410420873, 7.581200597546465 ], [ 79.899511157420648, 7.5815111515461 ], [ 79.899594639420428, 7.581712620545843 ], [ 79.899654430420298, 7.581856916545695 ], [ 79.899667819420273, 7.581894056545671 ], [ 79.899902672419699, 7.582545496544834 ], [ 79.90007846941927, 7.582989102544331 ], [ 79.900323394418692, 7.583496460543694 ], [ 79.900400265418497, 7.583655694543516 ], [ 79.900477136418331, 7.583814928543287 ], [ 79.900906322417299, 7.584596457542303 ], [ 79.90094659041722, 7.584669783542219 ], [ 79.901201408416597, 7.585164425541579 ], [ 79.901214471416608, 7.58518978354156 ], [ 79.901514359415884, 7.585757486540857 ], [ 79.901613141415638, 7.586047995540532 ], [ 79.901702740415416, 7.586182567540342 ], [ 79.90252053841354, 7.587448016538757 ], [ 79.902746473413046, 7.58768139353842 ], [ 79.902947225412589, 7.587871001538193 ], [ 79.902989743412462, 7.58796768253808 ], [ 79.903173329412013, 7.588385131537565 ], [ 79.903547949411148, 7.589040045536737 ], [ 79.903768196410653, 7.589413513536288 ], [ 79.903843877410466, 7.589547614536076 ], [ 79.904513631408889, 7.590734383534608 ], [ 79.904514481408896, 7.590735890534589 ], [ 79.904592665408742, 7.590894332534436 ], [ 79.904632076408632, 7.59097420453429 ], [ 79.90468884240849, 7.591076184534177 ], [ 79.904840049408122, 7.591347646533841 ], [ 79.905017560407714, 7.59160484053354 ], [ 79.905149892407437, 7.591890255533195 ], [ 79.905176483407374, 7.591947608533115 ], [ 79.905206798407278, 7.592137240532885 ], [ 79.905329158406971, 7.592345402532604 ], [ 79.905439424406765, 7.592461811532443 ], [ 79.905550143406458, 7.59277912153207 ], [ 79.90559882440634, 7.592993251531831 ], [ 79.905684438406141, 7.593158532531595 ], [ 79.905733110406018, 7.593377532531338 ], [ 79.905733692405988, 7.593387398531358 ], [ 79.905774672405883, 7.594082111530521 ], [ 79.905761620405855, 7.594447844530126 ], [ 79.9057564144059, 7.594537964530002 ], [ 79.905729825405899, 7.594998150529472 ], [ 79.90561155740609, 7.595811239528574 ], [ 79.905592325406104, 7.596140125528172 ], [ 79.905594393406105, 7.59619893052814 ], [ 79.905604868406016, 7.596496683527782 ], [ 79.905609750406029, 7.596635491527593 ], [ 79.905525046406183, 7.596918190527303 ], [ 79.905510866406203, 7.59696551552722 ], [ 79.905510372406212, 7.596997227527193 ], [ 79.905503821406185, 7.597418028526724 ], [ 79.905454342406287, 7.59760138752653 ], [ 79.905423292406326, 7.597778665526294 ], [ 79.905420762406351, 7.597810970526304 ], [ 79.905404163406331, 7.598022803526039 ], [ 79.905427750406275, 7.598505953525462 ], [ 79.905384177406319, 7.59880551152512 ], [ 79.905285133406565, 7.599215033524699 ], [ 79.905235470406595, 7.599490119524377 ], [ 79.905173034406701, 7.599800915524038 ], [ 79.905065405406859, 7.600495471523239 ], [ 79.905029988406937, 7.600724027523006 ], [ 79.904918628407145, 7.601151869522491 ], [ 79.904863133407275, 7.601533600522061 ], [ 79.904851286407279, 7.601615090521985 ], [ 79.904845023407319, 7.601658292521907 ], [ 79.904712975407506, 7.602569161520871 ], [ 79.904595500407709, 7.602984761520465 ], [ 79.904551936407771, 7.603258650520123 ], [ 79.90453888340781, 7.603378954519994 ], [ 79.90450815440785, 7.60366216651967 ], [ 79.904396854408063, 7.604059433519213 ], [ 79.904369595408127, 7.604171577519106 ], [ 79.904296435408256, 7.604472575518763 ], [ 79.904285430408251, 7.604517852518735 ], [ 79.904135903408573, 7.604993817518178 ], [ 79.904110977408578, 7.605177224517977 ], [ 79.904101116408611, 7.605343806517809 ], [ 79.904089729408611, 7.605536167517549 ], [ 79.904053786408639, 7.60614331451689 ], [ 79.904022254408687, 7.606399621516577 ], [ 79.903953821408777, 7.606955860515933 ], [ 79.903921871408798, 7.607579548515235 ], [ 79.903878425408834, 7.608307886514392 ], [ 79.903856836408877, 7.608669802514001 ], [ 79.903845668408877, 7.608857006513775 ], [ 79.903847087408849, 7.608900503513706 ], [ 79.903868799408784, 7.609566417512954 ], [ 79.903839844408836, 7.609872174512588 ], [ 79.903831165408832, 7.609963830512473 ], [ 79.903836776408795, 7.610226798512185 ], [ 79.903829893408769, 7.610555542511807 ], [ 79.903857078408706, 7.610847324511443 ], [ 79.903895996408565, 7.611265040510966 ], [ 79.903895559408582, 7.611295684510923 ], [ 79.903888848408585, 7.6117664735104 ], [ 79.903864110408591, 7.611923199510222 ], [ 79.903832882408622, 7.612121044510006 ], [ 79.903832909408607, 7.612189601509941 ], [ 79.903832987408634, 7.612395470509661 ], [ 79.903808769408613, 7.612803288509233 ], [ 79.903803047408658, 7.612899634509084 ], [ 79.903782151408649, 7.613251498508725 ], [ 79.903818309408564, 7.613587907508325 ], [ 79.90380012440859, 7.613904672507942 ], [ 79.903824027408504, 7.614257755507524 ], [ 79.903829935408467, 7.614345026507407 ], [ 79.903809632408496, 7.614578109507151 ], [ 79.903807145408493, 7.614606668507107 ], [ 79.903798513408503, 7.614705761507011 ], [ 79.90379974140852, 7.61473060950699 ], [ 79.903810313408499, 7.614944277506756 ], [ 79.903811008408454, 7.615031297506624 ], [ 79.903811149408455, 7.615048941506627 ], [ 79.903811585408434, 7.615103374506567 ], [ 79.903811689408471, 7.615116464506533 ], [ 79.903826885408421, 7.615213596506424 ], [ 79.903855924408333, 7.615330292506302 ], [ 79.903861782408313, 7.615353835506276 ], [ 79.903860045408308, 7.615403054506229 ], [ 79.903838707408369, 7.615438533506145 ], [ 79.903797495408412, 7.61601779350548 ], [ 79.903785098408392, 7.616192033505317 ], [ 79.903773930408448, 7.616260410505229 ], [ 79.90376243240847, 7.616422040505023 ], [ 79.903760441408437, 7.616450027505003 ], [ 79.903749575408497, 7.616602768504848 ], [ 79.903747575408431, 7.616630902504808 ], [ 79.90389355240815, 7.616684376504695 ], [ 79.90396065340795, 7.616754952504642 ], [ 79.904013202407867, 7.616810222504526 ], [ 79.904126567407602, 7.61707960550424 ], [ 79.904191792407431, 7.617438611503813 ], [ 79.904184870407406, 7.61789915350327 ], [ 79.904188619407364, 7.617981749503144 ], [ 79.904225054407249, 7.618784458502237 ], [ 79.904323836406974, 7.619519386501353 ], [ 79.904396784406771, 7.619843484500988 ], [ 79.904587726406334, 7.62029245950042 ], [ 79.904680202406126, 7.620504926500145 ], [ 79.904740347405948, 7.62064311449997 ], [ 79.904772722405852, 7.620717499499881 ], [ 79.904867963405636, 7.620858080499744 ], [ 79.905100645405142, 7.621201529499269 ], [ 79.905193752404926, 7.621372643499063 ], [ 79.905475433404263, 7.621833288498517 ], [ 79.905818512403457, 7.622394341497768 ], [ 79.906201159402571, 7.622915475497152 ], [ 79.906711466401404, 7.623860754495922 ], [ 79.906750676401316, 7.623933386495851 ], [ 79.90709086740047, 7.624699665494914 ], [ 79.907256718400092, 7.625046555494483 ], [ 79.907299824400013, 7.625136715494384 ], [ 79.907604716399291, 7.62556797449382 ], [ 79.908105167398148, 7.626038570493205 ], [ 79.908191146397968, 7.626119420493108 ], [ 79.908318543397698, 7.626231080492923 ], [ 79.90857417239711, 7.626455134492624 ], [ 79.909292715395495, 7.626899179491986 ], [ 79.91129067439104, 7.627798327490645 ], [ 79.911463889390674, 7.627876278490506 ], [ 79.911589719390392, 7.627925488490413 ], [ 79.912742641387794, 7.628376377489743 ], [ 79.913419233386293, 7.628640979489337 ], [ 79.915479374381704, 7.629584064487868 ], [ 79.9158520253809, 7.629828085487534 ], [ 79.916231610380024, 7.630076645487174 ], [ 79.916390500379677, 7.630238852486976 ], [ 79.916502448379404, 7.630324916486875 ], [ 79.916647907379087, 7.630436743486674 ], [ 79.917048524378203, 7.630975848486019 ], [ 79.917280339377669, 7.631293453485634 ], [ 79.917643251376788, 7.63179067448499 ], [ 79.918220658375489, 7.632668796483837 ], [ 79.918427592375025, 7.632860710483602 ], [ 79.918429711375012, 7.632862674483579 ], [ 79.91879602937415, 7.63331062048301 ], [ 79.918890238373933, 7.633425822482883 ], [ 79.919272568373074, 7.634120404482007 ], [ 79.919427712372681, 7.63449154848154 ], [ 79.919683086372004, 7.635718211480095 ], [ 79.919751625371831, 7.636533213479168 ], [ 79.919765090371783, 7.636693320478976 ], [ 79.919995333371119, 7.638500116476835 ], [ 79.920213067370469, 7.640570064474391 ], [ 79.920230500370437, 7.640888477474021 ], [ 79.920247783370357, 7.641204147473677 ], [ 79.920419389369869, 7.642346907472324 ], [ 79.920465413369769, 7.642575595472044 ], [ 79.920592053369475, 7.643204856471322 ], [ 79.920674684369246, 7.643615439470796 ], [ 79.920962526368513, 7.644721196469479 ], [ 79.921037651368337, 7.645009789469128 ], [ 79.921377810367517, 7.645811949468175 ], [ 79.921652765366872, 7.64623716246761 ], [ 79.922017878366034, 7.646548906467179 ], [ 79.922099935365893, 7.646588950467114 ], [ 79.92269472636454, 7.646879207466705 ], [ 79.923005849363861, 7.647006092466489 ], [ 79.923110455363599, 7.647048752466444 ], [ 79.923346806363085, 7.647145143466291 ], [ 79.923431589362892, 7.647179720466245 ], [ 79.923869136361972, 7.647246374466062 ], [ 79.924301760361018, 7.64719076946606 ], [ 79.924510826360532, 7.647163897466076 ], [ 79.925185663359073, 7.647140593465972 ], [ 79.925223986359001, 7.647139269465978 ], [ 79.925494170358405, 7.647129938465945 ], [ 79.926040111357182, 7.647100328465876 ], [ 79.926345635356526, 7.647083757465843 ], [ 79.92687105935542, 7.64708919146575 ], [ 79.927059096355009, 7.647091135465736 ], [ 79.927796528353383, 7.64710454046561 ], [ 79.928497587351814, 7.647321236465231 ], [ 79.928785023351182, 7.647501236464979 ], [ 79.929306063349983, 7.647795337464562 ], [ 79.929934872348625, 7.648167403464039 ], [ 79.930446316347457, 7.648498639463535 ], [ 79.930527311347291, 7.648551096463504 ], [ 79.930868814346553, 7.64886903346306 ], [ 79.931120008345943, 7.649186531462664 ], [ 79.931251166345632, 7.64944657146234 ], [ 79.931388769345276, 7.649719389461985 ], [ 79.931600553344765, 7.65029688746127 ], [ 79.931636124344678, 7.65056703946099 ], [ 79.931635450344672, 7.650913494460593 ], [ 79.931512283344887, 7.651218953460267 ], [ 79.931355824345218, 7.651483120459939 ], [ 79.931352401345237, 7.651488900459974 ], [ 79.931307320345326, 7.651565013459864 ], [ 79.930970773346019, 7.65191370445952 ], [ 79.93078288934646, 7.652069279459383 ], [ 79.930538383346985, 7.652271738459165 ], [ 79.930009294348096, 7.652807511458658 ], [ 79.929907586348264, 7.652910504458542 ], [ 79.929445345349251, 7.65320268445831 ], [ 79.928737257350775, 7.653506345458049 ], [ 79.928197402351955, 7.653630897457981 ], [ 79.927597635353266, 7.653731405457965 ], [ 79.927150287354209, 7.653795674457978 ], [ 79.926242226356237, 7.65392613245798 ], [ 79.925679876357464, 7.654041668457944 ], [ 79.925492461357834, 7.654080173457951 ], [ 79.92495593535898, 7.654178995457911 ], [ 79.924117303360845, 7.65433345945786 ], [ 79.923877892361375, 7.65437755545786 ], [ 79.92369310036176, 7.654411590457854 ], [ 79.923357502362492, 7.654457323457832 ], [ 79.923087372363085, 7.654494135457853 ], [ 79.922757610363774, 7.65449348645789 ], [ 79.92253580636428, 7.654475105457932 ], [ 79.922283917364808, 7.654510497457961 ], [ 79.92189963836563, 7.654790859457713 ], [ 79.921569130366336, 7.655167027457338 ], [ 79.921286574366903, 7.655549271456924 ], [ 79.921123979367223, 7.655907826456526 ], [ 79.921092911367296, 7.656058180456385 ], [ 79.921084202367325, 7.656100322456325 ], [ 79.921075218367363, 7.65614379645627 ], [ 79.921063441367394, 7.65620078945619 ], [ 79.921068540367315, 7.656357272456024 ], [ 79.921074745367321, 7.656547724455828 ], [ 79.921103893367246, 7.656966470455319 ], [ 79.921111711367203, 7.65699192945532 ], [ 79.921276654366807, 7.657529050454652 ], [ 79.921342055366623, 7.657685869454438 ], [ 79.921381618366567, 7.657780733454329 ], [ 79.921521316366224, 7.658115696453922 ], [ 79.921701701365762, 7.658423014453543 ], [ 79.92202228936506, 7.658852061453007 ], [ 79.922025628365049, 7.658854683453016 ], [ 79.922375260364234, 7.659129172452637 ], [ 79.922835183363219, 7.659407609452198 ], [ 79.923564872361624, 7.659669751451773 ], [ 79.923745892361225, 7.659734783451682 ], [ 79.924104424360422, 7.659836295451517 ], [ 79.924426630359704, 7.65992752245134 ], [ 79.925509924357328, 7.660302883450743 ], [ 79.925768619356745, 7.660466081450504 ], [ 79.926094279355993, 7.660725111450144 ], [ 79.926187596355774, 7.660836813450024 ], [ 79.926486676355097, 7.661194813449573 ], [ 79.926534082354991, 7.661260683449448 ], [ 79.92673212835453, 7.661535865449092 ], [ 79.926783255354408, 7.661606906449014 ], [ 79.927392817353024, 7.662739353447637 ], [ 79.927937482351709, 7.664178003445841 ], [ 79.928043958351438, 7.664563197445423 ], [ 79.928099936351273, 7.664765705445158 ], [ 79.928286249350847, 7.665439716444346 ], [ 79.928309354350731, 7.665680860444095 ], [ 79.92831710735075, 7.665761781443999 ], [ 79.928338347350646, 7.665983461443725 ], [ 79.928337423350612, 7.666452390443147 ], [ 79.92830163535065, 7.667147611442354 ], [ 79.928297523350651, 7.667227485442311 ], [ 79.928210354350824, 7.66764839644183 ], [ 79.927986664351295, 7.668111158441319 ], [ 79.927969260351318, 7.668147163441309 ], [ 79.926775049353765, 7.669870300439514 ], [ 79.926684641353987, 7.670135755439199 ], [ 79.926221737354865, 7.671494916437688 ], [ 79.926165447354947, 7.671660191437536 ], [ 79.92614319135501, 7.671725538437439 ], [ 79.926111245355045, 7.671878542437291 ], [ 79.926080948355121, 7.672023652437137 ], [ 79.926028951355207, 7.672272688436813 ], [ 79.9259873583553, 7.672471898436596 ], [ 79.925954509355378, 7.672629223436453 ], [ 79.925758206355681, 7.673569403435388 ], [ 79.925921474355349, 7.673939055434948 ], [ 79.926230972354602, 7.674639784434049 ], [ 79.926549855353841, 7.674937655433694 ], [ 79.927152421352474, 7.67550051543295 ], [ 79.928210813350105, 7.67646149343163 ], [ 79.929271457347724, 7.677191619430625 ], [ 79.929326148347613, 7.677236436430568 ], [ 79.929929957346232, 7.677731224429919 ], [ 79.930444437345102, 7.678330359429105 ], [ 79.931006299343807, 7.679228648427996 ], [ 79.931199094343327, 7.679475635427647 ], [ 79.931320079343067, 7.679630627427482 ], [ 79.93150749734265, 7.67987072642717 ], [ 79.931520665342617, 7.679887595427128 ], [ 79.932126893341234, 7.680407714426464 ], [ 79.932813978339681, 7.680823200425825 ], [ 79.933037081339194, 7.680882881425761 ], [ 79.933121686339035, 7.680905514425677 ], [ 79.933156513338929, 7.680914829425662 ], [ 79.933523406338153, 7.681012975425516 ], [ 79.933686997337787, 7.681056736425413 ], [ 79.933913491337307, 7.681011487425447 ], [ 79.934760213335466, 7.680842325425539 ], [ 79.935493648333889, 7.680119890426246 ], [ 79.9367019043314, 7.67810766642832 ], [ 79.93678519533124, 7.678005518428426 ], [ 79.936945342330915, 7.677809115428664 ], [ 79.93703889533073, 7.677694382428747 ], [ 79.93734124133006, 7.677323586429161 ], [ 79.9375686163296, 7.677044735429423 ], [ 79.937676381329368, 7.676912572429571 ], [ 79.937831544329086, 7.676722278429772 ], [ 79.938219676328202, 7.676564315429897 ], [ 79.938251325328139, 7.676551435429866 ], [ 79.938270785328115, 7.676543515429898 ], [ 79.938418562327811, 7.676483372429961 ], [ 79.938674054327265, 7.676379390429998 ], [ 79.938723255327119, 7.676378452430017 ], [ 79.938858964326826, 7.676375865430012 ], [ 79.93914198132623, 7.676370470429959 ], [ 79.939357625325727, 7.676366359429914 ], [ 79.939413795325677, 7.67641094342988 ], [ 79.940204435323878, 7.677038516428995 ], [ 79.940586395322981, 7.677341696428587 ], [ 79.94084367732242, 7.677545913428288 ], [ 79.942161326319379, 7.679458424425867 ], [ 79.942629984318302, 7.680489933424624 ], [ 79.942919914317557, 7.68115787342378 ], [ 79.943071722317214, 7.681507605423371 ], [ 79.943089536317231, 7.68152787742337 ], [ 79.943334970316613, 7.681807177422997 ], [ 79.943670171315901, 7.682106888422562 ], [ 79.943962995315246, 7.682209756422399 ], [ 79.944149534314818, 7.682275287422307 ], [ 79.944569122313879, 7.682347870422175 ], [ 79.944916987313164, 7.682300690422148 ], [ 79.945157108312628, 7.682157601422267 ], [ 79.945253691312459, 7.682010494422446 ], [ 79.945337523312276, 7.681882809422587 ], [ 79.945491175311943, 7.681568555422933 ], [ 79.945588910311727, 7.68136866342314 ], [ 79.945723791311522, 7.680579629423992 ], [ 79.945462322312181, 7.679358942425445 ], [ 79.945488894312263, 7.678019183427019 ], [ 79.945562140312134, 7.677349420427764 ], [ 79.945754959311756, 7.676859324428272 ], [ 79.946067699311087, 7.676369458428836 ], [ 79.946094367311062, 7.676341302428828 ], [ 79.946255054310726, 7.676171647429014 ], [ 79.946297870310616, 7.676126442429067 ], [ 79.946461751310252, 7.675953414429233 ], [ 79.946644493309918, 7.675760473429401 ], [ 79.947318936308463, 7.675435362429671 ], [ 79.947662259307691, 7.675338733429738 ], [ 79.948671394305507, 7.675054707429933 ], [ 79.94950024530371, 7.674904636429962 ], [ 79.950210452302173, 7.674705370430036 ], [ 79.950940064300639, 7.674500658430181 ], [ 79.952407906297438, 7.673863384430692 ], [ 79.952476320297279, 7.67383368143066 ], [ 79.954036487293976, 7.67320263043116 ], [ 79.954789978292354, 7.672942117431337 ], [ 79.954851316292206, 7.67292091043138 ], [ 79.955657808290411, 7.67291033443124 ], [ 79.955711943290325, 7.672909624431234 ], [ 79.956380793288858, 7.673068798430912 ], [ 79.956948692287583, 7.673342623430527 ], [ 79.957408749286529, 7.673745727429967 ], [ 79.957544243286236, 7.673929373429725 ], [ 79.957765247285735, 7.674228919429349 ], [ 79.958003449285144, 7.675090679428337 ], [ 79.958133178284754, 7.676239336426976 ], [ 79.9581453672847, 7.676723197426433 ], [ 79.958155478284652, 7.677124613425963 ], [ 79.958068621284809, 7.677649753425346 ], [ 79.958070709284783, 7.677757191425271 ], [ 79.957995668284823, 7.679181882423594 ], [ 79.957753183285206, 7.681137355421384 ], [ 79.957769493285141, 7.681691458420757 ], [ 79.957772372285106, 7.681789291420628 ], [ 79.95777571828512, 7.681903002420532 ], [ 79.95791835628475, 7.682573175419741 ], [ 79.958396323283623, 7.683483232418611 ], [ 79.959114228281976, 7.684345888417479 ], [ 79.959805672280396, 7.68506273541652 ], [ 79.960225182279487, 7.685497656415969 ], [ 79.960466707278925, 7.685748052415652 ], [ 79.960903780277931, 7.686161862415104 ], [ 79.961218140277225, 7.686459490414707 ], [ 79.961232369277184, 7.686472961414676 ], [ 79.961245457277158, 7.686485351414653 ], [ 79.961055341277557, 7.686647256414524 ], [ 79.961048049277608, 7.686653466414503 ], [ 79.960786480278131, 7.686876221414268 ], [ 79.96046340127883, 7.687058724414128 ], [ 79.96026282727928, 7.687173773414013 ], [ 79.960105932279575, 7.687263768413938 ], [ 79.959748161280373, 7.687515153413718 ], [ 79.959737895280384, 7.687523044413705 ], [ 79.959436446281032, 7.687754757413493 ], [ 79.959032440281888, 7.688074723413192 ], [ 79.95837044428329, 7.688372023412962 ], [ 79.957693820284717, 7.688857478412501 ], [ 79.957062856286086, 7.689310171412084 ], [ 79.956595521287085, 7.689665990411741 ], [ 79.956449020287366, 7.689773978411664 ], [ 79.956417108287454, 7.689797503411604 ], [ 79.956146897288036, 7.689996682411462 ], [ 79.956125568288087, 7.690012404411453 ], [ 79.955901957288532, 7.690150278411293 ], [ 79.955792949288778, 7.690217490411269 ], [ 79.95564686728909, 7.690307560411185 ], [ 79.955295512289808, 7.690524195410947 ], [ 79.955199575290038, 7.690580100410909 ], [ 79.955069035290336, 7.690656169410832 ], [ 79.954633113291266, 7.690910190410657 ], [ 79.954629869291253, 7.690912095410629 ], [ 79.954627391291254, 7.690913547410626 ], [ 79.954517896291478, 7.690977779410569 ], [ 79.954494931291563, 7.690991249410554 ], [ 79.954471196291607, 7.691001140410538 ], [ 79.954466371291588, 7.691003152410579 ], [ 79.95446470429161, 7.691003846410567 ], [ 79.95376540629313, 7.691295241410317 ], [ 79.953669129293317, 7.691335359410302 ], [ 79.953586025293504, 7.691369989410299 ], [ 79.953419005293867, 7.691456271410208 ], [ 79.95293442729492, 7.691706599409999 ], [ 79.952915529294941, 7.691714379409961 ], [ 79.952732512295299, 7.691829917409906 ], [ 79.952638080295529, 7.69190709240983 ], [ 79.952449571295929, 7.692061150409647 ], [ 79.952247148296337, 7.692340294409352 ], [ 79.952201445296424, 7.692403319409316 ], [ 79.952200969296442, 7.692651301409049 ], [ 79.95220061929642, 7.692833629408835 ], [ 79.952199990296393, 7.693161044408418 ], [ 79.95225499029624, 7.693326472408216 ], [ 79.952254408296241, 7.693629563407903 ], [ 79.952267839296198, 7.693836241407647 ], [ 79.952267548296206, 7.693987786407464 ], [ 79.951437978298017, 7.693903540407725 ], [ 79.950967669299004, 7.693886102407776 ], [ 79.95044549930013, 7.693866742407934 ], [ 79.95026260730053, 7.693859961407947 ], [ 79.949308445302648, 7.693844355408143 ], [ 79.94913011130302, 7.693854165408158 ], [ 79.948824384303705, 7.693870982408145 ], [ 79.948686720303954, 7.693867108408218 ], [ 79.947773448305981, 7.693841410408393 ], [ 79.947165086307322, 7.69378513340856 ], [ 79.946721047308301, 7.693710527408721 ], [ 79.9467156683083, 7.693709624408721 ], [ 79.946252679309353, 7.693631833408866 ], [ 79.945533821310889, 7.693506458409147 ], [ 79.945366184311254, 7.693488365409197 ], [ 79.944884001312346, 7.693436322409301 ], [ 79.944327025313569, 7.693385901409478 ], [ 79.944040710314184, 7.693358177409555 ], [ 79.943819058314673, 7.693288335409652 ], [ 79.943734620314871, 7.693272714409693 ], [ 79.943651612315051, 7.69325735940971 ], [ 79.943604552315122, 7.693248653409769 ], [ 79.943113903316231, 7.693111852410013 ], [ 79.942734769317056, 7.69301420541017 ], [ 79.942605304317368, 7.692980860410207 ], [ 79.941732806319294, 7.692856905410506 ], [ 79.941461916319867, 7.692818420410585 ], [ 79.941322133320156, 7.692798561410613 ], [ 79.940860309321152, 7.692732949410805 ], [ 79.94066173832158, 7.692705458410843 ], [ 79.940638759321658, 7.692702276410849 ], [ 79.940634167321676, 7.692701641410863 ], [ 79.939951421323187, 7.692607118411108 ], [ 79.939865112323389, 7.692595167411101 ], [ 79.939197111324859, 7.692498776411328 ], [ 79.938760983325821, 7.692375661411529 ], [ 79.938406461326593, 7.692361387411638 ], [ 79.937997478327475, 7.692306253411732 ], [ 79.937658628328236, 7.69228357641181 ], [ 79.937370278328856, 7.692264277411907 ], [ 79.9371657583293, 7.692250294411926 ], [ 79.936766254330152, 7.692181591412117 ], [ 79.936766214330163, 7.692201811412048 ], [ 79.936765720330158, 7.692454394411777 ], [ 79.93684007432995, 7.692904239411236 ], [ 79.936925231329695, 7.693558261410462 ], [ 79.936932746329688, 7.693609101410427 ], [ 79.936986817329554, 7.693974894410011 ], [ 79.937018044329449, 7.694186144409768 ], [ 79.937214285328977, 7.694823600408998 ], [ 79.937298656328792, 7.694893923408895 ], [ 79.937387807328605, 7.694968229408774 ], [ 79.93743961632849, 7.695011413408711 ], [ 79.93765287132797, 7.695229774408431 ], [ 79.937833799327578, 7.6954150354082 ], [ 79.938359734326383, 7.695772070407682 ], [ 79.93851910332603, 7.696029299407359 ], [ 79.938819675325377, 7.696213292407105 ], [ 79.939558340323671, 7.696803549406297 ], [ 79.939913673322891, 7.697115291405892 ], [ 79.940093462322494, 7.697273024405656 ], [ 79.940445572321693, 7.697565395405268 ], [ 79.940643913321253, 7.69773008540506 ], [ 79.941018954320384, 7.698041493404653 ], [ 79.941088695320232, 7.698099402404543 ], [ 79.94134200731969, 7.698409061404183 ], [ 79.941933632318339, 7.698822534403588 ], [ 79.942027582318133, 7.698888193403525 ], [ 79.942280908317557, 7.69918848340312 ], [ 79.942475503317127, 7.699305311402945 ], [ 79.942545544316971, 7.699347360402887 ], [ 79.942656641316731, 7.699414059402795 ], [ 79.942787897316407, 7.699620425402525 ], [ 79.943041447315863, 7.699808290402249 ], [ 79.943225600315472, 7.699971879402042 ], [ 79.943353852315155, 7.700085810401872 ], [ 79.943510738314799, 7.700225177401722 ], [ 79.943996178313697, 7.700606913401208 ], [ 79.944118897313402, 7.70069614540108 ], [ 79.94438174331286, 7.700887265400825 ], [ 79.945181529311085, 7.70091597240062 ], [ 79.946004497309318, 7.700945510400488 ], [ 79.946128891309044, 7.700935424400441 ], [ 79.946225833308802, 7.70092756440045 ], [ 79.946707018307762, 7.700965850400336 ], [ 79.946890186307328, 7.700980424400263 ], [ 79.947322399306415, 7.701014813400162 ], [ 79.947421436306172, 7.701022692400146 ], [ 79.9476456223057, 7.701040528400075 ], [ 79.948310476304229, 7.701080022399939 ], [ 79.948659416303499, 7.701100750399839 ], [ 79.94956333930152, 7.701154443399667 ], [ 79.95007092830042, 7.701124371399612 ], [ 79.950846049298718, 7.701078448399513 ], [ 79.951764384296737, 7.701084509399384 ], [ 79.951905565296428, 7.701085441399334 ], [ 79.952199041295756, 7.701060648399348 ], [ 79.952177091295752, 7.701316624399063 ], [ 79.952167519295813, 7.701428249398926 ], [ 79.952112945295838, 7.702064688398202 ], [ 79.952091970295882, 7.702309292397911 ], [ 79.952080526295902, 7.702443415397769 ], [ 79.952023733295974, 7.703109003397016 ], [ 79.951939198296117, 7.7037209613963 ], [ 79.95192198529611, 7.703845569396182 ], [ 79.951898221296176, 7.703953082396053 ], [ 79.951749106296447, 7.704627724395277 ], [ 79.951689275296545, 7.705097255394769 ], [ 79.951686250296532, 7.705120990394749 ], [ 79.951676607296577, 7.705196664394623 ], [ 79.951604518296676, 7.705552203394229 ], [ 79.951546108296796, 7.706220760393506 ], [ 79.95153223529681, 7.706396027393282 ], [ 79.951527636296802, 7.706454129393235 ], [ 79.951502196296843, 7.706775529392834 ], [ 79.951402607297013, 7.707169946392389 ], [ 79.951341653297149, 7.707411344392141 ], [ 79.951242217297292, 7.707877439391654 ], [ 79.951226363297366, 7.70795174939151 ], [ 79.951181685297428, 7.708265295391186 ], [ 79.951125026297518, 7.708662905390729 ], [ 79.951081498297611, 7.709018497390336 ], [ 79.951048813297646, 7.709168070390154 ], [ 79.951027615297676, 7.709265073390054 ], [ 79.950958783297793, 7.709580053389688 ], [ 79.95092300729786, 7.709743771389515 ], [ 79.950863062297998, 7.710048415389156 ], [ 79.950795082298072, 7.710393895388783 ], [ 79.950735515298177, 7.710696617388463 ], [ 79.95071769029822, 7.711013792388069 ], [ 79.950705938298242, 7.711222960387852 ], [ 79.950702195298206, 7.7112626123878 ], [ 79.95068954529826, 7.711396639387659 ], [ 79.950676980298255, 7.711529763387503 ], [ 79.950664226298272, 7.711592662387435 ], [ 79.950659698298296, 7.711614994387421 ], [ 79.95064960829832, 7.711664758387351 ], [ 79.950645087298327, 7.711824226387159 ], [ 79.950644270298326, 7.711853041387131 ], [ 79.950642334298337, 7.711921337387049 ], [ 79.950556441298502, 7.712148191386808 ], [ 79.950505886298558, 7.712449103386469 ], [ 79.950481461298594, 7.712676346386192 ], [ 79.950444934298645, 7.712960986385889 ], [ 79.950444475298653, 7.71297910738585 ], [ 79.950443050298659, 7.71303546638583 ], [ 79.950441029298645, 7.713115419385687 ], [ 79.950479785298555, 7.713221441385574 ], [ 79.950512900298477, 7.713312031385474 ], [ 79.950566589298376, 7.713458908385318 ], [ 79.950581513298303, 7.71349882938526 ], [ 79.950654127298165, 7.713693077384989 ], [ 79.950742214297946, 7.71392871038474 ], [ 79.950763903297883, 7.713982046384688 ], [ 79.950827391297722, 7.714138171384485 ], [ 79.950945794297468, 7.714429335384105 ], [ 79.951036013297227, 7.714651191383832 ], [ 79.951161801296905, 7.714960515383453 ], [ 79.951243673296716, 7.715160498383224 ], [ 79.951270417296698, 7.715225822383138 ], [ 79.951329168296539, 7.715381969382931 ], [ 79.951384572296405, 7.71552921738277 ], [ 79.951387050296404, 7.715564753382713 ], [ 79.951654545295767, 7.716236402381922 ], [ 79.951662376295744, 7.716253259381896 ], [ 79.952010908294909, 7.717003504380976 ], [ 79.952099465294737, 7.717161048380772 ], [ 79.952116141294681, 7.717190713380732 ], [ 79.952171385294562, 7.717288990380618 ], [ 79.952190862294472, 7.717324898380603 ], [ 79.95222500829442, 7.717387846380521 ], [ 79.952236780294385, 7.717409545380492 ], [ 79.952238990294376, 7.71741362138047 ], [ 79.952259067294364, 7.717450633380431 ], [ 79.952365878294088, 7.717647538380181 ], [ 79.952510131293778, 7.717913470379838 ], [ 79.952652753293435, 7.718181099379514 ], [ 79.952812683293047, 7.718751764378827 ], [ 79.953044593292475, 7.719108683378395 ], [ 79.953252727292039, 7.719610900377745 ], [ 79.953436399291576, 7.720054090377203 ], [ 79.953615046291176, 7.720197022377023 ], [ 79.953878902290612, 7.720212990376979 ], [ 79.953919177290516, 7.720215427376944 ], [ 79.954083822290144, 7.720215742376941 ], [ 79.954402263289424, 7.720216351376868 ], [ 79.95487612928838, 7.72021941337681 ], [ 79.95505181128803, 7.720246716376717 ], [ 79.955156603287804, 7.720263001376697 ], [ 79.955187862287758, 7.720267859376692 ], [ 79.955237480287636, 7.720274301376652 ], [ 79.955374119287328, 7.720292038376616 ], [ 79.955374912287326, 7.720292142376652 ], [ 79.955585855286856, 7.720364320376516 ], [ 79.955789465286387, 7.720438617376426 ], [ 79.955907472286157, 7.720317183376496 ], [ 79.956265248285376, 7.720121679376686 ], [ 79.9569620602839, 7.71968988137705 ], [ 79.956962303283888, 7.719689709377048 ], [ 79.957133066283546, 7.719569291377167 ], [ 79.9576135612825, 7.719203996377511 ], [ 79.958202738281244, 7.718730712377954 ], [ 79.958542758280529, 7.718474375378197 ], [ 79.958647344280337, 7.718395529378261 ], [ 79.958913025279756, 7.718195234378492 ], [ 79.959336761278863, 7.717921623378726 ], [ 79.959538347278425, 7.717791457378826 ], [ 79.959734871277988, 7.717721035378907 ], [ 79.9599535022775, 7.717903237378627 ], [ 79.960024904277333, 7.717962741378583 ], [ 79.960089465277179, 7.718016543378476 ], [ 79.960370122276572, 7.718282426378122 ], [ 79.960484173276328, 7.718414728377951 ], [ 79.960496822276284, 7.718429400377949 ], [ 79.960641086275942, 7.718596751377751 ], [ 79.960739263275755, 7.718710636377566 ], [ 79.960803102275605, 7.718861751377376 ], [ 79.960901313275343, 7.719094230377123 ], [ 79.96102542527511, 7.719131119377058 ], [ 79.961063901274997, 7.719142555377008 ], [ 79.96113442027486, 7.719163515377001 ], [ 79.961291444274494, 7.719210186376929 ], [ 79.961300638274437, 7.719212919376896 ], [ 79.961306960274484, 7.719215104376921 ], [ 79.961347260274366, 7.719229034376864 ], [ 79.961502389274031, 7.719282651376827 ], [ 79.961729506273542, 7.71936114937669 ], [ 79.962307819272255, 7.719580624376335 ], [ 79.962680670271425, 7.719722123376106 ], [ 79.962695708271369, 7.719727830376114 ], [ 79.962705488271382, 7.719731542376075 ], [ 79.96323814127021, 7.71977677437593 ], [ 79.963859667268878, 7.719777949375844 ], [ 79.964287699267899, 7.719610907375978 ], [ 79.964348373267825, 7.719587229376008 ], [ 79.964507095267464, 7.719551319376015 ], [ 79.964529881267396, 7.719546163375979 ], [ 79.964802720266789, 7.719484435376013 ], [ 79.964903919266604, 7.719487376375978 ], [ 79.965087623266186, 7.719492715375985 ], [ 79.965224262265906, 7.719496689375942 ], [ 79.965336948265616, 7.719583169375816 ], [ 79.965407758265471, 7.71960686137579 ], [ 79.965496432265269, 7.719636528375718 ], [ 79.965539425265192, 7.71965668637573 ], [ 79.96569026526484, 7.719727406375616 ], [ 79.965774574264657, 7.719821198375477 ], [ 79.965775471264649, 7.719869552375415 ], [ 79.965777413264632, 7.719974137375325 ], [ 79.965744211264678, 7.720199925375037 ], [ 79.965742542264707, 7.720211275375048 ], [ 79.965742244264689, 7.720212415375045 ], [ 79.965714952264761, 7.72031687037491 ], [ 79.965707825264772, 7.720344145374913 ], [ 79.965695264264795, 7.720392209374858 ], [ 79.965698132264805, 7.720529545374664 ], [ 79.965757272264625, 7.720695073374491 ], [ 79.965797318264563, 7.720770460374379 ], [ 79.965860167264367, 7.720888777374221 ], [ 79.966058591263945, 7.721125430373919 ], [ 79.966301095263432, 7.721338877373653 ], [ 79.967128873261586, 7.721644451373146 ], [ 79.967400794260953, 7.721744830372991 ], [ 79.968035132259544, 7.722028606372558 ], [ 79.968056111259486, 7.722037991372543 ], [ 79.968307433258985, 7.722150422372369 ], [ 79.968577688258364, 7.722170161372336 ], [ 79.96895226525757, 7.722192817372256 ], [ 79.969277528256825, 7.722212490372175 ], [ 79.969417674256547, 7.722220967372135 ], [ 79.969438548256491, 7.722222229372138 ], [ 79.969562206256228, 7.722229708372081 ], [ 79.96967857425598, 7.722365467371894 ], [ 79.969793376255708, 7.722499398371723 ], [ 79.970131389254917, 7.72271456437145 ], [ 79.970369265254419, 7.722873107371225 ], [ 79.970469330254161, 7.722939798371104 ], [ 79.970877215253267, 7.72321877237074 ], [ 79.970928552253156, 7.723254315370663 ], [ 79.970976538253083, 7.723287953370656 ], [ 79.971021445252944, 7.723319596370617 ], [ 79.971105284252758, 7.723379344370489 ], [ 79.971178346252628, 7.723432109370437 ], [ 79.971242083252463, 7.723478436370386 ], [ 79.971353439252198, 7.72355993737028 ], [ 79.971507618251863, 7.723673530370103 ], [ 79.971686603251456, 7.723805344369909 ], [ 79.971691401251476, 7.723809061369931 ], [ 79.971699548251451, 7.723815858369897 ], [ 79.97171140525144, 7.72382655036992 ], [ 79.971717469251416, 7.72383180736991 ], [ 79.971723895251372, 7.723836973369897 ], [ 79.971728603251364, 7.723840508369856 ], [ 79.971733040251394, 7.723843410369858 ], [ 79.971737025251358, 7.72384585936988 ], [ 79.971740556251348, 7.723847855369852 ], [ 79.971743726251347, 7.723849398369846 ], [ 79.971749252251342, 7.723851669369872 ], [ 79.971753421251293, 7.723852943369866 ], [ 79.971756501251278, 7.723853582369873 ], [ 79.971758768251291, 7.723853767369847 ], [ 79.971761769251273, 7.723853856369877 ], [ 79.971762031251288, 7.72385386336986 ], [ 79.971765295251274, 7.723853508369862 ], [ 79.971768470251291, 7.723852700369879 ], [ 79.971771282251254, 7.72385162036988 ], [ 79.971774005251277, 7.723850359369856 ], [ 79.971778906251274, 7.723847384369884 ], [ 79.971780065251238, 7.723846527369853 ], [ 79.971783173251296, 7.723844227369845 ], [ 79.971798154251232, 7.723832138369866 ], [ 79.97180196725121, 7.723829252369867 ], [ 79.971804963251188, 7.723827178369853 ], [ 79.971809502251205, 7.72382456436988 ], [ 79.971814128251211, 7.723822402369892 ], [ 79.971834269251161, 7.723814844369906 ], [ 79.971870013251092, 7.723801890369917 ], [ 79.971923810250942, 7.723782639369905 ], [ 79.971950574250911, 7.72377265236991 ], [ 79.971977157250834, 7.723762122369923 ], [ 79.97203558625074, 7.723738087369977 ], [ 79.972064801250653, 7.723726025369927 ], [ 79.972093926250565, 7.723713691369979 ], [ 79.972136207250514, 7.723695323370005 ], [ 79.972154942250455, 7.723686931369974 ], [ 79.972178219250424, 7.723676503369987 ], [ 79.972192827250353, 7.723669567370019 ], [ 79.972205531250353, 7.723663171370014 ], [ 79.972249455250264, 7.723640104370005 ], [ 79.97226052625021, 7.723634428370008 ], [ 79.972277221250167, 7.723626321370033 ], [ 79.972285750250165, 7.72362253937001 ], [ 79.97229427925015, 7.723618938370074 ], [ 79.972297091250155, 7.723617858370067 ], [ 79.972299904250107, 7.723616688370052 ], [ 79.972300896250147, 7.723616224370068 ], [ 79.972330484250094, 7.723602367370082 ], [ 79.972360971250026, 7.723588137370059 ], [ 79.972376215249994, 7.72358111237006 ], [ 79.972399262249894, 7.723570937370067 ], [ 79.972422309249879, 7.723560762370076 ], [ 79.972513498249668, 7.723519608370136 ], [ 79.972650148249372, 7.723457469370164 ], [ 79.972718653249231, 7.723426581370219 ], [ 79.972787249249066, 7.723396145370212 ], [ 79.972804307249064, 7.723388853370194 ], [ 79.972820456249025, 7.723382372370244 ], [ 79.972835698249, 7.723376523370261 ], [ 79.972864457248903, 7.723366178370247 ], [ 79.972889767248859, 7.723357544370268 ], [ 79.97293439824881, 7.723343159370233 ], [ 79.973001525248634, 7.723321944370244 ], [ 79.973034908248565, 7.72331088437029 ], [ 79.973051510248553, 7.723305128370286 ], [ 79.97306802024849, 7.723299191370261 ], [ 79.973119579248362, 7.723280402370309 ], [ 79.973129890248387, 7.723276644370322 ], [ 79.973167996248279, 7.723262755370333 ], [ 79.973181966248234, 7.723257536370331 ], [ 79.973249007248128, 7.723282619370259 ], [ 79.973314125247981, 7.723296929370271 ], [ 79.973421291247703, 7.723320478370221 ], [ 79.973464731247617, 7.723330024370202 ], [ 79.9735245882475, 7.723343177370177 ], [ 79.973558841247453, 7.723351470370168 ], [ 79.973588654247351, 7.723359031370116 ], [ 79.973614661247325, 7.723366042370138 ], [ 79.973637222247248, 7.7233724143701 ], [ 79.973656975247209, 7.723378238370119 ], [ 79.973674190247181, 7.723383605370082 ], [ 79.973704090247082, 7.723393337370092 ], [ 79.973726287247047, 7.72340115537005 ], [ 79.973742956247008, 7.723407245370036 ], [ 79.973767688246923, 7.723416876370035 ], [ 79.973792238246929, 7.723427050370031 ], [ 79.973825391246834, 7.723441308369971 ], [ 79.973861082246771, 7.723456616369949 ], [ 79.973861076246763, 7.723459729369997 ], [ 79.973859699246717, 7.724193978369094 ], [ 79.973993458246397, 7.724547523368719 ], [ 79.974041431246263, 7.724674326368565 ], [ 79.974177307245952, 7.725033465368089 ], [ 79.974305662245655, 7.725340234367732 ], [ 79.974336593245567, 7.725466719367589 ], [ 79.974350295245515, 7.72552274836753 ], [ 79.974361067245496, 7.725581973367429 ], [ 79.974382940245462, 7.72570224836732 ], [ 79.974381004245458, 7.725768399367241 ], [ 79.974374225245427, 7.726000007366952 ], [ 79.974371107245403, 7.726106543366865 ], [ 79.974366922245437, 7.726249509366699 ], [ 79.974350243245482, 7.72649745636641 ], [ 79.974333564245498, 7.726745401366077 ], [ 79.974327048245456, 7.726842267366004 ], [ 79.974320656245482, 7.726937276365899 ], [ 79.97431141424552, 7.727068847365749 ], [ 79.974323217245498, 7.727170552365588 ], [ 79.97433700224542, 7.727210425365594 ], [ 79.974348836245412, 7.727244653365559 ], [ 79.974373914245305, 7.727317188365426 ], [ 79.974415863245255, 7.727433805365288 ], [ 79.974486393245087, 7.727629875365067 ], [ 79.974517090245001, 7.727715214364968 ], [ 79.974539888244934, 7.727785458364861 ], [ 79.974543008244893, 7.727795077364875 ], [ 79.97457182524488, 7.727883872364777 ], [ 79.974597903244785, 7.72796423036467 ], [ 79.974645281244705, 7.728110221364505 ], [ 79.974702172244534, 7.728335199364242 ], [ 79.974714896244492, 7.728385512364158 ], [ 79.974782191244344, 7.728651638363824 ], [ 79.974941738243956, 7.729104954363284 ], [ 79.974965150243918, 7.729171473363224 ], [ 79.974992343243855, 7.729248736363111 ], [ 79.974993950243842, 7.729253304363119 ], [ 79.975274107243123, 7.730157006362051 ], [ 79.975394376242889, 7.730461304361627 ], [ 79.975409816242816, 7.7305003683616 ], [ 79.975557724242492, 7.730874593361175 ], [ 79.975562130242452, 7.730885740361113 ], [ 79.975599574242409, 7.730903417361104 ], [ 79.975637074242286, 7.730921120361104 ], [ 79.975657907242251, 7.730931287361053 ], [ 79.975660262242229, 7.730932516361074 ], [ 79.975677199242199, 7.730941360361046 ], [ 79.975695132242194, 7.730951159361023 ], [ 79.975711705242134, 7.730960595361037 ], [ 79.975727190242111, 7.730969756361004 ], [ 79.975741499242062, 7.730978464360989 ], [ 79.975768212242016, 7.730995333360999 ], [ 79.975791393241991, 7.731010387360937 ], [ 79.975831505241871, 7.73103740936094 ], [ 79.975891445241757, 7.731078664360868 ], [ 79.975921415241643, 7.731099066360855 ], [ 79.975951569241587, 7.731119197360819 ], [ 79.976055519241385, 7.731187572360735 ], [ 79.976159470241129, 7.731255947360592 ], [ 79.976244314240944, 7.731311175360522 ], [ 79.976279097240862, 7.731333754360505 ], [ 79.976286784240827, 7.731338743360492 ], [ 79.976304215240816, 7.73135025736047 ], [ 79.976329070240737, 7.731366673360436 ], [ 79.976335316240721, 7.731371206360471 ], [ 79.976340928240703, 7.73137600936043 ], [ 79.97634599624071, 7.731380992360421 ], [ 79.9763505202407, 7.731386064360433 ], [ 79.976354499240685, 7.731391317360414 ], [ 79.976358116240704, 7.731396568360409 ], [ 79.97636137024071, 7.731401909360425 ], [ 79.976364260240672, 7.73140725036038 ], [ 79.97636688024069, 7.731412499360396 ], [ 79.976369228240642, 7.731417839360365 ], [ 79.976373377240634, 7.73142842636037 ], [ 79.976376713240654, 7.731438741360359 ], [ 79.976378188240616, 7.731443833360391 ], [ 79.976379596240619, 7.731448693360372 ], [ 79.976381934240621, 7.731458193360337 ], [ 79.976385890240607, 7.731476556360292 ], [ 79.976387963240612, 7.731487332360294 ], [ 79.976392174240587, 7.731509212360289 ], [ 79.976394508240617, 7.731521424360274 ], [ 79.97639666424061, 7.731532098360273 ], [ 79.9763987332406, 7.731541235360271 ], [ 79.976400712240576, 7.731549196360255 ], [ 79.976404494240612, 7.731562858360197 ], [ 79.97640774024056, 7.731572720360192 ], [ 79.976410446240578, 7.731579959360197 ], [ 79.976412702240594, 7.731585299360165 ], [ 79.97641631524057, 7.7315929923602 ], [ 79.976420290240526, 7.731600414360202 ], [ 79.976427520240506, 7.731612273360168 ], [ 79.976434753240497, 7.731623228360151 ], [ 79.976441897240491, 7.731633369360159 ], [ 79.976448769240491, 7.731642786360142 ], [ 79.976462336240473, 7.73166017336008 ], [ 79.976486848240384, 7.73169024136004 ], [ 79.976505210240333, 7.73171288136001 ], [ 79.976518595240293, 7.731730178359983 ], [ 79.976528090240308, 7.731743307359993 ], [ 79.976534962240251, 7.731753267359982 ], [ 79.976539843240246, 7.731760872359976 ], [ 79.976546894240229, 7.731772459359987 ], [ 79.976553307240223, 7.731784317359964 ], [ 79.976556018240245, 7.731789929359949 ], [ 79.976558274240219, 7.731795449359941 ], [ 79.976560257240209, 7.731800878359934 ], [ 79.976561189240229, 7.731803831359909 ], [ 79.976561971240201, 7.731806307359926 ], [ 79.976563501240207, 7.73181155435991 ], [ 79.976565840240184, 7.731822048359875 ], [ 79.976566700240198, 7.731826822359864 ], [ 79.976567634240226, 7.731831998359858 ], [ 79.976568975240184, 7.731841586359856 ], [ 79.976569956240212, 7.731850631359857 ], [ 79.976571375240198, 7.731867724359835 ], [ 79.976573675240203, 7.731897749359799 ], [ 79.976574834240182, 7.731908874359803 ], [ 79.976576085240168, 7.731918552359762 ], [ 79.976577428240176, 7.731926874359795 ], [ 79.976578775240199, 7.73193402035976 ], [ 79.976580305240162, 7.731940172359772 ], [ 79.976581746240157, 7.731945510359765 ], [ 79.976584720240183, 7.731954648359752 ], [ 79.976587337240133, 7.731961345359747 ], [ 79.976589595240171, 7.731966232359723 ], [ 79.976593389240108, 7.731973382359708 ], [ 79.976597818240094, 7.731980263359691 ], [ 79.976604781240127, 7.731989952359702 ], [ 79.976617261240108, 7.732006613359699 ], [ 79.976636526240043, 7.732031336359629 ], [ 79.976646022240004, 7.732043742359609 ], [ 79.97665515524001, 7.732056418359635 ], [ 79.976671972239942, 7.732080503359558 ], [ 79.976684282239958, 7.732098551359543 ], [ 79.976730017239817, 7.732165612359444 ], [ 79.976759313239782, 7.732207986359422 ], [ 79.97677423223972, 7.732229083359402 ], [ 79.976789333239694, 7.732249909359343 ], [ 79.976805987239644, 7.732272457359317 ], [ 79.976815016239641, 7.732284680359297 ], [ 79.976857471239526, 7.732341335359264 ], [ 79.976863671239528, 7.732349606359264 ], [ 79.976906719239452, 7.732406112359153 ], [ 79.976944796239351, 7.732455104359116 ], [ 79.976978533239233, 7.732497757359043 ], [ 79.977008290239169, 7.732534797358984 ], [ 79.977034613239155, 7.732566947358984 ], [ 79.9770578602391, 7.732595023358919 ], [ 79.977078305239033, 7.732619385358867 ], [ 79.977098487238962, 7.732642918358889 ], [ 79.977114581238922, 7.732661682358867 ], [ 79.977142082238913, 7.73269311135881 ], [ 79.977162891238834, 7.732716480358742 ], [ 79.977194466238743, 7.732751353358704 ], [ 79.977226405238653, 7.732785774358669 ], [ 79.977239887238696, 7.73280008635867 ], [ 79.977254273238628, 7.732815305358627 ], [ 79.977469595238162, 7.733008380358399 ], [ 79.97750145423808, 7.733036947358311 ], [ 79.977707551237614, 7.733221817358126 ], [ 79.977721563237594, 7.733234386358081 ], [ 79.977753254237513, 7.733262813358068 ], [ 79.977752885237493, 7.733265289358027 ], [ 79.977752879237514, 7.733268725358007 ], [ 79.977753234237511, 7.73327243335801 ], [ 79.977753774237542, 7.733274152358018 ], [ 79.977754497237513, 7.733275962358037 ], [ 79.977755581237517, 7.733277682358029 ], [ 79.977756938237491, 7.733279312358015 ], [ 79.977758840237499, 7.733280672358008 ], [ 79.977793796237407, 7.733301174357966 ], [ 79.977828755237311, 7.733321677357967 ], [ 79.977823130237354, 7.73332791235796 ], [ 79.977900282237215, 7.733371542357893 ], [ 79.977977444236998, 7.73341509035784 ], [ 79.978004343236918, 7.73343060335781 ], [ 79.978027707236876, 7.733444482357781 ], [ 79.978068276236812, 7.73346933435777 ], [ 79.978128767236683, 7.733507154357707 ], [ 79.978159103236621, 7.733526019357696 ], [ 79.978189532236541, 7.733544613357651 ], [ 79.978246856236424, 7.733578901357597 ], [ 79.978333252236197, 7.733629881357552 ], [ 79.978376358236133, 7.7336553713575 ], [ 79.978400655236058, 7.733669840357485 ], [ 79.978419466236033, 7.733681042357465 ], [ 79.97844690523597, 7.733697641357432 ], [ 79.978470812235884, 7.733712244357424 ], [ 79.978491550235887, 7.733725303357375 ], [ 79.978509660235829, 7.73373682135737 ], [ 79.978540990235771, 7.73375749735736 ], [ 79.9785642602357, 7.733773364357338 ], [ 79.978581463235642, 7.733785604357311 ], [ 79.978607086235584, 7.733804370357262 ], [ 79.978619761235606, 7.733813979357272 ], [ 79.978632253235574, 7.733823768357248 ], [ 79.978651355235485, 7.733839085357244 ], [ 79.978669007235496, 7.733853586357237 ], [ 79.978685481235402, 7.733867362357222 ], [ 79.978715984235336, 7.733893551357164 ], [ 79.978742234235298, 7.733916840357146 ], [ 79.978764950235231, 7.733937499357092 ], [ 79.978784680235222, 7.733955711357051 ], [ 79.978813592235156, 7.733983121357046 ], [ 79.978814602235175, 7.73398407935703 ], [ 79.9788187992351, 7.733988057357021 ], [ 79.978844048235075, 7.734012609357007 ], [ 79.97888160323501, 7.734049844356938 ], [ 79.978916286234892, 7.734084905356894 ], [ 79.978918796234893, 7.734087440356915 ], [ 79.978958403234813, 7.734127874356831 ], [ 79.979253380234169, 7.734374732356525 ], [ 79.979265111234099, 7.734384549356487 ], [ 79.979280228234103, 7.734397200356486 ], [ 79.979400499233847, 7.734497851356378 ], [ 79.979428554233749, 7.734524898356286 ], [ 79.979497474233582, 7.734591340356249 ], [ 79.979618318233349, 7.73482797335594 ], [ 79.979870837232738, 7.735044221355669 ], [ 79.979931083232643, 7.735118559355563 ], [ 79.980200654232007, 7.735451186355116 ], [ 79.980217220231964, 7.735464238355077 ], [ 79.980232973231963, 7.735476294355067 ], [ 79.980247911231913, 7.735487444355089 ], [ 79.980276070231852, 7.735507842355064 ], [ 79.980301151231785, 7.735525250355002 ], [ 79.980323335231745, 7.735540031354985 ], [ 79.980342894231697, 7.735552727354966 ], [ 79.98036010023165, 7.735563610354964 ], [ 79.98037531423158, 7.735572952354951 ], [ 79.980393727231558, 7.735583919354912 ], [ 79.980402120231588, 7.735588917354914 ], [ 79.980422407231515, 7.735600619354899 ], [ 79.980453109231448, 7.73561767635491 ], [ 79.980484175231354, 7.735634011354877 ], [ 79.980566464231217, 7.735676448354809 ], [ 79.980582228231185, 7.735684578354765 ], [ 79.980601198231128, 7.735694361354808 ], [ 79.980718221230831, 7.735754621354716 ], [ 79.980902914230427, 7.735843581354557 ], [ 79.980994458230256, 7.735887719354511 ], [ 79.981010759230188, 7.735895579354475 ], [ 79.981014373230209, 7.735897321354472 ], [ 79.981036117230161, 7.735907805354483 ], [ 79.98108760923003, 7.73593263135441 ], [ 79.981090597230036, 7.735934087354409 ], [ 79.981126557229956, 7.735951603354404 ], [ 79.981162970229846, 7.735969575354396 ], [ 79.981183660229831, 7.735979969354339 ], [ 79.981231085229723, 7.736003791354305 ], [ 79.981272188229639, 7.736024793354315 ], [ 79.981290412229569, 7.736034104354286 ], [ 79.981497464229122, 7.736141461354119 ], [ 79.981549364229025, 7.736168143354076 ], [ 79.981588312228922, 7.736188018354067 ], [ 79.981646915228808, 7.736217515353985 ], [ 79.981705791228649, 7.736246470353946 ], [ 79.981749815228582, 7.736267531353959 ], [ 79.98178849322845, 7.736285688353926 ], [ 79.981856522228341, 7.736316739353828 ], [ 79.981958704228092, 7.736362955353806 ], [ 79.982009613228001, 7.736386289353757 ], [ 79.982060430227889, 7.73641007535371 ], [ 79.982119735227741, 7.736438447353702 ], [ 79.982148474227685, 7.736452195353635 ], [ 79.982225286227489, 7.736489412353582 ], [ 79.982292407227391, 7.736522180353572 ], [ 79.982409706227131, 7.736579999353491 ], [ 79.982561059226768, 7.736655381353358 ], [ 79.982568209226741, 7.736658942353322 ], [ 79.982574191226732, 7.736661921353363 ], [ 79.982760877226326, 7.736754900353215 ], [ 79.982788776226315, 7.736768425353179 ], [ 79.98281522622618, 7.736780862353169 ], [ 79.982865230226082, 7.736803471353118 ], [ 79.982902189225996, 7.736820046353112 ], [ 79.982909164226001, 7.73682317435311 ], [ 79.982947483225914, 7.736840698353069 ], [ 79.982980636225847, 7.736856493353073 ], [ 79.983009348225792, 7.736870833353058 ], [ 79.983034165225732, 7.736883810353021 ], [ 79.983055631225653, 7.736895696352986 ], [ 79.983074015225668, 7.736906491353007 ], [ 79.983089954225605, 7.736916286352977 ], [ 79.983103717225589, 7.736925173352942 ], [ 79.983115580225558, 7.736933153352954 ], [ 79.98312590122552, 7.736940315352918 ], [ 79.983143556225457, 7.73695336935292 ], [ 79.983156502225441, 7.736963521352917 ], [ 79.9831660992254, 7.736971315352906 ], [ 79.983180218225385, 7.736983549352893 ], [ 79.98319397622538, 7.736996234352872 ], [ 79.983212166225343, 7.73701399135282 ], [ 79.983228725225302, 7.737030932352805 ], [ 79.983243837225245, 7.737047146352814 ], [ 79.983257769225219, 7.737062454352793 ], [ 79.983270617225159, 7.737077036352726 ], [ 79.983294137225144, 7.737104660352729 ], [ 79.983307008225111, 7.737120249352692 ], [ 79.983314400225098, 7.737129203352691 ], [ 79.983349225225027, 7.737172400352608 ], [ 79.983375184224926, 7.73720482135258 ], [ 79.983394813224891, 7.737229182352531 ], [ 79.98340955722486, 7.737247294352533 ], [ 79.983432082224809, 7.737274192352484 ], [ 79.983443572224829, 7.73728750635247 ], [ 79.983455152224778, 7.737300730352493 ], [ 79.983561458224557, 7.737420018352292 ], [ 79.983667765224311, 7.737539305352152 ], [ 79.983679979224263, 7.737553525352159 ], [ 79.983691014224235, 7.737567200352134 ], [ 79.983701053224237, 7.737580330352133 ], [ 79.983773486224024, 7.737680927351977 ], [ 79.983782892224013, 7.737693243351936 ], [ 79.983791305223974, 7.737703838351976 ], [ 79.983797178223995, 7.737710994351946 ], [ 79.983798812223981, 7.737712985351918 ], [ 79.983805598223981, 7.737720865351908 ], [ 79.983817721223943, 7.7377343613519 ], [ 79.983827222223951, 7.73774414435188 ], [ 79.983834554223918, 7.737751301351897 ], [ 79.983845958223867, 7.737761722351904 ], [ 79.983852468223844, 7.737767154351861 ], [ 79.983857907223836, 7.737771690351853 ], [ 79.983868136223805, 7.73777975735186 ], [ 79.983878186223791, 7.737787281351857 ], [ 79.983887964223769, 7.737794352351819 ], [ 79.983897561223785, 7.737801062351791 ], [ 79.983916487223723, 7.737813485351818 ], [ 79.983934418223683, 7.737824641351775 ], [ 79.983951534223635, 7.737834619351792 ], [ 79.983967655223594, 7.73784369235178 ], [ 79.983982963223568, 7.737851858351759 ], [ 79.983997454223527, 7.737859300351718 ], [ 79.984024810223502, 7.73787282435169 ], [ 79.984048994223443, 7.737884262351671 ], [ 79.984091660223356, 7.737903602351639 ], [ 79.984155888223185, 7.737932205351628 ], [ 79.984187865223106, 7.73794673235163 ], [ 79.984219568223025, 7.737961801351581 ], [ 79.984297194222862, 7.738000828351533 ], [ 79.984316669222864, 7.738010359351504 ], [ 79.984331433222806, 7.738017257351479 ], [ 79.984353718222735, 7.738027246351499 ], [ 79.984364951222744, 7.738031969351444 ], [ 79.984376275222715, 7.738036511351443 ], [ 79.984417316222618, 7.738052050351421 ], [ 79.984453286222504, 7.738065228351416 ], [ 79.984516527222397, 7.738087680351376 ], [ 79.984611661222175, 7.738120590351333 ], [ 79.984659136222106, 7.738137316351321 ], [ 79.984706431222008, 7.738154403351301 ], [ 79.984712954221962, 7.738156838351301 ], [ 79.984758526221896, 7.73817385135126 ], [ 79.984836622221692, 7.738203474351201 ], [ 79.984875761221573, 7.738218014351173 ], [ 79.984878525221603, 7.738219014351167 ], [ 79.984914992221519, 7.738232193351158 ], [ 79.984940541221434, 7.738241102351113 ], [ 79.984985484221369, 7.738255924351114 ], [ 79.985019280221266, 7.738266747351121 ], [ 79.985120944221038, 7.738298584351064 ], [ 79.985153202220999, 7.738308410351042 ], [ 79.985181474220965, 7.738316690351005 ], [ 79.985280788220678, 7.738344634350965 ], [ 79.985305615220625, 7.738351824350973 ], [ 79.985324101220641, 7.738357464350949 ], [ 79.985351827220555, 7.738366196350956 ], [ 79.985379372220464, 7.738375471350913 ], [ 79.985393325220443, 7.738380470350903 ], [ 79.985419326220438, 7.738390374350913 ], [ 79.985441793220389, 7.738399458350895 ], [ 79.985461361220302, 7.738407814350843 ], [ 79.985478392220315, 7.738415350350831 ], [ 79.98550801422023, 7.738428878350826 ], [ 79.985552127220146, 7.738449848350824 ], [ 79.985595968220025, 7.738471270350774 ], [ 79.985713541219781, 7.738528726350665 ], [ 79.985831025219497, 7.738586272350576 ], [ 79.985860068219409, 7.738618518350576 ], [ 79.985889201219337, 7.738650673350523 ], [ 79.985893545219326, 7.738655293350488 ], [ 79.985897889219359, 7.738659280350493 ], [ 79.98590214321932, 7.73866290435048 ], [ 79.985910381219341, 7.738669249350501 ], [ 79.985917988219299, 7.738674327350509 ], [ 79.985924780219307, 7.738678590350493 ], [ 79.985974502219179, 7.738706081350423 ], [ 79.985994336219122, 7.738717601350396 ], [ 79.98602920521904, 7.738737379350392 ], [ 79.986081826218921, 7.73876659335034 ], [ 79.986107909218902, 7.73878147135032 ], [ 79.986133719218856, 7.738796800350301 ], [ 79.986145763218786, 7.738804328350324 ], [ 79.986156902218795, 7.7388117633503 ], [ 79.986167224218747, 7.738818836350297 ], [ 79.986186146218685, 7.738832706350253 ], [ 79.986202533218673, 7.738845124350217 ], [ 79.986259478218514, 7.7388893573502 ], [ 79.986273965218487, 7.738900054350174 ], [ 79.986276910218493, 7.738902174350151 ], [ 79.986284921218498, 7.738907941350146 ], [ 79.986301672218431, 7.738919366350157 ], [ 79.986310274218454, 7.738924898350139 ], [ 79.986318877218395, 7.7389302493501 ], [ 79.986334183218389, 7.738939320350113 ], [ 79.986347769218341, 7.738946940350114 ], [ 79.986359724218289, 7.738953473350079 ], [ 79.986380828218287, 7.738964273350052 ], [ 79.986396860218193, 7.738972079350082 ], [ 79.986409000218202, 7.738977708350055 ], [ 79.986427479218165, 7.738985699350065 ], [ 79.98644538721814, 7.738993057350056 ], [ 79.986446053218145, 7.738993326350057 ], [ 79.986471963218079, 7.739003505349996 ], [ 79.986517352217945, 7.739020769349976 ], [ 79.986524600217976, 7.739023431349959 ], [ 79.9865515082179, 7.739033311349997 ], [ 79.986577240217841, 7.739042582349933 ], [ 79.986615928217773, 7.739055946349947 ], [ 79.986654798217657, 7.739068948349932 ], [ 79.986686512217616, 7.739078953349893 ], [ 79.986714330217524, 7.739087324349862 ], [ 79.986812103217318, 7.739115445349825 ], [ 79.986836478217285, 7.739122544349826 ], [ 79.986872903217204, 7.73913373334977 ], [ 79.986891116217151, 7.739139554349761 ], [ 79.986909147217133, 7.739145646349789 ], [ 79.986926270217054, 7.739151645349777 ], [ 79.986942125217027, 7.739157552349766 ], [ 79.986971842216988, 7.739169000349761 ], [ 79.986997752216908, 7.739179538349713 ], [ 79.987087892216707, 7.739216959349657 ], [ 79.98711045121668, 7.739226043349642 ], [ 79.987127574216643, 7.739232676349633 ], [ 79.987153213216587, 7.739242308349617 ], [ 79.987179126216517, 7.739251308349631 ], [ 79.987223071216391, 7.739265676349601 ], [ 79.987289035216293, 7.739286776349545 ], [ 79.987322106216169, 7.739297327349527 ], [ 79.987354997216102, 7.739308057349493 ], [ 79.987399305216044, 7.739322969349507 ], [ 79.987465536215893, 7.739345878349467 ], [ 79.987498697215798, 7.739357242349435 ], [ 79.987531950215754, 7.739368335349425 ], [ 79.987561036215681, 7.739377522349406 ], [ 79.98758649921561, 7.739385165349397 ], [ 79.987608972215568, 7.739391536349365 ], [ 79.987648390215497, 7.739402098349347 ], [ 79.987678114215441, 7.739409658349363 ], [ 79.987722700215329, 7.739420591349341 ], [ 79.987767376215189, 7.739431162349288 ], [ 79.987777980215185, 7.739433533349329 ], [ 79.987798009215126, 7.739437458349311 ], [ 79.987815592215142, 7.739440384349279 ], [ 79.987877406215006, 7.739449721349258 ], [ 79.987892815214906, 7.739452281349292 ], [ 79.987904325214913, 7.739454382349235 ], [ 79.987921545214888, 7.739457941349278 ], [ 79.987938581214834, 7.739462132349232 ], [ 79.987961507214777, 7.739468594349266 ], [ 79.987981532214761, 7.739474599349238 ], [ 79.988016326214677, 7.739485604349201 ], [ 79.988068426214568, 7.739502519349175 ], [ 79.9880946132145, 7.739510706349154 ], [ 79.98812089121445, 7.739518350349136 ], [ 79.988154359214349, 7.739527545349134 ], [ 79.988175895214326, 7.739533462349135 ], [ 79.988258540214161, 7.739555587349086 ], [ 79.988336834213982, 7.739576072349043 ], [ 79.988341728213939, 7.739577352349033 ], [ 79.988348615213965, 7.73957926434904 ], [ 79.988400350213851, 7.739596901349 ], [ 79.988406875213784, 7.739598722349007 ], [ 79.988412584213819, 7.739600089348992 ], [ 79.988417477213787, 7.739601183349015 ], [ 79.988426179213775, 7.739602465348981 ], [ 79.988432706213757, 7.739603019349037 ], [ 79.988437601213747, 7.739603119349 ], [ 79.988444945213701, 7.739602680348981 ], [ 79.988448573213702, 7.739602235349025 ], [ 79.988452291213719, 7.739601608349007 ], [ 79.98850580321357, 7.739590765349027 ], [ 79.988559530213465, 7.739579805349029 ], [ 79.988561119213486, 7.739583633349013 ], [ 79.988563557213453, 7.739589243349023 ], [ 79.988565454213429, 7.739592954348996 ], [ 79.988566664213437, 7.739594908349016 ], [ 79.988568256213483, 7.739597481348978 ], [ 79.988569457213458, 7.739599042349008 ], [ 79.988569701213436, 7.739599360349002 ], [ 79.988569764213452, 7.739599436348993 ], [ 79.988570066213441, 7.739599834348989 ], [ 79.988572327213461, 7.739602191348955 ], [ 79.988575315213453, 7.739604547348995 ], [ 79.988577126213457, 7.739605545348952 ], [ 79.988579120213444, 7.739606363348997 ], [ 79.988593164213427, 7.739611091348952 ], [ 79.988607209213399, 7.739615186348953 ], [ 79.988616633213354, 7.739617644348939 ], [ 79.988629230213306, 7.73962065234895 ], [ 79.988646086213279, 7.739624300348962 ], [ 79.988668562213235, 7.739628772348955 ], [ 79.988698470213166, 7.739634614348948 ], [ 79.988715599213151, 7.739638172348947 ], [ 79.988734993213086, 7.739642819348908 ], [ 79.988756560213019, 7.739648646348894 ], [ 79.988778036212992, 7.739654744348908 ], [ 79.988820896212928, 7.739667121348853 ], [ 79.98884971221284, 7.739674950348862 ], [ 79.988866206212776, 7.739679050348868 ], [ 79.988885147212741, 7.739683154348826 ], [ 79.988895388212754, 7.739685162348852 ], [ 79.988905449212695, 7.739686898348849 ], [ 79.988915509212703, 7.739688454348815 ], [ 79.988935631212684, 7.739691023348811 ], [ 79.988949138212604, 7.739692404348814 ], [ 79.988967086212597, 7.739694065348809 ], [ 79.989039244212407, 7.739699261348806 ], [ 79.989059821212336, 7.739701107348777 ], [ 79.989083297212332, 7.739703682348765 ], [ 79.98915590221219, 7.739713130348759 ], [ 79.989228504212008, 7.739722667348721 ], [ 79.989276907211902, 7.739728724348713 ], [ 79.989325854211771, 7.739734511348717 ], [ 79.989374893211689, 7.7397400263487 ], [ 79.989469254211471, 7.739750639348641 ], [ 79.989472970211494, 7.739751057348658 ], [ 79.989517637211407, 7.739756462348665 ], [ 79.98953823321132, 7.739758954348626 ], [ 79.98958591121125, 7.739765190348654 ], [ 79.989633586211113, 7.739771698348596 ], [ 79.989728849210891, 7.739785075348586 ], [ 79.989776888210827, 7.739791945348559 ], [ 79.989824835210712, 7.739799086348573 ], [ 79.989920729210525, 7.739813820348533 ], [ 79.989984720210359, 7.739823342348481 ], [ 79.989994510210337, 7.739824445348518 ], [ 79.990004391210292, 7.73982482534848 ], [ 79.99001100921032, 7.739824837348522 ], [ 79.990019804210291, 7.739824672348506 ], [ 79.990055167210201, 7.739822748348496 ], [ 79.990065230210163, 7.739822495348499 ], [ 79.990076654210185, 7.739822697348463 ], [ 79.990082727210108, 7.739823160348513 ], [ 79.99008916221014, 7.73982389534847 ], [ 79.990096051210088, 7.739824993348503 ], [ 79.990103301210098, 7.739826724348503 ], [ 79.990111728210067, 7.739829091348474 ], [ 79.990114974210073, 7.739830107348473 ], [ 79.990120154210032, 7.739831729348484 ], [ 79.990136736210005, 7.739837365348446 ], [ 79.99014760820998, 7.73984136434844 ], [ 79.990149601210007, 7.739842163348455 ], [ 79.990162104209958, 7.739847178348445 ], [ 79.990181127209908, 7.73985526134845 ], [ 79.990256497209742, 7.739889309348374 ], [ 79.990278238209697, 7.739898391348376 ], [ 79.990290017209716, 7.739902844348342 ], [ 79.990302610209625, 7.739907388348371 ], [ 79.990337223209579, 7.739919026348343 ], [ 79.990371926209491, 7.739930483348292 ], [ 79.990441422209372, 7.739953398348302 ], [ 79.990487540209259, 7.739969126348266 ], [ 79.990513816209173, 7.739978398348256 ], [ 79.990546412209099, 7.739990272348228 ], [ 79.990564462209107, 7.739996847348203 ], [ 79.990615018208956, 7.740015387348159 ], [ 79.990716129208735, 7.740052647348101 ], [ 79.990737420208674, 7.740060191348119 ], [ 79.990758805208642, 7.740067374348083 ], [ 79.990790596208541, 7.740077852348101 ], [ 79.990801571208536, 7.740081468348055 ], [ 79.990830021208467, 7.740091287348048 ], [ 79.990846238208434, 7.740097284348062 ], [ 79.990864630208421, 7.74010464334804 ], [ 79.990871242208399, 7.740107729348029 ], [ 79.990877491208394, 7.740111267348014 ], [ 79.990881477208362, 7.740113897348044 ], [ 79.99088654720839, 7.740117614348007 ], [ 79.99089306520834, 7.740123051348031 ], [ 79.990894088208378, 7.740124023347982 ], [ 79.990896594208365, 7.740126404347982 ], [ 79.990900485208357, 7.74013038934801 ], [ 79.990904829208333, 7.740135190347996 ], [ 79.990909623208339, 7.740140896348009 ], [ 79.990914778208307, 7.740147686347988 ], [ 79.990920566208302, 7.740155655347942 ], [ 79.990926895208261, 7.740165071347943 ], [ 79.990943076208268, 7.740190601347932 ], [ 79.9909522982082, 7.740204815347888 ], [ 79.990966492208187, 7.740226362347876 ], [ 79.990980234208195, 7.740248180347838 ], [ 79.991007261208111, 7.740291996347803 ], [ 79.991025521208044, 7.740320966347784 ], [ 79.991036281208025, 7.740337262347716 ], [ 79.991049030208018, 7.740355642347724 ], [ 79.99105608320798, 7.74036533134768 ], [ 79.991091266207889, 7.740412146347636 ], [ 79.991116448207819, 7.740445184347627 ], [ 79.991126811207792, 7.740458780347579 ], [ 79.99119817320765, 7.740551688347459 ], [ 79.991245476207524, 7.74061380734739 ], [ 79.991262748207518, 7.740637169347335 ], [ 79.99127956920745, 7.740660801347326 ], [ 79.991312935207404, 7.740708517347251 ], [ 79.991335363207327, 7.740740117347209 ], [ 79.991348475207317, 7.740758045347221 ], [ 79.991363669207317, 7.74077823834715 ], [ 79.991368102207247, 7.740783581347142 ], [ 79.991372898207288, 7.740788473347184 ], [ 79.99137624720727, 7.740791554347169 ], [ 79.99138104520722, 7.74079545134716 ], [ 79.991386644207225, 7.740799733347121 ], [ 79.991387104207192, 7.740800085347154 ], [ 79.991387564207216, 7.740800436347131 ], [ 79.991396800207184, 7.740806602347114 ], [ 79.991409478207174, 7.740814402347155 ], [ 79.99142641420714, 7.740824742347097 ], [ 79.991435831207127, 7.740830998347096 ], [ 79.991440630207123, 7.740834534347099 ], [ 79.991445609207091, 7.740838522347097 ], [ 79.991450587207083, 7.740842962347088 ], [ 79.991455654207087, 7.740848125347108 ], [ 79.991474202207058, 7.740868776347082 ], [ 79.991492478207022, 7.740889698347027 ], [ 79.991504420206923, 7.740903917346995 ], [ 79.991519978206938, 7.740923026346954 ], [ 79.991528662206932, 7.740934073346988 ], [ 79.991538520206902, 7.740946931346961 ], [ 79.99154937220689, 7.740961781346959 ], [ 79.99156818120683, 7.740988402346884 ], [ 79.99158662820679, 7.741015202346852 ], [ 79.991623156206714, 7.741069072346826 ], [ 79.99164766020661, 7.741104835346754 ], [ 79.991661767206608, 7.741125117346712 ], [ 79.99167822620656, 7.7411482063467 ], [ 79.99169748920653, 7.741174193346686 ], [ 79.991768126206324, 7.741267100346573 ], [ 79.991826352206218, 7.741342803346472 ], [ 79.991839307206178, 7.741359646346418 ], [ 79.991847271206183, 7.741369880346406 ], [ 79.991895748206076, 7.741432181346343 ], [ 79.991930990205972, 7.741477213346288 ], [ 79.991952371205926, 7.74150453534625 ], [ 79.991959787205928, 7.74151397234625 ], [ 79.992024030205769, 7.741595714346109 ], [ 79.992065887205655, 7.741648973346068 ], [ 79.992107684205578, 7.741702345345968 ], [ 79.992141415205523, 7.741745415345923 ], [ 79.992184287205419, 7.741800744345864 ], [ 79.992195955205389, 7.741816047345847 ], [ 79.992207440205348, 7.741831440345843 ], [ 79.992514520204679, 7.742163093345393 ], [ 79.992560744204582, 7.742215966345344 ], [ 79.992562488204555, 7.742217961345329 ], [ 79.992674588204324, 7.742346189345157 ], [ 79.992689615204227, 7.742363377345149 ], [ 79.992735412204183, 7.742415763345081 ], [ 79.992735961204176, 7.742416391345082 ], [ 79.992791175204033, 7.742479548345005 ], [ 79.992986881203606, 7.742476892344987 ], [ 79.993186175203192, 7.742474186344923 ], [ 79.993276423203, 7.74245403534493 ], [ 79.993472251202533, 7.742269164345122 ], [ 79.993757017202, 7.742000332345373 ], [ 79.993765824201972, 7.741992553345392 ], [ 79.993973258201507, 7.741809324345553 ], [ 79.9942614202009, 7.741642373345717 ], [ 79.994525375200311, 7.741595002345732 ], [ 79.994861206199616, 7.741595614345685 ], [ 79.995340702198533, 7.741740039345411 ], [ 79.996035564196973, 7.742171961344821 ], [ 79.996213560196622, 7.742399318344501 ], [ 79.996383279196209, 7.742616102344255 ], [ 79.996729597195383, 7.743058458343702 ], [ 79.996958838194857, 7.743429831343247 ], [ 79.997542787193552, 7.744375826342051 ], [ 79.997905076192708, 7.745120317341114 ], [ 79.998095091192269, 7.745510791340665 ], [ 79.99824779419194, 7.745824590340249 ], [ 79.998316432191729, 7.745986130340069 ], [ 79.998353403191629, 7.74607314233996 ], [ 79.998797166190585, 7.747117553338697 ], [ 79.998866203190445, 7.747331180338433 ], [ 79.999083413189922, 7.748003310337623 ], [ 79.999099572189863, 7.74815914133741 ], [ 79.999116787189834, 7.748325147337245 ], [ 79.999130560189769, 7.748457975337091 ], [ 79.999104968189826, 7.748584403336944 ], [ 79.99905952118992, 7.748808920336687 ], [ 79.999001386190002, 7.749096115336358 ], [ 79.998961115190085, 7.749295055336157 ], [ 79.998540075190945, 7.749976162335437 ], [ 79.99852171319101, 7.749995625335415 ], [ 79.998479248191046, 7.750040638335342 ], [ 79.99804339619196, 7.750502633334905 ], [ 79.998005727192051, 7.750542562334833 ], [ 79.997819024192438, 7.750740463334672 ], [ 79.997818358192447, 7.750740920334674 ], [ 79.996829690194545, 7.751419121334023 ], [ 79.996810241194609, 7.751432462334003 ], [ 79.996412201195469, 7.75164454933385 ], [ 79.995902810196512, 7.751915966333642 ], [ 79.995828790196683, 7.751955406333574 ], [ 79.995740091196851, 7.752002667333555 ], [ 79.995605529197178, 7.752074365333494 ], [ 79.995592288197173, 7.752081421333503 ], [ 79.995571517197234, 7.75209248833344 ], [ 79.99547804919743, 7.752142290333432 ], [ 79.995206628198062, 7.752286909333275 ], [ 79.994841256198782, 7.752481588333114 ], [ 79.994693801199105, 7.752612690333001 ], [ 79.994499875199509, 7.752785109332858 ], [ 79.993928199200738, 7.753293382332345 ], [ 79.993927805200755, 7.753293936332338 ], [ 79.993822285200935, 7.753441935332221 ], [ 79.99372459820114, 7.753578949332041 ], [ 79.993662414201268, 7.753666167331981 ], [ 79.993609471201367, 7.753740424331901 ], [ 79.993607166201414, 7.753743655331889 ], [ 79.993532768201533, 7.7538480053318 ], [ 79.993164906202338, 7.754363958331253 ], [ 79.993159935202328, 7.754370930331244 ], [ 79.993110476202418, 7.754440300331176 ], [ 79.99270404320329, 7.755107930330481 ], [ 79.992484878203697, 7.755467942330086 ], [ 79.992166565204357, 7.756082272329454 ], [ 79.991413569205875, 7.757535516327848 ], [ 79.991406403205886, 7.757562257327816 ], [ 79.991099553206467, 7.758707279326553 ], [ 79.991081319206529, 7.758813196326474 ], [ 79.991076847206529, 7.758839166326412 ], [ 79.990893351206807, 7.759904999325257 ], [ 79.990881314206845, 7.759974916325141 ], [ 79.990848094206868, 7.760857089324167 ], [ 79.990830864206856, 7.761314639323604 ], [ 79.990868572206736, 7.76151544632337 ], [ 79.990913041206653, 7.761752260323092 ], [ 79.990995897206446, 7.762193494322568 ], [ 79.990999558206454, 7.762212986322581 ], [ 79.991007676206408, 7.762256222322481 ], [ 79.991026608206354, 7.762357041322374 ], [ 79.99104105420632, 7.762433971322315 ], [ 79.991080296206235, 7.762642948322071 ], [ 79.991352497205582, 7.763352679321176 ], [ 79.991635046204905, 7.764089390320292 ], [ 79.991915900204233, 7.764821680319431 ], [ 79.991964243204123, 7.764993048319218 ], [ 79.992055415203893, 7.76531623631882 ], [ 79.992321072203239, 7.766257939317711 ], [ 79.992400557203069, 7.766472573317428 ], [ 79.992786549202108, 7.767514868316151 ], [ 79.992823642202012, 7.767579885316076 ], [ 79.992903592201884, 7.767720021315922 ], [ 79.9933565462008, 7.768513951314924 ], [ 79.993456092200574, 7.768688433314683 ], [ 79.99403479819928, 7.769299027313909 ], [ 79.994341986198592, 7.769623140313464 ], [ 79.99568359619559, 7.770606529312111 ], [ 79.995851834195221, 7.770771270311947 ], [ 79.996076574194674, 7.770991338311632 ], [ 79.99678514219309, 7.771685176310739 ], [ 79.996924974192765, 7.771861675310473 ], [ 79.997610877191235, 7.772727431309367 ], [ 79.997773122190821, 7.772987381309084 ], [ 79.99903899218792, 7.775015553306541 ], [ 79.999046057187925, 7.775026873306523 ], [ 79.9990950841878, 7.775112803306426 ], [ 79.999676370186464, 7.776131621305141 ], [ 79.999715629186383, 7.776200429305032 ], [ 79.999892252185973, 7.776745291304406 ], [ 80.000037678185578, 7.777193914303876 ], [ 80.00011384118541, 7.777487270303512 ], [ 80.000128415185401, 7.777543409303425 ], [ 80.000150914185298, 7.777630064303342 ], [ 80.000173459185291, 7.777716903303247 ], [ 80.000176212185266, 7.777727505303207 ], [ 80.000180613185279, 7.777744456303205 ], [ 80.00018054818527, 7.777779835303166 ], [ 80.000179546185194, 7.778328318302519 ], [ 80.000179520185199, 7.778342586302533 ], [ 80.000038488185467, 7.778735895302108 ], [ 79.999979546185585, 7.778900271301916 ], [ 79.999793711185973, 7.779418524301343 ], [ 79.99971471418614, 7.77958840630118 ], [ 79.999668393186212, 7.779688021301029 ], [ 79.999279245186983, 7.780524873300149 ], [ 79.999215672187134, 7.780661587300007 ], [ 79.999210773187116, 7.78067002729999 ], [ 79.998831100187886, 7.78132432529932 ], [ 79.998436757188728, 7.782003899298549 ], [ 79.998397421188812, 7.782071688298497 ], [ 79.998397013188807, 7.78207262729851 ], [ 79.998245353189091, 7.782421703298153 ], [ 79.99797606718964, 7.783041522297433 ], [ 79.997521072190551, 7.784088784296347 ], [ 79.997196379191237, 7.784720331295627 ], [ 79.997123523191362, 7.784862040295523 ], [ 79.997081564191461, 7.784943652295403 ], [ 79.997016766191592, 7.785069690295294 ], [ 79.996964710191691, 7.785170940295184 ], [ 79.996931199191735, 7.785236120295094 ], [ 79.996930377191717, 7.785236846295091 ], [ 79.996928842191778, 7.785238203295119 ], [ 79.996901135191806, 7.785262674295057 ], [ 79.996715247192228, 7.78542685129494 ], [ 79.996498669192675, 7.785618134294755 ], [ 79.996498230192671, 7.785618861294735 ], [ 79.996458824192757, 7.785684088294661 ], [ 79.996456596192758, 7.785687776294651 ], [ 79.996209905193282, 7.786096111294248 ], [ 79.996134403193423, 7.78618675529411 ], [ 79.995632856194476, 7.786788888293531 ], [ 79.995295889195134, 7.787386402292889 ], [ 79.995040675195668, 7.787827575292429 ], [ 79.994922878195894, 7.78803120329223 ], [ 79.99464607219646, 7.788509699291688 ], [ 79.994429276196939, 7.788987806291173 ], [ 79.994188487197391, 7.789465870290706 ], [ 79.99384102919808, 7.790018025290106 ], [ 79.993827569198118, 7.79003941429007 ], [ 79.993755994198281, 7.790220129289865 ], [ 79.993562434198651, 7.790708834289353 ], [ 79.993194354199417, 7.791341462288686 ], [ 79.992936687199972, 7.791784320288206 ], [ 79.992777226200303, 7.792100910287872 ], [ 79.992706303200407, 7.792241719287746 ], [ 79.992671816200485, 7.792310188287657 ], [ 79.992574747200663, 7.792908141286989 ], [ 79.992588802200629, 7.793075294286803 ], [ 79.992622816200523, 7.793479800286328 ], [ 79.992623521200528, 7.793488188286291 ], [ 79.992680383200337, 7.794164410285536 ], [ 79.992821129199996, 7.794750640284796 ], [ 79.993013691199508, 7.795552686283892 ], [ 79.993050390199443, 7.79567797628371 ], [ 79.993610790198062, 7.797591124281445 ], [ 79.993625891197979, 7.797642677281376 ], [ 79.993728911197778, 7.797994375280927 ], [ 79.994038499197018, 7.799239056279446 ], [ 79.994075208196875, 7.799475892279171 ], [ 79.99425300319642, 7.800622929277833 ], [ 79.994311149196278, 7.800998061277383 ], [ 79.994339822196167, 7.801358975276962 ], [ 79.994373821196035, 7.801786934276493 ], [ 79.994381488196055, 7.801883424276358 ], [ 79.994431646195892, 7.80220893127599 ], [ 79.994453723195861, 7.802352192275827 ], [ 79.994522310195677, 7.802797288275272 ], [ 79.9945474391956, 7.802960365275101 ], [ 79.994622900195409, 7.803167236274837 ], [ 79.994675054195284, 7.803310212274678 ], [ 79.994678812195275, 7.803320516274662 ], [ 79.994718943195167, 7.803430531274549 ], [ 79.99479981619497, 7.803652234274248 ], [ 79.994881715194794, 7.803876754273994 ], [ 79.994905499194729, 7.803941957273929 ], [ 79.995089516194355, 7.804495879273261 ], [ 79.995095318194302, 7.804513343273232 ], [ 79.995337974193731, 7.805243779272326 ], [ 79.995370749193611, 7.80534243727222 ], [ 79.99540492019355, 7.805456786272082 ], [ 79.995453260193429, 7.805618555271876 ], [ 79.995513450193286, 7.805819978271655 ], [ 79.99551381719327, 7.805821205271638 ], [ 79.995513719193269, 7.805874077271607 ], [ 79.995512669193246, 7.806443258270952 ], [ 79.995497546193249, 7.806558461270828 ], [ 79.995493576193283, 7.806588712270794 ], [ 79.995473725193278, 7.806739934270625 ], [ 79.995448114193351, 7.806935037270357 ], [ 79.995421196193391, 7.807140097270167 ], [ 79.995413296193405, 7.807200285270063 ], [ 79.995404249193427, 7.807269208269998 ], [ 79.99540342119343, 7.807275515270025 ], [ 79.995355512193512, 7.807640487269612 ], [ 79.995342952193511, 7.807736161269474 ], [ 79.995317998193542, 7.807926265269266 ], [ 79.995317716193554, 7.808078677269069 ], [ 79.995317542193504, 7.808173037268952 ], [ 79.995317442193524, 7.808227056268899 ], [ 79.995317209193544, 7.808353340268781 ], [ 79.995316728193487, 7.808614094268493 ], [ 79.995316415193514, 7.808783439268255 ], [ 79.995316010193434, 7.809002898268002 ], [ 79.995445599193161, 7.80955669326737 ], [ 79.99550375819301, 7.809805234267094 ], [ 79.995506443192966, 7.809816706267064 ], [ 79.995649598192671, 7.810247621266532 ], [ 79.996390304190967, 7.811387739265124 ], [ 79.996451052190835, 7.811481242265017 ], [ 79.996936475189742, 7.811967097264346 ], [ 79.99724133018907, 7.812272223263951 ], [ 79.997357936188763, 7.812354371263825 ], [ 79.997888274187602, 7.812727988263346 ], [ 79.998847117185477, 7.81318432226265 ], [ 79.99885866318543, 7.813187463262626 ], [ 79.999998162182962, 7.813497454262128 ], [ 80.001077409180624, 7.813714750261669 ], [ 80.001922483178731, 7.813716290261561 ], [ 80.002109067178353, 7.813716630261516 ], [ 80.002695341177059, 7.813690717261444 ], [ 80.003668681174929, 7.813647693261363 ], [ 80.004893564172292, 7.813597821261189 ], [ 80.00497285817211, 7.81359459226122 ], [ 80.005584557170778, 7.81356968426115 ], [ 80.006200039169443, 7.813544621261071 ], [ 80.006305589169202, 7.813557446261039 ], [ 80.006306881169237, 7.813557603261025 ], [ 80.006381169169089, 7.813566629260992 ], [ 80.007399382166824, 7.813690344260722 ], [ 80.008238713164971, 7.813907189260286 ], [ 80.008550306164281, 7.814075229260048 ], [ 80.008566893164257, 7.81408906426003 ], [ 80.009125248163016, 7.814554772259446 ], [ 80.009484262162218, 7.815033926258838 ], [ 80.009483264162157, 7.815584207258172 ], [ 80.009434777162241, 7.815835578257877 ], [ 80.00938638416234, 7.816086463257607 ], [ 80.009355367162371, 7.816139007257587 ], [ 80.009130772162877, 7.816519491257186 ], [ 80.00907606816294, 7.816612164257072 ], [ 80.009048342162998, 7.816659133257005 ], [ 80.008980004163149, 7.816774904256907 ], [ 80.008941084163212, 7.816816976256851 ], [ 80.008700960163765, 7.81706473825662 ], [ 80.008640005163855, 7.817127633256541 ], [ 80.008564067164059, 7.817205986256453 ], [ 80.008479975164221, 7.817292753256396 ], [ 80.008351801164508, 7.817425004256234 ], [ 80.008315199164571, 7.817469854256183 ], [ 80.00809915216503, 7.817734585255928 ], [ 80.007892529165474, 7.817987768255654 ], [ 80.00780538816565, 7.818094542255567 ], [ 80.007711126165844, 7.818210046255447 ], [ 80.007662520165937, 7.818269604255367 ], [ 80.007630904166007, 7.818308345255356 ], [ 80.007626991166006, 7.818316390255359 ], [ 80.007613884165991, 7.818343340255338 ], [ 80.007501274166259, 7.818574875255045 ], [ 80.007401895166453, 7.818779208254825 ], [ 80.007293748166688, 7.819001567254608 ], [ 80.007289324166692, 7.819015346254621 ], [ 80.007191817166841, 7.819319029254253 ], [ 80.00717623716686, 7.819367550254197 ], [ 80.007124843166991, 7.819527618254035 ], [ 80.007123969166983, 7.819530812254022 ], [ 80.007108495167003, 7.819587336253958 ], [ 80.006915881167401, 7.820290965253164 ], [ 80.00677462216764, 7.820806986252605 ], [ 80.006588805167993, 7.821708247251625 ], [ 80.00653252316809, 7.821981224251329 ], [ 80.006508350168147, 7.822098469251157 ], [ 80.006463203168224, 7.822177580251118 ], [ 80.006347604168468, 7.822380147250876 ], [ 80.006156780168851, 7.822714531250507 ], [ 80.006099168168987, 7.822815485250401 ], [ 80.005418189170371, 7.82364579324955 ], [ 80.005249855170746, 7.823851040249339 ], [ 80.00518599617088, 7.823928901249278 ], [ 80.005138442170974, 7.823986882249219 ], [ 80.005041134171151, 7.824105529249117 ], [ 80.005040122171181, 7.824106369249103 ], [ 80.004612832172057, 7.824461575248759 ], [ 80.004452417172431, 7.824594928248657 ], [ 80.004019892173332, 7.824953020248313 ], [ 80.004018592173324, 7.824954742248286 ], [ 80.003967441173458, 7.825022494248228 ], [ 80.003586972174247, 7.82552643824771 ], [ 80.00357714617428, 7.825548596247665 ], [ 80.003532460174341, 7.825649372247573 ], [ 80.003479408174442, 7.825769012247421 ], [ 80.003321956174759, 7.82612408724705 ], [ 80.003302405174836, 7.82617739824698 ], [ 80.003263956174862, 7.82628224024691 ], [ 80.003102992175201, 7.826721145246378 ], [ 80.003023958175348, 7.826936649246189 ], [ 80.00293614417555, 7.827176095245886 ], [ 80.002924127175532, 7.827328236245719 ], [ 80.002912176175585, 7.827479539245542 ], [ 80.002887018175571, 7.827798063245204 ], [ 80.002887281175589, 7.827800820245205 ], [ 80.002957637175399, 7.828539874244347 ], [ 80.002991693175275, 7.828611165244244 ], [ 80.003137177174963, 7.828915719243898 ], [ 80.003143921174967, 7.828929836243857 ], [ 80.003275483174633, 7.829205243243523 ], [ 80.003463550174217, 7.829598937243068 ], [ 80.003921789173205, 7.830113156242373 ], [ 80.004253698172377, 7.830485611241876 ], [ 80.004727392171375, 7.831081657241112 ], [ 80.004774450171212, 7.831140869241034 ], [ 80.004807248171147, 7.831182139240981 ], [ 80.004820500171135, 7.831198814241003 ], [ 80.005091529170514, 7.831539846240559 ], [ 80.00559205716938, 7.832368707239526 ], [ 80.005713470169098, 7.83256976323926 ], [ 80.005757053168978, 7.832603691239207 ], [ 80.006164473168056, 7.832920866238797 ], [ 80.006285286167795, 7.833014917238686 ], [ 80.006576000167172, 7.833241237238348 ], [ 80.006787580166701, 7.833307590238261 ], [ 80.007343346165456, 7.833481882237972 ], [ 80.007866250164341, 7.833628416237723 ], [ 80.008374532163245, 7.833770853237448 ], [ 80.008739794162452, 7.833765824237424 ], [ 80.009910142159868, 7.83374970623724 ], [ 80.01047756215867, 7.833744837237148 ], [ 80.011321513156801, 7.833737595237037 ], [ 80.011540957156328, 7.833735712236964 ], [ 80.012213535154885, 7.833729938236878 ], [ 80.01221731715485, 7.833730316236919 ], [ 80.012645402153922, 7.833773180236765 ], [ 80.012689629153812, 7.833777608236761 ], [ 80.013065145153021, 7.83381521023668 ], [ 80.013213137152675, 7.833949853236462 ], [ 80.013592131151839, 7.834294664236003 ], [ 80.013733967151538, 7.834516534235744 ], [ 80.013750129151433, 7.834541815235694 ], [ 80.013974943150956, 7.83489348523529 ], [ 80.014067566150757, 7.835055793235064 ], [ 80.014343930150119, 7.835540080234471 ], [ 80.014641126149385, 7.836060872233801 ], [ 80.014644639149409, 7.836067028233834 ], [ 80.014946187148695, 7.836527028233231 ], [ 80.015147118148235, 7.836833540232856 ], [ 80.015419646147663, 7.83701706823258 ], [ 80.015982234146392, 7.837395928232068 ], [ 80.016465160145344, 7.837721140231621 ], [ 80.017263415143589, 7.838058909231105 ], [ 80.017370033143337, 7.838104023231025 ], [ 80.01750995714302, 7.838163229230929 ], [ 80.01756211314293, 7.838188170230888 ], [ 80.018061120141795, 7.83847866123052 ], [ 80.018574696140675, 7.838777632230045 ], [ 80.018600633140636, 7.838782633230068 ], [ 80.01926609313918, 7.838910932229797 ], [ 80.019702008138182, 7.838994974229655 ], [ 80.019990221137604, 7.83895059622962 ], [ 80.020486901136493, 7.838874118229645 ], [ 80.021238028134874, 7.838758460229685 ], [ 80.021533646134216, 7.838755518229607 ], [ 80.02225777513263, 7.838748313229527 ], [ 80.022716563131638, 7.838906977229239 ], [ 80.022953162131117, 7.838988802229103 ], [ 80.023360369130231, 7.83937233122863 ], [ 80.023380057130197, 7.839395975228609 ], [ 80.023668695129516, 7.83974260822816 ], [ 80.023817221129207, 7.839920975227921 ], [ 80.023839216129147, 7.839947391227913 ], [ 80.023958545128835, 7.840306483227476 ], [ 80.024054564128633, 7.840407375227324 ], [ 80.024126029128482, 7.840482467227259 ], [ 80.024437522127769, 7.84080976522677 ], [ 80.024965042126595, 7.841002103226502 ], [ 80.025041255126425, 7.841021245226453 ], [ 80.025924366124499, 7.841243056226076 ], [ 80.026253288123797, 7.841178874226078 ], [ 80.026463606123357, 7.841137835226098 ], [ 80.02671828312279, 7.841088141226132 ], [ 80.027458334121178, 7.840943734226189 ], [ 80.027868541120327, 7.840863689226207 ], [ 80.028269559119437, 7.84078667122622 ], [ 80.028732613118464, 7.840697738226213 ], [ 80.02923652311739, 7.840674701226217 ], [ 80.029884312115939, 7.84069976822605 ], [ 80.030475068114669, 7.840906425225755 ], [ 80.030669585114239, 7.840974471225613 ], [ 80.0309154081137, 7.841060463225455 ], [ 80.031075948113312, 7.841149101225351 ], [ 80.031522903112361, 7.841395875224997 ], [ 80.031890842111537, 7.841599022224687 ], [ 80.031921670111458, 7.841616043224684 ], [ 80.032197829110856, 7.841768515224484 ], [ 80.032810193109484, 7.842271895223808 ], [ 80.032894114109311, 7.842340881223688 ], [ 80.032960053109107, 7.842395084223607 ], [ 80.033133891108747, 7.842537983223442 ], [ 80.033294286108429, 7.84266983122323 ], [ 80.033539543107821, 7.84287143822297 ], [ 80.03446510910581, 7.843489065222107 ], [ 80.034618003105464, 7.843591090221954 ], [ 80.034698378105276, 7.843632273221901 ], [ 80.034937641104776, 7.843754865221754 ], [ 80.035015820104547, 7.843794921221683 ], [ 80.035648819103159, 7.844119252221208 ], [ 80.035936148102522, 7.844388798220876 ], [ 80.036032091102328, 7.844478804220761 ], [ 80.036032609102307, 7.844504651220686 ], [ 80.036053510102207, 7.845547453219513 ], [ 80.036054150102203, 7.845579411219441 ], [ 80.036052233102112, 7.846669747218193 ], [ 80.036051287102069, 7.847208264217573 ], [ 80.036051122102108, 7.847302035217491 ], [ 80.036123676101809, 7.848924142215617 ], [ 80.036131924101738, 7.849108545215394 ], [ 80.036131345101765, 7.849438075215005 ], [ 80.036130930101706, 7.849674136214742 ], [ 80.036130137101708, 7.850124920214236 ], [ 80.036129563101667, 7.85045146821384 ], [ 80.036129358101661, 7.850567990213746 ], [ 80.036166838101551, 7.850948450213274 ], [ 80.036205397101469, 7.851339853212856 ], [ 80.036220526101388, 7.851493421212652 ], [ 80.036223653101374, 7.851525170212633 ], [ 80.036355616101048, 7.852107381211938 ], [ 80.036371193101019, 7.852176110211817 ], [ 80.036507780100649, 7.852778721211138 ], [ 80.036568718100497, 7.853047577210812 ], [ 80.036652230100302, 7.853416027210373 ], [ 80.036727309100101, 7.85375795220995 ], [ 80.03685456509983, 7.854337507209266 ], [ 80.037088041099295, 7.854818188208675 ], [ 80.037284911098794, 7.855223500208178 ], [ 80.038026686097098, 7.856397140206762 ], [ 80.038768885095422, 7.857331527205539 ], [ 80.039079558094699, 7.858049829204664 ], [ 80.039088267094655, 7.858133731204592 ], [ 80.039126750094567, 7.858504495204127 ], [ 80.039082432094673, 7.858592489204046 ], [ 80.039067736094722, 7.858621668204037 ], [ 80.038995133094801, 7.858765822203882 ], [ 80.038910042095026, 7.858934774203668 ], [ 80.038908608095014, 7.858935550203705 ], [ 80.03864584709558, 7.859077867203569 ], [ 80.038190197096597, 7.858933518203827 ], [ 80.037086645098995, 7.858811964204108 ], [ 80.036294941100721, 7.858738803204328 ], [ 80.036126894101088, 7.858786359204267 ], [ 80.035952917101426, 7.858796258204307 ], [ 80.035922918101505, 7.858797965204328 ], [ 80.035920487101521, 7.858800918204309 ], [ 80.035868605101584, 7.858863919204244 ], [ 80.035706500101981, 7.859060765204039 ], [ 80.035706358101947, 7.859141443203963 ], [ 80.035706313101969, 7.859167036203911 ], [ 80.03570624710197, 7.859204317203866 ], [ 80.035765356101777, 7.85929503620377 ], [ 80.035790251101744, 7.859333244203699 ], [ 80.03595074110136, 7.859579561203403 ], [ 80.036065202101128, 7.859755231203208 ], [ 80.036238251100741, 7.859945704202945 ], [ 80.036374695100449, 7.860095885202723 ], [ 80.037023145098956, 7.860809623201806 ], [ 80.037047868098938, 7.860847567201801 ], [ 80.037231839098482, 7.861129919201442 ], [ 80.037687128097431, 7.861828679200552 ], [ 80.037710553097369, 7.861880608200478 ], [ 80.037785681097247, 7.862047154200282 ], [ 80.037798365097174, 7.862075272200233 ], [ 80.037802024097161, 7.862083384200266 ], [ 80.037805928097143, 7.862092038200259 ], [ 80.037814945097153, 7.86211409320022 ], [ 80.037824631097124, 7.86213778220018 ], [ 80.03787291709699, 7.86225587620005 ], [ 80.037907799096956, 7.862341190199937 ], [ 80.037954503096827, 7.862455418199771 ], [ 80.037966000096816, 7.86248658419977 ], [ 80.038000524096717, 7.86258017219963 ], [ 80.038102821096487, 7.862843825199299 ], [ 80.038138486096386, 7.862935744199193 ], [ 80.03815062909635, 7.862967041199181 ], [ 80.038242685096165, 7.863204295198901 ], [ 80.038328763095947, 7.863435914198592 ], [ 80.038475112095568, 7.863829710198142 ], [ 80.038669608095105, 7.864353060197496 ], [ 80.03869644909507, 7.864425282197436 ], [ 80.0388065370948, 7.864593186197192 ], [ 80.039038554094319, 7.864947056196776 ], [ 80.039068467094239, 7.86499267919672 ], [ 80.039199003093898, 7.865191773196455 ], [ 80.039981720092158, 7.865914708195501 ], [ 80.040133308091853, 7.866054717195323 ], [ 80.040309963091417, 7.866114822195214 ], [ 80.041476247088895, 7.866511637194559 ], [ 80.042339804087021, 7.866603474194329 ], [ 80.043191597085141, 7.866694057194064 ], [ 80.044343121082662, 7.866839606193743 ], [ 80.044496508082332, 7.866889606193642 ], [ 80.045302394080522, 7.86715229919324 ], [ 80.045790288079473, 7.867110224193202 ], [ 80.046118360078765, 7.867081933193202 ], [ 80.046137154078764, 7.86707941019317 ], [ 80.046646383077643, 7.867011069193194 ], [ 80.047222146076351, 7.867083839192989 ], [ 80.047555094075605, 7.867456634192544 ], [ 80.047604511075519, 7.867511963192428 ], [ 80.047832212075036, 7.867766915192139 ], [ 80.047951447074752, 7.867900419191927 ], [ 80.047994172074624, 7.86794825719187 ], [ 80.048010542074607, 7.867966587191892 ], [ 80.048228002074097, 7.868210070191537 ], [ 80.048665848073085, 7.869439164190053 ], [ 80.04868240407302, 7.869485639190029 ], [ 80.048705588072963, 7.869550719189911 ], [ 80.04885496907265, 7.869865970189542 ], [ 80.049013192072252, 7.870199883189152 ], [ 80.049254091071688, 7.870708271188545 ], [ 80.049293909071608, 7.870792302188415 ], [ 80.049332725071551, 7.870874218188318 ], [ 80.049375018071416, 7.870963472188198 ], [ 80.049829029070338, 7.872064824186896 ], [ 80.049889613070235, 7.872216600186701 ], [ 80.050067951069778, 7.872663372186138 ], [ 80.050522519068792, 7.872777512185928 ], [ 80.050900601067951, 7.872872445185775 ], [ 80.051219248067298, 7.872952456185653 ], [ 80.051227905067236, 7.872954521185641 ], [ 80.05128664206714, 7.872968532185633 ], [ 80.052190754065151, 7.873184188185206 ], [ 80.052886271063628, 7.873350087184933 ], [ 80.053653722061938, 7.873590655184519 ], [ 80.054925991059235, 7.873305726184664 ], [ 80.055337230058299, 7.873211842184684 ], [ 80.055519829057943, 7.873170155184687 ], [ 80.05597493905691, 7.873066255184733 ], [ 80.056486331055837, 7.872949506184817 ], [ 80.056654459055451, 7.872911123184828 ], [ 80.057734601053184, 7.872664527184929 ], [ 80.058550946051412, 7.87237880918514 ], [ 80.058916911050616, 7.872306478185151 ], [ 80.058958860050524, 7.872298187185186 ], [ 80.059417670049527, 7.872207503185174 ], [ 80.059807722048689, 7.872130410185243 ], [ 80.059996747048274, 7.872093049185241 ], [ 80.06011119904808, 7.872070427185234 ], [ 80.060867370046438, 7.871892268185341 ], [ 80.061825023044364, 7.871714912185403 ], [ 80.062019530043955, 7.871678889185406 ], [ 80.062431192043036, 7.871757264185236 ], [ 80.062907086042017, 7.871847868185039 ], [ 80.063109362041558, 7.872031842184834 ], [ 80.06317063204142, 7.87208756818473 ], [ 80.063412590040883, 7.872261392184494 ], [ 80.063728106040188, 7.872488061184211 ], [ 80.064105329039336, 7.872759061183841 ], [ 80.064749651037928, 7.873683208182652 ], [ 80.064823458037722, 7.873789069182529 ], [ 80.064822847037703, 7.873792271182545 ], [ 80.064816882037746, 7.873823502182487 ], [ 80.064769512037842, 7.874071525182192 ], [ 80.06458134903815, 7.875056713181109 ], [ 80.06448956403834, 7.87534365618079 ], [ 80.064487826038359, 7.875344057180806 ], [ 80.064428969038488, 7.87535764718078 ], [ 80.064365194038615, 7.875351370180787 ], [ 80.064199591038943, 7.8753683171808 ], [ 80.063974919039438, 7.875408994180806 ], [ 80.063737280039959, 7.875455248180775 ], [ 80.063630375040205, 7.875534827180686 ], [ 80.063527299040402, 7.875671548180592 ], [ 80.063480950040486, 7.87583416418037 ], [ 80.063453183040508, 7.876358565179777 ], [ 80.063439378040542, 7.876574735179516 ], [ 80.063416022040528, 7.876762750179353 ], [ 80.06343207404052, 7.876919251179164 ], [ 80.063479065040369, 7.877154997178875 ], [ 80.063457688040415, 7.877379264178642 ], [ 80.063433397040455, 7.877552683178409 ], [ 80.063399929040486, 7.877830762178094 ], [ 80.063393258040492, 7.87796218717795 ], [ 80.063371999040527, 7.878381003177512 ], [ 80.063387265040447, 7.87875886217704 ], [ 80.06340030304041, 7.878994312176759 ], [ 80.063425318040373, 7.879047196176709 ], [ 80.063503597040182, 7.879212688176517 ], [ 80.06368447903975, 7.879524282176112 ], [ 80.063792109039511, 7.879732616175888 ], [ 80.063860526039377, 7.879915466175656 ], [ 80.063885663039329, 7.879942145175594 ], [ 80.063897931039278, 7.879955166175609 ], [ 80.063948585039171, 7.880008926175496 ], [ 80.063959294039137, 7.880020293175491 ], [ 80.063985261039065, 7.8801024291754 ], [ 80.064046670038948, 7.880296672175171 ], [ 80.064080354038879, 7.880403222175047 ], [ 80.064294326038365, 7.880658466174734 ], [ 80.064515742037841, 7.880922590174408 ], [ 80.064702998037433, 7.881145963174105 ], [ 80.065029543036687, 7.882007142173038 ], [ 80.06510566203653, 7.882207885172843 ], [ 80.065156898036392, 7.882343004172673 ], [ 80.065455287035661, 7.883090437171725 ], [ 80.065539216035489, 7.883300670171491 ], [ 80.065467882035648, 7.883495938171305 ], [ 80.065424908035666, 7.883613574171145 ], [ 80.065420147035752, 7.88362660817114 ], [ 80.065194401036166, 7.884244560170492 ], [ 80.065102731036319, 7.88449549217019 ], [ 80.065018886036484, 7.884725006169953 ], [ 80.064869560036783, 7.885133766169478 ], [ 80.064841838036884, 7.885209649169417 ], [ 80.064822412036861, 7.885262827169332 ], [ 80.0646481850372, 7.885739745168816 ], [ 80.064635147037279, 7.885775435168782 ], [ 80.064527969037457, 7.886217388168305 ], [ 80.064506008037483, 7.886307943168187 ], [ 80.06436719903779, 7.886880327167555 ], [ 80.064359586037767, 7.886911719167558 ], [ 80.064355921037759, 7.88692682916754 ], [ 80.064345156037817, 7.886971221167494 ], [ 80.064296512037899, 7.887353947167064 ], [ 80.064431800037553, 7.887815447166483 ], [ 80.064473165037455, 7.887956553166316 ], [ 80.064510291037351, 7.888083197166194 ], [ 80.064535097037293, 7.88816781716609 ], [ 80.064805515036682, 7.888709341165399 ], [ 80.064898452036445, 7.888895450165199 ], [ 80.064924626036415, 7.888947865165107 ], [ 80.064966582036277, 7.88903188316499 ], [ 80.064971015036278, 7.889040760165013 ], [ 80.065037320036154, 7.889173536164839 ], [ 80.065729195034592, 7.889606299164226 ], [ 80.065921036034169, 7.889726294164094 ], [ 80.065996174033998, 7.889773291163994 ], [ 80.066006718034004, 7.889773309163973 ], [ 80.066083739033814, 7.889773439164005 ], [ 80.066208252033547, 7.889773649163984 ], [ 80.066510962032922, 7.889774159163945 ], [ 80.066720240032467, 7.889774511163878 ], [ 80.066780397032346, 7.889774613163874 ], [ 80.067188874031402, 7.889775300163819 ], [ 80.067411984030969, 7.889775676163787 ], [ 80.067634023030479, 7.889771622163766 ], [ 80.06861186302838, 7.889753768163609 ], [ 80.068643712028276, 7.889760674163608 ], [ 80.06895802702762, 7.889828817163449 ], [ 80.069090310027292, 7.889857497163408 ], [ 80.069835254025705, 7.890019001163109 ], [ 80.069963779025414, 7.890045472163072 ], [ 80.070830778023492, 7.890224037162724 ], [ 80.071214365022698, 7.890440008162409 ], [ 80.071500917021993, 7.891277881161423 ], [ 80.071655665021623, 7.891712184160861 ], [ 80.071843721021182, 7.892239967160226 ], [ 80.071859180021136, 7.892283354160177 ], [ 80.072049184020656, 7.893456023158829 ], [ 80.072048234020627, 7.893461984158823 ], [ 80.072039893020644, 7.893514335158735 ], [ 80.071957445020772, 7.894031777158196 ], [ 80.071899736020896, 7.894393958157746 ], [ 80.071853916020956, 7.894681521157453 ], [ 80.071782398021099, 7.895130364156967 ], [ 80.071623488021388, 7.896306955155631 ], [ 80.071553331021448, 7.896826399155004 ], [ 80.071502946021525, 7.897199455154587 ], [ 80.071507708021514, 7.897267539154538 ], [ 80.07153640402143, 7.897677754154043 ], [ 80.071596679021255, 7.898539442153087 ], [ 80.071611153021209, 7.898757706152793 ], [ 80.071613467021194, 7.898792602152795 ], [ 80.071620638021159, 7.898900760152659 ], [ 80.071626384021144, 7.898987416152566 ], [ 80.071690291020943, 7.899951205151423 ], [ 80.071691865020952, 7.899971747151409 ], [ 80.071702025020912, 7.900104269151262 ], [ 80.071710566020869, 7.900215663151121 ], [ 80.071755578020742, 7.900802798150427 ], [ 80.071791902020621, 7.901276587149885 ], [ 80.071807698020592, 7.901482635149645 ], [ 80.07181784702054, 7.901718481149379 ], [ 80.071830030020521, 7.902001597149045 ], [ 80.071845270020447, 7.902355722148641 ], [ 80.071861404020396, 7.902730651148238 ], [ 80.071866022020373, 7.902837975148115 ], [ 80.071875350020321, 7.903054707147823 ], [ 80.071888527020278, 7.903360924147469 ], [ 80.071985479020057, 7.903566592147255 ], [ 80.072185721019594, 7.903991370146701 ], [ 80.072192496019554, 7.90400574314668 ], [ 80.072271170019377, 7.904172636146508 ], [ 80.072312764019316, 7.904260869146383 ], [ 80.072381348019107, 7.904406357146194 ], [ 80.072409441019076, 7.904465952146163 ], [ 80.072494169018867, 7.904645688145887 ], [ 80.072492421018808, 7.90568393314472 ], [ 80.072492236018775, 7.905794111144596 ], [ 80.072491944018779, 7.905967727144376 ], [ 80.072491164018757, 7.906430410143868 ], [ 80.072490708018734, 7.906701566143555 ], [ 80.072490020018677, 7.907110010143099 ], [ 80.072454396018742, 7.90727440614292 ], [ 80.072366491018911, 7.907680070142444 ], [ 80.072265833019102, 7.908144580141951 ], [ 80.072233091019172, 7.908295674141772 ], [ 80.072217389019229, 7.908368136141687 ], [ 80.072199790019212, 7.908449354141585 ], [ 80.072097116019407, 7.908722142141306 ], [ 80.072003711019619, 7.908970306141067 ], [ 80.071524823020596, 7.910242637139677 ], [ 80.071424295020776, 7.910437349139467 ], [ 80.071281675021055, 7.910713587139141 ], [ 80.071280980021072, 7.910715768139149 ], [ 80.071277921021064, 7.91072536813914 ], [ 80.071184798021264, 7.910919854138925 ], [ 80.071145757021299, 7.911001392138863 ], [ 80.071138919021337, 7.911015673138849 ], [ 80.071117849021391, 7.911059680138788 ], [ 80.071108597021407, 7.911076773138766 ], [ 80.070929134021782, 7.911408331138387 ], [ 80.070920829021802, 7.911423675138392 ], [ 80.070911852021837, 7.91144025913835 ], [ 80.070887060021846, 7.911478760138316 ], [ 80.070884842021869, 7.911482204138327 ], [ 80.070833721021984, 7.911581220138198 ], [ 80.070790479022051, 7.911664973138125 ], [ 80.070626464022411, 7.911946320137827 ], [ 80.070318627023042, 7.912474379137302 ], [ 80.070312744023042, 7.912486237137283 ], [ 80.070255526023161, 7.912601577137135 ], [ 80.070164144023337, 7.913075526136635 ], [ 80.07029435302303, 7.913467169136164 ], [ 80.070316394022953, 7.913533464136096 ], [ 80.070331505022892, 7.913578916136031 ], [ 80.070379036022771, 7.913721877135858 ], [ 80.07087601102171, 7.914083496135352 ], [ 80.070906348021637, 7.914105571135329 ], [ 80.071130341021103, 7.914271211135086 ], [ 80.072008893019174, 7.914920887134216 ], [ 80.07206204701906, 7.914948601134178 ], [ 80.072065584019072, 7.914950445134178 ], [ 80.073159801016644, 7.915520953133358 ], [ 80.074455066013826, 7.915905927132699 ], [ 80.075500961011542, 7.91610740713229 ], [ 80.075688144011124, 7.91614346713223 ], [ 80.076710186008881, 7.916340349131858 ], [ 80.077778530006583, 7.91654323413142 ], [ 80.078140143005797, 7.916611907131325 ], [ 80.07969704100239, 7.916907564130726 ], [ 80.079959548001824, 7.916957740130634 ], [ 80.080612991000379, 7.917082639130391 ], [ 80.081471474998565, 7.917246727130038 ], [ 80.081919836997557, 7.917332426129883 ], [ 80.082096127997175, 7.917366121129828 ], [ 80.082817431995565, 7.917493450129578 ], [ 80.083696042993679, 7.917648546129276 ], [ 80.08462722899165, 7.917812921128935 ], [ 80.086075131988508, 7.917944868128559 ], [ 80.086498833987605, 7.917983479128432 ], [ 80.086646293987286, 7.918009981128399 ], [ 80.087170592986155, 7.918104210128163 ], [ 80.087379319985658, 7.918254751127998 ], [ 80.087410582985626, 7.918277300127959 ], [ 80.08757253898527, 7.9183822061278 ], [ 80.087684509984982, 7.918454736127714 ], [ 80.088031866984224, 7.918717828127371 ], [ 80.088096818984084, 7.918767544127279 ], [ 80.088204398983876, 7.918849886127155 ], [ 80.089224978981591, 7.919606812126135 ], [ 80.089591530980783, 7.919878669125798 ], [ 80.090093741979643, 7.920266472125242 ], [ 80.090679163978379, 7.920718528124655 ], [ 80.090899626977887, 7.920888767124429 ], [ 80.090949064977735, 7.920926943124353 ], [ 80.090957722977748, 7.920933628124355 ], [ 80.091068116977468, 7.920996757124279 ], [ 80.091461224976641, 7.921221557123917 ], [ 80.091701171976126, 7.921245873123856 ], [ 80.091784375975905, 7.921246009123886 ], [ 80.091917158975647, 7.921246225123859 ], [ 80.092037230975393, 7.921198570123889 ], [ 80.092155029975117, 7.921058111124005 ], [ 80.092157459975112, 7.921055213124021 ], [ 80.092119893975251, 7.920927105124159 ], [ 80.09203813397545, 7.92064828312451 ], [ 80.091559613976543, 7.919762255125579 ], [ 80.090961729977906, 7.918493223127141 ], [ 80.09050717297896, 7.917631160128203 ], [ 80.090493834978972, 7.917553950128315 ], [ 80.09041208197921, 7.917080714128869 ], [ 80.090388791979279, 7.916650016129367 ], [ 80.09038887297929, 7.916601164129396 ], [ 80.090388988979271, 7.916530389129499 ], [ 80.090396536979299, 7.916504214129509 ], [ 80.090415512979234, 7.91643840712958 ], [ 80.090436691979178, 7.916364961129673 ], [ 80.090437260979186, 7.916362988129681 ], [ 80.090549641978953, 7.916288560129746 ], [ 80.090606600978845, 7.916250837129788 ], [ 80.090615459978821, 7.916244969129773 ], [ 80.090832519978363, 7.916101213129909 ], [ 80.091590440976759, 7.915599250130389 ], [ 80.091892792976111, 7.915503881130442 ], [ 80.092045879975785, 7.915455595130436 ], [ 80.092099536975653, 7.915438670130485 ], [ 80.092646916974473, 7.915266012130549 ], [ 80.093420397972864, 7.91456890113126 ], [ 80.093516614972685, 7.91448218313131 ], [ 80.093608350972488, 7.914399503131401 ], [ 80.093631925972446, 7.914378257131466 ], [ 80.093680372972329, 7.914334593131469 ], [ 80.093692339972279, 7.914322701131508 ], [ 80.093722738972247, 7.914292493131543 ], [ 80.093846299971986, 7.914169707131643 ], [ 80.093911806971832, 7.914104611131691 ], [ 80.094096506971411, 7.913921069131873 ], [ 80.094293324971019, 7.913725484132091 ], [ 80.094434098970694, 7.913702328132098 ], [ 80.094725411970117, 7.913654409132116 ], [ 80.094742109970056, 7.913654436132112 ], [ 80.095016799969486, 7.913654882132066 ], [ 80.095157380969155, 7.913655110132018 ], [ 80.095630015968126, 7.913792741131816 ], [ 80.095900976967542, 7.913871644131661 ], [ 80.096093553967123, 7.913994960131473 ], [ 80.096500310966249, 7.914255425131106 ], [ 80.096978409965104, 7.915404629129712 ], [ 80.097208510964563, 7.915888394129138 ], [ 80.097233698964487, 7.915941348129087 ], [ 80.097405447964093, 7.916302433128655 ], [ 80.097456743964017, 7.916410278128525 ], [ 80.097608693963579, 7.917483113127274 ], [ 80.097639054963523, 7.917697477127009 ], [ 80.097670279963424, 7.917917938126724 ], [ 80.097856346962985, 7.919030356125468 ], [ 80.097870492962883, 7.919114928125361 ], [ 80.098050563962474, 7.920191488124098 ], [ 80.098216519962008, 7.921553127122492 ], [ 80.098284052961802, 7.922107212121875 ], [ 80.098346601961637, 7.922620419121262 ], [ 80.098358514961603, 7.922704523121163 ], [ 80.098394055961478, 7.922955454120853 ], [ 80.09848752396131, 7.923198907120552 ], [ 80.098523938961179, 7.923293756120431 ], [ 80.098752521960677, 7.923889132119752 ], [ 80.098842282960433, 7.924038826119581 ], [ 80.098980418960153, 7.924269194119256 ], [ 80.099113790959834, 7.924491616119015 ], [ 80.099255138959506, 7.924727340118717 ], [ 80.099267147959466, 7.924738601118698 ], [ 80.099638539958676, 7.925086844118201 ], [ 80.100201492957424, 7.925526339117637 ], [ 80.100341370957082, 7.925635541117462 ], [ 80.10061195895652, 7.925846788117213 ], [ 80.100621257956504, 7.925854047117178 ], [ 80.101775055953979, 7.926306293116491 ], [ 80.101776510953954, 7.926318678116462 ], [ 80.101799724953892, 7.92631596211648 ], [ 80.102000331953477, 7.926394592116378 ], [ 80.103079593951122, 7.926826987115677 ], [ 80.103233029950729, 7.926880623115615 ], [ 80.103271933950666, 7.926894223115579 ], [ 80.103329143950575, 7.926914221115572 ], [ 80.103683698949794, 7.927038163115332 ], [ 80.103950061949178, 7.927131275115189 ], [ 80.10411097694886, 7.927187526115148 ], [ 80.104510065947977, 7.927329424114903 ], [ 80.104581851947799, 7.927354948114882 ], [ 80.104660127947639, 7.927382780114779 ], [ 80.104660761947628, 7.927383005114787 ], [ 80.104755743947436, 7.927416777114734 ], [ 80.104854525947232, 7.927451899114716 ], [ 80.104899252947121, 7.927493651114622 ], [ 80.105026382946861, 7.927612323114507 ], [ 80.10521397394642, 7.927787433114262 ], [ 80.105256944946362, 7.92782136511423 ], [ 80.105363660946054, 7.927905634114125 ], [ 80.105669379945411, 7.928147046113783 ], [ 80.105780566945128, 7.928273078113587 ], [ 80.105800364945111, 7.928295520113608 ], [ 80.10602871394461, 7.928554357113264 ], [ 80.106315935943954, 7.929033328112681 ], [ 80.106324014943937, 7.929057620112627 ], [ 80.106554773943373, 7.929751480111806 ], [ 80.106557987943333, 7.929781217111751 ], [ 80.106592212943283, 7.9300978551114 ], [ 80.106616475943227, 7.930322340111124 ], [ 80.106650975943097, 7.930641526110767 ], [ 80.106716999942947, 7.931252375110057 ], [ 80.106720308942897, 7.931282986110022 ], [ 80.106773512942766, 7.932299913108869 ], [ 80.106775982942722, 7.932347128108807 ], [ 80.106778520942697, 7.932395623108744 ], [ 80.106704848942783, 7.93342926510755 ], [ 80.106675843942838, 7.933836225107109 ], [ 80.106655754942835, 7.93411807510681 ], [ 80.106534411943045, 7.934955279105869 ], [ 80.106529690943063, 7.934993977105791 ], [ 80.106514156943106, 7.935121299105678 ], [ 80.106461450943172, 7.935553304105178 ], [ 80.106189641943757, 7.93597761110474 ], [ 80.106124608943887, 7.936079130104632 ], [ 80.105970926944181, 7.936344648104344 ], [ 80.105661883944791, 7.936878583103803 ], [ 80.10561826494488, 7.936953943103703 ], [ 80.105354100945448, 7.937410340103216 ], [ 80.105318374945497, 7.937472063103137 ], [ 80.104848159946442, 7.938284448102302 ], [ 80.104692637946755, 7.938553142102017 ], [ 80.104523982947114, 7.93895960810159 ], [ 80.104500713947132, 7.939365371101133 ], [ 80.104499288947153, 7.939390229101067 ], [ 80.104510182947095, 7.939993661100367 ], [ 80.104511311947078, 7.940056161100308 ], [ 80.104515042947057, 7.940262843100067 ], [ 80.104521318946965, 7.940610473099693 ], [ 80.104530644946948, 7.940651055099637 ], [ 80.104653093946652, 7.941183934099 ], [ 80.104757214946446, 7.941637053098452 ], [ 80.1048023899463, 7.941833644098238 ], [ 80.104807311946331, 7.941855064098204 ], [ 80.104852816946206, 7.942043413097967 ], [ 80.104961246945933, 7.94249221509749 ], [ 80.104976069945877, 7.942553569097383 ], [ 80.104985949945828, 7.94259446309733 ], [ 80.105083404945603, 7.942997833096867 ], [ 80.105350653944996, 7.944103991095528 ], [ 80.10545032594473, 7.944516535095071 ], [ 80.105486778944652, 7.944667416094912 ], [ 80.10563785694427, 7.94519777309423 ], [ 80.1056447449443, 7.945221953094228 ], [ 80.105738380944032, 7.945550658093849 ], [ 80.105773160943968, 7.945672752093713 ], [ 80.106169228943045, 7.946507445092694 ], [ 80.106227622942896, 7.946630507092542 ], [ 80.106669912941854, 7.947458012091491 ], [ 80.106777972941615, 7.947660189091248 ], [ 80.106985174941173, 7.947905593090933 ], [ 80.107089458940962, 7.948029104090799 ], [ 80.107166949940734, 7.948120884090677 ], [ 80.107198270940685, 7.948157979090611 ], [ 80.107195084940727, 7.948166790090639 ], [ 80.107183903940694, 7.948179348090612 ], [ 80.107179700940748, 7.948184070090575 ], [ 80.107167162940755, 7.948220417090583 ], [ 80.107152258940772, 7.948272455090507 ], [ 80.10714688894079, 7.948291205090467 ], [ 80.107135229940823, 7.948377319090366 ], [ 80.107115971940857, 7.948412698090329 ], [ 80.10709282994091, 7.948475825090293 ], [ 80.107078335940926, 7.948534181090236 ], [ 80.107072487940925, 7.948588722090178 ], [ 80.107067576940906, 7.948657620090091 ], [ 80.107083807940896, 7.948713154089982 ], [ 80.107113491940851, 7.948761052089966 ], [ 80.107199649940654, 7.948837633089843 ], [ 80.10722805294057, 7.948861006089841 ], [ 80.107253583940519, 7.948879709089786 ], [ 80.107333071940317, 7.948925415089702 ], [ 80.107381626940253, 7.948954203089665 ], [ 80.107462558940071, 7.948997399089641 ], [ 80.107495647939999, 7.949017550089613 ], [ 80.107516135939917, 7.94903768008958 ], [ 80.107540923939879, 7.94907001908951 ], [ 80.10761344893973, 7.949192157089358 ], [ 80.107637814939665, 7.949263973089272 ], [ 80.107654887939603, 7.949393199089134 ], [ 80.107660490939608, 7.949490824089051 ], [ 80.107640225939662, 7.949555392088946 ], [ 80.107657374939592, 7.949637245088833 ], [ 80.107697616939518, 7.949686118088795 ], [ 80.107752259939389, 7.949735014088743 ], [ 80.107832470939215, 7.949788338088633 ], [ 80.10797608593893, 7.949527583088908 ], [ 80.108044054938787, 7.949393611089095 ], [ 80.108091670938663, 7.949335308089148 ], [ 80.108148905938577, 7.949264579089208 ], [ 80.108200731938467, 7.949213556089231 ], [ 80.108320151938202, 7.949113761089347 ], [ 80.10841024993799, 7.949054091089415 ], [ 80.108530285937732, 7.94903334708944 ], [ 80.108641273937508, 7.949042497089394 ], [ 80.10880015693715, 7.949117519089252 ], [ 80.108828618937125, 7.949150049089213 ], [ 80.108884004936996, 7.949213355089146 ], [ 80.109036729936605, 7.949387061088928 ], [ 80.109140571936408, 7.949646068088626 ], [ 80.109177203936312, 7.949716862088548 ], [ 80.109227478936162, 7.949795897088444 ], [ 80.109292222936006, 7.949831888088398 ], [ 80.109454214935695, 7.949839325088331 ], [ 80.109699071935168, 7.94980741508837 ], [ 80.10991151693473, 7.949782631088357 ], [ 80.110026667934463, 7.949815114088286 ], [ 80.110113074934262, 7.949811663088273 ], [ 80.110177939934118, 7.949772288088285 ], [ 80.110293280933902, 7.949686340088373 ], [ 80.110397860933674, 7.949575252088501 ], [ 80.1104420629336, 7.949547999088544 ], [ 80.110502366933446, 7.949510818088537 ], [ 80.110628369933167, 7.949511019088551 ], [ 80.110797561932799, 7.949518465088503 ], [ 80.110988320932393, 7.949547479088442 ], [ 80.111103378932157, 7.949637384088299 ], [ 80.111232797931876, 7.949752434088186 ], [ 80.111288658931713, 7.949796330088095 ], [ 80.111383812931521, 7.949871106088011 ], [ 80.111408299931483, 7.949897176087964 ], [ 80.11160663893105, 7.950108325087688 ], [ 80.111743292930697, 7.950201852087546 ], [ 80.111887267930413, 7.950220025087511 ], [ 80.111958688930272, 7.950229633087514 ], [ 80.112049236930076, 7.950241816087511 ], [ 80.112272338929543, 7.95030676908739 ], [ 80.112367572929358, 7.950301225087353 ], [ 80.112632382928808, 7.950285808087341 ], [ 80.112883731928278, 7.950272477087324 ], [ 80.113158041927647, 7.950257930087265 ], [ 80.113629640926661, 7.950265855087219 ], [ 80.113968077925918, 7.950248447087167 ], [ 80.113979088925916, 7.950115675087345 ], [ 80.114022576925791, 7.949936302087506 ], [ 80.114051634925744, 7.949774848087722 ], [ 80.114069874925747, 7.949624145087855 ], [ 80.114143395925581, 7.949423285088068 ], [ 80.114183220925511, 7.949283383088221 ], [ 80.114217511925446, 7.949220948088329 ], [ 80.114291536925293, 7.949086166088439 ], [ 80.114396213925062, 7.948914067088626 ], [ 80.114478516924891, 7.948825866088726 ], [ 80.114580130924679, 7.94871697008881 ], [ 80.114792883924281, 7.948498385089053 ], [ 80.114997379923807, 7.94824930108929 ], [ 80.115016521923764, 7.948225985089304 ], [ 80.115131707923553, 7.948109232089432 ], [ 80.115196816923401, 7.9480432370895 ], [ 80.115362619923062, 7.947917889089636 ], [ 80.115506770922735, 7.947824806089692 ], [ 80.11565817892243, 7.947695846089833 ], [ 80.115885335921945, 7.947473695090046 ], [ 80.116015154921669, 7.947337522090196 ], [ 80.116137722921479, 7.947233639090288 ], [ 80.116224599921239, 7.947199610090311 ], [ 80.116274609921177, 7.947180022090338 ], [ 80.116447452920781, 7.94715517209035 ], [ 80.116602197920415, 7.947191305090263 ], [ 80.116814567920002, 7.947213173090181 ], [ 80.117005365919596, 7.947217062090176 ], [ 80.117188985919171, 7.947206584090186 ], [ 80.117297010918961, 7.947192399090124 ], [ 80.117419451918678, 7.947167470090187 ], [ 80.117566301918373, 7.947132706090178 ], [ 80.117585117918296, 7.947128253090153 ], [ 80.117804807917835, 7.947074766090238 ], [ 80.118107348917178, 7.946989109090285 ], [ 80.118313376916774, 7.946972159090246 ], [ 80.118492605916344, 7.946957414090245 ], [ 80.11864385491603, 7.946928941090263 ], [ 80.118802324915706, 7.946886124090287 ], [ 80.118935641915442, 7.946814556090338 ], [ 80.119061736915157, 7.94673149309043 ], [ 80.119267191914744, 7.946596155090547 ], [ 80.11943288591435, 7.946538993090577 ], [ 80.119652590913901, 7.946474738090624 ], [ 80.11966997091389, 7.946466109090599 ], [ 80.119760677913661, 7.946421074090662 ], [ 80.119984051913221, 7.946313759090716 ], [ 80.1201282239129, 7.946206319090854 ], [ 80.120203937912734, 7.946134660090903 ], [ 80.12028330891259, 7.946027118090992 ], [ 80.120373598912408, 7.945844227091237 ], [ 80.120546859912054, 7.945553801091498 ], [ 80.120633498911872, 7.945403204091699 ], [ 80.120662267911811, 7.945366041091733 ], [ 80.120705646911688, 7.945310006091788 ], [ 80.120883488911346, 7.945185792091862 ], [ 80.121080599910911, 7.944962473092104 ], [ 80.121242862910563, 7.944797638092305 ], [ 80.121315032910431, 7.944690085092397 ], [ 80.121362008910353, 7.944578904092491 ], [ 80.121423377910205, 7.944471333092604 ], [ 80.121517170910039, 7.944349458092738 ], [ 80.12160016990984, 7.944223978092857 ], [ 80.121634527909762, 7.94414818209297 ], [ 80.121697709909654, 7.944008798093092 ], [ 80.121804655909457, 7.943768247093362 ], [ 80.121849418909378, 7.943686037093434 ], [ 80.12194681190914, 7.943564167093571 ], [ 80.122022564909031, 7.943467386093699 ], [ 80.122155929908686, 7.943363517093755 ], [ 80.122350517908274, 7.943245389093867 ], [ 80.122537866907933, 7.943152370093976 ], [ 80.12276493290743, 7.942984047094114 ], [ 80.122916257907107, 7.94290532909418 ], [ 80.123009886906885, 7.942887530094214 ], [ 80.123130213906606, 7.942921633094115 ], [ 80.123175415906545, 7.942934444094125 ], [ 80.123273795906314, 7.942990988094006 ], [ 80.123344464906182, 7.943031607093953 ], [ 80.123455941905917, 7.94311073609387 ], [ 80.123545908905726, 7.943132410093815 ], [ 80.123643126905506, 7.943121794093809 ], [ 80.123733132905315, 7.943118345093842 ], [ 80.123812446905163, 7.9430466910939 ], [ 80.123899116905008, 7.942874561094073 ], [ 80.123942513904879, 7.942749017094201 ], [ 80.123960750904871, 7.942598314094393 ], [ 80.123986259904825, 7.942400965094599 ], [ 80.123993462904821, 7.942327669094698 ], [ 80.124002391904781, 7.942236801094777 ], [ 80.124015526904785, 7.94210313409492 ], [ 80.124062630904675, 7.941909409095163 ], [ 80.124098771904613, 7.941819743095254 ], [ 80.124145735904563, 7.941715739095327 ], [ 80.124214281904386, 7.941622535095423 ], [ 80.124311712904216, 7.941475543095582 ], [ 80.12441984790398, 7.941389578095683 ], [ 80.12454959590373, 7.941296469095795 ], [ 80.124628912903518, 7.941221227095832 ], [ 80.124769600903221, 7.941038413096047 ], [ 80.124935335902848, 7.940952538096097 ], [ 80.125068620902567, 7.940898911096136 ], [ 80.125223482902257, 7.940859675096193 ], [ 80.125245377902232, 7.940862706096131 ], [ 80.125361175901944, 7.940878740096099 ], [ 80.12551137190168, 7.940931899096014 ], [ 80.125626454901379, 7.941007444095929 ], [ 80.125737982901114, 7.94105427309584 ], [ 80.125856726900892, 7.941090346095826 ], [ 80.125968337900673, 7.94108334209582 ], [ 80.126090800900386, 7.941044054095803 ], [ 80.12618808490015, 7.940990372095865 ], [ 80.126303380899898, 7.940929540095944 ], [ 80.126407893899668, 7.940857924095997 ], [ 80.126498017899536, 7.940779110096063 ], [ 80.126552173899398, 7.940678704096173 ], [ 80.126581119899356, 7.940585439096241 ], [ 80.12656690489942, 7.940466984096427 ], [ 80.126523872899512, 7.940359251096513 ], [ 80.126470012899588, 7.940269446096666 ], [ 80.126433269899735, 7.940236196096702 ], [ 80.126349747899894, 7.940160615096775 ], [ 80.12618953090022, 7.9400644450969 ], [ 80.126063698900509, 7.939956583097054 ], [ 80.125941544900797, 7.939798483097288 ], [ 80.125797998901135, 7.939507561097609 ], [ 80.125765778901226, 7.939392668097754 ], [ 80.125748086901254, 7.939195252097993 ], [ 80.125784310901153, 7.939051753098162 ], [ 80.125797911901174, 7.939034941098174 ], [ 80.125845981901051, 7.938975521098213 ], [ 80.125932196900905, 7.93886895009832 ], [ 80.126025976900678, 7.938754252098427 ], [ 80.126123382900488, 7.938621614098603 ], [ 80.126181251900348, 7.9384494390988 ], [ 80.126230434900251, 7.938303877098958 ], [ 80.1262549889002, 7.938231208099019 ], [ 80.126409193899903, 7.937717661099559 ], [ 80.126485090899806, 7.937527569099791 ], [ 80.12655718489961, 7.937466670099848 ], [ 80.126697635899305, 7.93743458709985 ], [ 80.126830884899064, 7.937402494099855 ], [ 80.126971362898743, 7.937352468099895 ], [ 80.127115125898428, 7.937315688099953 ], [ 80.127164130898322, 7.937303151099923 ], [ 80.127220456898186, 7.937291842099934 ], [ 80.127287694898087, 7.937266825099969 ], [ 80.127377756897843, 7.937227486099991 ], [ 80.127527878897538, 7.937148764100037 ], [ 80.127650404897295, 7.937067605100125 ], [ 80.127677409897245, 7.937056091100137 ], [ 80.128101154896314, 7.936875417100307 ], [ 80.128146560896241, 7.936856057100308 ], [ 80.128747263894979, 7.93616491910097 ], [ 80.128974883894529, 7.935975433101192 ], [ 80.129142279894168, 7.935836080101318 ], [ 80.129328984893746, 7.935680654101474 ], [ 80.129366903893711, 7.935649088101492 ], [ 80.129493410893431, 7.935543774101595 ], [ 80.129919198892523, 7.934972617102157 ], [ 80.129931382892508, 7.934956273102213 ], [ 80.13055938689125, 7.934113858103059 ], [ 80.130566634891196, 7.934104135103064 ], [ 80.130655489891012, 7.93406001610311 ], [ 80.130799412890681, 7.934108089103045 ], [ 80.131087038890044, 7.934347789102731 ], [ 80.131251897889669, 7.934721880102248 ], [ 80.131445774889229, 7.935161818101719 ], [ 80.131785196888501, 7.93548383310129 ], [ 80.132380395887154, 7.936048508100572 ], [ 80.133363056884988, 7.936911345099428 ], [ 80.134096392883365, 7.937440105098714 ], [ 80.134393905882661, 7.937654623098434 ], [ 80.135589228880121, 7.937949243097886 ], [ 80.135761383879711, 7.937991676097788 ], [ 80.136022069879147, 7.937956235097825 ], [ 80.137153670876714, 7.937802395097823 ], [ 80.137521528875936, 7.937702392097881 ], [ 80.137936220875034, 7.937589657097936 ], [ 80.138206470874493, 7.93751619009798 ], [ 80.138510232873813, 7.937433611097989 ], [ 80.139662555871325, 7.937220031098079 ], [ 80.1404164878697, 7.937338641097842 ], [ 80.140430367869655, 7.937340825097819 ], [ 80.140840154868798, 7.937594006097467 ], [ 80.141245597867865, 7.937844503097145 ], [ 80.141263988867848, 7.937860189097103 ], [ 80.142060538866104, 7.938539585096215 ], [ 80.142455234865238, 7.938808740095852 ], [ 80.143115445863742, 7.939258954095193 ], [ 80.143411257863093, 7.939454103094959 ], [ 80.144242319861291, 7.940002357094171 ], [ 80.145290774858978, 7.940746986093152 ], [ 80.14589654885765, 7.94117721409259 ], [ 80.146133320857089, 7.941651075092001 ], [ 80.146167117857019, 7.941718713091934 ], [ 80.146207610856905, 7.941799753091834 ], [ 80.145943153857473, 7.942202120091413 ], [ 80.145747346857874, 7.942500036091119 ], [ 80.145709121857934, 7.942558194091059 ], [ 80.145437828858519, 7.942970961090629 ], [ 80.14543737185852, 7.942971609090598 ], [ 80.145435662858517, 7.942974211090593 ], [ 80.145398361858568, 7.943027306090532 ], [ 80.145243819858877, 7.94324728009031 ], [ 80.145015844859358, 7.943571780090006 ], [ 80.144584685860238, 7.944185489089364 ], [ 80.144290075860866, 7.944604833088894 ], [ 80.143918768861624, 7.945133346088352 ], [ 80.143754580861966, 7.945367050088151 ], [ 80.143210813863078, 7.946141036087305 ], [ 80.143136916863241, 7.946248645087193 ], [ 80.142648806864244, 7.946959433086446 ], [ 80.141887708865795, 7.948067743085304 ], [ 80.141817786865928, 7.948169564085243 ], [ 80.141522225866552, 7.948971131084366 ], [ 80.14151420686656, 7.948992881084312 ], [ 80.141470014866627, 7.949112727084206 ], [ 80.14146907486662, 7.949115278084168 ], [ 80.141299111866942, 7.949576223083707 ], [ 80.14127560586698, 7.949639971083639 ], [ 80.141009881867504, 7.950764081082378 ], [ 80.140863538867819, 7.95114847708197 ], [ 80.140735755868022, 7.951484123081602 ], [ 80.140600224868294, 7.951840119081214 ], [ 80.140405777868736, 7.95215450708088 ], [ 80.140187451869124, 7.952507504080503 ], [ 80.139873226869781, 7.953015552079997 ], [ 80.139679474870178, 7.95332881507962 ], [ 80.13951443587051, 7.953595654079349 ], [ 80.139374034870841, 7.953822657079131 ], [ 80.139373145870806, 7.953824094079113 ], [ 80.139371127870845, 7.9538271100791 ], [ 80.139266688871004, 7.953983147078947 ], [ 80.139145851871248, 7.954163683078773 ], [ 80.138945581871681, 7.954462894078436 ], [ 80.138898206871758, 7.954533673078413 ], [ 80.137939409873781, 7.955966147076879 ], [ 80.137914786873836, 7.956002933076851 ], [ 80.137749359874164, 7.956250086076628 ], [ 80.13756763287455, 7.956443774076399 ], [ 80.13736237787495, 7.956662540076173 ], [ 80.137200943875271, 7.956834599076023 ], [ 80.136552032876651, 7.957526219075334 ], [ 80.136227842877318, 7.957871745074973 ], [ 80.136090565877623, 7.958018056074864 ], [ 80.135827849878183, 7.958197515074683 ], [ 80.135407921879022, 7.958484362074403 ], [ 80.135321720879219, 7.958543245074361 ], [ 80.135169004879529, 7.958568377074369 ], [ 80.134718312880537, 7.958642546074318 ], [ 80.13388128588231, 7.958780293074287 ], [ 80.13284894288455, 7.958970110074254 ], [ 80.132512481885243, 7.959256701074006 ], [ 80.132511379885244, 7.959259063073979 ], [ 80.132322925885617, 7.959662813073521 ], [ 80.13205493988616, 7.960236952072941 ], [ 80.132013792886255, 7.960368239072785 ], [ 80.131941369886391, 7.960599314072518 ], [ 80.131896389886492, 7.960742831072388 ], [ 80.131865179886518, 7.96084240807224 ], [ 80.131605601887017, 7.961670626071367 ], [ 80.131561588887138, 7.961811054071226 ], [ 80.131509599887195, 7.961976931071019 ], [ 80.131391619887452, 7.962353358070596 ], [ 80.131381083887476, 7.962452398070489 ], [ 80.131358447887465, 7.962665194070274 ], [ 80.131356936887471, 7.962679403070235 ], [ 80.131344615887514, 7.962795223070125 ], [ 80.131328003887518, 7.962951383069909 ], [ 80.131281373887603, 7.963389718069426 ], [ 80.13127140288762, 7.96348345906932 ], [ 80.131258521887659, 7.963604540069216 ], [ 80.131221120887687, 7.963956119068798 ], [ 80.131138131887838, 7.964722468067941 ], [ 80.131114631887883, 7.964939470067697 ], [ 80.131110219887873, 7.964980211067665 ], [ 80.131100049887891, 7.965074125067553 ], [ 80.13109936588792, 7.965080441067541 ], [ 80.131103124887858, 7.965157782067465 ], [ 80.131135100887761, 7.965815728066694 ], [ 80.131142672887748, 7.96597153406653 ], [ 80.131169138887671, 7.966516093065881 ], [ 80.131222002887526, 7.966917053065403 ], [ 80.131227919887465, 7.966961930065338 ], [ 80.131236848887468, 7.967029652065307 ], [ 80.13126221388741, 7.967222039065047 ], [ 80.13128442088734, 7.967390474064888 ], [ 80.131362679887133, 7.967984033064179 ], [ 80.131365880887088, 7.968008312064152 ], [ 80.13140050988703, 7.96827095306385 ], [ 80.131462317886857, 7.968739740063294 ], [ 80.131489386886784, 7.968945050063066 ], [ 80.131523202886669, 7.969287496062659 ], [ 80.131549263886612, 7.969551423062344 ], [ 80.131583904886483, 7.969902226061937 ], [ 80.131818529885948, 7.970663072061026 ], [ 80.131885525885764, 7.970880327060763 ], [ 80.131989891885539, 7.971218766060377 ], [ 80.132101861885261, 7.971398647060162 ], [ 80.132392925884602, 7.971866242059557 ], [ 80.132525682884321, 7.972079516059325 ], [ 80.132548653884285, 7.972116419059245 ], [ 80.132779983883736, 7.972488050058796 ], [ 80.132863152883544, 7.972632223058637 ], [ 80.133359646882411, 7.973492900057566 ], [ 80.133538049882006, 7.973802161057172 ], [ 80.13357998388193, 7.973874854057076 ], [ 80.133630814881812, 7.973962970056993 ], [ 80.133633324881828, 7.973967320056971 ], [ 80.133678869881692, 7.974046273056887 ], [ 80.133742425881522, 7.974156446056748 ], [ 80.133867353881243, 7.974373008056467 ], [ 80.134020621880907, 7.974638700056173 ], [ 80.134151067880637, 7.974864826055864 ], [ 80.134171274880572, 7.974899853055846 ], [ 80.13434790288018, 7.975206037055425 ], [ 80.134483550879835, 7.97545160805517 ], [ 80.134754795879246, 7.97594265905455 ], [ 80.134991541878676, 7.976371253053997 ], [ 80.135260741878071, 7.976858600053439 ], [ 80.135353176877842, 7.977025940053194 ], [ 80.135754635876978, 7.977789131052291 ], [ 80.136132488876072, 7.978507443051413 ], [ 80.136181086875965, 7.97859982805126 ], [ 80.136218034875867, 7.978670068051192 ], [ 80.136226416875871, 7.978686002051149 ], [ 80.136244056875853, 7.978719537051107 ], [ 80.136247928875818, 7.978726898051129 ], [ 80.136273804875756, 7.978776089051084 ], [ 80.136310456875691, 7.978845765050951 ], [ 80.136332418875639, 7.978885752050937 ], [ 80.136408768875441, 7.979024763050759 ], [ 80.137007387874078, 7.980114667049439 ], [ 80.138074042871636, 7.982056709047052 ], [ 80.138219355871328, 7.982321275046726 ], [ 80.138222130871299, 7.982326328046713 ], [ 80.138237241871309, 7.982353840046654 ], [ 80.138849659869919, 7.983436918045343 ], [ 80.139204623869091, 7.984064680044535 ], [ 80.139243977868972, 7.984134278044487 ], [ 80.13957773886824, 7.984724539043781 ], [ 80.13958020886821, 7.984728777043744 ], [ 80.139581812868244, 7.984731526043712 ], [ 80.140135761866972, 7.985681931042568 ], [ 80.140516972866095, 7.986335967041781 ], [ 80.140604907865907, 7.986486835041581 ], [ 80.140742386865583, 7.986722704041282 ], [ 80.140954905865115, 7.98708731704082 ], [ 80.141339698864201, 7.987747495040042 ], [ 80.141552765863722, 7.988113047039589 ], [ 80.14188262686298, 7.988719541038808 ], [ 80.142051462862597, 7.989029964038449 ], [ 80.143323999859717, 7.991369646035589 ], [ 80.143607413859058, 7.991825928034986 ], [ 80.14391834785836, 7.992326514034411 ], [ 80.144281322857523, 7.992910883033656 ], [ 80.145926533853768, 7.995559550030388 ], [ 80.146544523852384, 7.996554457029163 ], [ 80.146608632852249, 7.996656138029023 ], [ 80.146692690852092, 7.996789459028879 ], [ 80.146878554851654, 7.99708424902851 ], [ 80.147360859850551, 7.997849213027541 ], [ 80.147583387850048, 7.998202152027092 ], [ 80.147576612850031, 7.998204204027104 ], [ 80.147518840850168, 7.998221696027072 ], [ 80.147397574850416, 7.998262115027062 ], [ 80.147317513850652, 7.99829102102705 ], [ 80.147277488850705, 7.998306297027042 ], [ 80.147158204850953, 7.99835182002699 ], [ 80.147029388851209, 7.99840515802694 ], [ 80.146955941851374, 7.998439591026906 ], [ 80.146873499851537, 7.998483144026882 ], [ 80.146808207851691, 7.998522180026879 ], [ 80.146786145851706, 7.998535370026871 ], [ 80.146729388851853, 7.998572087026838 ], [ 80.146688281851908, 7.998600911026778 ], [ 80.14661858985211, 7.998649778026766 ], [ 80.146487165852378, 7.998747332026655 ], [ 80.146422404852487, 7.998797332026592 ], [ 80.146209400852925, 7.998968099026414 ], [ 80.14615199585306, 7.999012865026407 ], [ 80.14603546585333, 7.999100313026315 ], [ 80.145977889853455, 7.999138658026284 ], [ 80.145937936853514, 7.99916156602627 ], [ 80.145855042853697, 7.999204032026203 ], [ 80.145934192853503, 7.999486216025879 ], [ 80.145969776853448, 7.999551409025814 ], [ 80.145754520853856, 7.999793830025558 ], [ 80.145684482854008, 7.999872709025481 ], [ 80.145631163854148, 7.9999327560254 ], [ 80.145542747854307, 8.000032330025352 ], [ 80.145156191855136, 8.0004676680249 ], [ 80.144951192855572, 8.000701655024661 ], [ 80.144778400855913, 8.000898881024476 ], [ 80.144633190856197, 8.001064625024268 ], [ 80.14396855885758, 8.001823237023537 ], [ 80.14376531185799, 8.002055223023314 ], [ 80.143376805858821, 8.002498661022853 ], [ 80.14279033386002, 8.003239127022074 ], [ 80.142767680860047, 8.003267726022058 ], [ 80.142196166861297, 8.003989302021314 ], [ 80.141779063862145, 8.004515921020797 ], [ 80.14154132886263, 8.005114749020112 ], [ 80.141506261862688, 8.005203077020029 ], [ 80.141466367862705, 8.005303565019904 ], [ 80.141441995862763, 8.005542785019655 ], [ 80.141440924862778, 8.005587705019607 ], [ 80.14142056886277, 8.006441825018618 ], [ 80.141420003862777, 8.006465554018611 ], [ 80.141416336862747, 8.006619404018435 ], [ 80.141566679862436, 8.00694854001804 ], [ 80.141799112861904, 8.007457389017395 ], [ 80.141829103861781, 8.007512894017358 ], [ 80.142146766861089, 8.008100804016618 ], [ 80.142218029860942, 8.00823269401649 ], [ 80.1422762188608, 8.008340385016345 ], [ 80.142292100860729, 8.00836977901627 ], [ 80.142301303860748, 8.008386812016258 ], [ 80.142338745860684, 8.008456105016197 ], [ 80.142756554859702, 8.009229355015258 ], [ 80.142967334859222, 8.009600839014771 ], [ 80.143371151858304, 8.01031253201392 ], [ 80.143736582857457, 8.010956572013123 ], [ 80.144839288854982, 8.01289998101071 ], [ 80.145018848854548, 8.013216435010355 ], [ 80.145331366853824, 8.014012897009373 ], [ 80.145435727853595, 8.014278865009064 ], [ 80.145807918852725, 8.01522739600793 ], [ 80.145827843852686, 8.015315844007809 ], [ 80.145902141852446, 8.015645661007444 ], [ 80.146037983852139, 8.016248678006736 ], [ 80.146323884851412, 8.017517824005211 ], [ 80.146344383851385, 8.017608822005128 ], [ 80.14634509385138, 8.017696207004995 ], [ 80.146345386851394, 8.017732283004975 ], [ 80.146359218851245, 8.019435924003027 ], [ 80.146364586851192, 8.020097130002291 ], [ 80.146362191851168, 8.020125652002234 ], [ 80.146356794851187, 8.020189943002164 ], [ 80.146274193851326, 8.021173718001064 ], [ 80.14615082085146, 8.022643082999393 ], [ 80.146145394851459, 8.022707692999303 ], [ 80.146138524851466, 8.022789510999221 ], [ 80.146121216851498, 8.02299565499899 ], [ 80.146010061851641, 8.024319484997484 ], [ 80.145954086851788, 8.024617773997154 ], [ 80.14584227585199, 8.025213613996506 ], [ 80.145392896852741, 8.027608334993811 ], [ 80.145252998853024, 8.028192639993186 ], [ 80.145243261853068, 8.028233308993121 ], [ 80.145234109853064, 8.028271533993111 ], [ 80.145031183853462, 8.029119077992183 ], [ 80.144677905854095, 8.030594576990527 ], [ 80.14448736985446, 8.031390364989658 ], [ 80.144190760855039, 8.032629160988286 ], [ 80.144166702855074, 8.032729641988173 ], [ 80.144124488855127, 8.032905950987965 ], [ 80.143919284855528, 8.033659296987141 ], [ 80.143860283855602, 8.03439461598631 ], [ 80.143848488855639, 8.034541614986127 ], [ 80.143839659855615, 8.034651646986013 ], [ 80.143821387855667, 8.034879359985769 ], [ 80.143750139855754, 8.036038924984481 ], [ 80.143722900855764, 8.036482231983934 ], [ 80.143764796855606, 8.037156216983149 ], [ 80.143815687855437, 8.037974916982229 ], [ 80.143816606855438, 8.037989694982192 ], [ 80.143808112855396, 8.039157825980904 ], [ 80.143801383855333, 8.040083171979818 ], [ 80.143956222854911, 8.041516149978184 ], [ 80.144091195854529, 8.042765270976734 ], [ 80.144109082854513, 8.042930799976499 ], [ 80.144199075854303, 8.043633952975703 ], [ 80.144208262854264, 8.04370574497565 ], [ 80.144274505854057, 8.044223319975048 ], [ 80.144529337853356, 8.046214416972708 ], [ 80.14457120085325, 8.046541504972337 ], [ 80.14468605485294, 8.047438897971295 ], [ 80.144695503852915, 8.047512722971227 ], [ 80.144713975852895, 8.047657051971024 ], [ 80.144813550852618, 8.048285003970291 ], [ 80.144823874852605, 8.048350110970226 ], [ 80.14483020385255, 8.048390020970182 ], [ 80.145265686851474, 8.051136287966999 ], [ 80.145296489851347, 8.05133053696678 ], [ 80.145336091851263, 8.05155903396647 ], [ 80.145336290851262, 8.051560177966484 ], [ 80.145362499851203, 8.05171139596629 ], [ 80.145522548850792, 8.052634832965252 ], [ 80.145665941850481, 8.053099705964696 ], [ 80.145710542850381, 8.05324430196451 ], [ 80.145844381850054, 8.053678200963963 ], [ 80.145890277849915, 8.053826990963815 ], [ 80.145928641849849, 8.05395136596365 ], [ 80.146136145849368, 8.054455792963058 ], [ 80.146430910848665, 8.055172341962194 ], [ 80.146745921847938, 8.055778347961454 ], [ 80.146804238847849, 8.055890533961335 ], [ 80.147053252847243, 8.056369575960749 ], [ 80.147469170846279, 8.057124253959781 ], [ 80.147479627846295, 8.057143226959777 ], [ 80.147546936846098, 8.057265356959645 ], [ 80.148038987845027, 8.05815816995856 ], [ 80.148259735844533, 8.058558709958053 ], [ 80.149173184842439, 8.060216122955996 ], [ 80.149435338841826, 8.060691786955434 ], [ 80.149804317841017, 8.061575481954339 ], [ 80.150105091840288, 8.062295825953472 ], [ 80.150377642839601, 8.06326009395235 ], [ 80.1505110238393, 8.063731983951818 ], [ 80.150581949839136, 8.064449862950966 ], [ 80.150663229838855, 8.065249758950028 ], [ 80.150712037838758, 8.065730085949465 ], [ 80.150711550838722, 8.06604915294912 ], [ 80.150710722838696, 8.066591408948517 ], [ 80.150692739838689, 8.066793943948261 ], [ 80.150661868838753, 8.067141626947897 ], [ 80.150610666838844, 8.067248121947744 ], [ 80.150499475839084, 8.067479394947496 ], [ 80.150352422839362, 8.067785255947175 ], [ 80.150156102839773, 8.068193590946775 ], [ 80.150155016839776, 8.068195057946777 ], [ 80.150153951839783, 8.068197272946771 ], [ 80.149552515841023, 8.069009835945888 ], [ 80.149023833842165, 8.069343993945637 ], [ 80.148854134842495, 8.069457774945512 ], [ 80.148379034843529, 8.069776320945234 ], [ 80.148062533844154, 8.069988526944996 ], [ 80.146384096847697, 8.071008906944092 ], [ 80.14608003684836, 8.071193754943931 ], [ 80.143916232852945, 8.072606078942648 ], [ 80.143556665853708, 8.072840768942449 ], [ 80.142703697855524, 8.073361586941967 ], [ 80.140312515860572, 8.074821613940678 ], [ 80.139658168861942, 8.075045424940537 ], [ 80.138412802864622, 8.075471385940258 ], [ 80.136865517867918, 8.076000605939864 ], [ 80.135240773871359, 8.076413848939666 ], [ 80.134607936872769, 8.076574804939579 ], [ 80.13424758987351, 8.076666454939534 ], [ 80.131902746878538, 8.077002615939522 ], [ 80.131606097879157, 8.077045142939463 ], [ 80.128762466885334, 8.0772269749397 ], [ 80.128136568886674, 8.077266994939782 ], [ 80.127494031888034, 8.077308667939832 ], [ 80.127056090888999, 8.077337070939848 ], [ 80.126850338889426, 8.077418712939783 ], [ 80.126335391890535, 8.077623042939607 ], [ 80.124580664894182, 8.079437833937819 ], [ 80.12421526189496, 8.080163242937088 ], [ 80.123955948895443, 8.080678037936501 ], [ 80.123568115896234, 8.081923933935133 ], [ 80.123554304896231, 8.081968300935069 ], [ 80.123547590896237, 8.081989867935084 ], [ 80.123091474897123, 8.083455105933455 ], [ 80.123011374897288, 8.083712418933198 ], [ 80.122857938897582, 8.084205318932639 ], [ 80.122664338897991, 8.08456309993225 ], [ 80.122400296898491, 8.085051058931738 ], [ 80.122400094898538, 8.085051430931783 ], [ 80.122075349899191, 8.085651571931088 ], [ 80.122073892899195, 8.085653850931095 ], [ 80.121644968900071, 8.086324702930433 ], [ 80.121456121900451, 8.086620064930097 ], [ 80.120646115902119, 8.0878869319288 ], [ 80.120149832903138, 8.088663125927962 ], [ 80.119838827903763, 8.089063704927582 ], [ 80.119637915904207, 8.089322480927331 ], [ 80.119220209905066, 8.089860488926753 ], [ 80.118285288907003, 8.091064664925515 ], [ 80.117537769908537, 8.091720554924894 ], [ 80.116566926910636, 8.092572389924062 ], [ 80.11540013391307, 8.093596145923071 ], [ 80.1151414439136, 8.093841598922818 ], [ 80.114638289914652, 8.094319005922356 ], [ 80.114423388915114, 8.094522910922191 ], [ 80.113789051916442, 8.095124785921573 ], [ 80.113641524916758, 8.095333198921354 ], [ 80.113137110917762, 8.096045793920601 ], [ 80.112934768918223, 8.096331645920349 ], [ 80.11293443391817, 8.096332677920351 ], [ 80.11279291191849, 8.096767449919883 ], [ 80.112693470918714, 8.097072947919534 ], [ 80.112686063918716, 8.097096013919492 ], [ 80.112363442919332, 8.098100800918397 ], [ 80.11235563291936, 8.098125124918349 ], [ 80.112315017919414, 8.098725449917662 ], [ 80.112286207919453, 8.09915130991719 ], [ 80.112252106919456, 8.099655350916619 ], [ 80.112232627919454, 8.099943263916312 ], [ 80.112181244919583, 8.10037047491582 ], [ 80.11213169491964, 8.100782436915347 ], [ 80.11205983191978, 8.101379915914697 ], [ 80.111979999919882, 8.102043642913969 ], [ 80.111956144919915, 8.10224198391373 ], [ 80.111946062919969, 8.102325802913633 ], [ 80.111910476920002, 8.102621673913292 ], [ 80.111899728920008, 8.102711035913176 ], [ 80.111897565920032, 8.102729015913203 ], [ 80.111784320920208, 8.103670535912118 ], [ 80.111782355920226, 8.103686874912114 ], [ 80.111692748920333, 8.10501553091061 ], [ 80.111683938920351, 8.105146170910471 ], [ 80.111521706920627, 8.106309965909137 ], [ 80.111372408920829, 8.107380971907951 ], [ 80.111282963921042, 8.108022607907246 ], [ 80.111220129921136, 8.108473350906728 ], [ 80.111157835921205, 8.108920215906247 ], [ 80.111141405921273, 8.109038072906076 ], [ 80.111088735921356, 8.109415905905671 ], [ 80.111109290921277, 8.109737493905318 ], [ 80.111168984921093, 8.110671408904205 ], [ 80.111180534921019, 8.110852113904043 ], [ 80.111240912920834, 8.111796737902953 ], [ 80.111252074920827, 8.111893138902792 ], [ 80.111287293920711, 8.112197331902477 ], [ 80.111320780920607, 8.112486551902153 ], [ 80.111327562920621, 8.112545128902092 ], [ 80.111330185920593, 8.112567791902045 ], [ 80.111376181920463, 8.112965048901557 ], [ 80.111500356920118, 8.114037551900362 ], [ 80.111501352920158, 8.114046155900311 ], [ 80.111415076920281, 8.115286682898899 ], [ 80.111390710920261, 8.115637019898546 ], [ 80.111245085920544, 8.11659380189748 ], [ 80.111169726920679, 8.117088925896923 ], [ 80.111113199920766, 8.117460319896464 ], [ 80.111099460920798, 8.117550584896406 ], [ 80.111025061920913, 8.117687525896251 ], [ 80.110739189921546, 8.118213710895709 ], [ 80.11057593592183, 8.118514198895387 ], [ 80.110267542922458, 8.119081831894789 ], [ 80.109859188923295, 8.119833452893996 ], [ 80.109811337923389, 8.120186665893584 ], [ 80.109685696923648, 8.12029805289348 ], [ 80.109773835923463, 8.120396218893342 ], [ 80.109865571923265, 8.120501870893204 ], [ 80.109887325923211, 8.120526923893175 ], [ 80.109901457923158, 8.120543199893152 ], [ 80.109934157923107, 8.120580858893096 ], [ 80.109960628923062, 8.120611011893065 ], [ 80.109998871922997, 8.120654571893006 ], [ 80.110107074922709, 8.120777819892869 ], [ 80.110320373922221, 8.121005101892548 ], [ 80.110345643922216, 8.121032028892531 ], [ 80.110368429922133, 8.121056307892507 ], [ 80.110434861921988, 8.121136191892401 ], [ 80.110493054921875, 8.121206166892289 ], [ 80.110581048921631, 8.121291578892212 ], [ 80.110593940921646, 8.121304092892188 ], [ 80.110611235921567, 8.121320881892137 ], [ 80.110631722921553, 8.121340766892136 ], [ 80.110641477921533, 8.121350236892138 ], [ 80.110739408921276, 8.121445294892013 ], [ 80.110706032921385, 8.121566162891888 ], [ 80.110694913921364, 8.1216064318918 ], [ 80.1106820789214, 8.121652912891776 ], [ 80.110593555921582, 8.121846282891543 ], [ 80.110480086921825, 8.122087899891312 ], [ 80.110385372922025, 8.122292111891063 ], [ 80.110303485922159, 8.122478077890868 ], [ 80.110172240922438, 8.122823657890542 ], [ 80.110055268922679, 8.123098455890204 ], [ 80.109996008922792, 8.123265378890022 ], [ 80.109920620922921, 8.123513513889739 ], [ 80.109864666923016, 8.123697681889571 ], [ 80.1098439099231, 8.12376600688947 ], [ 80.10973636792329, 8.124044890889184 ], [ 80.109718175923362, 8.124102500889116 ], [ 80.109714015923359, 8.124115675889096 ], [ 80.109592326923575, 8.124501041888665 ], [ 80.109574290923632, 8.124545533888639 ], [ 80.10956353292363, 8.12457206988862 ], [ 80.10950243792378, 8.124806900888363 ], [ 80.109494318923751, 8.124845402888317 ], [ 80.109468731923826, 8.124966754888188 ], [ 80.109441615923856, 8.125095353888042 ], [ 80.109436253923903, 8.12510964188801 ], [ 80.109415438923918, 8.125165152887977 ], [ 80.109387182923982, 8.125240505887897 ], [ 80.109340771924067, 8.125364273887747 ], [ 80.109310271924116, 8.125445363887632 ], [ 80.109302867924157, 8.125478187887614 ], [ 80.109287416924133, 8.125546695887568 ], [ 80.10926991692422, 8.125638210887413 ], [ 80.109257302924235, 8.125704169887378 ], [ 80.109245610924262, 8.125916382887143 ], [ 80.109208044924316, 8.126190491886812 ], [ 80.1091991359243, 8.126255499886771 ], [ 80.109195065924339, 8.126320997886664 ], [ 80.109182356924364, 8.126525577886436 ], [ 80.109134206924409, 8.126834578886093 ], [ 80.109114961924448, 8.126939669886001 ], [ 80.109108017924456, 8.126977592885941 ], [ 80.109098711924489, 8.127086497885806 ], [ 80.109088705924478, 8.127203591885696 ], [ 80.109077112924481, 8.127339249885514 ], [ 80.109045604924603, 8.127516435885349 ], [ 80.109042479924568, 8.127531630885336 ], [ 80.108972969924693, 8.127869705884962 ], [ 80.108903829924827, 8.128176085884601 ], [ 80.108887130924842, 8.128250082884541 ], [ 80.108862035924915, 8.128426637884338 ], [ 80.108850033924938, 8.128511080884234 ], [ 80.108843427924967, 8.128557553884178 ], [ 80.108822109925015, 8.128626032884094 ], [ 80.10878020492504, 8.128760640883941 ], [ 80.108680091925251, 8.129046588883634 ], [ 80.108623923925364, 8.129222443883451 ], [ 80.108612223925377, 8.129259071883387 ], [ 80.108490757925608, 8.129615698883025 ], [ 80.108426124925771, 8.12979301188283 ], [ 80.108287165926029, 8.130135955882471 ], [ 80.108213177926189, 8.130262342882302 ], [ 80.108190061926265, 8.130301910882297 ], [ 80.108178590926215, 8.130379478882206 ], [ 80.108177390926244, 8.130387641882157 ], [ 80.108172382926242, 8.13042166088217 ], [ 80.108157940926304, 8.13051978988204 ], [ 80.108116528926374, 8.130647764881902 ], [ 80.108080779926425, 8.130710852881819 ], [ 80.108041170926498, 8.130780750881746 ], [ 80.107973578926661, 8.130934185881594 ], [ 80.107973228926667, 8.130986022881537 ], [ 80.107981162926635, 8.131039016881465 ], [ 80.107996952926598, 8.131079847881447 ], [ 80.108004056926561, 8.131098217881393 ], [ 80.108014895926559, 8.131126243881353 ], [ 80.107998569926636, 8.13113242888137 ], [ 80.107737029927122, 8.131231523881286 ], [ 80.107293139928089, 8.131409290881182 ], [ 80.10725902692819, 8.13145163688112 ], [ 80.107253788928162, 8.131458138881072 ], [ 80.10725387992818, 8.1314590718811 ], [ 80.10725541092819, 8.131474833881056 ], [ 80.107261093928145, 8.131533395881041 ], [ 80.10726759992815, 8.131600428880953 ], [ 80.107269104928164, 8.131615939880895 ], [ 80.107271795928114, 8.131643668880873 ], [ 80.107272364928136, 8.131649533880854 ], [ 80.107328063927994, 8.132223454880208 ], [ 80.107377540927843, 8.132733257879615 ], [ 80.107382589927809, 8.132785274879584 ], [ 80.107383365927802, 8.132793262879566 ], [ 80.107395453927779, 8.132917822879445 ], [ 80.107426648927699, 8.133261463879018 ], [ 80.107449211927658, 8.133510029878712 ], [ 80.107519039927439, 8.134279259877829 ], [ 80.107542161927341, 8.134533976877552 ], [ 80.107543518927358, 8.134548929877532 ], [ 80.107612965927146, 8.135313964876625 ], [ 80.107653498927036, 8.135760468876137 ], [ 80.107663323927014, 8.135868709876032 ], [ 80.107676880926974, 8.13601805587586 ], [ 80.107725625926847, 8.136555027875207 ], [ 80.107741246926764, 8.137017568874663 ], [ 80.107751753926735, 8.137328675874324 ], [ 80.107756874926736, 8.137480315874164 ], [ 80.107759968926672, 8.137571915874076 ], [ 80.107696123926814, 8.137927493873661 ], [ 80.107694917926821, 8.137934214873633 ], [ 80.107691823926814, 8.137951444873638 ], [ 80.107689952926819, 8.137961867873617 ], [ 80.107689000926825, 8.137967168873603 ], [ 80.107687961926842, 8.137972954873625 ], [ 80.107685818926825, 8.137984890873579 ], [ 80.107566621927035, 8.138648744872874 ], [ 80.10754029692707, 8.138795357872684 ], [ 80.10742069392731, 8.139461468871925 ], [ 80.107067226927924, 8.141189302870016 ], [ 80.106982578928111, 8.141603077869586 ], [ 80.106960764928175, 8.141709708869458 ], [ 80.106772544928461, 8.142733321868299 ], [ 80.106565921928848, 8.143857007867075 ], [ 80.106294456929376, 8.145333316865427 ], [ 80.106052361929784, 8.146529190864115 ], [ 80.106052015929791, 8.146738300863838 ], [ 80.106051375929752, 8.147125496863415 ], [ 80.106050772929748, 8.147490687863014 ], [ 80.106050754929711, 8.147501744862996 ], [ 80.106050186929735, 8.147845085862565 ], [ 80.106036460929673, 8.148885818861407 ], [ 80.106044578929641, 8.148984848861287 ], [ 80.106008940929712, 8.149110223861134 ], [ 80.105932886929892, 8.14920833786106 ], [ 80.105954296929823, 8.149330393860927 ], [ 80.105954087929817, 8.149457197860773 ], [ 80.105950125929837, 8.149472454860726 ], [ 80.105927118929884, 8.149561068860685 ], [ 80.105856085929986, 8.149691181860497 ], [ 80.105837400930042, 8.149725408860473 ], [ 80.105768162930218, 8.149847913860322 ], [ 80.105680955930353, 8.149946463860243 ], [ 80.105581849930587, 8.149979197860226 ], [ 80.10545275493088, 8.149996930860221 ], [ 80.105332558931138, 8.150077481860137 ], [ 80.105224187931341, 8.150268706859976 ], [ 80.105142991931501, 8.150361284859846 ], [ 80.104881347932078, 8.150668895859573 ], [ 80.104764094932349, 8.150785338859425 ], [ 80.104718956932416, 8.150854050859387 ], [ 80.104712845932411, 8.150919835859314 ], [ 80.104715722932383, 8.150994607859177 ], [ 80.10474866093233, 8.151042512859142 ], [ 80.104814595932197, 8.151102434859054 ], [ 80.104979566931817, 8.151171492858962 ], [ 80.105102580931543, 8.151201601858933 ], [ 80.105198664931365, 8.151180824858914 ], [ 80.105249799931229, 8.151115112858999 ], [ 80.105297908931149, 8.151064350859052 ], [ 80.105361015930981, 8.151019594859067 ], [ 80.105451091930789, 8.151001797859079 ], [ 80.105577136930506, 8.151013967859035 ], [ 80.105646088930413, 8.151064922858968 ], [ 80.105697020930265, 8.151121829858884 ], [ 80.105722076930221, 8.151306035858699 ], [ 80.105727284930211, 8.151334128858638 ], [ 80.10574876593013, 8.151413116858587 ], [ 80.105764511930133, 8.151474870858513 ], [ 80.105764409930117, 8.151536598858439 ], [ 80.105732634930163, 8.151583918858348 ], [ 80.105730179930148, 8.151585997858353 ], [ 80.105683580930275, 8.151625468858356 ], [ 80.10560575293043, 8.151642567858339 ], [ 80.105450172930802, 8.151629391858339 ], [ 80.105329169931053, 8.151617708858399 ], [ 80.105208213931277, 8.151577314858471 ], [ 80.105036871931659, 8.151512435858539 ], [ 80.104928882931887, 8.151472062858611 ], [ 80.104735863932305, 8.151447340858693 ], [ 80.104607646932593, 8.151441387858684 ], [ 80.104501013932861, 8.151452696858692 ], [ 80.104418809932994, 8.151501369858684 ], [ 80.104401332933051, 8.15161474785854 ], [ 80.104411327933008, 8.151669314858481 ], [ 80.104421041932966, 8.151694994858476 ], [ 80.104447188932937, 8.15176411785834 ], [ 80.104481673932867, 8.151820160858295 ], [ 80.104530563932713, 8.151877662858224 ], [ 80.10458956893261, 8.151917953858181 ], [ 80.104687472932369, 8.151958309858117 ], [ 80.104743587932262, 8.152002903858032 ], [ 80.104786614932166, 8.15212068785789 ], [ 80.104786481932194, 8.152201076857798 ], [ 80.104754699932244, 8.152252703857751 ], [ 80.104689804932363, 8.152289920857715 ], [ 80.104599030932548, 8.152294078857752 ], [ 80.10449679293275, 8.152260892857807 ], [ 80.104411818933002, 8.152242091857833 ], [ 80.104230306933346, 8.152228872857897 ], [ 80.104109276933627, 8.152232980857892 ], [ 80.104078961933666, 8.152268817857838 ], [ 80.104073126933713, 8.152311874857819 ], [ 80.104073062933708, 8.152350633857781 ], [ 80.104080101933647, 8.152449697857652 ], [ 80.104094266933657, 8.152596144857442 ], [ 80.104117019933582, 8.152777057857246 ], [ 80.104146950933483, 8.15297233985701 ], [ 80.104175413933447, 8.153184844856797 ], [ 80.104166637933432, 8.153263784856687 ], [ 80.104126199933532, 8.15332257485665 ], [ 80.104078620933635, 8.153342593856614 ], [ 80.103974886933855, 8.153342422856621 ], [ 80.103794814934218, 8.153329206856704 ], [ 80.103608984934652, 8.153313109856732 ], [ 80.10349376293486, 8.153289951856744 ], [ 80.10330222393533, 8.153240826856857 ], [ 80.103123571935669, 8.153240532856866 ], [ 80.103095975935744, 8.153260625856838 ], [ 80.103058658935851, 8.153287798856844 ], [ 80.103029786935878, 8.153322203856824 ], [ 80.103021055935912, 8.153373867856716 ], [ 80.103020948935907, 8.15343846685669 ], [ 80.103042455935835, 8.15350166585662 ], [ 80.103103329935692, 8.153572585856514 ], [ 80.103147668935591, 8.153622901856451 ], [ 80.103156658935603, 8.153641134856422 ], [ 80.103191942935482, 8.153712694856315 ], [ 80.103209887935478, 8.153752201856262 ], [ 80.103219422935467, 8.153794087856227 ], [ 80.103210952935456, 8.153833549856206 ], [ 80.103188108935498, 8.153852652856187 ], [ 80.103143651935611, 8.153872916856175 ], [ 80.103013916935893, 8.153913375856138 ], [ 80.102940634936047, 8.153939572856132 ], [ 80.102920181936113, 8.153964660856072 ], [ 80.102910461936077, 8.154034028856028 ], [ 80.102899587936093, 8.154075880855961 ], [ 80.102876746936175, 8.154092590855955 ], [ 80.102832126936292, 8.15410676985595 ], [ 80.102813079936297, 8.154112821855946 ], [ 80.102795275936344, 8.154134085855922 ], [ 80.102768896936396, 8.15418488485588 ], [ 80.102762730936405, 8.154283566855757 ], [ 80.102696446936534, 8.154432991855614 ], [ 80.102603164936752, 8.154573399855456 ], [ 80.102521918936887, 8.154695883855307 ], [ 80.10250060393696, 8.154878280855106 ], [ 80.102501004936897, 8.154903902855084 ], [ 80.10250331693689, 8.155051744854902 ], [ 80.102485158936929, 8.155141435854828 ], [ 80.102412991937101, 8.155219074854735 ], [ 80.102325825937271, 8.155290706854686 ], [ 80.102244738937443, 8.155317488854628 ], [ 80.102136677937679, 8.155320300854633 ], [ 80.102105904937744, 8.15530106685468 ], [ 80.101872811938264, 8.155155376854879 ], [ 80.10168990093868, 8.155044419855022 ], [ 80.101521901939066, 8.154990309855105 ], [ 80.101383839939345, 8.154984099855147 ], [ 80.101278709939564, 8.155028786855125 ], [ 80.101239614939672, 8.155073581855088 ], [ 80.101239524939643, 8.155127414855007 ], [ 80.101269360939582, 8.155235127854915 ], [ 80.101326211939451, 8.155342886854729 ], [ 80.101437020939201, 8.155492603854544 ], [ 80.101532907938974, 8.155591455854424 ], [ 80.101664812938665, 8.155690366854298 ], [ 80.101871671938213, 8.155840242854119 ], [ 80.101878995938222, 8.155851442854065 ], [ 80.101922569938139, 8.155918083854031 ], [ 80.101937477938066, 8.155977921853927 ], [ 80.101940145938073, 8.156178302853711 ], [ 80.101915989938078, 8.156264992853613 ], [ 80.101804815938337, 8.156333594853546 ], [ 80.101732693938473, 8.156384316853526 ], [ 80.10173260393853, 8.156438148853457 ], [ 80.101762535938406, 8.156489039853394 ], [ 80.101924326938104, 8.156665757853148 ], [ 80.102032223937812, 8.156761638853011 ], [ 80.102074152937732, 8.156818529852982 ], [ 80.10207101593771, 8.156899273852895 ], [ 80.102034877937797, 8.156970989852796 ], [ 80.101986707937897, 8.157057640852706 ], [ 80.101875559938165, 8.157111288852668 ], [ 80.10178548693834, 8.157126093852643 ], [ 80.10164443693867, 8.157110906852708 ], [ 80.101545449938882, 8.157071864852742 ], [ 80.101345093939258, 8.156964172852929 ], [ 80.101254554939487, 8.156915867852986 ], [ 80.101125520939775, 8.156894719853003 ], [ 80.101017389940012, 8.156939400852988 ], [ 80.100855069940337, 8.157079693852866 ], [ 80.100785898940472, 8.157160328852743 ], [ 80.100740694940569, 8.157267917852662 ], [ 80.100701179940657, 8.157563930852303 ], [ 80.10068902894065, 8.157650639852219 ], [ 80.100550735940999, 8.157782001852084 ], [ 80.100418476941257, 8.157895427851958 ], [ 80.10034926994139, 8.157996996851898 ], [ 80.100307067941486, 8.158104591851751 ], [ 80.100282511941487, 8.158430534851385 ], [ 80.100264346941557, 8.15852321685129 ], [ 80.100228168941612, 8.158618857851215 ], [ 80.100074836941914, 8.158768137851025 ], [ 80.099866244942362, 8.158955652850835 ], [ 80.099789255942568, 8.15902486385081 ], [ 80.099714160942696, 8.159057635850782 ], [ 80.099621145942919, 8.159036546850789 ], [ 80.099543189943034, 8.158985575850851 ], [ 80.099501260943185, 8.158928683850949 ], [ 80.0994923759432, 8.158856892851047 ], [ 80.09948946494319, 8.158803055851116 ], [ 80.099453470943303, 8.158788041851093 ], [ 80.099396395943387, 8.158814863851067 ], [ 80.099330299943503, 8.158850641851078 ], [ 80.09924612094369, 8.15893125085101 ], [ 80.099209990943748, 8.158996985850901 ], [ 80.099197609943772, 8.159221265850649 ], [ 80.099200271943744, 8.1594246378504 ], [ 80.099158038943855, 8.159550175850283 ], [ 80.099067835944041, 8.15964273685022 ], [ 80.098866452944463, 8.159806890850012 ], [ 80.098803859944596, 8.159832874850041 ], [ 80.098737293944751, 8.15986050785002 ], [ 80.098557122945124, 8.159905068849977 ], [ 80.098241887945804, 8.159943423849997 ], [ 80.098094749946128, 8.159979066849971 ], [ 80.097947449946446, 8.160110411849843 ], [ 80.097836094946686, 8.160286677849642 ], [ 80.097799890946717, 8.160397272849538 ], [ 80.097763434946813, 8.160657400849233 ], [ 80.097748135946844, 8.160830834849072 ], [ 80.097699684946875, 8.161084961848736 ], [ 80.097680116946933, 8.161423075848399 ], [ 80.097676021946924, 8.161574277848207 ], [ 80.097689314946891, 8.161666173848115 ], [ 80.097714195946821, 8.161721721848027 ], [ 80.097762169946705, 8.161752426848013 ], [ 80.09781016694663, 8.161769732847953 ], [ 80.097904226946412, 8.161811997847874 ], [ 80.098013661946169, 8.161850460847827 ], [ 80.098159545945862, 8.161919607847754 ], [ 80.098213267945752, 8.161959891847669 ], [ 80.09834853994542, 8.16209859084748 ], [ 80.09836285194541, 8.162113263847472 ], [ 80.098418417945297, 8.162199487847392 ], [ 80.098452893945208, 8.162260794847327 ], [ 80.098473903945177, 8.162333562847238 ], [ 80.098467640945131, 8.162632141846897 ], [ 80.098442525945217, 8.162716318846769 ], [ 80.098425082945255, 8.162808162846664 ], [ 80.098421380945226, 8.16287433884661 ], [ 80.098413200945231, 8.163020600846423 ], [ 80.098422687945202, 8.163091435846374 ], [ 80.098430287945206, 8.163141212846275 ], [ 80.098480081945084, 8.16323317084621 ], [ 80.098481874945094, 8.163309733846114 ], [ 80.098468343945086, 8.163359476846036 ], [ 80.098343234945347, 8.163502821845913 ], [ 80.098287386945486, 8.163585031845848 ], [ 80.098246843945546, 8.163705548845689 ], [ 80.098154273945738, 8.163919766845453 ], [ 80.098108023945869, 8.164005821845359 ], [ 80.098017503946039, 8.164143481845219 ], [ 80.097934782946183, 8.164212248845171 ], [ 80.097781021946531, 8.164257929845103 ], [ 80.09766953994675, 8.164294111845111 ], [ 80.09753886094704, 8.164322604845095 ], [ 80.09747928894717, 8.164333989845087 ], [ 80.097394737947369, 8.164349160845058 ], [ 80.09736008394745, 8.164393125845043 ], [ 80.097352323947447, 8.164439049844994 ], [ 80.097363717947431, 8.164517543844886 ], [ 80.097361154947407, 8.164900347844481 ], [ 80.097366827947354, 8.164953948844405 ], [ 80.097456796947199, 8.165145503844188 ], [ 80.097468245947155, 8.165191458844093 ], [ 80.09748533294713, 8.16531207184399 ], [ 80.097498686947063, 8.165367600843933 ], [ 80.097521655947006, 8.165417403843838 ], [ 80.09759439294686, 8.165574475843629 ], [ 80.097624962946782, 8.165674056843542 ], [ 80.097622906946754, 8.165754442843427 ], [ 80.097603596946811, 8.16581374584336 ], [ 80.097543980946952, 8.165851926843363 ], [ 80.097469013947062, 8.165878598843335 ], [ 80.097417061947198, 8.165928276843269 ], [ 80.097376597947289, 8.166000942843185 ], [ 80.097238532947586, 8.166280640842931 ], [ 80.097069876947899, 8.166615315842551 ], [ 80.096847332948371, 8.166866161842272 ], [ 80.096642878948828, 8.167069186842092 ], [ 80.096631013948823, 8.167107377842035 ], [ 80.096618733948887, 8.167146904842003 ], [ 80.096618211948822, 8.167457933841639 ], [ 80.096624084948814, 8.167535701841588 ], [ 80.096671980948713, 8.167613539841474 ], [ 80.096827845948383, 8.167745389841301 ], [ 80.097025530947946, 8.167855536841133 ], [ 80.097121407947697, 8.167960968841001 ], [ 80.097178870947587, 8.168061550840886 ], [ 80.097197880947576, 8.168181209840757 ], [ 80.097174641947547, 8.168571191840316 ], [ 80.097153402947598, 8.168927608839892 ], [ 80.097119455947634, 8.169123740839657 ], [ 80.097066334947726, 8.16929687283951 ], [ 80.097027859947815, 8.169478357839298 ], [ 80.09701779494786, 8.169602079839169 ], [ 80.096983911947902, 8.16975993183897 ], [ 80.096932792948024, 8.169884976838837 ], [ 80.096882122948131, 8.170028444838712 ], [ 80.096853339948169, 8.170132319838574 ], [ 80.096853827948166, 8.170209555838468 ], [ 80.096854313948157, 8.170286792838409 ], [ 80.096871029948119, 8.170394961838269 ], [ 80.096894985948055, 8.170469572838188 ], [ 80.096965490947909, 8.170571549838042 ], [ 80.097020353947769, 8.170652231837975 ], [ 80.097063505947673, 8.170695369837887 ], [ 80.097178631947386, 8.170778103837764 ], [ 80.097356120947012, 8.170904008837597 ], [ 80.097390880946918, 8.170936713837573 ], [ 80.097417258946891, 8.170961531837532 ], [ 80.097481788946723, 8.171144667837343 ], [ 80.097607376946442, 8.171431982836976 ], [ 80.097704397946202, 8.171572108836822 ], [ 80.097790683946016, 8.171669149836704 ], [ 80.097963098945641, 8.171956542836297 ], [ 80.098124751945278, 8.172218794836006 ], [ 80.098160615945176, 8.172312163835906 ], [ 80.098153068945194, 8.17251671383565 ], [ 80.098156459945187, 8.172642328835506 ], [ 80.098242704944965, 8.172764490835377 ], [ 80.09826423194491, 8.172814770835299 ], [ 80.098260220944923, 8.173058802835037 ], [ 80.098256341944904, 8.173223881834849 ], [ 80.098288566944873, 8.173338778834715 ], [ 80.098371065944661, 8.173547066834475 ], [ 80.09848248194443, 8.173694393834268 ], [ 80.098622739944119, 8.173827413834116 ], [ 80.098788199943741, 8.173967651833904 ], [ 80.098950075943392, 8.174097118833751 ], [ 80.099086803943067, 8.174187066833616 ], [ 80.099122667943007, 8.174280435833511 ], [ 80.099115103942978, 8.174495752833234 ], [ 80.099038948943118, 8.174800674832897 ], [ 80.099013427943163, 8.174983661832714 ], [ 80.099020499943165, 8.175062626832624 ], [ 80.099052623943066, 8.175238533832442 ], [ 80.099126760942909, 8.175400654832204 ], [ 80.09914952394287, 8.175450433832141 ], [ 80.099224982942701, 8.175578149831988 ], [ 80.099242913942646, 8.175608497831949 ], [ 80.099620500941825, 8.175985950831455 ], [ 80.099775022941472, 8.176205124831185 ], [ 80.099874062941211, 8.176434537830898 ], [ 80.099900608941155, 8.176496028830826 ], [ 80.099967154941027, 8.176783293830484 ], [ 80.100007895940891, 8.176959163830302 ], [ 80.100146857940516, 8.177867364829256 ], [ 80.100167962940489, 8.178059520829002 ], [ 80.10021900694035, 8.17852428682852 ], [ 80.100224915940359, 8.178578079828402 ], [ 80.100245902940244, 8.178951351828022 ], [ 80.100277787940172, 8.179270809827633 ], [ 80.100338548940002, 8.179554426827281 ], [ 80.100344999940035, 8.17957924982724 ], [ 80.100400710939851, 8.179793645827033 ], [ 80.100411904939861, 8.179836723826954 ], [ 80.100513309939629, 8.180085715826682 ], [ 80.100682152939243, 8.180214236826476 ], [ 80.100912576938725, 8.180281610826388 ], [ 80.101076991938399, 8.180308516826351 ], [ 80.101394060937736, 8.180360402826238 ], [ 80.101830699936755, 8.180388404826104 ], [ 80.102045735936272, 8.180467236826024 ], [ 80.10226834893578, 8.180643030825761 ], [ 80.102344400935635, 8.180710162825701 ], [ 80.1023900789355, 8.180824535825533 ], [ 80.102390850935507, 8.180936334825432 ], [ 80.102342903935579, 8.181032608825321 ], [ 80.101693724936936, 8.18150884582486 ], [ 80.101666134937005, 8.181543087824855 ], [ 80.101462709937451, 8.181795567824571 ], [ 80.101441897937477, 8.181889386824485 ], [ 80.101429549937507, 8.182238731824054 ], [ 80.101396388937573, 8.182681894823551 ], [ 80.101393755937565, 8.182705461823559 ], [ 80.101315740937693, 8.183403974822744 ], [ 80.101215685937888, 8.183611642822555 ], [ 80.101165003937979, 8.18376228982239 ], [ 80.101158245937953, 8.183815162822292 ], [ 80.10114030793801, 8.183955500822181 ], [ 80.100836605938625, 8.18462610382141 ], [ 80.100907891938405, 8.185078413820897 ], [ 80.101152435937905, 8.185319269820591 ], [ 80.10146920993725, 8.185448992820378 ], [ 80.101572471936976, 8.185571392820233 ], [ 80.101563145936993, 8.185675588820114 ], [ 80.101514587937103, 8.185795611820003 ], [ 80.101446576937221, 8.186059053819719 ], [ 80.101420526937233, 8.186322983819442 ], [ 80.101419154937247, 8.186336888819373 ], [ 80.101404457937292, 8.186509127819228 ], [ 80.10140022593724, 8.186885945818752 ], [ 80.101399983937213, 8.187194453818444 ], [ 80.101394003937244, 8.187340173818258 ], [ 80.101453267937146, 8.187488866818105 ], [ 80.101684562936569, 8.188069184817355 ], [ 80.10174794493642, 8.188941372816371 ], [ 80.101788988936306, 8.189093163816198 ], [ 80.101838102936171, 8.189274793815967 ], [ 80.101862506936087, 8.189365042815902 ], [ 80.101472646936912, 8.189856063815359 ], [ 80.101112348937718, 8.1899021188154 ], [ 80.100593835938824, 8.189779238815568 ], [ 80.100387405939273, 8.189756510815654 ], [ 80.100185442939704, 8.18989972781554 ], [ 80.100002465940079, 8.190176958815233 ], [ 80.099653225940799, 8.190800270814591 ], [ 80.099438709941211, 8.191122360814255 ], [ 80.099070520942007, 8.191675184813692 ], [ 80.098875222942397, 8.192173331813125 ], [ 80.098788157942579, 8.192536852812722 ], [ 80.098751470942574, 8.192898437812326 ], [ 80.098708033942671, 8.193161676812021 ], [ 80.098715493942635, 8.193540760811619 ], [ 80.098723019942597, 8.193879518811231 ], [ 80.098831752942303, 8.19442740581057 ], [ 80.098873978942208, 8.195023218809904 ], [ 80.098857797942202, 8.195573467809236 ], [ 80.098800477942319, 8.195960508808808 ], [ 80.098613615942668, 8.196355399808432 ], [ 80.098394357943164, 8.196758300807979 ], [ 80.098199235943525, 8.197249961807458 ], [ 80.098113086943727, 8.197507150807144 ], [ 80.098054201943796, 8.197682946806966 ], [ 80.098109546943704, 8.197628882807035 ], [ 80.098417557943066, 8.197403566807234 ], [ 80.098904727942013, 8.197149824807463 ], [ 80.098953069941913, 8.197136265807448 ], [ 80.099235197941297, 8.19705713580753 ], [ 80.099414226940894, 8.197027715807506 ], [ 80.099710828940317, 8.196978974807518 ], [ 80.099977469939731, 8.196936352807558 ], [ 80.100309153939023, 8.196771819807665 ], [ 80.100691142938203, 8.196683931807708 ] ] ] ] } }
]
}
