{
"type": "FeatureCollection",
"name": "NorthWestern_Province",
"crs": { "type": "name", "properties": { "name": "urn:ogc:def:crs:EPSG::5235" } },
"features": [
{ "type": "Feature", "properties": { "ADM2_EN": "Kurunegala", "ADM2_SI": "කුරුණෑගල දිස්ත්‍ර", "ADM1_EN": "North Western", "ADM1_SI": "වයඹ පළාත", "Shape_Leng": 3.7597207446900001, "Shape_Area": 0.4021177732, "Value": 0.6 }, "geometry": { "type": "MultiPolygon", "coordinates": [ [ [ [ 425843.229315261298325, 632307.354617755161598 ], [ 425914.013883839827031, 632296.769852004130371 ], [ 425976.198753678065259, 632302.061294640996493 ], [ 426014.357942725066096, 632308.818435686524026 ], [ 426047.645057357149199, 632317.274981950642541 ], [ 426072.122068895434495, 632317.274670369341038 ], [ 426099.906653029785957, 632313.966928000911139 ], [ 426130.672602774982806, 632305.473309472086839 ], [ 426173.337192923645489, 632276.260525657678954 ], [ 426205.752406362618785, 632251.784537725616246 ], [ 426248.090520396071952, 632214.078404268831946 ], [ 426288.444003757846076, 632175.710960345808417 ], [ 426337.397476554091554, 632134.035708002862521 ], [ 426396.274002509075217, 632091.698874297435395 ], [ 426428.689246934722178, 632065.23845824226737 ], [ 426456.473772536846809, 632043.408514261594974 ], [ 426474.335125206562225, 632033.485770952538587 ], [ 426500.135088477632962, 632022.240049274289049 ], [ 426543.796534867666196, 632011.65561218210496 ], [ 426579.519614367629401, 632001.071150489617139 ], [ 426606.642542341258377, 631987.840782021638006 ], [ 426636.41158296429785, 631964.026367858750746 ], [ 426658.242180539295077, 631933.597029932891019 ], [ 426676.103398117295001, 631901.183159218053333 ], [ 426684.438495891983621, 631876.045958445058204 ], [ 426684.835017549688928, 631842.706338894320652 ], [ 426678.880761134321801, 631801.428637101547793 ], [ 426676.263753888255451, 631791.1249375322368 ], [ 426672.52973453339655, 631776.423875949461944 ], [ 426657.843359468737617, 631754.594405443174765 ], [ 426649.507386138255242, 631745.183632726664655 ], [ 426633.2337364385603, 631726.811548013938591 ], [ 426602.273377809382509, 631692.678318997728638 ], [ 426578.060611822642386, 631656.957479298580438 ], [ 426560.463138940569479, 631611.843276474042796 ], [ 426551.465963462600484, 631580.620452935341746 ], [ 426539.822304424480535, 631529.817119513521902 ], [ 426541.938812002190389, 631490.656050756108016 ], [ 426547.230934123508632, 631468.958835812169127 ], [ 426559.932317890517879, 631443.556893608998507 ], [ 426584.276589145069011, 631409.158561272430234 ], [ 426617.617834445205517, 631383.756516624125652 ], [ 426716.718532610684633, 631327.423096208018251 ], [ 426745.161972269415855, 631311.254498191876337 ], [ 426811.31553390994668, 631277.384879571036436 ], [ 426931.450818845594767, 631246.160611312137917 ], [ 427016.656833391403779, 631222.874861223157495 ], [ 427073.627551107783802, 631201.066300448961556 ], [ 427084.398199450806715, 631196.943271205294877 ], [ 427161.136424717726186, 631158.310600178549066 ], [ 427221.468408663524315, 631122.853484349441715 ], [ 427305.615920145646669, 631090.571137672406621 ], [ 427373.357324373384472, 631068.344036521739326 ], [ 427446.920365958241746, 631050.350426123128273 ], [ 427542.181893935543485, 631028.122879284783266 ], [ 427579.187791156349704, 631019.41564773907885 ], [ 427587.166344722383656, 631017.53840086737182 ], [ 427619.978676264523529, 631005.895502159139141 ], [ 427659.141567449900322, 630988.431514725787565 ], [ 427680.839870334777515, 630970.967496322467923 ], [ 427705.184333695564419, 630952.445311348419636 ], [ 427732.174922405160032, 630923.338842743076384 ], [ 427761.282224528607912, 630886.294370497111231 ], [ 427768.988277744268999, 630869.296203271835111 ], [ 427779.27572485426208, 630846.603982285130769 ], [ 427785.626152905810159, 630818.02707822364755 ], [ 427793.564155086118262, 630770.92796272225678 ], [ 427795.680924600514118, 630757.168719466775656 ], [ 427799.914572636189405, 630743.409447355894372 ], [ 427807.323722357163206, 630729.120885200449266 ], [ 427816.849790148669854, 630713.773912471951917 ], [ 427824.7879176576389, 630684.667778500122949 ], [ 427833.255445140064694, 630664.557931208051741 ], [ 427857.070382157049607, 630622.221529604750685 ], [ 427871.888642622565385, 630600.524039478856139 ], [ 427890.940633665770292, 630564.538104981533252 ], [ 427932.724587750155479, 630533.554225435247645 ], [ 427976.663507068471517, 630524.693954061134718 ], [ 427977.939434689760674, 630524.436624981462955 ], [ 427981.893235339899547, 630523.639327891403809 ], [ 427992.973747625132091, 630521.404869083547965 ], [ 428000.622595317487139, 630519.862457318231463 ], [ 428006.070192402403336, 630519.293539469013922 ], [ 428049.180314821016509, 630514.791537752840668 ], [ 428086.755036844231654, 630510.190309727797285 ], [ 428091.530111730098724, 630509.60568609344773 ], [ 428101.045007072971202, 630508.440479099517688 ], [ 428150.263410957995802, 630492.563909292570315 ], [ 428248.151188769552391, 630454.946488885092549 ], [ 428259.031124540895689, 630451.524536098586395 ], [ 428296.711615026812069, 630439.672899562981911 ], [ 428330.763061254750937, 630425.70532532420475 ], [ 428342.349714686104562, 630420.952468601171859 ], [ 428384.57989022944821, 630411.990432564984076 ], [ 428415.433489815273788, 630409.786439606221393 ], [ 428417.92132788465824, 630409.608669437584467 ], [ 428459.598406011529732, 630410.005053827771917 ], [ 428535.807872198522091, 630412.385668459697627 ], [ 428580.275732372363564, 630412.97042068245355 ], [ 428596.140234257967677, 630413.178927503060549 ], [ 428647.343440382217523, 630413.972178761381656 ], [ 428675.524962682975456, 630413.17810470610857 ], [ 428721.008424179861322, 630405.547451694728807 ], [ 428788.782927085761912, 630391.449475980247371 ], [ 428794.998733707994688, 630390.156468779197894 ], [ 428814.157122327946126, 630387.994150537066162 ], [ 428829.48727160890121, 630386.264008929836564 ], [ 428902.300405506393872, 630386.053980673197657 ], [ 428955.223586360865738, 630381.290587236406282 ], [ 429001.795791288488545, 630374.410516424220987 ], [ 429040.429814360511955, 630372.822532872320153 ], [ 429094.940752716036513, 630377.055546212126501 ], [ 429146.80538882809924, 630374.938154214993119 ], [ 429208.196164230583236, 630374.937596131465398 ], [ 429227.777725409832783, 630370.174503429559991 ], [ 429271.703797768277582, 630355.356452346080914 ], [ 429287.051407611405011, 630350.064222419867292 ], [ 429302.399127268814482, 630343.184426447143778 ], [ 429318.805283436086029, 630338.950666314805858 ], [ 429334.15293915924849, 630333.129152481327765 ], [ 429352.179006686317734, 630322.674469546996988 ], [ 429360.614403230661992, 630317.782157082227059 ], [ 429390.780305861611851, 630297.672080214135349 ], [ 429415.654128857539035, 630286.029334345948882 ], [ 429437.881636011647061, 630275.445114483824 ], [ 429451.641617265006062, 630264.331730618956499 ], [ 429471.223005840089172, 630248.984724272391759 ], [ 429482.336715756449848, 630235.225306870182976 ], [ 429493.979642676189542, 630223.582695099292323 ], [ 429513.561165194550995, 630211.410851651453413 ], [ 429523.087138435046654, 630199.239114570082165 ], [ 429541.080796431866474, 630181.246068319538608 ], [ 429543.148869050550275, 630180.064288739580661 ], [ 429555.899252602423076, 630172.77864538365975 ], [ 429578.12694984668633, 630163.781963071785867 ], [ 429579.706012092356104, 630163.512365487171337 ], [ 429599.825452079006936, 630160.077373086707667 ], [ 429615.527984193526208, 630153.680202874587849 ], [ 429628.403724375995807, 630148.434612308279611 ], [ 429673.388337405747734, 630138.908532020985149 ], [ 429715.197522212634794, 630129.911536804400384 ], [ 429785.585214966034982, 630119.855948694050312 ], [ 429824.21917111397488, 630118.797193684848025 ], [ 429860.206924388068728, 630115.621595768257976 ], [ 429875.02533606288489, 630111.387915992643684 ], [ 429895.665182027907576, 630101.861963088740595 ], [ 429912.600648067367729, 630094.453009227872826 ], [ 429924.243656190461479, 630084.927171491552144 ], [ 429930.065043489215896, 630074.87230038898997 ], [ 429934.827947549521923, 630063.229767913697287 ], [ 429940.120217525283806, 630051.587282513501123 ], [ 429944.883176982286386, 630044.707570525351912 ], [ 429959.701524484727997, 630033.594233082141727 ], [ 429973.990648462320678, 630023.539233818650246 ], [ 429998.864470827276818, 630016.659326948574744 ], [ 430027.443029015790671, 630010.308625536970794 ], [ 430085.658197415352333, 629992.844338278286159 ], [ 430138.581320166937076, 629979.084520964999683 ], [ 430156.607542286452372, 629975.927257964853197 ], [ 430171.014288776088506, 629973.404107574140653 ], [ 430232.255147919408046, 629962.678236790350638 ], [ 430306.347467127023265, 629950.50588146073278 ], [ 430373.559714321861975, 629940.979479047353379 ], [ 430433.362769883475266, 629932.511597461532801 ], [ 430491.578280766378157, 629927.748184462659992 ], [ 430498.693584254710004, 629927.373595686629415 ], [ 430541.855227571621072, 629925.10157193383202 ], [ 430673.104659098316915, 629924.04180549911689 ], [ 430790.594093079678714, 629928.803355009760708 ], [ 430806.238754428457469, 629928.662316925125197 ], [ 430849.338869834027719, 629928.273540376452729 ], [ 430872.624977420433424, 629926.685744277434424 ], [ 430943.012728925677948, 629912.925724662025459 ], [ 430994.877285568742082, 629904.457953358534724 ], [ 431061.560333311907016, 629886.464424146572128 ], [ 431110.249538736534305, 629873.76303250330966 ], [ 431152.058546393644065, 629856.298866862431169 ], [ 431195.455426415603142, 629835.130275941919535 ], [ 431238.852148940553889, 629810.786599663784727 ], [ 431269.018154482357204, 629792.79343414271716 ], [ 431281.887334530707449, 629784.643184329848737 ], [ 431300.77174684725469, 629772.68339450401254 ], [ 431323.52855937811546, 629754.690273200627416 ], [ 431349.989879278989974, 629733.52192687347997 ], [ 431375.92204808734823, 629704.944675331236795 ], [ 431398.678726592566818, 629675.309232530300505 ], [ 431430.43208977865288, 629635.618665376445279 ], [ 431448.954858503479045, 629595.928269846132025 ], [ 431456.893083013303112, 629580.58134611567948 ], [ 431468.53594320837874, 629557.29639250645414 ], [ 431471.743755264440551, 629549.812120027607307 ], [ 431481.175271406536922, 629527.805402796366252 ], [ 431487.587830188451335, 629512.843169406754896 ], [ 431495.526143263909034, 629493.262638534419239 ], [ 431506.639743309409823, 629469.448445333749987 ], [ 431545.80233987577958, 629417.58624887210317 ], [ 431563.266688440518919, 629395.359439103631303 ], [ 431591.845034099533223, 629371.545148265431635 ], [ 431631.007961573137436, 629346.672188721480779 ], [ 431697.161572291632183, 629317.036171468207613 ], [ 431726.026508154871408, 629302.917895857593976 ], [ 431745.850605212035589, 629293.22159891447518 ], [ 431810.416517537203617, 629256.176704647019506 ], [ 431838.994741444825195, 629237.654359641717747 ], [ 431860.69316489592893, 629220.719680682756007 ], [ 431884.508214660687372, 629191.613312336034141 ], [ 431907.794164168532006, 629170.974114564945921 ], [ 431931.08019405050436, 629152.451792414300144 ], [ 431952.249310662853532, 629138.163143045152538 ], [ 431968.126138645980973, 629126.520501909777522 ], [ 431986.119772239297163, 629107.469083907315508 ], [ 432010.99344871158246, 629082.067142310203053 ], [ 432027.92867765610572, 629059.840474064578302 ], [ 432048.039151967153884, 629030.204958771239035 ], [ 432057.565162194659933, 629016.445507992757484 ], [ 432065.503394740924705, 628998.452561654499732 ], [ 432072.912447637121659, 628975.696855876012705 ], [ 432093.419786999642383, 628937.858627627952956 ], [ 432094.594415440806188, 628936.46390741050709 ], [ 432114.588736289413646, 628912.721447566407733 ], [ 432143.696153966011479, 628881.630506481509656 ], [ 432178.757551841437817, 628861.123509431374259 ], [ 432216.465224492072593, 628848.554617338464595 ], [ 432250.865131180966273, 628837.308644670294598 ], [ 432298.495837832277175, 628823.416553665534593 ], [ 432334.880422923015431, 628809.52466480305884 ], [ 432365.31103845522739, 628797.61731062666513 ], [ 432401.033944908063859, 628779.756313348072581 ], [ 432435.433844177459832, 628760.572351177223027 ], [ 432482.402961540792603, 628738.080775669543073 ], [ 432520.772072714345995, 628729.480770978261717 ], [ 432549.350569971371442, 628722.600940814707428 ], [ 432595.922885289066471, 628715.191541733802296 ], [ 432706.181529834051616, 628663.332114040269516 ], [ 432920.346451471676119, 628579.334389186697081 ], [ 432933.735946596716531, 628577.807842170353979 ], [ 432972.734363887866493, 628573.361490938346833 ], [ 433044.70966753148241, 628554.309426057850942 ], [ 433072.229540951666422, 628538.433052254607901 ], [ 433119.093479527684394, 628527.902521528536454 ], [ 433173.186335037928075, 628515.747477611410432 ], [ 433211.85340556234587, 628517.772072748513892 ], [ 433234.103708426991943, 628518.937139338813722 ], [ 433314.233321244944818, 628505.165323118679225 ], [ 433320.206371727283113, 628503.715751350158826 ], [ 433360.06490461982321, 628494.043166573974304 ], [ 433407.034162942436524, 628487.75844520679675 ], [ 433449.372702057356946, 628485.442715136683546 ], [ 433488.734263051417656, 628484.780764264753088 ], [ 433517.511354110494722, 628495.364537044311874 ], [ 433543.973005493695382, 628504.625241019413806 ], [ 433567.126911923580337, 628508.594081719988026 ], [ 433602.85012509021908, 628515.208714926033281 ], [ 433605.859362381161191, 628515.666593034286052 ], [ 433648.496461280621588, 628522.15400426927954 ], [ 433688.188977384706959, 628533.399137140484527 ], [ 433742.43544985097833, 628557.874081443995237 ], [ 433774.189424779382534, 628575.072864085203037 ], [ 433791.058825296233408, 628582.349197427160107 ], [ 433806.605087339645252, 628582.679750105948187 ], [ 433816.528129635495134, 628576.395424518617801 ], [ 433833.06641152955126, 628559.196118832333013 ], [ 433845.304708735318854, 628544.973650049534626 ], [ 433855.889274494140409, 628537.366432354785502 ], [ 433878.381494335015304, 628535.712340530240908 ], [ 433907.820082443708088, 628534.719746552640572 ], [ 433942.550959446874913, 628540.342121147783473 ], [ 433978.935697923821863, 628544.972253189538606 ], [ 434033.843662985833362, 628555.886459492146969 ], [ 434086.436060463776812, 628567.462313794763759 ], [ 434111.038275835802779, 628571.362147014238872 ], [ 434113.559251019381918, 628571.761839213082567 ], [ 434153.58255772391567, 628577.714805924450047 ], [ 434172.767166604753584, 628582.675899402471259 ], [ 434193.605686948634684, 628587.636976818321273 ], [ 434238.921275225700811, 628591.274752633180469 ], [ 434292.836667451250833, 628592.597168225096539 ], [ 434321.613568358356133, 628589.950920140487142 ], [ 434349.398233778018039, 628583.335556158912368 ], [ 434412.575031436455902, 628562.828349546995014 ], [ 434464.505676631815732, 628546.620902071124874 ], [ 434532.974940478394274, 628527.105801790836267 ], [ 434572.997858898015693, 628513.875321815256029 ], [ 434605.743874892010354, 628499.321985819842666 ], [ 434663.297566722845659, 628474.515101809171028 ], [ 434709.935923070239369, 628454.338744165492244 ], [ 434734.743621842295397, 628445.738902450306341 ], [ 434754.920478273648769, 628439.45440280251205 ], [ 434767.820340854872484, 628434.4930281144334 ], [ 434785.681891501764767, 628424.239580633817241 ], [ 434804.866399243299384, 628412.001492039067671 ], [ 434829.343153445748612, 628390.171682962332852 ], [ 434856.13531873683678, 628369.664820386329666 ], [ 434881.273649247305002, 628354.450044455938041 ], [ 434898.658609623380471, 628336.662019145092927 ], [ 434909.05799811356701, 628328.65112631348893 ], [ 434914.680983208061662, 628320.051601194543764 ], [ 434920.965505074593239, 628306.821483729640022 ], [ 434921.545429624093231, 628299.74547930713743 ], [ 434922.619109046238009, 628286.645552617963403 ], [ 434923.611018372233957, 628245.029259755741805 ], [ 434923.610911934054457, 628238.20371465338394 ], [ 434922.514770863344893, 628217.852884115767665 ], [ 434919.905594748794101, 628169.407488512690179 ], [ 434910.322052292467561, 628127.973944692523219 ], [ 434903.498696426104289, 628105.903409161604941 ], [ 434899.236127200128976, 628094.448642576346174 ], [ 434886.562912757159211, 628060.392176432185806 ], [ 434863.585336609918159, 628026.857921560178511 ], [ 434851.1038246723474, 628010.647596995928325 ], [ 434832.505720492918044, 627978.155003093648702 ], [ 434830.463374535436742, 627965.136407186160795 ], [ 434826.703006063355133, 627912.504238423192874 ], [ 434826.228767598455306, 627905.865849227993749 ], [ 434829.403771456156392, 627863.529706813278608 ], [ 434840.67841894319281, 627798.443852590280585 ], [ 434841.046110908559058, 627796.320821884437464 ], [ 434853.747144492401276, 627737.579337201896124 ], [ 434865.38954129058402, 627677.779276135261171 ], [ 434873.279915160732344, 627653.724005299969576 ], [ 434887.087405741447583, 627611.628946678247303 ], [ 434910.202865492901765, 627532.302120584296063 ], [ 434910.37281575059751, 627531.719049068517052 ], [ 434929.953661434876267, 627471.389797269832343 ], [ 434945.301067209162284, 627431.699552816106007 ], [ 434961.177622145100031, 627398.888825906789862 ], [ 434987.10962839180138, 627363.961226598243229 ], [ 435015.687792140466627, 627334.854781129863113 ], [ 435041.652384256361984, 627324.004352375282906 ], [ 435051.146188720420469, 627320.036882874905132 ], [ 435074.961567201127764, 627311.569348736782558 ], [ 435093.484454452467617, 627299.397428167052567 ], [ 435109.361387098266277, 627287.225737163797021 ], [ 435116.770397907821462, 627278.758342847577296 ], [ 435127.884117172448896, 627261.294482765137218 ], [ 435136.35168699111091, 627250.181170206633396 ], [ 435145.877721183467656, 627240.65552447817754 ], [ 435159.637805337901227, 627234.304881570627913 ], [ 435178.690068378287833, 627233.246206392068416 ], [ 435187.719373621570412, 627233.246173934545368 ], [ 435204.093164231453557, 627233.246031800052151 ], [ 435235.847196418966632, 627232.716483412659727 ], [ 435279.773269233235624, 627230.069933753809892 ], [ 435296.708628159831278, 627230.069780599325895 ], [ 435317.878021411015652, 627235.361607082537375 ], [ 435339.576580168970395, 627247.003878986113705 ], [ 435348.605931865109596, 627252.936936245067045 ], [ 435358.099880204768851, 627259.17532712186221 ], [ 435382.444706901616883, 627275.05110718368087 ], [ 435405.731063498707954, 627291.456076730624773 ], [ 435423.725049143482465, 627301.51080941548571 ], [ 435445.423562126467004, 627305.7441073092632 ], [ 435466.354832696728408, 627310.480289060738869 ], [ 435495.727356114715803, 627329.53121623781044 ], [ 435507.03538983449107, 627336.105189535301179 ], [ 435512.795119339425582, 627339.453623395645991 ], [ 435569.952350898762234, 627362.473290006513707 ], [ 435600.118701387662441, 627373.586250601802021 ], [ 435620.361857634386979, 627377.952021035715006 ], [ 435631.872668722120579, 627377.951792328269221 ], [ 435646.161904985259753, 627376.364074792829342 ], [ 435677.518817592703272, 627370.013280016253702 ], [ 435712.718472244683653, 627362.998803357244469 ], [ 435769.917724159371573, 627351.600464576506056 ], [ 435787.069462295097765, 627348.182548678480089 ], [ 435812.472469871514477, 627342.625676992116496 ], [ 435829.540181375865359, 627334.290525790071115 ], [ 435845.128679947811179, 627323.722451871261001 ], [ 435852.958600996702444, 627318.414201179984957 ], [ 435868.041555642033927, 627310.079171656514518 ], [ 435883.918478762730956, 627307.300702298991382 ], [ 435912.496866404078901, 627299.759146495955065 ], [ 435940.281507546373177, 627292.217760759987868 ], [ 435952.982977203617338, 627283.485857481718995 ], [ 435962.112122298567556, 627273.960086642648093 ], [ 435968.859651514329016, 627266.021989440312609 ], [ 435978.385779566364363, 627259.274610726744868 ], [ 435999.422678213624749, 627255.305289986426942 ], [ 436018.078175653645303, 627254.908224995015189 ], [ 436046.259870306355879, 627263.24295323388651 ], [ 436047.31654094485566, 627263.689659957890399 ], [ 436095.081601029203739, 627283.881199451163411 ], [ 436134.774208935792558, 627305.313531450228766 ], [ 436168.909883437678218, 627321.189226048649289 ], [ 436208.602374015608802, 627330.714380470803007 ], [ 436208.609212147537619, 627330.718462546938099 ], [ 436228.448691018682439, 627342.62128039682284 ], [ 436246.310305179504212, 627356.115716613247059 ], [ 436259.408960304514039, 627367.625681586214341 ], [ 436266.553716734517366, 627383.104732449632138 ], [ 436276.477077700255904, 627404.934307348798029 ], [ 436289.97261382493889, 627420.413305104826577 ], [ 436305.45282629551366, 627431.923288889694959 ], [ 436330.855901853297837, 627441.845635528326966 ], [ 436349.114459107397124, 627445.417431036476046 ], [ 436368.563749654800631, 627445.417168036918156 ], [ 436403.493038236454595, 627443.432364392210729 ], [ 436462.634591000445653, 627439.462710335152224 ], [ 436502.723917015653569, 627435.890120373573154 ], [ 436532.800957547035068, 627432.798040634719655 ], [ 436545.194689303811174, 627431.523868048680015 ], [ 436566.363967256678734, 627429.539088241755962 ], [ 436579.925488822278567, 627429.208264759159647 ], [ 436594.479369771666825, 627429.208024125313386 ], [ 436608.040876658051275, 627429.869331112946384 ], [ 436632.517862993758172, 627433.83811552322004 ], [ 436664.933494039578363, 627438.13763595034834 ], [ 436695.36427278094925, 627445.083053486188874 ], [ 436731.749134908604901, 627459.30491852061823 ], [ 436759.533934720850084, 627468.565638653934002 ], [ 436778.387765469553415, 627472.865228157257661 ], [ 436793.41069182055071, 627476.157593918731436 ], [ 436802.534126889659092, 627478.157034851144999 ], [ 436838.784375715069473, 627483.639525559497997 ], [ 436841.895693146332633, 627484.110087037319317 ], [ 436856.449560781125911, 627485.43305435043294 ], [ 436885.888134912820533, 627484.771165761048906 ], [ 436912.680450702027883, 627486.755437611602247 ], [ 436951.380561015103012, 627488.739492397173308 ], [ 436984.788306634291075, 627490.392910642083734 ], [ 437023.488400540722068, 627491.054015046567656 ], [ 437059.873138260620181, 627491.71512158785481 ], [ 437119.411619555030484, 627493.698944890173152 ], [ 437153.480882288014982, 627491.714068731409498 ], [ 437173.327027441293467, 627488.737230362487026 ], [ 437178.280344544677064, 627487.69440773432143 ], [ 437185.896222750423476, 627486.090983116533607 ], [ 437200.119285413762555, 627481.129586459486745 ], [ 437217.928312592790462, 627471.756689299480058 ], [ 437218.9730851004133, 627471.206894920323975 ], [ 437231.873101888340898, 627463.268697073683143 ], [ 437244.442148318979889, 627452.022943662363105 ], [ 437258.003504742635414, 627436.477521580876783 ], [ 437268.918787964328658, 627419.27840514073614 ], [ 437281.156960634049028, 627392.15654502552934 ], [ 437295.048976618156303, 627359.412066246150061 ], [ 437300.387953642639332, 627349.68359244952444 ], [ 437309.933356869209092, 627332.290346469730139 ], [ 437315.887082148750778, 627321.044679449521936 ], [ 437338.379036539699882, 627284.992645108490251 ], [ 437345.360341857536696, 627276.848078818409704 ], [ 437358.224996384815313, 627261.839828783180565 ], [ 437375.755497796926647, 627233.06425739324186 ], [ 437405.193628736946266, 627200.981114916503429 ], [ 437429.008874524384737, 627173.528449270059355 ], [ 437432.408215972594917, 627169.66985633247532 ], [ 437453.485532565333415, 627145.745080956141464 ], [ 437481.979673998546787, 627106.597941804677248 ], [ 437491.523412817972712, 627093.485982936806977 ], [ 437520.300011502287816, 627057.433833640185185 ], [ 437529.729349735251162, 627048.521442834404297 ], [ 437544.446018681221176, 627034.611702555906959 ], [ 437564.44904753746232, 627018.609759534709156 ], [ 437567.599705084168818, 627016.089359340257943 ], [ 437577.729027450259309, 627006.854172600666061 ], [ 437578.845776674628723, 627005.835929791675881 ], [ 437588.846172950463369, 626992.058142976253293 ], [ 437593.730174023541622, 626985.329274669871666 ], [ 437609.937641393276863, 626960.522720887558535 ], [ 437621.845251921797171, 626942.661972645670176 ], [ 437634.745013281411957, 626925.132051920285448 ], [ 437639.19209968787618, 626920.211981636704877 ], [ 437665.837009958573617, 626890.733538081403822 ], [ 437679.06755773932673, 626873.865171284065582 ], [ 437687.139196013507899, 626860.783974127843976 ], [ 437688.659782360191457, 626858.319731352734379 ], [ 437694.613514106080402, 626846.412567756138742 ], [ 437699.244164529140107, 626835.497723837033845 ], [ 437700.676798831438646, 626829.647613067994826 ], [ 437703.213248643965926, 626819.290991961606778 ], [ 437704.20404910936486, 626817.174309859634377 ], [ 437705.151890917739365, 626815.149479369167238 ], [ 437710.489998344739433, 626803.745602031704038 ], [ 437713.223180796660017, 626799.372611724305898 ], [ 437715.451465028338134, 626795.807540489127859 ], [ 437726.697470280283596, 626784.892594966804609 ], [ 437728.924118305149022, 626782.75172917637974 ], [ 437735.297462968737818, 626776.623626583372243 ], [ 437743.897389395162463, 626767.362540418747813 ], [ 437751.174202483263798, 626757.10920170659665 ], [ 437754.151081662508659, 626747.186593247577548 ], [ 437759.773996878298931, 626731.641321806469932 ], [ 437765.066098802024499, 626716.095851816702634 ], [ 437772.673747733002529, 626707.496287113288417 ], [ 437784.912077837041579, 626692.612373854033649 ], [ 437797.481161782576237, 626675.082422350998968 ], [ 437816.003939367947169, 626645.645333107211627 ], [ 437823.280666993698105, 626627.123166388832033 ], [ 437832.872772175818682, 626606.616505168378353 ], [ 437843.457074393460061, 626583.794543924741447 ], [ 437855.03388654551236, 626559.980293576722033 ], [ 437866.610627297486644, 626544.765559193096124 ], [ 437883.479680208663922, 626527.5663716935087 ], [ 437905.310407944372855, 626514.336137955309823 ], [ 437916.887198537937365, 626501.105989466421306 ], [ 437923.502505989919882, 626488.206595444586128 ], [ 437932.102288491383661, 626476.960872506257147 ], [ 437943.67922183702467, 626469.022772673517466 ], [ 437960.217630657949485, 626460.42303828720469 ], [ 437974.645069567253813, 626455.614140660734847 ], [ 437998.917565525218379, 626447.523397504352033 ], [ 438025.378998309490271, 626440.246554024284706 ], [ 438030.80608038714854, 626436.358642683480866 ], [ 438047.540350563940592, 626424.370246836915612 ], [ 438065.071066022908781, 626412.793696623877622 ], [ 438083.263447331497446, 626406.840045727440156 ], [ 438101.786374585644808, 626403.53240358910989 ], [ 438142.471139431174379, 626400.555187446414493 ], [ 438155.61018421757035, 626397.662932779756375 ], [ 438195.063351561606396, 626388.978290577535518 ], [ 438227.809532659535762, 626381.701449261861853 ], [ 438286.024844532075804, 626376.078067366266623 ], [ 438321.417238017020281, 626372.108735521673225 ], [ 438331.927757043682504, 626369.967675889609382 ], [ 438357.140380840399303, 626364.831726441741921 ], [ 438368.936224745295476, 626361.227531670592725 ], [ 438387.229666795406956, 626355.637936979532242 ], [ 438392.863333611458074, 626353.916610250482336 ], [ 438421.77721430110978, 626343.590468502370641 ], [ 438425.278620277531445, 626342.340017281705514 ], [ 438456.040136191004422, 626330.432528688805178 ], [ 438489.447627519024536, 626309.264094371115789 ], [ 438509.167274439940229, 626295.772124559036456 ], [ 438514.58595727942884, 626292.064773840247653 ], [ 438516.691018615907524, 626290.569644505041651 ], [ 438549.978110568365082, 626266.927379333297722 ], [ 438567.508777790702879, 626257.335388071020134 ], [ 438602.239474195055664, 626245.758714674971998 ], [ 438620.453195283247624, 626238.808832330745645 ], [ 438627.377816324355081, 626236.166624701931141 ], [ 438654.831655893241987, 626223.59787147201132 ], [ 438677.985509319056291, 626217.974814139772207 ], [ 438701.698683499009348, 626215.66111698851455 ], [ 438705.108474498905707, 626215.32850537984632 ], [ 438738.18547032342758, 626213.343630688614212 ], [ 438753.731613023031969, 626208.712943879305385 ], [ 438771.923922150570434, 626197.797891088295728 ], [ 438790.777600332163274, 626185.55992180109024 ], [ 438804.339138474781066, 626177.952539310092106 ], [ 438818.892946922103874, 626173.321806548978202 ], [ 438843.039106152195018, 626170.675593978143297 ], [ 438857.927946308627725, 626171.419831312028691 ], [ 438869.5007463558577, 626171.998327548615634 ], [ 438875.981702692981344, 626176.385092286393046 ], [ 438891.000869458250236, 626186.551127943326719 ], [ 438898.130248551722616, 626190.624802991515025 ], [ 438907.208723830059171, 626195.811998870573007 ], [ 438924.408829398627859, 626208.049632995389402 ], [ 438947.89347424346488, 626214.002886969479732 ], [ 438984.278245019202586, 626217.640771506004967 ], [ 439024.411623864783905, 626216.824435606366023 ], [ 439052.753658421861473, 626205.931506569730118 ], [ 439089.076480694464408, 626191.971116264932789 ], [ 439104.551819578104187, 626192.738076044712216 ], [ 439248.805695652903523, 626199.887732202652842 ], [ 439290.577102158218622, 626195.613851276109926 ], [ 439569.519693256763276, 626167.073731050360948 ], [ 439775.482784711988643, 626119.530950560932979 ], [ 439857.363513346062973, 626095.187493992736563 ], [ 439975.547772663820069, 626058.605935324565507 ], [ 440138.657450961298309, 626006.50067241594661 ], [ 440178.149356955022085, 625993.88493171473965 ], [ 440233.951539027970284, 625976.805148174753413 ], [ 440260.434453653288074, 625968.699327396228909 ], [ 440316.030802778666839, 625951.675334150902927 ], [ 440328.690569417434745, 625954.340163524961099 ], [ 440337.694125976762734, 625946.110351359355263 ], [ 440408.890107122482732, 625923.535733096068725 ], [ 440497.181438217987306, 625890.426173452869989 ], [ 440498.934949442395009, 625889.768459684215486 ], [ 440499.800637533830013, 625889.157388470019214 ], [ 440594.607110924320295, 625822.235950115253218 ], [ 440681.837642327591311, 625760.331210050499067 ], [ 440767.661369212379213, 625701.240097361267544 ], [ 440831.417927675938699, 625652.360583716537803 ], [ 440852.077830268885009, 625636.521500519709662 ], [ 440942.122581177973188, 625588.685542618855834 ], [ 441046.237084034306463, 625552.10433934268076 ], [ 441149.609314013796393, 625510.196530201123096 ], [ 441151.85177895531524, 625510.345954642165452 ], [ 441184.118468358297832, 625495.825949487509206 ], [ 441276.977430531056598, 625464.872497877106071 ], [ 441382.49963205907261, 625453.615091081126593 ], [ 441484.30205853888765, 625415.442950307158753 ], [ 441495.055939656042028, 625411.406256045564078 ], [ 441587.915033205412328, 625380.452814651653171 ], [ 441717.354754152009264, 625335.429728561779484 ], [ 441860.864643556356896, 625312.916478849598207 ], [ 441918.144370049005374, 625302.175944822374731 ], [ 441927.891309265687596, 625300.348184703150764 ], [ 441952.146645767614245, 625295.403483463567682 ], [ 441968.557268875418231, 625292.058012601453811 ], [ 441986.927972018776927, 625288.312966953613795 ], [ 442021.253463921137154, 625279.157673765905201 ], [ 442070.420292912865989, 625268.401937446906231 ], [ 442111.298690494964831, 625259.459356020088308 ], [ 442137.574942569888663, 625250.027657840983011 ], [ 442184.22726918279659, 625233.28206343902275 ], [ 442195.623984414734878, 625229.191182913840748 ], [ 442195.925576398556586, 625229.082964331610128 ], [ 442221.041200873965863, 625220.064226144808345 ], [ 442240.432373670104425, 625214.33495329960715 ], [ 442293.730251463712193, 625198.587662737932988 ], [ 442295.393109981727321, 625197.416003238409758 ], [ 442345.051346175605431, 625182.744687424623407 ], [ 442385.48064337996766, 625150.398237452027388 ], [ 442376.276810108101927, 625129.590523974387906 ], [ 442402.032799042237457, 625094.46804322686512 ], [ 442404.09841499349568, 625091.651156642124988 ], [ 442466.023897317820229, 625007.205825472949073 ], [ 442622.804184905253351, 624866.590668947901577 ], [ 442636.648827504832298, 624854.453027112176642 ], [ 442636.699639380211011, 624854.288733948604204 ], [ 442637.499557722068857, 624854.255188064649701 ], [ 442754.275204037199728, 624741.701790773193352 ], [ 442797.085601623053662, 624702.00547950854525 ], [ 442909.038320890686009, 624598.196206848369911 ], [ 443136.96248200093396, 624404.041015124414116 ], [ 443239.15773718629498, 624292.556990951416083 ], [ 443240.2990535828867, 624292.245659059262834 ], [ 443282.759131692757364, 624248.606875233934261 ], [ 443337.371554757701233, 624104.628971738740802 ], [ 443345.701827492273878, 624082.667522631818429 ], [ 443360.959266668651253, 623994.930667242500931 ], [ 443384.447813605947886, 623793.57485494017601 ], [ 443387.658459326950833, 623766.051798238302581 ], [ 443421.986981266294606, 623678.323029736289755 ], [ 443484.560045036254451, 623604.219601492863148 ], [ 443566.950988812372088, 623506.652766296174377 ], [ 443658.505478388047777, 623418.91421421081759 ], [ 443822.541428778553382, 623300.656998952035792 ], [ 443940.800909556797706, 623254.878797885030508 ], [ 444034.264552429143805, 623241.525636042119004 ], [ 444125.821052751154639, 623245.338404401321895 ], [ 444251.711787833424751, 623283.482035566819832 ], [ 444266.609558803203981, 623286.537474895827472 ], [ 444272.468281285604462, 623285.867704486823641 ], [ 444279.394334225158673, 623289.763218473875895 ], [ 444403.207701445324346, 623315.084555478300899 ], [ 444552.347136908385437, 623371.356968958745711 ], [ 444690.230711612501182, 623419.188084050198086 ], [ 444814.043905454629567, 623433.254283771500923 ], [ 444881.578179596923292, 623433.252899979474023 ], [ 444960.367777055187616, 623413.554797482560389 ], [ 445019.459943930793088, 623396.670915605151094 ], [ 445021.767255216022022, 623395.096574866445735 ], [ 445050.285611364291981, 623388.515182240866125 ], [ 445065.284669573418796, 623385.053657664218917 ], [ 445075.721509521885309, 623382.645058478461578 ], [ 445188.822868159622885, 623348.50064196716994 ], [ 445276.465680348570459, 623318.309897453058511 ], [ 445351.219289910106454, 623293.833545620553195 ], [ 445445.819572540291119, 623291.848003710969351 ], [ 445490.198770676506683, 623298.295483554247767 ], [ 445523.219747153110802, 623303.092737481929362 ], [ 445534.067617118125781, 623306.29753732890822 ], [ 445581.435427334567066, 623320.291238275822252 ], [ 445648.912688541051466, 623346.089075816445984 ], [ 445707.790037469356321, 623381.80960660695564 ], [ 445766.667772176733706, 623447.959273128304631 ], [ 445782.80212193063926, 623477.37823540950194 ], [ 445786.432864257832989, 623483.998511114157736 ], [ 445794.4232106419513, 623498.567914851824753 ], [ 445800.40688275831053, 623509.478556835558265 ], [ 445844.781776015821379, 623543.602070521912538 ], [ 445928.613393942010589, 623588.221361745730974 ], [ 445934.617294883355498, 623591.416876752278768 ], [ 445982.143035877146758, 623622.855756958946586 ], [ 445999.173220238997601, 623636.073866137303412 ], [ 446027.316584909684025, 623657.917381229694001 ], [ 446028.110266225412488, 623643.364271824713796 ], [ 446034.460785947914701, 623617.962474529049359 ], [ 446037.371458221285138, 623607.907606368884444 ], [ 446041.869820307241753, 623598.911154260509647 ], [ 446047.955982854356989, 623590.973007979569957 ], [ 446048.436842905066442, 623591.001289167790674 ], [ 446056.952793727861717, 623591.502115735434927 ], [ 446067.8020356966299, 623595.206463338341564 ], [ 446076.799115550937131, 623600.233838350162841 ], [ 446088.12309289368568, 623610.468087867950089 ], [ 446090.559312314609997, 623612.669866621959955 ], [ 446103.525640609208494, 623629.339596162317321 ], [ 446112.863150138640776, 623641.844354975735769 ], [ 446118.344385097094346, 623649.18456887814682 ], [ 446119.414857616298832, 623650.136008933419362 ], [ 446127.870629262703005, 623657.651668553473428 ], [ 446137.396719341631979, 623658.709989422350191 ], [ 446147.452149484190159, 623656.328532390645705 ], [ 446159.624369389959611, 623649.18415433424525 ], [ 446162.903173009166494, 623647.072335384553298 ], [ 446175.236653561587445, 623639.129083208041266 ], [ 446192.558151163510047, 623630.378466038964689 ], [ 446204.34406868298538, 623619.548370250267908 ], [ 446212.606004053086508, 623601.734110779012553 ], [ 446212.811662246240303, 623601.290726670762524 ], [ 446217.574638950231019, 623590.177496395073831 ], [ 446221.543763053254224, 623574.830500127398409 ], [ 446222.98692240199307, 623572.020093120983802 ], [ 446226.57129348203307, 623565.040275768376887 ], [ 446239.537359424401075, 623547.311908609000966 ], [ 446257.266359610541258, 623530.641784502309747 ], [ 446273.407795963808894, 623515.55933955067303 ], [ 446278.139323037234135, 623511.239499232266098 ], [ 446285.337287227623165, 623504.667717740405351 ], [ 446285.503734441939741, 623504.515676331124268 ], [ 446285.580022787675261, 623504.44602294289507 ], [ 446286.009201965702232, 623503.656442931154743 ], [ 446286.118723453662824, 623503.454925749450922 ], [ 446287.049985985970125, 623501.741421084618196 ], [ 446292.195298262638971, 623492.27431923081167 ], [ 446296.693616385804489, 623480.631802016403526 ], [ 446300.662672926788218, 623470.312363214790821 ], [ 446306.484241576574277, 623461.051251640776172 ], [ 446332.151638895564247, 623436.707676598336548 ], [ 446342.342047253914643, 623427.858339638332836 ], [ 446352.26229779899586, 623419.243782364064828 ], [ 446358.877597311628051, 623409.718074969947338 ], [ 446363.640561794512905, 623400.192388766794465 ], [ 446366.02199006738374, 623388.020713037345558 ], [ 446367.080312851059716, 623375.319908640696667 ], [ 446369.461669122392777, 623362.354416109272279 ], [ 446383.815869773447048, 623361.624371201265603 ], [ 446385.074012584693264, 623361.560372401028872 ], [ 446398.040242464514449, 623362.354058275115676 ], [ 446418.944879438786302, 623366.587504458846524 ], [ 446438.526478876476176, 623373.466876991442405 ], [ 446453.609633038809989, 623376.906559093971737 ], [ 446459.715776615601499, 623386.779574311338365 ], [ 446462.181796833057888, 623390.766706850496121 ], [ 446466.046843871066812, 623397.016161865205504 ], [ 446481.130104552721605, 623418.97773866658099 ], [ 446492.773436340910848, 623435.382974003674462 ], [ 446507.062874937371816, 623447.819042355753481 ], [ 446519.7645188223687, 623456.81534163642209 ], [ 446527.967651935294271, 623466.340914371423423 ], [ 446532.995672898832709, 623489.09657094872091 ], [ 446534.848071941814851, 623499.151317598414607 ], [ 446530.878884741920047, 623513.439929488115013 ], [ 446527.439118145091925, 623532.491141071543097 ], [ 446526.116191705572419, 623544.398219534894451 ], [ 446529.556335803703405, 623558.686667408444919 ], [ 446537.494892654067371, 623569.535108428681269 ], [ 446544.904127541580237, 623575.88559389510192 ], [ 446552.04885461210506, 623582.50048778927885 ], [ 446558.9290555556654, 623592.02610544138588 ], [ 446568.19063885055948, 623602.345336273661815 ], [ 446576.129179611103609, 623604.197483260650188 ], [ 446586.978382310015149, 623603.139050943078473 ], [ 446602.3261270064977, 623604.991047475137748 ], [ 446617.144691284862347, 623612.928915122058243 ], [ 446628.787886628997512, 623623.512929324992001 ], [ 446638.049617318087257, 623637.007331249420531 ], [ 446638.953461828641593, 623637.878251967951655 ], [ 446646.011435795109719, 623644.679055348155089 ], [ 446652.603694045683369, 623651.031089638243429 ], [ 446661.865206654998474, 623653.412388064083643 ], [ 446673.24369945685612, 623652.618537193979137 ], [ 446679.85904503375059, 623649.178661977755837 ], [ 446685.151365965371951, 623646.003356522182003 ], [ 446690.443688790430315, 623644.944971062592231 ], [ 446696.794408320041839, 623646.267875686404295 ], [ 446705.262208231142722, 623648.913670359877869 ], [ 446715.317635114712175, 623651.295024246326648 ], [ 446729.342248235305306, 623650.765647952910513 ], [ 446737.280665457306895, 623646.267397022806108 ], [ 446738.431005232792813, 623644.810209757182747 ], [ 446741.249855801172089, 623641.239967792411335 ], [ 446743.631309785763733, 623634.360282357782125 ], [ 446744.456130115606356, 623631.267080459510908 ], [ 446745.748107840947341, 623626.422233062447049 ], [ 446748.39419580064714, 623616.896580096101388 ], [ 446754.215654401050415, 623606.84171374712605 ], [ 446760.301807213400025, 623603.40182089083828 ], [ 446770.092490894952789, 623602.343261909205467 ], [ 446772.344973910425324, 623602.527133631752804 ], [ 446783.058733589132316, 623603.401586799300276 ], [ 446791.791109558776952, 623606.576698427787051 ], [ 446803.434198282775469, 623608.164126690826379 ], [ 446809.520387922530062, 623608.164040449541062 ], [ 446814.018746651650872, 623606.047164244810119 ], [ 446821.163382550701499, 623597.315376574522816 ], [ 446827.514059293083847, 623589.377139272051863 ], [ 446839.950879703217652, 623580.380693568848073 ], [ 446856.092430789314676, 623576.146820874884725 ], [ 446871.175374985963572, 623573.500635178177617 ], [ 446887.626690072647762, 623576.077105373027734 ], [ 446893.138642304984387, 623576.94032007176429 ], [ 446914.043284762185067, 623584.084282325813547 ], [ 446923.893603435659315, 623587.652893087244593 ], [ 446932.301924062077887, 623590.699138191062957 ], [ 446942.092685249284841, 623594.138764995615929 ], [ 446960.351273410138674, 623603.399724753806368 ], [ 446971.200537212542258, 623608.956120510818437 ], [ 446983.108336267410778, 623616.100218322128057 ], [ 446992.369990815292113, 623617.687767603551038 ], [ 447005.071569315623492, 623617.687680572504178 ], [ 447013.803920577920508, 623615.306227877386846 ], [ 447028.357634989195503, 623607.367876275791787 ], [ 447046.086758719757199, 623594.666942856274545 ], [ 447053.495821637450717, 623585.934991120477207 ], [ 447057.034216311702039, 623582.446083382004872 ], [ 447067.926905690284912, 623571.70587414316833 ], [ 447076.252487418183591, 623557.357839045464061 ], [ 447085.778581243182998, 623541.746212306316011 ], [ 447103.772293674992397, 623524.547064558137208 ], [ 447111.710621214762796, 623513.433708811178803 ], [ 447119.384313809277955, 623504.701787181198597 ], [ 447128.381266497191973, 623500.99727468797937 ], [ 447140.024447103962302, 623501.261800573556684 ], [ 447153.255214627715759, 623507.347350949887186 ], [ 447166.221601928584278, 623516.873016848345287 ], [ 447181.569276910682674, 623528.515321522136219 ], [ 447190.831010264984798, 623532.484140809392557 ], [ 447210.147964173112996, 623536.717619983130135 ], [ 447222.32022899959702, 623536.981981512857601 ], [ 447224.789310805615969, 623536.832410962902941 ], [ 447231.052597286878154, 623536.452737671439536 ], [ 447237.403361680684611, 623533.541994173079729 ], [ 447240.843300496577285, 623528.514687988557853 ], [ 447243.754008606367279, 623522.164134149905294 ], [ 447245.076905292575248, 623513.696996740647592 ], [ 447245.34149189729942, 623507.081951440544799 ], [ 447244.616862714348827, 623505.197910980670713 ], [ 447241.372226463165134, 623496.762508243788034 ], [ 447236.873583733919077, 623489.089121092343703 ], [ 447229.728940987493843, 623477.446803161757998 ], [ 447224.441032023343723, 623468.775391576229595 ], [ 447223.113340169249568, 623466.598117721732706 ], [ 447219.937936162343249, 623457.072546564624645 ], [ 447219.408599698974285, 623450.457557806163095 ], [ 447220.466967661457602, 623442.519465221092105 ], [ 447222.0545858242549, 623435.639867499703541 ], [ 447224.435989153455012, 623427.437222872977145 ], [ 447230.522071451297961, 623417.382224076194689 ], [ 447237.13743171421811, 623409.708822351647541 ], [ 447243.752717271621805, 623404.945934630930424 ], [ 447254.866511294327211, 623401.506016016704962 ], [ 447261.481907954614144, 623400.182928342022933 ], [ 447275.77117162256036, 623393.303105062339455 ], [ 447284.835572220967151, 623388.454933292232454 ], [ 447298.527994547388516, 623381.131141431280412 ], [ 447308.847957815916743, 623374.780668944818899 ], [ 447314.404800232849084, 623368.95948086050339 ], [ 447319.167804141296074, 623360.227504132548347 ], [ 447321.81392120802775, 623350.701894406112842 ], [ 447323.930640965118073, 623339.059441205114126 ], [ 447325.782918442972004, 623331.650582642061636 ], [ 447337.955178085539956, 623324.506211093743332 ], [ 447351.715113851823844, 623321.59545849415008 ], [ 447361.77048769191606, 623320.272410122444853 ], [ 447366.004401469603181, 623316.567941380199045 ], [ 447373.413427203428, 623308.365224190521985 ], [ 447386.644102612219285, 623293.282780281966552 ], [ 447394.053399915923364, 623289.313568946672603 ], [ 447404.108651358750649, 623286.667540595633909 ], [ 447430.570215924002696, 623287.725597887882032 ], [ 447454.650358699611388, 623288.519185187760741 ], [ 447463.911947370856069, 623288.519092101836577 ], [ 447470.791969313868321, 623290.371320870239288 ], [ 447472.909004311775789, 623295.398684353684075 ], [ 447472.908948644646443, 623299.367654560483061 ], [ 447472.909076708718203, 623303.865909047657624 ], [ 447470.792188087070826, 623309.422465831856243 ], [ 447467.616828853846528, 623315.772982107126154 ], [ 447464.176903045154177, 623320.006672893534414 ], [ 447455.444660759647377, 623330.85536802734714 ], [ 447453.32766566646751, 623336.412036630790681 ], [ 447453.036283545778133, 623342.388562349951826 ], [ 447452.798700674960855, 623347.260671215830371 ], [ 447450.681855629256461, 623357.050952490768395 ], [ 447449.888102695927955, 623364.195239965687506 ], [ 447452.798857000248972, 623370.545540415099822 ], [ 447457.297323231003247, 623372.397702596266754 ], [ 447463.118899237713777, 623372.926861717132851 ], [ 447471.321926822070964, 623373.191333703347482 ], [ 447481.642077422991861, 623375.572659059660509 ], [ 447495.931334977445658, 623381.922919780598022 ], [ 447507.574552093574312, 623388.273208704544231 ], [ 447519.217691270750947, 623395.681958948960528 ], [ 447530.860797220084351, 623397.269467560457997 ], [ 447537.211507406667806, 623394.094126965501346 ], [ 447540.386865256703459, 623390.918880106764846 ], [ 447542.503774135606363, 623386.685316646122374 ], [ 447544.620653430465609, 623378.218030623393133 ], [ 447545.31507761485409, 623371.968094667303376 ], [ 447545.678973545494955, 623368.692317374865524 ], [ 447548.85429118789034, 623358.372837126953527 ], [ 447549.651230123825371, 623356.911886933725327 ], [ 447552.029620622866787, 623352.551611489150673 ], [ 447555.99879717186559, 623347.788793882238679 ], [ 447562.614180045784451, 623342.232029229635373 ], [ 447566.318785704206675, 623340.115172386984341 ], [ 447576.109490256931167, 623335.087714254739694 ], [ 447584.048014191619586, 623334.029197141062468 ], [ 447593.838809875072911, 623336.939682125579566 ], [ 447600.189619886688888, 623341.702400895766914 ], [ 447605.275650015799329, 623350.348101932322606 ], [ 447608.128189981973264, 623355.196997390128672 ], [ 447612.891354205086827, 623360.224348632385954 ], [ 447618.183749343559612, 623363.399577423930168 ], [ 447623.740647871920373, 623363.399452696321532 ], [ 447631.67915389634436, 623361.018064599134959 ], [ 447637.500558070081752, 623357.842808796558529 ], [ 447645.174363892583642, 623352.28602827526629 ], [ 447652.716465416480787, 623345.127284823916852 ], [ 447658.669611938530579, 623340.114200856653042 ], [ 447672.429598915972747, 623332.176009903894737 ], [ 447683.807998254080303, 623326.35477390838787 ], [ 447697.832589499477763, 623320.004243963398039 ], [ 447714.767909849004354, 623315.505780807230622 ], [ 447725.951177444600035, 623312.340717680286616 ], [ 447728.792549546400551, 623311.536598053527996 ], [ 447740.700209241593257, 623308.096645816112868 ], [ 447750.755572269612458, 623304.1274854473304 ], [ 447757.900162270758301, 623300.423067824915051 ], [ 447767.955529565282632, 623293.543290315777995 ], [ 447773.512367567804176, 623290.103500508004799 ], [ 447782.244734610663727, 623288.780330572975799 ], [ 447785.918308857362717, 623289.228224502759986 ], [ 447793.093952458817512, 623290.103202268714085 ], [ 447816.115638400951866, 623298.305660978541709 ], [ 447834.638735359301791, 623302.009841801598668 ], [ 447840.724937552004121, 623302.274319281103089 ], [ 447846.546549152117223, 623300.951254885992967 ], [ 447853.161876649479382, 623298.040625271503814 ], [ 447857.660283080069348, 623294.865401191753335 ], [ 447864.54027164861327, 623289.837879445985891 ], [ 447871.420178617001511, 623285.868706192239188 ], [ 447883.327907733328175, 623284.54559796769172 ], [ 447895.235643031890504, 623284.545482245739549 ], [ 447899.274166319344658, 623285.514611747232266 ], [ 447901.851060462533496, 623286.133001554291695 ], [ 447907.937169821467251, 623290.366677417652681 ], [ 447916.140319497033488, 623297.510709429392591 ], [ 447922.226733986462932, 623307.565517395036295 ], [ 447923.814518270606641, 623315.23894399497658 ], [ 447924.555014569254126, 623317.614658778300509 ], [ 447930.165481349860784, 623335.61315781227313 ], [ 447932.282433510292321, 623345.138792066718452 ], [ 447933.870116544712801, 623349.901487856404856 ], [ 447939.427206228545401, 623354.399764793459326 ], [ 447948.424196996958926, 623362.337684454978444 ], [ 447962.713586355443113, 623370.275500591960736 ], [ 447968.535142488777637, 623375.038334945216775 ], [ 447973.298222796758637, 623381.917884993017651 ], [ 447976.47368106956128, 623388.797521651373245 ], [ 447984.14790078549413, 623412.611426898860373 ], [ 447988.381799433031119, 623423.195479973568581 ], [ 447991.821825304068625, 623426.370703961933032 ], [ 447995.261936398223042, 623428.487470369669609 ], [ 448001.612633784185164, 623428.487459929543547 ], [ 448006.64031220600009, 623427.164237263030373 ], [ 448009.551074195012916, 623424.253644889686257 ], [ 448010.874104360991623, 623420.020038087270223 ], [ 448011.932574635487981, 623415.257235046941787 ], [ 448014.843244246672839, 623409.43591219803784 ], [ 448018.812507689930499, 623405.466953651048243 ], [ 448024.369326906278729, 623402.291616054018959 ], [ 448036.54167025879724, 623397.79330738785211 ], [ 448043.950782073312439, 623395.14719522302039 ], [ 448048.184673001873307, 623389.590520652825944 ], [ 448049.483672617177945, 623387.991641389089637 ], [ 448051.624645698932, 623385.356877530110069 ], [ 448057.975319540477358, 623376.360372795024887 ], [ 448064.590667593642138, 623370.539043722907081 ], [ 448071.470466400263831, 623363.924034033669159 ], [ 448077.292030026728753, 623360.484084459254518 ], [ 448082.055180532566737, 623358.367253347183578 ], [ 448088.1412614370347, 623358.631764103309251 ], [ 448095.550558298651595, 623362.468450743122958 ], [ 448098.726020774629433, 623366.43736436823383 ], [ 448101.372231373738032, 623372.258615411818027 ], [ 448102.695357989345212, 623377.550687513430603 ], [ 448103.489276760315988, 623385.488691136939451 ], [ 448101.372469150985125, 623398.454084985191002 ], [ 448098.659654882794712, 623408.8531573433429 ], [ 448098.197205871343613, 623410.625681326375343 ], [ 448095.28661398467375, 623420.680607176851481 ], [ 448092.375913320225663, 623430.735533471684903 ], [ 448094.49282702000346, 623438.938073924742639 ], [ 448098.726895289146341, 623445.817700011073612 ], [ 448107.459257803799119, 623452.16799500270281 ], [ 448113.810082693584263, 623453.226347128744237 ], [ 448120.160797703487333, 623452.961711251409724 ], [ 448124.394644879910629, 623451.903184537310153 ], [ 448129.686969316448085, 623452.697024742374197 ], [ 448136.037812301365193, 623457.459815487149172 ], [ 448145.034852223237976, 623469.366738685057499 ], [ 448152.97339304612251, 623477.04007115913555 ], [ 448156.678132828266826, 623483.91965523804538 ], [ 448161.441321951453574, 623494.239016586914659 ], [ 448165.410658120643348, 623503.764713363256305 ], [ 448172.819981971522793, 623512.760990743990988 ], [ 448189.226351612072904, 623528.107712999451905 ], [ 448202.379478450282477, 623536.562605060404167 ], [ 448204.044932037359104, 623537.633169005974196 ], [ 448205.811377384874504, 623538.457441988750361 ], [ 448208.014141306804959, 623539.485356493154541 ], [ 448214.100348072883207, 623540.54358764924109 ], [ 448224.949642147345003, 623541.337386398226954 ], [ 448235.004976286552846, 623541.337300554616377 ], [ 448235.249872759042773, 623541.260376773192547 ], [ 448244.266534102265723, 623538.426525135524571 ], [ 448255.115634278627113, 623531.282177269924432 ], [ 448259.352687275037169, 623528.909517705673352 ], [ 448268.346404145355336, 623523.873186356155202 ], [ 448278.930957192671485, 623521.227070816676132 ], [ 448281.84500175336143, 623521.227112439461052 ], [ 448288.721802764572203, 623521.226972943055443 ], [ 448296.395584265643265, 623521.491545837139711 ], [ 448302.74643973086495, 623522.02063998952508 ], [ 448313.860429216059856, 623526.783340313471854 ], [ 448329.208049122593366, 623532.86898202681914 ], [ 448350.40383129613474, 623541.253421940025873 ], [ 448353.288340948929545, 623542.394349285634235 ], [ 448358.316031555936206, 623545.834168392349966 ], [ 448359.307632669690065, 623547.997596540255472 ], [ 448361.22686352848541, 623552.184520124807023 ], [ 448367.048438455327414, 623560.916368804173544 ], [ 448370.690237716014963, 623565.349347532261163 ], [ 448373.134731347905472, 623568.325032963650301 ], [ 448379.750195072381757, 623577.321488735731691 ], [ 448388.7471869061701, 623582.613402734044939 ], [ 448398.80268007091945, 623586.846850201836787 ], [ 448407.535005875106435, 623587.905135153094307 ], [ 448413.885796426911838, 623586.582082650973462 ], [ 448421.294966699148063, 623583.14221692236606 ], [ 448424.076705212704837, 623581.287826082436368 ], [ 448428.439545447414275, 623578.379338823375292 ], [ 448445.37481179414317, 623566.736702755326405 ], [ 448452.254703764629085, 623559.327826671069488 ], [ 448459.39936191245215, 623553.771138673881069 ], [ 448465.750034741591662, 623551.389636927517131 ], [ 448474.482376078318339, 623551.124946763389744 ], [ 448482.685538986814208, 623552.977121628005989 ], [ 448491.947075624833815, 623558.798144080559723 ], [ 448503.854839972569607, 623563.560855924384668 ], [ 448518.408770436770283, 623566.735864926711656 ], [ 448526.87649385817349, 623567.794258185313083 ], [ 448541.959661506174598, 623571.763030576752499 ], [ 448554.396656830911525, 623577.319622055161744 ], [ 448563.922771773766726, 623579.700892762979493 ], [ 448578.21205396525329, 623582.082190328976139 ], [ 448586.150667684501968, 623582.08208549558185 ], [ 448589.855100608954672, 623579.700562591780908 ], [ 448591.707429469563067, 623577.319189105881378 ], [ 448591.972035474900622, 623574.937769928248599 ], [ 448591.178222356014885, 623571.497900083661079 ], [ 448586.944229260028806, 623565.941441457951441 ], [ 448581.387358888052404, 623560.120211019646376 ], [ 448576.722197241499089, 623556.71887663891539 ], [ 448568.685556729091331, 623550.859373869956471 ], [ 448562.863983164948877, 623543.715131390490569 ], [ 448561.011686184385326, 623538.687749373493716 ], [ 448561.011641440563835, 623534.454142618342303 ], [ 448563.393018271133769, 623530.220437346841209 ], [ 448567.097603544825688, 623526.251503617269918 ], [ 448571.33154014905449, 623523.076215923880227 ], [ 448577.41763083031401, 623521.753161636181176 ], [ 448585.356145058642142, 623521.753057389752939 ], [ 448596.469984087510966, 623523.075924261007458 ], [ 448605.731545239861589, 623523.869658670970239 ], [ 448611.288396703661419, 623521.752852276898921 ], [ 448614.728393945144489, 623518.842132303980179 ], [ 448617.903754333092365, 623515.137681968393736 ], [ 448619.491380295774434, 623510.374838712625206 ], [ 448623.460474079998676, 623492.382018497446552 ], [ 448625.841880642459728, 623484.443883857456967 ], [ 448631.398740947130136, 623476.505733414902352 ], [ 448633.061941703141201, 623475.059508269536309 ], [ 448637.484887090919074, 623471.213612732593901 ], [ 448641.983376999967732, 623467.509296291973442 ], [ 448647.011033352930099, 623468.832233291235752 ], [ 448651.774180436390452, 623471.478132366668433 ], [ 448655.214145054749679, 623477.0347389227245 ], [ 448660.771226564596873, 623481.797521279542707 ], [ 448667.651192536111921, 623484.443412926862948 ], [ 448673.472721860569436, 623483.91416056570597 ], [ 448681.146580651751719, 623479.945082988939248 ], [ 448685.380385543627199, 623475.976102665415965 ], [ 448689.084969447168987, 623469.890155856497586 ], [ 448690.672580631333403, 623461.952056004782207 ], [ 448690.937152987578884, 623454.278685784665868 ], [ 448689.878498728037812, 623447.663639096310362 ], [ 448679.029165492975153, 623435.75675992667675 ], [ 448674.530687443679199, 623431.258612658595666 ], [ 448672.413736960617825, 623425.701916488818824 ], [ 448673.207580452493858, 623419.616118557634763 ], [ 448674.265908692032099, 623412.471890634391457 ], [ 448680.616612708254252, 623406.650630362564698 ], [ 448686.173566649318673, 623404.798365559894592 ], [ 448696.228899666690268, 623405.062805857858621 ], [ 448707.872020103444811, 623405.856471582315862 ], [ 448719.77973575273063, 623405.591710500768386 ], [ 448731.158114197081886, 623402.151860491372645 ], [ 448737.50885936350096, 623397.124423656146973 ], [ 448740.155025603948161, 623392.361583186895587 ], [ 448740.154952415497974, 623385.217249493813142 ], [ 448736.979478660679888, 623378.602317870710976 ], [ 448734.333229515526909, 623370.664341894793324 ], [ 448734.333110788662452, 623365.107637993176468 ], [ 448737.508426980522927, 623359.815567948389798 ], [ 448740.940393958240747, 623356.612579026957974 ], [ 448741.477729526057374, 623356.111208781367168 ], [ 448749.680784063413739, 623350.289816805743612 ], [ 448755.766837819945067, 623347.379158926662058 ], [ 448764.234523773076944, 623345.791512864059769 ], [ 448770.8500040252693, 623347.37904774164781 ], [ 448778.788474620436318, 623349.231140505173244 ], [ 448785.933154906204436, 623349.760275484994054 ], [ 448792.019253392936662, 623349.760240016272292 ], [ 448794.929963968868833, 623347.90804816945456 ], [ 448800.486913456348702, 623342.880539174657315 ], [ 448805.514541806303896, 623336.794519671122544 ], [ 448810.277505636273418, 623329.121065083541907 ], [ 448817.951186742866412, 623314.038717638002709 ], [ 448821.920387804217171, 623303.719317221199162 ], [ 448822.978650267468765, 623294.193650553002954 ], [ 448821.39091608801391, 623287.578657503123395 ], [ 448816.363147632800974, 623282.815799482632428 ], [ 448810.806353212683462, 623281.757539991405793 ], [ 448804.984739247709513, 623281.757599939592183 ], [ 448795.987895568774547, 623284.932922771666199 ], [ 448787.520107709278818, 623285.197574396734126 ], [ 448781.169301363930572, 623282.816249029245228 ], [ 448778.27049347711727, 623281.511858364916407 ], [ 448775.877019752224442, 623280.434922855347395 ], [ 448772.966134086833335, 623276.201239341055043 ], [ 448772.17222382419277, 623268.263230992248282 ], [ 448772.966090695990715, 623263.235892750555649 ], [ 448773.75971989548998, 623255.033185101463459 ], [ 448778.258041013497859, 623244.449193634092808 ], [ 448784.873375868308358, 623236.511064912658185 ], [ 448795.722651821735781, 623228.043759878259152 ], [ 448803.661001617670991, 623223.545340319862589 ], [ 448813.716406782274134, 623219.047031444264576 ], [ 448824.502683729340788, 623216.932093617739156 ], [ 448827.211813750909641, 623216.400912154000252 ], [ 448838.325656101689674, 623216.136213497258723 ], [ 448848.116454914794303, 623217.194477270240895 ], [ 448856.584213292691857, 623220.634158990811557 ], [ 448861.87650790810585, 623226.190753522212617 ], [ 448873.519696207717061, 623235.451673788484186 ], [ 448888.338243707665242, 623246.829402367118746 ], [ 448897.09853345004376, 623255.020141979912296 ], [ 448908.713897234119941, 623265.880454450729303 ], [ 448925.91405936377123, 623280.697904773289338 ], [ 448935.969539711775724, 623288.371263094246387 ], [ 448946.289611529326066, 623290.752591184689663 ], [ 448953.434350201569032, 623289.69401344936341 ], [ 448960.314209372736514, 623288.106346559710801 ], [ 448963.754190924752038, 623284.666483223438263 ], [ 448965.606408216175623, 623277.257708804914728 ], [ 448966.929444439068902, 623268.525779649615288 ], [ 448974.073925097589381, 623252.914343955810182 ], [ 448979.101500438468065, 623242.330211105640046 ], [ 448989.421405321918428, 623229.364652674063109 ], [ 448998.41821377701126, 623218.251335481065325 ], [ 449000.270440953143407, 623214.017600155202672 ], [ 449000.799591070914175, 623203.962820806540549 ], [ 449000.096002971229609, 623196.526232786127366 ], [ 448998.947079793782905, 623184.382341619580984 ], [ 449000.534591352101415, 623169.564679242786951 ], [ 449002.386930899112485, 623163.21425283618737 ], [ 449005.826814932341222, 623155.540790118277073 ], [ 449010.060486134840176, 623147.073488764115609 ], [ 449011.912690606492106, 623132.520387024618685 ], [ 449012.631400690239388, 623120.060834513627924 ], [ 449012.70639508619206, 623118.761095812544227 ], [ 449013.35993252787739, 623112.038912801421247 ], [ 449014.558520194375888, 623099.709859961178154 ], [ 449017.204624972830061, 623091.771891973796301 ], [ 449020.115279900841415, 623085.421360821928829 ], [ 449029.905994198925328, 623079.070915158954449 ], [ 449040.226030384539627, 623073.778764428338036 ], [ 449051.339827116578817, 623070.074221458518878 ], [ 449066.687498990388121, 623065.575778460712172 ], [ 449079.653642978752032, 623062.92957038176246 ], [ 449083.340259443852119, 623062.929556463495828 ], [ 449092.884443382557947, 623062.929480127757415 ], [ 449111.407458305067848, 623060.812514775432646 ], [ 449124.373574639495928, 623059.489417576231062 ], [ 449128.883637489227112, 623057.644490357954055 ], [ 449130.195249149226584, 623057.107847146107815 ], [ 449132.290407995402347, 623055.107978403568268 ], [ 449136.016602964780759, 623051.55113109969534 ], [ 449138.662829780718312, 623047.84677446342539 ], [ 449142.896577265986707, 623044.142374008661136 ], [ 449147.659692414687015, 623043.083896339172497 ], [ 449156.127410421904642, 623043.877550513134338 ], [ 449169.093643829226494, 623049.69868466630578 ], [ 449176.302376999694388, 623053.30287402193062 ], [ 449282.286844106798526, 623106.290593402110972 ], [ 449282.349807571561541, 623106.32203978812322 ], [ 449297.433026179496665, 623113.466217346140184 ], [ 449306.165375767857768, 623115.84744719020091 ], [ 449314.368419468286447, 623116.11192742025014 ], [ 449320.189963007171173, 623112.936678366269916 ], [ 449327.06990472675534, 623104.998667459236458 ], [ 449332.362102661514655, 623098.11892992479261 ], [ 449337.389616858388763, 623090.974631571676582 ], [ 449344.798863219737541, 623082.24276030564215 ], [ 449357.764941765926778, 623078.273536267573945 ], [ 449367.026537965459283, 623076.421238107839599 ], [ 449375.494222405774053, 623076.42111915233545 ], [ 449379.472168333479203, 623078.409978326642886 ], [ 449384.491271379927639, 623080.91930651536677 ], [ 449391.371340450248681, 623085.682110681431368 ], [ 449399.045130352140404, 623088.327987092197873 ], [ 449407.512922405090649, 623088.327873945003375 ], [ 449417.303627835353836, 623088.327807529596612 ], [ 449427.623612520692404, 623086.740066827274859 ], [ 449435.826669628033414, 623085.946113971411251 ], [ 449453.291353066742886, 623085.945966046187095 ], [ 449458.58375860308297, 623085.152115157106891 ], [ 449468.639032564533409, 623080.653848867630586 ], [ 449474.460513599740807, 623074.303364872466773 ], [ 449480.811190073203761, 623064.248405718128197 ], [ 449483.192655477207154, 623054.458169290679507 ], [ 449486.632450582575984, 623045.461652169353329 ], [ 449490.072482499352191, 623040.169563517905772 ], [ 449494.041732583835255, 623036.729697247385047 ], [ 449498.540120781690348, 623034.877522623632103 ], [ 449512.035520712961443, 623033.025208395440131 ], [ 449518.121619603713043, 623031.43753569398541 ], [ 449522.090909262071364, 623029.585299930302426 ], [ 449526.58931150182616, 623026.674672775436193 ], [ 449531.617028704728, 623021.911619075923227 ], [ 449535.850700609851629, 623013.444484979030676 ], [ 449540.08448630978819, 623000.214357198216021 ], [ 449542.201376155135222, 622989.365637802518904 ], [ 449541.142644385981839, 622974.018847240251489 ], [ 449540.597233214008156, 622972.949066251632757 ], [ 449536.470862174290232, 622964.85546975187026 ], [ 449534.262487543106545, 622960.524288511136547 ], [ 449531.88087003090186, 622951.527849955135025 ], [ 449530.557715640752576, 622945.971214735764079 ], [ 449529.234470314811915, 622936.445620735059492 ], [ 449529.234393658465706, 622926.655433702166192 ], [ 449530.028170315956231, 622918.452748807147145 ], [ 449532.14512246241793, 622911.837740280549042 ], [ 449535.055818268097937, 622906.810234211967327 ], [ 449536.469537650293205, 622905.537844121223316 ], [ 449540.348046388011426, 622902.047435732441954 ], [ 449555.960232526878826, 622890.669294560793787 ], [ 449565.991632328426931, 622881.975855174358003 ], [ 449567.867930504377, 622880.349828911130317 ], [ 449581.627858374209609, 622869.236446330789477 ], [ 449590.889241913566366, 622860.239873577957042 ], [ 449593.568955423193984, 622853.849945581052452 ], [ 449594.329202514665667, 622852.037181208841503 ], [ 449595.38745533535257, 622842.246903293766081 ], [ 449594.5935420570313, 622830.869103735312819 ], [ 449591.153407701698598, 622818.962030780501664 ], [ 449584.802449133247137, 622799.910943224211223 ], [ 449581.362273062404711, 622784.564084890414961 ], [ 449577.922163387411274, 622772.39248190226499 ], [ 449573.688094308890868, 622762.337693327805027 ], [ 449571.835758693807293, 622756.516462122788653 ], [ 449572.747874560765922, 622750.131631418014877 ], [ 449573.158775172778405, 622747.255388249992393 ], [ 449577.392573644232471, 622736.142178087611683 ], [ 449581.626380073896144, 622728.733285323600285 ], [ 449587.712404760823119, 622721.589039088925347 ], [ 449598.826134304050356, 622713.915350366733037 ], [ 449600.562820986611769, 622712.300100683234632 ], [ 449601.723841323400848, 622711.220093705458567 ], [ 449610.204487875918858, 622703.331304679624736 ], [ 449619.465926833450794, 622691.42412725253962 ], [ 449624.758186992607079, 622681.104645122308284 ], [ 449629.521141267032363, 622671.578912579803728 ], [ 449632.431846854276955, 622660.201015851809643 ], [ 449634.019487684243359, 622652.792246391763911 ], [ 449634.283838629431557, 622638.239101910497993 ], [ 449635.077674240921624, 622629.772001002682373 ], [ 449635.420655208872631, 622628.811804174096324 ], [ 449636.400710139656439, 622626.06751564424485 ], [ 449642.222165673912968, 622612.308095001731999 ], [ 449647.779001517570578, 622605.163904092507437 ], [ 449653.335855048208032, 622596.961258900351822 ], [ 449656.511054333066568, 622584.789473314769566 ], [ 449658.627933821524493, 622576.322205091360956 ], [ 449658.627923334366642, 622568.02420943567995 ], [ 449658.627781842544209, 622560.975436427746899 ], [ 449660.479928936401848, 622553.566590926377103 ], [ 449664.713782037899364, 622548.803680030046962 ], [ 449669.476819025352597, 622546.157634680741467 ], [ 449675.033804169623181, 622546.157659858814441 ], [ 449676.840451803349424, 622546.856979346019216 ], [ 449681.520138421270531, 622548.668240941362455 ], [ 449683.23692750261398, 622549.332715803640895 ], [ 449685.144990001805127, 622550.346327866660431 ], [ 449689.286421421275008, 622552.546257844776846 ], [ 449691.704608715604991, 622553.830791973043233 ], [ 449696.203208127233665, 622554.359970801277086 ], [ 449700.436996364209335, 622553.830772932735272 ], [ 449702.792219276772812, 622552.546156481956132 ], [ 449706.258529569720849, 622550.655470032943413 ], [ 449712.080034673504997, 622545.892651406233199 ], [ 449717.901358688191976, 622537.160655368352309 ], [ 449724.252192757267039, 622532.397793973563239 ], [ 449732.190654035890475, 622530.545524223241955 ], [ 449740.129065578104928, 622530.016131095122546 ], [ 449745.156854610017035, 622528.957754317321815 ], [ 449750.44908637116896, 622524.724157443037257 ], [ 449757.593579557957128, 622518.638194267638028 ], [ 449762.885923771478701, 622514.404488302883692 ], [ 449768.178218049055431, 622511.493879324756563 ], [ 449775.852044147613924, 622509.906225656275637 ], [ 449785.113518870086409, 622508.318553052609786 ], [ 449796.756576495303307, 622506.730741865700111 ], [ 449806.547385591722559, 622503.290872460929677 ], [ 449813.427364610601217, 622500.115608246298507 ], [ 449814.235280745662749, 622499.417871815850958 ], [ 449817.289463780587539, 622496.78018247440923 ], [ 449819.24891959578963, 622495.088052680948749 ], [ 449826.922605573956389, 622486.620728535111994 ], [ 449829.568706310121343, 622478.418069091974758 ], [ 449829.039448505383916, 622473.390700828633271 ], [ 449826.92239375738427, 622465.981911098118871 ], [ 449823.482309212733526, 622459.366876795422286 ], [ 449824.540683603088837, 622450.899705353775062 ], [ 449831.420589906338137, 622437.669511412736028 ], [ 449839.888172109844163, 622423.380956485169008 ], [ 449845.974190714012366, 622415.178185704397038 ], [ 449848.88491745328065, 622405.123404431971721 ], [ 449849.219706031144597, 622401.481195737025701 ], [ 449851.001552127301693, 622382.1030877152225 ], [ 449851.530681109754369, 622371.254409658838995 ], [ 449850.47218657983467, 622367.285428323899396 ], [ 449844.587402998062316, 622360.708864805172198 ], [ 449841.475186970550567, 622357.230670673074201 ], [ 449832.478195515810512, 622347.969728035852313 ], [ 449828.773474454123061, 622342.413224722491577 ], [ 449829.30255814047996, 622333.681345202960074 ], [ 449831.419467723520938, 622328.918514169170521 ], [ 449836.711674744205084, 622323.361723084119149 ], [ 449841.73942028998863, 622320.186559949186631 ], [ 449852.588517820287962, 622311.190035035368055 ], [ 449862.379161521734204, 622303.251942232134752 ], [ 449869.297808632603846, 622290.530868581379764 ], [ 449870.582160401449073, 622288.169548584031872 ], [ 449874.551159389724489, 622268.059753750450909 ], [ 449875.874181098421104, 622258.534164484241046 ], [ 449878.520175330922939, 622254.035935401334427 ], [ 449883.01869018888101, 622249.273082766449079 ], [ 449886.45876798487734, 622247.156175134354271 ], [ 449894.926361099933274, 622248.214507433818653 ], [ 449900.747946524759755, 622250.331284934422001 ], [ 449914.508059012237936, 622251.3894212115556 ], [ 449921.387928871670738, 622250.331085774931125 ], [ 449925.621880411927123, 622248.743345727794804 ], [ 449929.06185229786206, 622243.980581733398139 ], [ 449931.443253217206802, 622240.276024377089925 ], [ 449933.560145108611323, 622235.777840530616231 ], [ 449934.618558130634483, 622228.104487211676314 ], [ 449936.470726292522158, 622217.520294008543715 ], [ 449944.938259716320317, 622198.998167838901281 ], [ 449949.965847004554234, 622190.266325910924934 ], [ 449953.141131516778842, 622175.713240619981661 ], [ 449954.199486854718998, 622165.922979363007471 ], [ 449952.611592665896751, 622152.957451327936724 ], [ 449946.789989017823245, 622141.315239959978499 ], [ 449943.085290298447944, 622134.700162452994846 ], [ 449943.085196999425534, 622130.201924610184506 ], [ 449944.937548826215789, 622127.820505592506379 ], [ 449948.90677292062901, 622124.645328900427558 ], [ 449955.257456161139999, 622121.734552454785444 ], [ 449962.666658021858893, 622119.088446187321097 ], [ 449971.134335508337244, 622116.177838747622445 ], [ 449979.337418608658481, 622111.414930627681315 ], [ 449988.069696531340014, 622104.270543743623421 ], [ 449991.244956923881546, 622098.713827394414693 ], [ 449992.83259866735898, 622093.686516403104179 ], [ 449992.567949464078993, 622087.071445840061642 ], [ 449989.127870642463677, 622077.8104295959929 ], [ 449985.423164610925596, 622070.401646292419173 ], [ 449973.515381446457468, 622059.817749423556961 ], [ 449966.899863022321369, 622053.996654095710255 ], [ 449965.312175700906664, 622048.969257504446432 ], [ 449964.782906673906837, 622045.000122398836538 ], [ 449967.42890459462069, 622038.914384504896589 ], [ 449970.604191894526593, 622032.299323150189593 ], [ 449974.044143153354526, 622027.007171224919148 ], [ 449978.013369248481467, 622023.038184746401384 ], [ 449982.776446812960785, 622020.656708144349977 ], [ 449986.48103864636505, 622017.746031478978693 ], [ 449988.862567579373717, 622014.041588933090679 ], [ 449990.185594946262427, 622011.660213324474171 ], [ 449992.03781510022236, 622003.457574540167116 ], [ 449995.477760447014589, 621993.931828453787602 ], [ 449998.123893661191687, 621989.433608370134607 ], [ 450003.945411252905615, 621986.258350322488695 ], [ 450016.646918780868873, 621985.728977710008621 ], [ 450028.554593421751633, 621985.199724593316205 ], [ 450038.610015218262561, 621987.051778247114271 ], [ 450044.96083995711524, 621988.374722428852692 ], [ 450055.810100991511717, 621991.020587901235558 ], [ 450061.896313506353181, 621992.343499168753624 ], [ 450070.363967541255988, 621991.549710260354914 ], [ 450084.420112708176021, 621990.58621234074235 ], [ 450091.162699669308495, 621990.014764690771699 ], [ 450097.936955600918736, 621989.379693526425399 ], [ 450108.94497072865488, 621988.532749491976574 ], [ 450116.777533721236978, 621984.722461152356118 ], [ 450122.281444393564016, 621978.795328239444643 ], [ 450126.303622007369995, 621974.561655526049435 ], [ 450131.172451712191105, 621969.269577098661102 ], [ 450134.347766291291919, 621963.342507759691216 ], [ 450135.432402986218221, 621961.043240101775154 ], [ 450139.640002345433459, 621952.123343524406664 ], [ 450144.508802903816104, 621940.692653263104148 ], [ 450145.355454505479429, 621933.918750134995207 ], [ 450143.238300401309971, 621913.385715204989538 ], [ 450141.968010657292325, 621894.546188706997782 ], [ 450141.80914624518482, 621882.083459350280464 ], [ 450141.809092986863106, 621879.966661832644604 ], [ 450142.867505455040373, 621875.600723471608944 ], [ 450143.529071190510876, 621873.219318927032873 ], [ 450146.042784019955434, 621867.662692503188737 ], [ 450153.716625024855603, 621856.81399739801418 ], [ 450156.494948870909866, 621850.860390572459437 ], [ 450159.802627523487899, 621842.657682286459021 ], [ 450161.39019402890699, 621833.396673948620446 ], [ 450161.68233157787472, 621829.232645070762374 ], [ 450162.448421523207799, 621818.314373301807791 ], [ 450163.109856475377455, 621807.730420690728351 ], [ 450163.109845322498586, 621801.115387201076373 ], [ 450163.639124761335552, 621798.601644580252469 ], [ 450165.929767269757576, 621797.074494308326393 ], [ 450167.211315849912353, 621796.22019397362601 ], [ 450170.651302321231924, 621795.161654823459685 ], [ 450174.83944559074007, 621794.844447229523212 ], [ 450179.383644349465612, 621794.500189991900697 ], [ 450184.146689164161216, 621793.044815172674134 ], [ 450189.968325308524072, 621790.927927002659999 ], [ 450196.980458188219927, 621785.768161271582358 ], [ 450200.685070573003031, 621780.872972418670543 ], [ 450202.801970469474327, 621775.448616276145913 ], [ 450203.066540213301778, 621768.701354170800187 ], [ 450203.066482627764344, 621759.572506888303906 ], [ 450204.257155649247579, 621755.206644158577546 ], [ 450206.506275806459598, 621750.443798779742792 ], [ 450207.379501412855461, 621741.103413492091931 ], [ 450210.978077170380857, 621726.814856030396186 ], [ 450213.200763783825096, 621720.781918113585562 ], [ 450224.314364509831648, 621701.518830246641301 ], [ 450225.478692232107278, 621698.131937704747543 ], [ 450225.690338577260263, 621694.321665555471554 ], [ 450223.996685324120335, 621690.511419309303164 ], [ 450213.72956017695833, 621678.551549389958382 ], [ 450211.400824500015005, 621675.482300081173889 ], [ 450211.295028441236354, 621672.624670126475394 ], [ 450212.670943608158268, 621670.507774145808071 ], [ 450222.302927860582713, 621664.792250637896359 ], [ 450225.795895821764134, 621661.722915634629317 ], [ 450228.75946472218493, 621657.806833731592633 ], [ 450230.770523653307464, 621651.350464361719787 ], [ 450231.723089401784819, 621639.919736199895851 ], [ 450231.193749875936192, 621633.992609478649683 ], [ 450229.71176796319196, 621629.653176300693303 ], [ 450227.488950234197546, 621626.689642245415598 ], [ 450224.842865156824701, 621624.36125497543253 ], [ 450206.954718328081071, 621619.492721167393029 ], [ 450199.968861931178253, 621616.529309880686924 ], [ 450198.640522739093285, 621615.261445076321252 ], [ 450195.31151028216118, 621612.084051055484451 ], [ 450191.183508349990007, 621606.368742345715873 ], [ 450187.976299165224191, 621599.265610649483278 ], [ 450187.769931599032134, 621598.920248418697156 ], [ 450186.579161264933646, 621594.422016092692502 ], [ 450185.785188056703191, 621590.849860901711509 ], [ 450185.454349424224347, 621586.814702256815508 ], [ 450185.057460152311251, 621583.044147937209345 ], [ 450184.924998814472929, 621579.008988867979497 ], [ 450185.983507120457944, 621576.098412899184041 ], [ 450186.762566873629112, 621575.002151760039851 ], [ 450187.769622297608294, 621573.584704670938663 ], [ 450190.54802289546933, 621570.14480538922362 ], [ 450196.501909855869599, 621563.0667189914966 ], [ 450197.951061701576691, 621561.788010819116607 ], [ 450204.374036146677099, 621556.120857836911455 ], [ 450209.137230552441906, 621550.630290834465995 ], [ 450209.652280024020001, 621549.974693058757111 ], [ 450213.503266628191341, 621545.073592849075794 ], [ 450214.811840568843763, 621542.45646475686226 ], [ 450215.553989137755707, 621540.972296817344613 ], [ 450216.866972876130603, 621534.407444089185447 ], [ 450217.273910277057439, 621532.372803229722194 ], [ 450218.509802188898902, 621526.251611872576177 ], [ 450218.663028731243685, 621525.493127390509471 ], [ 450218.067605509597342, 621519.605776420212351 ], [ 450217.339930320275016, 621513.718351933872327 ], [ 450214.958167078963015, 621503.92818428738974 ], [ 450214.442760381905828, 621500.80924604984466 ], [ 450213.701217132795136, 621496.320907121174969 ], [ 450213.105727157089859, 621491.756540632341057 ], [ 450212.973385589546524, 621488.912100688554347 ], [ 450213.237983498489484, 621486.133681994164363 ], [ 450214.825649075850379, 621482.958538747043349 ], [ 450216.399371448613238, 621480.818309326306917 ], [ 450216.479482667171396, 621480.709399653831497 ], [ 450220.845641657011583, 621475.946626137942076 ], [ 450221.432309036026709, 621475.174718889058568 ], [ 450224.616336146369576, 621470.985235135420226 ], [ 450228.519318872247823, 621465.759387544123456 ], [ 450230.437836368742865, 621462.584096905775368 ], [ 450231.167169497290161, 621460.971549072302878 ], [ 450231.52139243594138, 621460.188842415227555 ], [ 450231.694655823346693, 621459.805787608958781 ], [ 450232.091612106363755, 621456.035121469991282 ], [ 450231.826908670249395, 621452.99232082942035 ], [ 450231.416036850831006, 621450.811508628772572 ], [ 450230.966806052427273, 621448.427917786641046 ], [ 450230.564164611161686, 621447.696816435316578 ], [ 450228.453002610825934, 621443.863590854802169 ], [ 450225.145211632421706, 621439.762304454809055 ], [ 450222.102185259456746, 621436.388734564767219 ], [ 450217.735859108914156, 621431.625976828043349 ], [ 450211.848109926038887, 621425.209390486241318 ], [ 450209.86353868880542, 621421.835745631251484 ], [ 450208.763977283611894, 621417.890801836969331 ], [ 450208.738858886878006, 621417.800588710349984 ], [ 450208.407959443633445, 621409.267195305670612 ], [ 450208.937116768094711, 621403.181407725438476 ], [ 450209.17847435362637, 621398.83551704348065 ], [ 450209.201704044477083, 621398.418568036635406 ], [ 450208.606291246018372, 621394.714146918267943 ], [ 450207.150910008465871, 621391.208199051790871 ], [ 450202.123082932026591, 621384.063968944828957 ], [ 450198.749146485934034, 621377.77982848836109 ], [ 450198.332555416505784, 621376.894470368395559 ], [ 450197.161439110001083, 621374.406183318700641 ], [ 450196.896772843203507, 621371.892443787306547 ], [ 450197.624476515105926, 621369.511077896691859 ], [ 450198.881298041669652, 621366.931165694375522 ], [ 450200.799787629744969, 621364.814327842672355 ], [ 450202.982819349097554, 621362.829791749827564 ], [ 450203.383370091265533, 621362.67440840753261 ], [ 450207.415206052013673, 621361.109929212718271 ], [ 450211.781362069479655, 621360.382130420068279 ], [ 450218.330452581576537, 621359.85283696744591 ], [ 450223.22584573860513, 621360.514339576242492 ], [ 450227.129092197981663, 621361.638772345031612 ], [ 450228.002945787389763, 621362.031164632411674 ], [ 450230.370564991375431, 621363.094164651120082 ], [ 450234.009058899711818, 621366.070828017313033 ], [ 450246.181573761394247, 621378.242348880739883 ], [ 450246.371131797903217, 621378.436885827337392 ], [ 450251.341674275172409, 621383.534390857210383 ], [ 450254.318536415579729, 621386.37875437294133 ], [ 450256.898523486917838, 621387.43720583175309 ], [ 450258.68473613273818, 621387.569469529786147 ], [ 450260.669361501175445, 621387.238583678379655 ], [ 450262.257119553745724, 621386.709410872426815 ], [ 450264.50627963867737, 621384.923312546452507 ], [ 450266.060883115394972, 621383.125934572541155 ], [ 450266.623111364257056, 621382.475703938282095 ], [ 450269.864597900421359, 621379.300488511449657 ], [ 450274.786473148269579, 621374.259853420197032 ], [ 450280.608016028418206, 621370.819886100012809 ], [ 450285.106437367736362, 621369.708532657125033 ], [ 450289.022763046319596, 621369.814425324555486 ], [ 450293.627100754703861, 621371.772370736347511 ], [ 450298.125580323045142, 621374.471274697803892 ], [ 450299.628370421123691, 621375.428522983216681 ], [ 450305.270284525933675, 621379.02226145833265 ], [ 450311.15589291183278, 621382.634529341594316 ], [ 450312.944172801042441, 621383.732130029820837 ], [ 450316.860504755866714, 621386.219352164771408 ], [ 450319.771304894587956, 621387.542300869012251 ], [ 450322.62920155597385, 621388.07149611483328 ], [ 450325.592830715351738, 621387.64806506165769 ], [ 450330.19717854220653, 621386.748487909440883 ], [ 450334.084997537196614, 621385.603315394138917 ], [ 450337.9238996207132, 621384.472684952197596 ], [ 450340.928445126919542, 621382.985668665729463 ], [ 450343.163266673218459, 621381.879606225644238 ], [ 450347.397113171755336, 621379.021900639287196 ], [ 450350.995832354587037, 621375.581984439399093 ], [ 450354.118311384285334, 621371.824653433403 ], [ 450359.516385780181736, 621363.886602260870859 ], [ 450359.714288391638547, 621363.360196437570266 ], [ 450362.003740697109606, 621357.271457514027134 ], [ 450364.438073677069042, 621352.032328397384845 ], [ 450366.607841405144427, 621349.015903466264717 ], [ 450369.359828793094493, 621346.475693346350454 ], [ 450374.06997852382483, 621343.194565781974234 ], [ 450375.755247966444585, 621342.54176003462635 ], [ 450379.944406194146723, 621340.9189516158076 ], [ 450384.073859661002643, 621339.520264647901058 ], [ 450389.788200621376745, 621337.584893075050786 ], [ 450395.927209243527614, 621336.36766146926675 ], [ 450399.896451745240483, 621335.891361232264899 ], [ 450401.058968105760869, 621336.106602983898483 ], [ 450402.754350434755906, 621336.420561709208414 ], [ 450403.672864267544355, 621336.935772792319767 ], [ 450404.924200046050828, 621337.637620893539861 ], [ 450407.517440892173909, 621339.119403365300968 ], [ 450411.700065847951919, 621343.018788488348946 ], [ 450415.614658737729769, 621346.422366805840284 ], [ 450418.684279141481966, 621348.644902657950297 ], [ 450422.247743236948736, 621349.868928825599141 ], [ 450425.617273286741693, 621351.026264088461176 ], [ 450431.809241924143862, 621352.24327764834743 ], [ 450439.112613338744268, 621352.507875540526584 ], [ 450444.178252112003975, 621351.658779669902287 ], [ 450448.26838190224953, 621350.973113752435893 ], [ 450449.221440510416869, 621350.640396586735733 ], [ 450453.878219130798243, 621349.014974457444623 ], [ 450457.424003863648977, 621347.321557793184184 ], [ 450461.763772296020761, 621345.257558391196653 ], [ 450463.139680448744912, 621342.717334515880793 ], [ 450463.827664123731665, 621340.28304547118023 ], [ 450463.774660625495017, 621336.419876600964926 ], [ 450463.774525427783374, 621327.565738785895519 ], [ 450463.774595339898951, 621325.941729919053614 ], [ 450463.50995133665856, 621323.136917750583962 ], [ 450463.721577340853401, 621320.279267731471919 ], [ 450464.568322868377436, 621317.897774853627197 ], [ 450467.426163503958378, 621315.198868116480298 ], [ 450471.395291260792874, 621312.235192454070784 ], [ 450474.888207785785198, 621310.965062629431486 ], [ 450480.550995956524275, 621309.642095104907639 ], [ 450485.578693003742956, 621309.853711523115635 ], [ 450492.179621740011498, 621310.543872989946976 ], [ 450493.676009947725106, 621310.700244646985084 ], [ 450498.068624457751866, 621310.171063894522376 ], [ 450501.296868215431459, 621308.848036310286261 ], [ 450503.890124773781281, 621307.366243372205645 ], [ 450505.848240512481425, 621305.090679497108795 ], [ 450508.335624065774027, 621301.756628053961322 ], [ 450509.76454113953514, 621298.31681103608571 ], [ 450510.664159049803857, 621291.437138063367456 ], [ 450512.767700217606034, 621278.683377904701047 ], [ 450514.090640752518084, 621269.025445242063142 ], [ 450514.108689656772185, 621268.803693019319326 ], [ 450515.347463399171829, 621253.612501985277049 ], [ 450516.00888988643419, 621240.845412621973082 ], [ 450516.000405737489928, 621240.052494432544336 ], [ 450515.87647051201202, 621228.475336033152416 ], [ 450516.80246772634564, 621222.124916195054539 ], [ 450517.150382862309925, 621220.617193694692105 ], [ 450517.596355375484563, 621218.685030049527995 ], [ 450518.588656995620113, 621216.568239250336774 ], [ 450520.374693834688514, 621215.046756688621826 ], [ 450522.425456470868085, 621213.525312354904599 ], [ 450524.079387068573851, 621212.533037232817151 ], [ 450526.725505717447959, 621211.805298026534729 ], [ 450528.465273041743785, 621211.989822623319924 ], [ 450529.291177485894877, 621212.077378366957419 ], [ 450531.091567728377413, 621212.268360613961704 ], [ 450533.076200581621379, 621212.929808047716506 ], [ 450535.854641741898376, 621214.252807141863741 ], [ 450542.13942539144773, 621217.75871775764972 ], [ 450544.842916233174037, 621219.473398321308196 ], [ 450553.71647013007896, 621225.101309336721897 ], [ 450555.965643224131782, 621226.093569811084308 ], [ 450558.413306970905978, 621226.291908700834028 ], [ 450560.265688093088102, 621226.159581010811962 ], [ 450562.514974985562731, 621225.564217135426588 ], [ 450564.234922040603124, 621224.571980942972004 ], [ 450567.21175025816774, 621221.925921901944093 ], [ 450569.791710863704793, 621219.279860506183468 ], [ 450571.247086600866169, 621215.641618893831037 ], [ 450571.643978045729455, 621206.711288914666511 ], [ 450571.642796463682316, 621206.540097501128912 ], [ 450571.577694431645796, 621196.72257665800862 ], [ 450573.694426525966264, 621186.204707283060998 ], [ 450577.200548240391072, 621175.554471265990287 ], [ 450579.383544436306693, 621169.137855291366577 ], [ 450581.368158851342741, 621163.912066993769258 ], [ 450585.469561123056337, 621155.775427266722545 ], [ 450587.784948724496644, 621152.864908794406801 ], [ 450590.298785104416311, 621151.211021566297859 ], [ 450592.944872009626124, 621150.351021409966052 ], [ 450593.022217625228222, 621150.33091903233435 ], [ 450593.808674929081462, 621150.126563135767356 ], [ 450595.991209211817477, 621149.559033125988208 ], [ 450596.252553611178882, 621149.49106285860762 ], [ 450598.964984946418554, 621149.42491238634102 ], [ 450599.18302911054343, 621149.467800877057016 ], [ 450602.514100123720709, 621150.123005098896101 ], [ 450603.000345240114257, 621150.21867963578552 ], [ 450605.778789248841349, 621151.144777023349889 ], [ 450608.75579216494225, 621153.129218451562338 ], [ 450609.337720906885806, 621154.040053697768599 ], [ 450609.867539661820047, 621154.869110333733261 ], [ 450610.277351800410543, 621155.510629275697283 ], [ 450610.409741857787594, 621158.22280338278506 ], [ 450610.217875774251297, 621162.413256007945165 ], [ 450609.946710994117893, 621168.343702720711008 ], [ 450609.946724267967511, 621169.848827257985249 ], [ 450609.946660770510789, 621172.180498610017821 ], [ 450611.137647051131353, 621178.59702667070087 ], [ 450612.374838439049199, 621181.852631449233741 ], [ 450612.394513442472089, 621181.904586785822175 ], [ 450613.222332739213016, 621183.522370371036232 ], [ 450613.849907188036013, 621184.748999041970819 ], [ 450615.503793628420681, 621186.601202815305442 ], [ 450618.011259311519098, 621187.854835472535342 ], [ 450619.076152030844241, 621188.387251490028575 ], [ 450621.614628024690319, 621188.981293600518256 ], [ 450622.185335842426866, 621189.114807062316686 ], [ 450631.51311359659303, 621189.710071595036425 ], [ 450645.027546296070796, 621189.388120276271366 ], [ 450645.405448259436525, 621189.379076176555827 ], [ 450655.460875177173875, 621189.312878316617571 ], [ 450657.343143622449134, 621189.097800659015775 ], [ 450660.091667633969337, 621188.783671946264803 ], [ 450670.147032804845367, 621186.269797850400209 ], [ 450678.810977200744674, 621183.544358321581967 ], [ 450679.433709565899335, 621182.586185057647526 ], [ 450680.874796322255861, 621180.369150346843526 ], [ 450682.462485653173644, 621176.876413194113411 ], [ 450684.367720506852493, 621172.113535312237218 ], [ 450686.590386924275663, 621166.87443960539531 ], [ 450686.272805292159319, 621162.429088903474621 ], [ 450685.320178134716116, 621156.078760310192592 ], [ 450682.620965158101171, 621147.664438357343897 ], [ 450681.350856936245691, 621142.742836046614684 ], [ 450680.874363419541623, 621135.916224715765566 ], [ 450681.985793264000677, 621131.7883452384267 ], [ 450688.336477086471859, 621125.120403043343686 ], [ 450694.845976251352113, 621118.45228635368403 ], [ 450703.101953145582229, 621113.848164965282194 ], [ 450708.817645727365743, 621112.101722141262144 ], [ 450720.248972687870264, 621111.149081692448817 ], [ 450727.711135793593712, 621112.260337726329453 ], [ 450739.301255846221466, 621114.48288557305932 ], [ 450746.28721712983679, 621115.911620227387175 ], [ 450754.54329682601383, 621116.387883447343484 ], [ 450764.06942448974587, 621116.546460234792903 ], [ 450774.548173985094763, 621116.070088396547362 ], [ 450781.057800999958999, 621114.799972922890447 ], [ 450785.661981503129937, 621112.418433940969408 ], [ 450788.519763531570788, 621110.037052469211631 ], [ 450790.583820175321307, 621106.067927413852885 ], [ 450793.917851768550463, 621094.319636663189158 ], [ 450796.299257167556789, 621086.699157627299428 ], [ 450802.014817711897194, 621074.633282105438411 ], [ 450808.841857761668507, 621062.567398506682366 ], [ 450810.595453280955553, 621060.096442185807973 ], [ 450812.334744039457291, 621057.645850204862654 ], [ 450818.844238397781737, 621052.247874527121894 ], [ 450829.322920834354591, 621045.897219599341042 ], [ 450834.403476991050411, 621039.546765076578595 ], [ 450837.420050392975099, 621033.037677721120417 ], [ 450839.642698343610391, 621025.258348927367479 ], [ 450839.960147903999314, 621020.495459378464147 ], [ 450837.261106525431387, 621012.71624548221007 ], [ 450833.132939340954181, 621004.619555674493313 ], [ 450829.561742548830807, 620998.591604387038387 ], [ 450815.826819980400614, 620975.407705582678318 ], [ 450805.506585833034478, 620962.548226591781713 ], [ 450797.25060144579038, 620957.785500597208738 ], [ 450788.828309357981198, 620951.62621316825971 ], [ 450783.318509702745359, 620946.116745982319117 ], [ 450781.413249357312452, 620942.782802531612106 ], [ 450780.301761218172032, 620938.178857605555095 ], [ 450780.301646564854309, 620930.081931617693044 ], [ 450781.412978959851898, 620920.556400072877295 ], [ 450783.000546743511222, 620909.443161819130182 ], [ 450786.017004094726872, 620898.329785433597863 ], [ 450789.890574686578475, 620887.714776051579975 ], [ 450792.52646591240773, 620883.088672350393608 ], [ 450796.654305312084034, 620873.880525043234229 ], [ 450801.417255557898898, 620861.338397914078087 ], [ 450802.528633291309234, 620857.845638850936666 ], [ 450803.163639145554043, 620851.018908452242613 ], [ 450803.193379660428036, 620839.307551353587769 ], [ 450802.5283761061728, 620830.221250586560927 ], [ 450803.480901480477769, 620826.093550909077749 ], [ 450804.909734775079414, 620822.442077789804898 ], [ 450808.878942557610571, 620816.091630880371667 ], [ 450813.165663802996278, 620810.534867495065555 ], [ 450817.611155506339855, 620805.136957403854467 ], [ 450825.86715945135802, 620797.99262094963342 ], [ 450831.582762646430638, 620794.023678269819357 ], [ 450841.267648340261076, 620788.466832008096389 ], [ 450849.682352995034307, 620784.815296664135531 ], [ 450854.286712338682264, 620783.862584009650163 ], [ 450866.353193354501855, 620784.338877449627034 ], [ 450871.536202109593432, 620784.422417160589248 ], [ 450876.196909238409717, 620784.497574633918703 ], [ 450882.071424741880037, 620786.720151596120559 ], [ 450885.136798376974184, 620788.077471703640185 ], [ 450893.185278055199888, 620791.641541750635952 ], [ 450896.83693405368831, 620791.959007489960641 ], [ 450900.171124717628118, 620791.323872666573152 ], [ 450903.981574910867494, 620789.418756714090705 ], [ 450916.524278809258249, 620779.575539663201198 ], [ 450926.844234645133838, 620774.336290908046067 ], [ 450928.106146916979924, 620772.623530114768073 ], [ 450931.295978023030329, 620768.29398097761441 ], [ 450933.512534242589027, 620764.96932345116511 ], [ 450935.735214969899971, 620759.095128014218062 ], [ 450938.116637514962349, 620751.950858519412577 ], [ 450939.386733640276361, 620748.458150456543081 ], [ 450943.514726903405972, 620744.965397437452339 ], [ 450952.564587209606543, 620742.10754887398798 ], [ 450966.059943313477561, 620741.154920225031674 ], [ 450976.221193718665745, 620744.329952343599871 ], [ 450979.758222292235587, 620746.745213229209185 ], [ 450982.730874697328545, 620748.775247365236282 ], [ 450983.859633898886386, 620750.355437980033457 ], [ 450986.270030047278851, 620753.729752717423253 ], [ 450988.287799676065333, 620756.554426408139989 ], [ 450993.686156588490121, 620772.589178373804316 ], [ 450998.449366088840179, 620776.081895022187382 ], [ 451002.736050683539361, 620777.193147348123603 ], [ 451008.293089257960673, 620777.351824886631221 ], [ 451012.738619361305609, 620776.081800536834635 ], [ 451016.549010918708518, 620774.017777404282242 ], [ 451021.947067049739417, 620770.207462286227383 ], [ 451028.932909503171686, 620763.856933450791985 ], [ 451039.887909907556605, 620754.489924226771109 ], [ 451041.076206289581023, 620753.48103941231966 ], [ 451048.302661489346065, 620747.345678375568241 ], [ 451053.065778909367509, 620746.234337655710988 ], [ 451058.622553981258534, 620746.551717886817642 ], [ 451064.814634959795512, 620746.710480332141742 ], [ 451069.418862564547453, 620746.234099463792518 ], [ 451073.388144046766683, 620745.440359700820409 ], [ 451077.516153143951669, 620743.058823114726692 ], [ 451084.025696089665871, 620738.137199990334921 ], [ 451095.139372099307366, 620728.928948568296619 ], [ 451101.648970817157533, 620724.959946294315159 ], [ 451104.111533162882552, 620723.64654127729591 ], [ 451111.175057816028129, 620719.879423013073392 ], [ 451120.859890841180459, 620716.545378820388578 ], [ 451123.558969289879315, 620715.43409470457118 ], [ 451130.544804596574977, 620709.559781570453197 ], [ 451137.386761036643293, 620704.038407703512348 ], [ 451139.594664712727536, 620702.256715810741298 ], [ 451148.009381768817548, 620696.064887143438682 ], [ 451153.248613201722037, 620692.730961364810355 ], [ 451163.568673958186992, 620686.539151768316515 ], [ 451167.220277718559373, 620683.681393994833343 ], [ 451169.125459866831079, 620678.601039345259778 ], [ 451170.078032239107415, 620672.568224299466237 ], [ 451170.23674583050888, 620665.423857980058528 ], [ 451167.855003050121013, 620649.547911982052028 ], [ 451166.584730702277739, 620643.832598485052586 ], [ 451165.69277990644332, 620632.041083696531132 ], [ 451165.155663021025248, 620624.940055736224167 ], [ 451164.361724147689529, 620613.985485751880333 ], [ 451165.205782553995959, 620601.948443034780212 ], [ 451166.219025125610642, 620594.85500846314244 ], [ 451167.945388834516052, 620582.769668373977765 ], [ 451167.997669631266035, 620582.403559925733134 ], [ 451169.521272893704008, 620575.58305504755117 ], [ 451174.019536011270247, 620551.768878486007452 ], [ 451176.533269941981416, 620544.227795746526681 ], [ 451177.752727243234403, 620539.959808512940072 ], [ 451179.179361904447433, 620534.966680586570874 ], [ 451181.296307673444971, 620531.130006274790503 ], [ 451184.074670992151368, 620527.425537352217361 ], [ 451187.514679370739032, 620523.456478590262122 ], [ 451194.129920242587104, 620518.296770166838542 ], [ 451198.731244579714257, 620511.61412472743541 ], [ 451199.686809581180569, 620510.226287828176282 ], [ 451201.142147784761619, 620506.786469502141699 ], [ 451201.53911243804032, 620501.626814493443817 ], [ 451201.274465928378049, 620498.980697216582485 ], [ 451199.157373713387642, 620494.217931485269219 ], [ 451196.378904330369551, 620491.175002566655166 ], [ 451192.806541829311755, 620487.999902623705566 ], [ 451191.483547714888118, 620484.163119545322843 ], [ 451190.689572133182082, 620478.209628118434921 ], [ 451190.560635536559857, 620474.793106683762744 ], [ 451190.42478035116801, 620471.197659017401747 ], [ 451191.086233292589895, 620458.761479082284495 ], [ 451192.806213473435491, 620449.897288452251814 ], [ 451194.658476423064712, 620443.679138691863045 ], [ 451197.436812364205252, 620439.842516690143384 ], [ 451200.479857618163805, 620437.196433170698583 ], [ 451204.052218643482774, 620434.418059246148914 ], [ 451211.726021854963619, 620431.639737383462489 ], [ 451218.076836957014166, 620428.861314245383255 ], [ 451228.132131841091905, 620424.892219677218236 ], [ 451232.233666504907887, 620421.849182363832369 ], [ 451234.61509057454532, 620418.277084216475487 ], [ 451238.7166311913752, 620411.000460926559754 ], [ 451245.861090439022519, 620392.478319988469593 ], [ 451247.581061008037068, 620390.758434151182882 ], [ 451250.888812986086123, 620389.700019761221483 ], [ 451254.593356445606332, 620389.170674821129069 ], [ 451258.03337529709097, 620389.435319692594931 ], [ 451260.944119735970162, 620389.567614071187563 ], [ 451263.590270662272815, 620390.229036362841725 ], [ 451265.70730319787981, 620392.213575974339619 ], [ 451269.015039799851365, 620395.785544435959309 ], [ 451272.45502687030239, 620401.474493760499172 ], [ 451275.101312975282781, 620406.50187857018318 ], [ 451277.747408956231084, 620409.941751760197803 ], [ 451281.31977869279217, 620412.719952718936838 ], [ 451283.946038108551875, 620414.243111047544517 ], [ 451286.043384263932239, 620415.459629087359644 ], [ 451289.597932762815617, 620417.562037807656452 ], [ 451295.710585648659617, 620420.340343561489135 ], [ 451301.743900617293548, 620422.324814809719101 ], [ 451312.302052870974876, 620425.182321694912389 ], [ 451319.367316022922751, 620426.690466847503558 ], [ 451324.289145737770014, 620428.278030937188305 ], [ 451330.878062069183215, 620430.183049898128957 ], [ 451335.561887092946563, 620432.32636557368096 ], [ 451340.801173253217712, 620434.866424250532873 ], [ 451343.650036382372491, 620436.268579573603347 ], [ 451350.962576570687816, 620439.86726456542965 ], [ 451355.884434220963158, 620442.089836697094142 ], [ 451357.291822808911093, 620442.575118013191968 ], [ 451360.488739199994598, 620443.677418829058297 ], [ 451363.505390121252276, 620444.312454577768221 ], [ 451364.76434493548004, 620444.312410066835582 ], [ 451366.754668526758906, 620444.312453549588099 ], [ 451366.760179131524637, 620444.312447546399198 ], [ 451378.290170889697038, 620441.400011224788614 ], [ 451381.141983025008813, 620439.642071638256311 ], [ 451384.476053553051315, 620435.831730120815337 ], [ 451388.286479586909991, 620431.22761195152998 ], [ 451392.414460661413614, 620426.147281934623607 ], [ 451400.035276710696053, 620420.749296913389117 ], [ 451404.480791526322719, 620418.209083592635579 ], [ 451414.007030331878923, 620416.621377531555481 ], [ 451423.374399954685941, 620417.415169215993956 ], [ 451438.93392468203092, 620422.65400542516727 ], [ 451448.93632448441349, 620426.781715465942398 ], [ 451458.46261705562938, 620427.575452085467987 ], [ 451470.052721616986673, 620430.274172842269763 ], [ 451474.429888952698093, 620433.192183363018557 ], [ 451475.768505455343984, 620434.084512281813659 ], [ 451479.102720978611615, 620439.323491840623319 ], [ 451481.325584398466162, 620445.197688803775236 ], [ 451484.818552021984942, 620450.277910914388485 ], [ 451488.470373001997359, 620453.770670225261711 ], [ 451492.757068334147334, 620455.993173038819805 ], [ 451498.472732096270192, 620457.263275563251227 ], [ 451514.508509725274052, 620458.691923456499353 ], [ 451520.700548762571998, 620458.374331598402932 ], [ 451523.875912465038709, 620456.786689461790957 ], [ 451527.527537324524019, 620454.722774615045637 ], [ 451533.243242866417859, 620450.753706468036398 ], [ 451541.340447603433859, 620443.768159751663916 ], [ 451548.326122061233036, 620435.829987089382485 ], [ 451555.973330563399941, 620429.855940415756777 ], [ 451558.48734590166714, 620427.891908605815843 ], [ 451565.790686113352422, 620423.1289701013593 ], [ 451573.252788851212244, 620419.636201546527445 ], [ 451581.985089273541234, 620418.683512530871667 ], [ 451594.845467697829008, 620418.207081300904974 ], [ 451599.291012582543772, 620417.413316237274557 ], [ 451603.736592189699877, 620416.143132296041586 ], [ 451608.817161265702453, 620413.602914972696453 ], [ 451615.485422642843332, 620410.42763177130837 ], [ 451622.630017181043513, 620405.823460337938741 ], [ 451639.300724133383483, 620398.996628161869012 ], [ 451666.92651073198067, 620388.676917290315032 ], [ 451675.341227363911457, 620384.707821831805632 ], [ 451680.300496812677011, 620382.405401023337618 ], [ 451684.232331964885816, 620380.579959002672695 ], [ 451689.154093121411279, 620378.03970196924638 ], [ 451697.251314440509304, 620373.276811799965799 ], [ 451704.55460575746838, 620369.466514593572356 ], [ 451709.952904562291224, 620367.719997676671483 ], [ 451724.271711886744015, 620366.302238055388443 ], [ 451725.988417212269269, 620366.132285830448382 ], [ 451734.403243867389392, 620364.703330153017305 ], [ 451753.614357280079275, 620362.956706503755413 ], [ 451769.967601791373454, 620359.622681585256942 ], [ 451787.376032491913065, 620356.093991772737354 ], [ 451793.465369468263816, 620354.859541991958395 ], [ 451801.927089263161179, 620355.211701536434703 ], [ 451802.518407235969789, 620354.931603729026392 ], [ 451809.183597884839401, 620355.018188402755186 ], [ 451814.581765161710791, 620356.923236061353236 ], [ 451818.233578102546744, 620360.733412676025182 ], [ 451820.932639279810246, 620366.925054645864293 ], [ 451821.09158380900044, 620376.133220383082516 ], [ 451819.027594972809311, 620383.753730750759132 ], [ 451819.027616391773336, 620388.675290997489356 ], [ 451820.615393903572112, 620393.120598537381738 ], [ 451826.489903594716452, 620398.200818626442924 ], [ 451830.77672107151011, 620399.629652762552723 ], [ 451835.063490463071503, 620399.788368056993932 ], [ 451842.208153337065596, 620397.883167197927833 ], [ 451848.876382472168189, 620394.866615550359711 ], [ 451858.87880966119701, 620388.83357172284741 ], [ 451865.070790256664623, 620385.182089523528703 ], [ 451884.916882998426445, 620375.815006699645892 ], [ 451896.824583550740499, 620370.417023972375318 ], [ 451911.43121760932263, 620360.25614871759899 ], [ 451920.163477776688524, 620353.111847856664099 ], [ 451924.926457779365592, 620348.031439762911759 ], [ 451931.118413091229741, 620340.252107892651111 ], [ 451934.293801026709843, 620334.060438753454946 ], [ 451936.846832092094701, 620329.620401650550775 ], [ 451937.945357212796807, 620327.709893291816115 ], [ 451943.978517653420568, 620318.819311172585003 ], [ 451947.630126144969836, 620312.31007086741738 ], [ 451950.011552446405403, 620304.689447558834217 ], [ 451950.011440240428783, 620295.163831201381981 ], [ 451947.471093799220398, 620287.22591581591405 ], [ 451938.421096798731014, 620273.096251393202692 ], [ 451932.705334146274254, 620266.110833111451939 ], [ 451928.894786360673606, 620264.523333200369962 ], [ 451913.811761752935126, 620258.808058909606189 ], [ 451908.889843432581984, 620256.109228356159292 ], [ 451908.68916161369998, 620255.816603813320398 ], [ 451905.079316788585857, 620250.552677283179946 ], [ 451899.363462368200999, 620242.773452363209799 ], [ 451895.076639183331281, 620233.882923965808004 ], [ 451889.360830308985896, 620225.944893752690405 ], [ 451882.533691726101097, 620219.594577136216685 ], [ 451874.5950669022277, 620213.561745080864057 ], [ 451871.482075264386367, 620206.476984107634053 ], [ 451870.467044073855504, 620202.924841128056869 ], [ 451870.625782287912443, 620199.273340191575699 ], [ 451870.625695134862326, 620193.875472244224511 ], [ 451872.21336894063279, 620189.43016877095215 ], [ 451874.753615729103331, 620183.556019145878963 ], [ 451877.090025126817636, 620179.063019054359756 ], [ 451878.88156970217824, 620175.617887790664099 ], [ 451885.073508390400093, 620166.886044671293348 ], [ 451896.663521863287315, 620156.884018762968481 ], [ 451904.601820506737567, 620150.533498698030598 ], [ 451908.888663574354723, 620145.929358772817068 ], [ 451911.270146142749581, 620141.325280553312041 ], [ 451913.651611078938004, 620134.65738351456821 ], [ 451914.445469851489179, 620128.306818277807906 ], [ 451915.016497559379786, 620123.509499676176347 ], [ 451915.239207561127841, 620121.638861699728295 ], [ 451914.286460870411247, 620115.129822668153793 ], [ 451914.127729070256464, 620111.319525974569842 ], [ 451915.715383513597772, 620107.668035173788667 ], [ 451918.537735360383522, 620105.533828363986686 ], [ 451927.517107315710746, 620102.653592768590897 ], [ 451932.386164729250595, 620101.383540845126845 ], [ 451940.218608418887015, 620099.478281865594909 ], [ 451949.109752017189749, 620097.361433540703729 ], [ 451954.613703933428042, 620094.821245546452701 ], [ 451959.006283214781433, 620089.52913144195918 ], [ 451962.181596490554512, 620085.295451020821929 ], [ 451963.240030596789438, 620077.357423967914656 ], [ 451961.123069040069822, 620069.684024751884863 ], [ 451958.476780918426812, 620061.216831602738239 ], [ 451947.891939703957178, 620041.371898007811978 ], [ 451943.922639198543038, 620037.402914102422073 ], [ 451938.630209988506977, 620032.904746592277661 ], [ 451937.042449991567992, 620027.348122919327579 ], [ 451936.425528509425931, 620023.914655110682361 ], [ 451933.090340404829476, 620005.355929238023236 ], [ 451930.956062249955721, 619993.479269076953642 ], [ 451928.309717724856455, 619982.101365277427249 ], [ 451928.838850170141086, 619975.750975327682681 ], [ 451930.736668611527421, 619972.524920842493884 ], [ 451931.485080963582732, 619971.252779971109703 ], [ 451938.894164532946888, 619963.050023842137307 ], [ 451942.069504030398093, 619959.345623304601759 ], [ 451943.392441621632315, 619952.730513364542276 ], [ 451944.450941457413137, 619941.881884728791192 ], [ 451942.333806846581865, 619926.270492452313192 ], [ 451935.188960032130126, 619906.160868977080099 ], [ 451933.336646687239408, 619899.54585816746112 ], [ 451935.188840161892585, 619894.783103457535617 ], [ 451940.74567919265246, 619887.90333174704574 ], [ 451951.594820029335096, 619881.288258648361079 ], [ 451971.17627139063552, 619872.291545802843757 ], [ 451987.317867076722905, 619866.999301452306099 ], [ 451998.431737062463071, 619864.882509602117352 ], [ 452007.164124412811361, 619866.47003667242825 ], [ 452012.456309607136063, 619869.90976218006108 ], [ 452021.18884556600824, 619879.435284862644039 ], [ 452029.127376831893343, 619886.579456583131105 ], [ 452040.044777572387829, 619887.276057749404572 ], [ 452041.564396006288007, 619887.373071821522899 ], [ 452051.355110366479494, 619882.345564274815843 ], [ 452057.330508200509939, 619877.985358241130598 ], [ 452061.145759145496413, 619875.201157782808878 ], [ 452064.127677693264559, 619870.663683766615577 ], [ 452067.231844424328301, 619865.940067525953054 ], [ 452073.582471491768956, 619854.032954953494482 ], [ 452080.197811528050806, 619846.624112838529982 ], [ 452091.840847589191981, 619838.156736983568408 ], [ 452108.511402087809984, 619820.957590471487492 ], [ 452118.831284234998748, 619809.050432581803761 ], [ 452128.886517574370373, 619797.937039496842772 ], [ 452139.735702446254436, 619780.208560993429273 ], [ 452143.969406820368022, 619773.064378081588075 ], [ 452162.492369164596312, 619759.569560860865749 ], [ 452169.698077678855043, 619755.075015067937784 ], [ 452189.218469625920989, 619742.899357239017263 ], [ 452195.56915701268008, 619737.078106186236255 ], [ 452198.744507275056094, 619728.610865266062319 ], [ 452199.233862594817765, 619719.963583814445883 ], [ 452199.53814159630565, 619714.586958408355713 ], [ 452199.538041365332901, 619706.561712705064565 ], [ 452199.537928842648398, 619693.683475925121456 ], [ 452197.420991839084309, 619687.862328569870442 ], [ 452183.131516743742395, 619676.219957608380355 ], [ 452176.516032071143854, 619670.663400363759138 ], [ 452171.488337221730035, 619664.842273395974189 ], [ 452170.959060344437603, 619660.079536733916029 ], [ 452172.811383322812617, 619656.639663551934063 ], [ 452178.897455980069935, 619652.670512343174778 ], [ 452187.894377897435334, 619650.024434008868411 ], [ 452202.977449720317964, 619647.90743016183842 ], [ 452208.798997233563568, 619643.409175161272287 ], [ 452211.97433711856138, 619638.117176451487467 ], [ 452214.884996677516028, 619628.85607883753255 ], [ 452218.060278754332103, 619621.447180100600235 ], [ 452221.764822168683168, 619616.419698914280161 ], [ 452223.813324949587695, 619615.446755402139388 ], [ 452232.349377942155115, 619611.392160959541798 ], [ 452250.343273614649661, 619607.158368514850736 ], [ 452269.924726476543583, 619603.982996606151573 ], [ 452277.655381443793885, 619603.37258010765072 ], [ 452279.980154374381527, 619603.189062398858368 ], [ 452289.241751672700047, 619603.982824050704949 ], [ 452300.355671540368348, 619609.274709916557185 ], [ 452309.617322158650495, 619616.418734473874792 ], [ 452317.026539098005742, 619619.064748529694043 ], [ 452325.229669861262664, 619619.064731160411611 ], [ 452335.549608635657933, 619618.270748194307089 ], [ 452346.928146593621932, 619619.32911514560692 ], [ 452353.543536185577977, 619621.71034627687186 ], [ 452355.062816235469654, 619623.446526295156218 ], [ 452359.100582712388132, 619628.060761360800825 ], [ 452363.863684450741857, 619635.998648178298026 ], [ 452371.273038488347083, 619644.465869991690852 ], [ 452375.095543500268832, 619647.209828506689519 ], [ 452377.74039092467865, 619649.108260374283418 ], [ 452381.840185201261193, 619652.0509845870547 ], [ 452389.24934755533468, 619652.897611738881096 ], [ 452400.04569841909688, 619652.897498401696794 ], [ 452410.418556153657846, 619650.780606811051257 ], [ 452418.632865881489124, 619647.209334388957359 ], [ 452420.156421225285158, 619646.546830230858177 ], [ 452425.872009669430554, 619641.678243281203322 ], [ 452427.353924528113566, 619635.962848628871143 ], [ 452428.83560557034798, 619624.955425204942003 ], [ 452433.653592393035069, 619614.373093924368732 ], [ 452436.879739407915622, 619603.152145937201567 ], [ 452437.726281593495514, 619588.334492592141032 ], [ 452434.762339539884124, 619566.743099781335331 ], [ 452435.141107873641886, 619559.356438419781625 ], [ 452435.18570135300979, 619558.48749095981475 ], [ 452436.667410058958922, 619553.19543302373495 ], [ 452442.594863881764468, 619549.173405727022327 ], [ 452451.697608453920111, 619545.786542683606967 ], [ 452462.070435540343169, 619541.129428914864548 ], [ 452471.38489511894295, 619537.319009041064419 ], [ 452477.73566857248079, 619532.450307280174457 ], [ 452483.239528021367732, 619526.311504594050348 ], [ 452490.013613234914374, 619515.30398642574437 ], [ 452499.751225559681188, 619497.734380062669516 ], [ 452501.401358233531937, 619495.040440771263093 ], [ 452510.124025550088845, 619480.799878984922543 ], [ 452514.36874654085841, 619469.834755155490711 ], [ 452515.204523305117618, 619467.675606882199645 ], [ 452518.070753052772488, 619460.510136785334907 ], [ 452519.861611224594526, 619456.033018093323335 ], [ 452521.978556854068302, 619448.200827692635357 ], [ 452523.883653055643663, 619439.52196994307451 ], [ 452525.788834547158331, 619434.864912007353269 ], [ 452534.256524972675834, 619424.915932924952358 ], [ 452543.147399528243113, 619412.849938421975821 ], [ 452556.06059382337844, 619402.26577395980712 ], [ 452565.586667891417164, 619396.761919059208594 ], [ 452566.896971956011839, 619396.414273315691389 ], [ 452575.959578599256929, 619394.010065971408039 ], [ 452586.332569303922355, 619395.280014653806575 ], [ 452590.767094858572818, 619397.497158649610355 ], [ 452592.259972960979212, 619398.243490031687543 ], [ 452595.435458651918452, 619402.900463150581345 ], [ 452593.741909485892393, 619409.039189098286442 ], [ 452590.778332803398371, 619413.907928442000411 ], [ 452586.967942358111031, 619422.586813360569067 ], [ 452583.580921299464535, 619432.959255703026429 ], [ 452583.738324516278226, 619440.038238737732172 ], [ 452583.792721434787381, 619442.48485772521235 ], [ 452584.42792408564128, 619449.89366391254589 ], [ 452585.215053211024497, 619450.806627744343132 ], [ 452589.720216844638344, 619456.032387750805356 ], [ 452599.458104537858162, 619461.324259037617594 ], [ 452611.366022016678471, 619465.386622000485659 ], [ 452617.452064681099728, 619467.462895573698916 ], [ 452632.482339927693829, 619472.966359434532933 ], [ 452636.716190231847577, 619476.776537218829617 ], [ 452639.044947300222702, 619484.608764402684756 ], [ 452640.894469846098218, 619492.108847152092494 ], [ 452642.855567578051705, 619500.061453520320356 ], [ 452648.055402566096745, 619510.280803798697889 ], [ 452648.99473255261546, 619512.127091220696457 ], [ 452652.593671689857729, 619518.05417902872432 ], [ 452660.214674045681022, 619524.61621147824917 ], [ 452670.375860023312271, 619529.272976882290095 ], [ 452681.172194303479046, 619533.083285261178389 ], [ 452692.603724138229154, 619532.448010024847463 ], [ 452703.399964315991383, 619530.966185972909443 ], [ 452715.466385828272905, 619527.155780321452767 ], [ 452723.50752754311543, 619522.480847801896743 ], [ 452724.569120472937357, 619521.863631904358044 ], [ 452730.073041519790422, 619517.418314351700246 ], [ 452735.576986729924101, 619507.680970617220737 ], [ 452738.046711166505702, 619500.841952662914991 ], [ 452738.328915161953773, 619500.060451788362116 ], [ 452741.650236840941943, 619490.066307123401202 ], [ 452742.189673062122893, 619488.44317130302079 ], [ 452745.330467213294469, 619483.349095305195078 ], [ 452750.83438480948098, 619478.268666749936529 ], [ 452757.608538874541409, 619474.03489422542043 ], [ 452761.633922535227612, 619479.267038811580278 ], [ 452763.316785017959774, 619481.454484259244055 ], [ 452771.759982705581933, 619490.108567073941231 ], [ 452775.168198505649343, 619493.601907017640769 ], [ 452778.998441103613004, 619497.527868630131707 ], [ 452781.713427906215657, 619500.310742283356376 ], [ 452785.539035211899318, 619504.231843376881443 ], [ 452787.158670416218229, 619506.246505467453972 ], [ 452817.884066464437637, 619500.344305964186788 ], [ 452848.577650854131207, 619502.098032313282602 ], [ 452887.431224902626127, 619504.318266159738414 ], [ 452947.036727541068103, 619474.513595240772702 ], [ 452992.77801172551699, 619448.089926152490079 ], [ 453026.951679974969011, 619413.918642376316711 ], [ 453031.835675588634331, 619408.729750668397173 ], [ 453069.011788543139119, 619369.232025870354846 ], [ 453121.75685888476437, 619321.283254443434998 ], [ 453202.043658780457918, 619248.297401513205841 ], [ 453213.592564923455939, 619237.798582119052298 ], [ 453277.528634724847507, 619170.135625637834892 ], [ 453309.092093169048894, 619136.732256924500689 ], [ 453326.020960386784282, 619118.816608313587494 ], [ 453435.505376545304898, 619002.953426021151245 ], [ 453442.399255021417048, 618995.657869691960514 ], [ 453443.292889798351098, 618994.712176157278009 ], [ 453450.802709384239279, 618984.928056375007145 ], [ 453485.482973556907382, 618939.744948003091849 ], [ 453505.792013751110062, 618913.285283852368593 ], [ 453506.439976013498381, 618912.441146871191449 ], [ 453514.970251421735156, 618901.327360889874399 ], [ 453533.925394956604578, 618876.631577948573977 ], [ 453539.938895648345351, 618868.796836618101224 ], [ 453548.825694730505347, 618857.218766398145817 ], [ 453552.742315647541545, 618852.115987004712224 ], [ 453562.014575925248209, 618840.035666067269631 ], [ 453575.478084538306575, 618822.494639995275065 ], [ 453579.095879696134944, 618817.781447177869268 ], [ 453609.545197582687251, 618778.110401810961775 ], [ 453609.576676781172864, 618778.069340600050054 ], [ 453618.470006170682609, 618766.482764362590387 ], [ 453630.193283380009234, 618751.20909064495936 ], [ 453630.618473977549002, 618750.655261943698861 ], [ 453632.931650913902558, 618747.641301318071783 ], [ 453633.541754853096791, 618746.846528470050544 ], [ 453637.601593026425689, 618741.557156034279615 ], [ 453642.076826900767628, 618735.726572761777788 ], [ 453642.157243954599835, 618735.580954157863744 ], [ 453642.460761260532308, 618735.032007057685405 ], [ 453642.63149636198068, 618734.722954744822346 ], [ 453642.645467770867981, 618734.6978365406394 ], [ 453642.868347372859716, 618734.294287099619396 ], [ 453643.37384258559905, 618733.379744286299683 ], [ 453649.150019253895152, 618722.928064873209223 ], [ 453665.15701512969099, 618693.963899717200547 ], [ 453689.171014327497687, 618650.511468779412098 ], [ 453730.55803407530766, 618575.623165612691082 ], [ 453741.520156257553026, 618555.787741325446405 ], [ 453752.482178213307634, 618535.952320494339801 ], [ 453781.261638330470305, 618467.604081795434467 ], [ 453785.144087541208137, 618458.383689243346453 ], [ 453794.543025474878959, 618436.06219607021194 ], [ 453825.81114327092655, 618365.299478143570013 ], [ 453828.974810295796487, 618358.141654732404277 ], [ 453841.81432364648208, 618329.083631419111043 ], [ 453844.484931898768991, 618323.04006040841341 ], [ 453860.861418706539553, 618294.382045084726997 ], [ 453876.723149180877954, 618266.624983738060109 ], [ 453897.059370673145168, 618231.037596503156237 ], [ 453902.885850538499653, 618225.211403184104711 ], [ 453917.877498554065824, 618210.220325918635353 ], [ 453934.021946317574475, 618194.076393296127208 ], [ 453938.695425274956506, 618189.403066371218301 ], [ 453940.75091508886544, 618186.341173379914835 ], [ 453941.406188860360999, 618186.692393086501397 ], [ 453951.786258346575778, 618176.312661554897204 ], [ 453975.921658830484375, 618152.17809680569917 ], [ 454023.239086719928309, 618102.233793013496324 ], [ 454065.299002983840182, 618062.803882619715296 ], [ 454083.032651790999807, 618042.768742682877928 ], [ 454087.964912769559305, 618037.196410926291719 ], [ 454093.099300550238695, 618031.39561675558798 ], [ 454100.536403418984264, 618025.743747071595863 ], [ 454140.165996870491654, 617995.62612031865865 ], [ 454148.159729167353362, 617989.34565396560356 ], [ 454166.523460914671887, 617974.917540802038275 ], [ 454206.181697968160734, 617966.028607435058802 ], [ 454222.953359365579672, 617962.269449590356089 ], [ 454241.831467726908159, 617958.038251789286733 ], [ 454245.244183746690396, 617955.055274543119594 ], [ 454248.660093594691716, 617952.069418996805325 ], [ 454252.555157469410915, 617947.824792674044147 ], [ 454254.340684335096739, 617945.879034657147713 ], [ 454259.451376019162126, 617938.538444822072051 ], [ 454268.512223105062731, 617926.607584130135365 ], [ 454272.912772314972244, 617922.707259694812819 ], [ 454280.203670503105968, 617918.256899353233166 ], [ 454282.623791291669477, 617917.346823486033827 ], [ 454287.924427934747655, 617917.266761563252658 ], [ 454298.645788640307728, 617918.136763718095608 ], [ 454314.657742915733252, 617918.806620275019668 ], [ 454320.188473641814198, 617918.146509368321858 ], [ 454325.39896362950094, 617914.946276475442573 ], [ 454328.98929120664252, 617910.815985588124022 ], [ 454334.099847769364715, 617904.515494435094297 ], [ 454339.410626120166853, 617902.815300144022331 ], [ 454344.831169345939998, 617902.615244258544408 ], [ 454349.89174142916454, 617904.145278008072637 ], [ 454359.263043629936874, 617905.125270138843916 ], [ 454364.483529784251004, 617903.185082319076173 ], [ 454364.771891120995861, 617903.107154838042334 ], [ 454372.724560294765979, 617901.044856675434858 ], [ 454379.175266472273506, 617901.664767069858499 ], [ 454384.926051187794656, 617903.654925281996839 ], [ 454390.556779394566547, 617906.914988846168853 ], [ 454398.377758820948657, 617910.06510766746942 ], [ 454406.548824974102899, 617911.735191050800495 ], [ 454419.450348402315285, 617913.305130132706836 ], [ 454428.671353839919902, 617913.355015429435298 ], [ 454437.542470337764826, 617912.374901650822721 ], [ 454442.513163237599656, 617909.744681145530194 ], [ 454450.603927258285694, 617906.914437278290279 ], [ 454456.13461673387792, 617907.294321686262265 ], [ 454464.645691611862276, 617908.844412286533043 ], [ 454479.157493634324055, 617912.034406218328513 ], [ 454490.778844055137597, 617913.834476258372888 ], [ 454493.199173092027195, 617914.534476032247767 ], [ 454497.789725033333525, 617917.214575997786596 ], [ 454503.549000737257302, 617919.975655831745826 ], [ 454506.070806420990266, 617921.1847045624163 ], [ 454514.81199488817947, 617924.344855957431719 ], [ 454519.03000396565767, 617925.286215079016984 ], [ 454521.712878459715284, 617925.884871241170913 ], [ 454533.564230559335556, 617929.295003752107732 ], [ 454550.016370910627302, 617933.42504519817885 ], [ 454559.927425782836508, 617934.975058696465567 ], [ 454573.389262977056205, 617938.045164102455601 ], [ 454587.430892345728353, 617941.705229938263074 ], [ 454600.672581193386577, 617944.085270663257688 ], [ 454609.823643912852276, 617945.275214294088073 ], [ 454619.554813708236907, 617946.495204626931809 ], [ 454627.735780403367244, 617946.315054182661697 ], [ 454631.245847524201963, 617944.42285797954537 ], [ 454632.596381821320392, 617943.694809041917324 ], [ 454634.336609070713166, 617941.624700353015214 ], [ 454634.496501059562434, 617941.264681922853924 ], [ 454636.436775993555784, 617936.804322843789123 ], [ 454642.137321466056164, 617924.803517856867984 ], [ 454644.840756780817173, 617926.116122472798452 ], [ 454645.597665700654034, 617926.483616462559439 ], [ 454661.919803562108427, 617933.833958091796376 ], [ 454669.280668182647787, 617936.184035812038928 ], [ 454682.392321733175777, 617940.984138728468679 ], [ 454689.816242272849195, 617943.565397259080783 ], [ 454701.604786469193641, 617947.664384479867294 ], [ 454704.910728423856199, 617948.599274500389583 ], [ 454708.607173974800389, 617949.64457962254528 ], [ 454718.366790435102303, 617952.404512894107029 ], [ 454721.387289401143789, 617953.034578129765578 ], [ 454723.127360713668168, 617953.094526159577072 ], [ 454724.842566889943555, 617952.980211289715953 ], [ 454725.119636053394061, 617952.961683805915527 ], [ 454731.078277411637828, 617952.56439214607235 ], [ 454740.869446662196424, 617952.41426182189025 ], [ 454742.83970812917687, 617949.804140465916134 ], [ 454747.140301519888453, 617944.353730191010982 ], [ 454747.750176300585736, 617938.833289516856894 ], [ 454746.749931396450847, 617932.712983982055448 ], [ 454744.049539290717803, 617921.872251575347036 ], [ 454740.789097944274545, 617906.751299851341173 ], [ 454737.658418437058572, 617890.250288790441118 ], [ 454732.737617310602218, 617864.638673603767529 ], [ 454729.687104350072332, 617854.718064025277272 ], [ 454725.796545808610972, 617849.847793672000989 ], [ 454720.405940050492063, 617845.327506827539764 ], [ 454719.557265283248853, 617844.57027851883322 ], [ 454718.45574212766951, 617843.587483496638015 ], [ 454717.20561322249705, 617841.157340712146834 ], [ 454716.555254102160688, 617833.896841966547072 ], [ 454716.524866791267414, 617831.641743817832321 ], [ 454716.505798907368444, 617830.225451035192236 ], [ 454716.395110237062909, 617822.026059465715662 ], [ 454715.665016169077717, 617807.965198127552867 ], [ 454713.897788139758632, 617799.916224754648283 ], [ 454713.864679494581651, 617799.764640870387666 ], [ 454715.192057190579362, 617788.56241162866354 ], [ 454718.826437434414402, 617777.054060833528638 ], [ 454721.546372238895856, 617773.097866707947105 ], [ 454732.152185818413273, 617757.671710402704775 ], [ 454738.575294339680113, 617750.606546838069335 ], [ 454744.266706788854208, 617744.346215952653438 ], [ 454753.700973842351232, 617737.158353264909238 ], [ 454756.986811550450511, 617734.655059410841204 ], [ 454761.832617294625379, 617728.597963406937197 ], [ 454765.466951926588081, 617721.935291022644378 ], [ 454771.221304623759352, 617714.364090287359431 ], [ 454771.433543531864416, 617714.213474945863709 ], [ 454772.110791351005901, 617713.732613684725948 ], [ 454780.386792172910646, 617707.863483579829335 ], [ 454780.558499916282017, 617707.741772933397442 ], [ 454781.104792511672713, 617707.354381132638082 ], [ 454782.467550262459554, 617706.388005861430429 ], [ 454791.1630176929757, 617705.947815563646145 ], [ 454800.624243529571686, 617705.577077653957531 ], [ 454800.711863829637878, 617705.57367151544895 ], [ 454809.03523856663378, 617705.247545785736293 ], [ 454824.731557156716008, 617704.797308746725321 ], [ 454835.888325951586012, 617704.47717566601932 ], [ 454849.720171516877599, 617704.557111698901281 ], [ 454875.42317412031116, 617704.706808258779347 ], [ 454884.514238170406315, 617706.256837010500021 ], [ 454890.724996262579225, 617708.716930683236569 ], [ 454904.406737975892611, 617713.517078405013308 ], [ 454914.476470750349108, 617719.813817964168265 ], [ 454929.014208834269084, 617733.744654909940436 ], [ 454930.923967540671583, 617735.827995682600886 ], [ 454953.820447845442686, 617728.959053680533543 ], [ 454955.750459650880657, 617727.511714884196408 ], [ 454964.335510758333839, 617721.073107760632411 ], [ 454974.850361273274757, 617702.672596723074093 ], [ 454977.879355259647127, 617696.614367381669581 ], [ 454985.365550374204759, 617681.640737025765702 ], [ 454987.993843303702306, 617657.985901489970274 ], [ 454982.735890486044809, 617618.556639275513589 ], [ 454979.262843363569118, 617609.295992689440027 ], [ 454974.849310890655033, 617597.52758398198057 ], [ 454953.81879837193992, 617573.870228083920665 ], [ 454947.82871454017004, 617558.297381836222485 ], [ 454947.743512738554273, 617558.07573691313155 ], [ 454940.674645053339191, 617539.6982271556044 ], [ 454933.93700412043836, 617510.504462702898309 ], [ 454932.787919817958027, 617505.526245379820466 ], [ 454927.473182159650605, 617471.827650101389736 ], [ 454983.425292127532884, 617382.091322373133153 ], [ 455085.966101360856555, 617159.925651433411986 ], [ 455101.126471514697187, 617128.882103303680196 ], [ 455118.204943877295591, 617093.910847359104082 ], [ 455119.790622075321153, 617090.66402971604839 ], [ 455131.304174136894289, 617067.087898684549145 ], [ 455160.181994138692971, 617007.023856133571826 ], [ 455160.186402162886225, 617007.023077601217665 ], [ 455189.809388096211478, 616998.964024489861913 ], [ 455191.035416365892161, 616998.682234293082729 ], [ 455212.830863698094618, 616993.671776973293163 ], [ 455226.32627307693474, 616989.967163937049918 ], [ 455231.618455129617359, 616985.733622660511173 ], [ 455233.470752381894272, 616980.706174297723919 ], [ 455233.2060942799435, 616973.297210630262271 ], [ 455230.559861632238608, 616968.269944965722971 ], [ 455227.384460225468501, 616964.565518534858711 ], [ 455220.905537861923221, 616959.650792896747589 ], [ 455219.710615183925256, 616958.744385086465627 ], [ 455213.888866440742277, 616951.335668458486907 ], [ 455212.388514274964109, 616946.562054766225629 ], [ 455210.978057015570812, 616942.074555044877343 ], [ 455210.977990462793969, 616934.401130270445719 ], [ 455212.30100966867758, 616928.050794181996025 ], [ 455216.799390658736229, 616923.817160468897782 ], [ 455221.297904495091643, 616920.377222906216048 ], [ 455231.353136082587298, 616919.318681135424413 ], [ 455236.508888165291864, 616920.724752821959555 ], [ 455240.085522668203339, 616921.700000605778769 ], [ 455249.347074285615236, 616926.727404082426801 ], [ 455257.021054500655737, 616930.696290788939223 ], [ 455269.193371239467524, 616932.812969491817057 ], [ 455273.691929831285961, 616930.960649902932346 ], [ 455278.190253288194072, 616924.345603694673628 ], [ 455279.513221538276412, 616914.290766962920316 ], [ 455277.925422585743945, 616904.500489017693326 ], [ 455273.162299188552424, 616898.150148855871521 ], [ 455264.165252951963339, 616892.329112294828519 ], [ 455249.346667538862675, 616885.714224495575763 ], [ 455241.672767840616871, 616880.951532337930985 ], [ 455236.64508593280334, 616873.807321914937347 ], [ 455235.851173691742588, 616863.223330269684084 ], [ 455237.438794425921515, 616856.608202645089477 ], [ 455239.8201579687302, 616850.257695219479501 ], [ 455244.318595624761656, 616843.642756495857611 ], [ 455251.198480788734742, 616839.144320870516822 ], [ 455263.370809449465014, 616833.852214093203656 ], [ 455275.013944825215731, 616831.735311222495511 ], [ 455285.333926263847388, 616829.883043810143135 ], [ 455295.124739096441772, 616828.030643270700239 ], [ 455303.327783922839444, 616824.590778666664846 ], [ 455307.566791057062801, 616818.766483747516759 ], [ 455314.441423896409106, 616803.687261108891107 ], [ 455320.792115599906538, 616796.278225687681697 ], [ 455328.465895465109497, 616790.192393904086202 ], [ 455339.844298185023945, 616786.752467232407071 ], [ 455359.955083669279702, 616786.223054369795136 ], [ 455378.742917682975531, 616789.927200171165168 ], [ 455399.912256860581692, 616795.483667175518349 ], [ 455425.844683374918532, 616806.59658216976095 ], [ 455442.250937144970521, 616815.592915452900343 ], [ 455451.777157017379068, 616818.768067064345814 ], [ 455461.303322624589782, 616819.561691739363596 ], [ 455466.715357618581038, 616819.432673762203194 ], [ 455472.41715595574351, 616819.2969543117797 ], [ 455492.982868277351372, 616817.276964544900693 ], [ 455502.054022506868932, 616816.386008962057531 ], [ 455515.284839735191781, 616813.210695443325676 ], [ 455534.601831385283731, 616808.712343811872415 ], [ 455543.863254247815348, 616802.62641205440741 ], [ 455547.567826411046553, 616798.128077881527133 ], [ 455550.213960478897206, 616792.306936211651191 ], [ 455550.675017898611259, 616790.978086768067442 ], [ 455554.712210767320357, 616779.341362070292234 ], [ 455560.269129033549689, 616769.815707353758626 ], [ 455564.76749461342115, 616762.406776526477188 ], [ 455572.176717797410674, 616758.702226295135915 ], [ 455582.232005330093671, 616758.437571077258326 ], [ 455593.34602021262981, 616759.231308929389343 ], [ 455600.490596434450708, 616766.639977662242018 ], [ 455602.198531455593184, 616772.711818826501258 ], [ 455605.253921674680896, 616783.574466770514846 ], [ 455611.340296471782494, 616804.477781289140694 ], [ 455620.602218075480778, 616836.494552237913013 ], [ 455625.630026855738834, 616849.724500801297836 ], [ 455633.568485595576931, 616854.222576827392913 ], [ 455644.682419456075877, 616853.957881397916935 ], [ 455653.944000377785414, 616852.370169169967994 ], [ 455662.146995909803081, 616849.194899316411465 ], [ 455672.996111318469048, 616840.727553612785414 ], [ 455693.636138320376631, 616828.820285682799295 ], [ 455710.571385325572919, 616817.971485350746661 ], [ 455720.097428787616082, 616809.504132818547077 ], [ 455731.475685107870959, 616795.744830078678206 ], [ 455736.76801012159558, 616787.012823767960072 ], [ 455737.034412157256156, 616785.11485807551071 ], [ 455738.88477820623666, 616771.930522457230836 ], [ 455741.79533269314561, 616755.260710321017541 ], [ 455743.647586282750126, 616750.233176249195822 ], [ 455750.792295054066926, 616746.528806931339204 ], [ 455756.084491743007675, 616745.470223178621382 ], [ 455770.902974396478385, 616750.232914856635034 ], [ 455779.370800903998315, 616753.143545869970694 ], [ 455786.780071479210164, 616753.937227889779024 ], [ 455792.866205371567048, 616751.555776909692213 ], [ 455796.570713044900913, 616745.734492034185678 ], [ 455798.158391171135008, 616739.648666396737099 ], [ 455798.158258642826695, 616722.978744964115322 ], [ 455796.305754757893737, 616706.308881622273475 ], [ 455797.099363484943751, 616689.903590282658115 ], [ 455797.160255647206213, 616689.619317223783582 ], [ 455800.274650137755089, 616675.08599421440158 ], [ 455806.36064136645291, 616664.501849476015195 ], [ 455811.388379266194534, 616657.357615800574422 ], [ 455815.622061657486483, 616653.653142807539552 ], [ 455821.972851253056433, 616651.271656833356246 ], [ 455843.671280540642329, 616645.450223758700304 ], [ 455857.695867381989956, 616639.364201445132494 ], [ 455861.669237273046747, 616637.027087043388747 ], [ 455866.692736023338512, 616634.072074965806678 ], [ 455872.778900260513183, 616632.484441587934271 ], [ 455885.480531108914874, 616630.896709978231229 ], [ 455910.35430256719701, 616628.515031312592328 ], [ 455938.668132210208569, 616627.985551477759145 ], [ 455952.42821357306093, 616629.308377198758535 ], [ 455965.245139040751383, 616631.871501343790442 ], [ 455968.305255314393435, 616632.483367377193645 ], [ 455981.609623981290497, 616639.022343932883814 ], [ 456004.240298376302235, 616657.196822975180112 ], [ 456015.671748389606364, 616666.510659295250662 ], [ 456024.986371209844947, 616672.649362895754166 ], [ 456031.548737590957899, 616673.919337499886751 ], [ 456041.851857169764116, 616673.919181447592564 ], [ 456045.308825706713833, 616673.919218377559446 ], [ 456060.127247237775009, 616672.225505861453712 ], [ 456075.58090555324452, 616671.802060625632294 ], [ 456087.012285309261642, 616671.166914618574083 ], [ 456095.479968270868994, 616668.203244981705211 ], [ 456105.852815279969946, 616663.546146276872605 ], [ 456117.707595101383049, 616662.27592502895277 ], [ 456126.116661242907867, 616661.356107963249087 ], [ 456158.352501218847465, 616657.830285212257877 ], [ 456168.302101116394624, 616656.77172826777678 ], [ 456178.463315018219873, 616657.618298676330596 ], [ 456185.449146953353193, 616658.888323783758096 ], [ 456191.80001164553687, 616661.640195304877125 ], [ 456204.50174030137714, 616668.837163920630701 ], [ 456214.662958124594297, 616678.150963084306568 ], [ 456220.590463812695816, 616685.983142272685654 ], [ 456226.729605031083338, 616693.603559297858737 ], [ 456233.292196245281957, 616696.355340077308938 ], [ 456240.278076262562536, 616700.165484173223376 ], [ 456244.723627592145931, 616705.034121159347706 ], [ 456246.628891931730323, 616710.326139609096572 ], [ 456247.475760886038188, 616716.464752557571046 ], [ 456246.840725901769474, 616724.085373618407175 ], [ 456242.183584977814462, 616732.340941696893424 ], [ 456225.182081314153038, 616752.016232666326687 ], [ 456223.343144454061985, 616754.144317689584568 ], [ 456221.014585828408599, 616759.859713947051205 ], [ 456220.290603130473755, 616764.204122937982902 ], [ 456219.321274856338277, 616770.020375074120238 ], [ 456219.956316480820533, 616775.947417502291501 ], [ 456221.014851327810902, 616779.757710838224739 ], [ 456225.037094499391969, 616783.779650249634869 ], [ 456230.541004083235748, 616786.531469256035052 ], [ 456242.184172842069529, 616789.706486680428497 ], [ 456256.367621024954133, 616790.764681986067444 ], [ 456295.318959495460149, 616788.435822065453976 ], [ 456304.210085374303162, 616785.683887034538202 ], [ 456307.173663486202713, 616777.851651654345915 ], [ 456309.29057167575229, 616767.691024022875354 ], [ 456311.830834447755478, 616760.917092988966033 ], [ 456314.582719792961143, 616755.836731602088548 ], [ 456331.517980683594942, 616743.135703321895562 ], [ 456339.340182198560797, 616736.749215909629129 ], [ 456343.456186468654778, 616733.388728942954913 ], [ 456343.539951089711394, 616733.159286471898668 ], [ 456348.241427109634969, 616720.274114082218148 ], [ 456349.977267047739588, 616716.513293634983711 ], [ 456350.781723621825222, 616714.770296376431361 ], [ 456351.03269683662802, 616714.431429435266182 ], [ 456355.015577443758957, 616709.05493180884514 ], [ 456358.327875590883195, 616706.846678319037892 ], [ 456360.096101777045988, 616705.667961053550243 ], [ 456366.235154658439569, 616704.3977325320011 ], [ 456379.571759979764465, 616704.397574486210942 ], [ 456391.003237093100324, 616705.455949126044288 ], [ 456397.142290768853854, 616704.185835445532575 ], [ 456398.037159295345191, 616703.944876633933745 ], [ 456402.646377206081524, 616702.704010300221853 ], [ 456408.573636226996314, 616699.105328774428926 ], [ 456410.427294751396403, 616697.483401773148216 ], [ 456413.654237978043966, 616694.659920403501019 ], [ 456418.311462002980988, 616692.119703155593015 ], [ 456418.505304196150973, 616692.082467405241914 ], [ 456418.596219290222507, 616692.064905969193205 ], [ 456421.787286669423338, 616691.451352834119461 ], [ 456423.815521456534043, 616691.061324620386586 ], [ 456435.448347994999494, 616691.75313467043452 ], [ 456442.44450017332565, 616692.542902541696094 ], [ 456449.853645917377435, 616694.236221532803029 ], [ 456467.212575191981159, 616701.644935890450142 ], [ 456478.22062405734323, 616705.243301302194595 ], [ 456485.841559683496598, 616706.089974952163175 ], [ 456505.105478898854926, 616703.337960848235525 ], [ 456533.260680509498343, 616697.622289556195028 ], [ 456554.218189963023178, 616698.892088920227252 ], [ 456575.810690459504258, 616690.847951520467177 ], [ 456582.426160408533178, 616689.842482608277351 ], [ 456584.701840280904435, 616688.995712109608576 ], [ 456585.988514544442296, 616688.268451055279002 ], [ 456587.1362765210215, 616687.619731963612139 ], [ 456588.035916489141528, 616686.614273271523416 ], [ 456588.723950290470384, 616684.603326761047356 ], [ 456589.25311666977359, 616678.570315680699423 ], [ 456588.617974970780779, 616675.448019179049879 ], [ 456587.665379134297837, 616671.055809447891079 ], [ 456586.342242811748292, 616664.070213408092968 ], [ 456585.3365884271916, 616656.44975231110584 ], [ 456584.595443945028819, 616640.73240016005002 ], [ 456584.965823632082902, 616635.652153314324096 ], [ 456585.442150613176636, 616627.184916968457401 ], [ 456585.812535743112676, 616622.792531340848655 ], [ 456587.506005574250594, 616616.230442285188474 ], [ 456589.569967331364751, 616611.414741515298374 ], [ 456590.416777107049711, 616610.14458502526395 ], [ 456593.609042282798328, 616607.687641763594002 ], [ 456596.200780205836054, 616606.551155521767214 ], [ 456603.440195896779187, 616607.337506157928146 ], [ 456609.711448465357535, 616607.346141083515249 ], [ 456610.620993329270277, 616607.347361492458731 ], [ 456617.071808705630247, 616604.637113220058382 ], [ 456621.452234887692612, 616600.106812335550785 ], [ 456628.423077924060635, 616595.236377452500165 ], [ 456634.653821390238591, 616594.386334619950503 ], [ 456638.41786150704138, 616594.947578502586111 ], [ 456638.744273069838528, 616594.99625338264741 ], [ 456643.244859052065294, 616597.886444440344349 ], [ 456646.045323211757932, 616602.296662405016832 ], [ 456650.766029087651987, 616611.007251187693328 ], [ 456655.356546031951439, 616615.257485591107979 ], [ 456657.786866826470941, 616616.457453935407102 ], [ 456661.797281545354053, 616615.45739262830466 ], [ 456668.278105077624787, 616610.837036410812289 ], [ 456671.418516420992091, 616606.386678878683597 ], [ 456674.288677961216308, 616600.466307471506298 ], [ 456676.848902337369509, 616591.015694903908297 ], [ 456678.68906157661695, 616586.475359618663788 ], [ 456680.819249543827027, 616584.025200336240232 ], [ 456688.710165959957521, 616582.284980740281753 ], [ 456691.430503576993942, 616578.834751820308156 ], [ 456694.51075757102808, 616570.184078233782202 ], [ 456697.781050675141159, 616558.813294778927229 ], [ 456700.061238794471137, 616547.452536695287563 ], [ 456700.131182464887388, 616540.332111835945398 ], [ 456701.400881193578243, 616533.779506019433029 ], [ 456701.441241757478565, 616533.571671055164188 ], [ 456704.831534116587136, 616521.820900745689869 ], [ 456705.092999829445034, 616520.245534791029058 ], [ 456706.571610784099903, 616511.340176272206008 ], [ 456706.411452226282563, 616501.749535327311605 ], [ 456707.23146572598489, 616487.568631518399343 ], [ 456709.511648405459709, 616479.618094944860786 ], [ 456713.462166166398674, 616471.937550674891099 ], [ 456715.211417068785522, 616469.69522565160878 ], [ 456718.252516276377719, 616465.79713711864315 ], [ 456725.263311268761754, 616459.806639227317646 ], [ 456728.633673602773342, 616457.766453574993648 ], [ 456736.714673241076525, 616456.636287938221358 ], [ 456743.66550788236782, 616454.296048444346525 ], [ 456750.156305271317251, 616453.695923059363849 ], [ 456756.407009654329158, 616454.205897322506644 ], [ 456759.747413657256402, 616453.785865741898306 ], [ 456763.467899674491491, 616450.435644381912425 ], [ 456766.318275316501968, 616443.405100635020062 ], [ 456767.828196300717536, 616437.804765288019553 ], [ 456772.3385813011555, 616419.08042184531223 ], [ 456773.308723729744088, 616415.05317707057111 ], [ 456774.778765474795364, 616406.272684804280289 ], [ 456777.125182564544957, 616399.210225713904947 ], [ 456777.788993249589112, 616397.21202402014751 ], [ 456781.469459905754775, 616391.331576458294876 ], [ 456790.33044439938385, 616387.961250287131406 ], [ 456793.220830293488689, 616386.981192428269424 ], [ 456796.271106602973305, 616385.501120264758356 ], [ 456798.941544229222927, 616384.691028276574798 ], [ 456802.501990503980778, 616383.620858991285786 ], [ 456804.502105017250869, 616382.970771577907726 ], [ 456805.542239564063493, 616382.600735024199821 ], [ 456806.632376180146821, 616382.190727831562981 ], [ 456807.772615386056714, 616381.730686346301809 ], [ 456808.942657163133845, 616381.200613600434735 ], [ 456810.152752206195146, 616380.600610313587822 ], [ 456810.741225233534351, 616380.257771580130793 ], [ 456811.342910983250476, 616379.900543608819135 ], [ 456811.939379572402686, 616379.505167617578991 ], [ 456812.542993911541998, 616379.090431745047681 ], [ 456813.126937913941219, 616378.622853503795341 ], [ 456813.713172597810626, 616378.130390627076849 ], [ 456814.27389147534268, 616377.581220411113463 ], [ 456814.833257130871061, 616377.000312588294037 ], [ 456815.350773007317912, 616376.340706030721776 ], [ 456815.863509952148888, 616375.640186311793514 ], [ 456816.30848644481739, 616374.852035154821351 ], [ 456816.753511698218063, 616374.000074351788498 ], [ 456816.939350868517067, 616373.54836214624811 ], [ 456817.426019846985582, 616372.332414230681024 ], [ 456818.143598558031954, 616370.539856206974946 ], [ 456819.353787072643172, 616367.519622196443379 ], [ 456819.220207941369154, 616358.949247161624953 ], [ 456819.136908295913599, 616353.601264100172557 ], [ 456818.733239255787339, 616327.707117994548753 ], [ 456820.893435241829138, 616319.086537840426899 ], [ 456821.001985076174606, 616318.838493694318458 ], [ 456824.730959950305987, 616310.324558135704137 ], [ 456825.023836215783376, 616309.65587870858144 ], [ 456831.334456838667393, 616300.945263550151139 ], [ 456833.380479005223606, 616298.631770797888748 ], [ 456838.775579088774975, 616292.531044043018483 ], [ 456839.285350679478142, 616291.954607909312472 ], [ 456849.206434139516205, 616282.133859342313372 ], [ 456858.03454794047866, 616271.610711333923973 ], [ 456858.401055815629661, 616271.173865509568714 ], [ 456859.257488541305065, 616270.152972307987511 ], [ 456869.118633423175197, 616257.48197679000441 ], [ 456869.663417549221776, 616256.750683368183672 ], [ 456879.720848561206367, 616243.251746295951307 ], [ 456881.829976077133324, 616240.420751477126032 ], [ 456886.587041972146835, 616234.462308957939968 ], [ 456889.635303508373909, 616230.644293122109957 ], [ 456891.530930681910831, 616228.269903134554625 ], [ 456897.961341336660553, 616222.37742234999314 ], [ 456900.621958264964633, 616219.939261739840731 ], [ 456908.792916959384456, 616217.519027386908419 ], [ 456917.617359827854671, 616216.910381091292948 ], [ 456917.784004261600785, 616216.898830306250602 ], [ 456923.706380543473642, 616215.681419835076667 ], [ 456931.405624237318989, 616214.09857714921236 ], [ 456936.926250395714305, 616209.218198147369549 ], [ 456941.346712609636597, 616201.427633108571172 ], [ 456946.897312162211165, 616189.53679744200781 ], [ 456955.045230170479044, 616173.215171358082443 ], [ 456956.288238150184043, 616170.725514319026843 ], [ 456961.288748393941205, 616165.515089045627974 ], [ 456967.259469179844018, 616161.144758896203712 ], [ 456974.530270103947259, 616157.014375391416252 ], [ 456979.580756138602737, 616150.583891587331891 ], [ 456992.432193924905732, 616135.862842016620561 ], [ 456999.052880439907312, 616129.402322480920702 ], [ 457009.964146597310901, 616121.291689499281347 ], [ 457018.305172212421894, 616118.611430102260783 ], [ 457027.3761709270766, 616113.831059820135124 ], [ 457031.536596759047825, 616109.670712464721873 ], [ 457040.457605791394599, 616101.690167203661986 ], [ 457050.308724454196636, 616096.639660627930425 ], [ 457055.309400327678304, 616095.839627905050293 ], [ 457064.920526419358794, 616095.80952085473109 ], [ 457075.101713262847625, 616094.389325173688121 ], [ 457079.902251530089416, 616092.119101774762385 ], [ 457089.633370153023861, 616085.598555150791071 ], [ 457100.154597779619507, 616079.227986864279956 ], [ 457111.805892584321555, 616073.617520890547894 ], [ 457124.127360076992773, 616070.677240507211536 ], [ 457131.128343004733324, 616070.097143962862901 ], [ 457146.350031935202423, 616069.516930879093707 ], [ 457164.592224168591201, 616068.446694402256981 ], [ 457178.153935585985892, 616067.026389026665129 ], [ 457190.865370949555654, 616066.506205483106896 ], [ 457211.467889721912798, 616066.155987833160907 ], [ 457253.15289303753525, 616064.245395492645912 ], [ 457258.833578739140648, 616062.565226924605668 ], [ 457270.064869013731368, 616057.564877891680226 ], [ 457286.286877251870465, 616050.904266663477756 ], [ 457296.948038176225964, 616047.223899219650775 ], [ 457322.911061796359718, 616038.713057441753335 ], [ 457334.443748066260014, 616036.645798023091629 ], [ 457336.022633673856035, 616036.362737152026966 ], [ 457348.974151899921708, 616035.042483636876568 ], [ 457361.425640314584598, 616034.352400316623971 ], [ 457372.086957684659865, 616034.652241338277236 ], [ 457380.868019945686683, 616036.372280255891383 ], [ 457383.988400162546895, 616036.822284415946342 ], [ 457389.399056291033048, 616034.802108623087406 ], [ 457399.180142963014077, 616030.351690105744638 ], [ 457423.102896839322057, 616019.550789343891665 ], [ 457434.204201799351722, 616016.460469202138484 ], [ 457444.74555380071979, 616015.550271738669835 ], [ 457449.226326280739158, 616015.100236588856205 ], [ 457452.732771170791239, 616012.251135371625423 ], [ 457457.896926875633653, 616002.629239462432452 ], [ 457466.24790390022099, 615984.018011803622358 ], [ 457472.308388248085976, 615975.667366855544969 ], [ 457475.348458118736744, 615972.207266378332861 ], [ 457478.819143457454629, 615968.25685079372488 ], [ 457487.380144628055859, 615964.096466897171922 ], [ 457497.711386477050837, 615960.936116900993511 ], [ 457501.821765294240322, 615959.035960020148195 ], [ 457506.732392772508319, 615953.56558102206327 ], [ 457515.293288855697028, 615944.984981721383519 ], [ 457522.844171320379246, 615942.05464237194974 ], [ 457536.04574942169711, 615935.894192515290342 ], [ 457537.11351860727882, 615935.00913704209961 ], [ 457543.116486148326658, 615930.033717149402946 ], [ 457550.997466340253595, 615922.073064496507868 ], [ 457551.685883851721883, 615921.340095934690908 ], [ 457555.927601871604566, 615916.823628705460578 ], [ 457563.188691247894894, 615909.092151615070179 ], [ 457574.720107572560664, 615897.601272112922743 ], [ 457579.730310938495677, 615894.25897203059867 ], [ 457588.238125208066776, 615890.47764550242573 ], [ 457590.03366871207254, 615889.679710243595764 ], [ 457595.252333624986932, 615889.980551515938714 ], [ 457602.273263789189514, 615890.530503765563481 ], [ 457602.726793125970289, 615890.375029900460504 ], [ 457602.966229202051181, 615890.292857456021011 ], [ 457610.614192337670829, 615887.670209458097816 ], [ 457616.144889824150596, 615887.030092767439783 ], [ 457618.642502805276308, 615886.646422911901027 ], [ 457630.466573061246891, 615884.829891633475199 ], [ 457637.437430462799966, 615882.779630442149937 ], [ 457643.168066456448287, 615879.7993871900253 ], [ 457651.958982385986019, 615873.728845944744535 ], [ 457660.200089930498507, 615870.43857692333404 ], [ 457670.911322045139968, 615869.168308427557349 ], [ 457681.552622461516876, 615868.778281942941248 ], [ 457700.214777939254418, 615867.167977586854249 ], [ 457710.375954809889663, 615864.797661301563494 ], [ 457719.262735444062855, 615862.190894497325644 ], [ 457720.877271745121107, 615861.717380614718422 ], [ 457736.125730481464416, 615856.839878435246646 ], [ 457738.309685932414141, 615856.141333943465725 ], [ 457749.86062938044779, 615852.446526259649545 ], [ 457758.491653690638486, 615847.336065071751364 ], [ 457765.292421233025379, 615841.395593945519067 ], [ 457772.453172515553888, 615834.747018956113607 ], [ 457777.603787197906058, 615829.964748367900029 ], [ 457783.264361305453349, 615823.26428431738168 ], [ 457787.349574785795994, 615820.131559798144735 ], [ 457787.956574425566941, 615819.666185194510035 ], [ 457813.607875294052064, 615829.192903419025242 ], [ 457866.272388913901523, 615848.752260893001221 ], [ 457907.338015046145301, 615914.451981135760434 ], [ 457916.829312169284094, 615929.636924862046726 ], [ 457928.674722860334441, 615981.455393217271194 ], [ 457937.052612917497754, 616018.104718224261887 ], [ 457937.555425152590033, 616032.177950285957195 ], [ 457939.581164599047042, 616088.879158190917224 ], [ 457939.837998616043478, 616093.243068241281435 ], [ 457942.109416311839595, 616131.849347251001745 ], [ 457953.611893857305404, 616170.666705497773364 ], [ 457962.332477258518338, 616200.096059157047421 ], [ 457981.165895675250795, 616233.051554582081735 ], [ 457981.620203448052052, 616233.846480620093644 ], [ 457982.702073342981748, 616233.540131691843271 ], [ 457985.981371350120753, 616238.692800484132022 ], [ 458030.874075448140502, 616320.549207545933314 ], [ 458070.485017454542685, 616376.000311302137561 ], [ 458084.541363137133885, 616386.757809554925188 ], [ 458115.377207968733273, 616410.326885700575076 ], [ 458134.576693420705851, 616418.27086667669937 ], [ 458145.095868795644492, 616422.623199528665282 ], [ 458153.667341256863438, 616426.169726513791829 ], [ 458252.351589855330531, 616431.102697201655246 ], [ 458259.295079246570822, 616431.449779319576919 ], [ 458359.641502225364093, 616434.089159119757824 ], [ 458416.070037750527263, 616437.312932624015957 ], [ 458452.065778332296759, 616439.369327381602488 ], [ 458519.402160412806552, 616451.453962374827825 ], [ 458555.052937286091037, 616457.852125724893995 ], [ 458665.962261865963228, 616478.975220491876826 ], [ 458698.9709825651953, 616492.177670337958261 ], [ 458794.548753907438368, 616549.152029508724809 ], [ 458836.288015450292733, 616574.033080171910115 ], [ 458942.169688952038996, 616641.17228649626486 ], [ 458944.557022710854653, 616642.686153698596172 ], [ 458973.093841798254289, 616659.331196987419389 ], [ 458980.023805618577171, 616663.373378034099005 ], [ 459007.934100576560013, 616679.653079345007427 ], [ 459066.029563030286226, 616708.698388047632761 ], [ 459110.921362246386707, 616708.697966164560057 ], [ 459111.351474169292487, 616708.611978121334687 ], [ 459150.531665115617216, 616700.775877820095047 ], [ 459205.986052591761108, 616679.650960542843677 ], [ 459284.992885107232723, 616613.814196778810583 ], [ 459285.206000673177186, 616613.63661942165345 ], [ 459382.845467423496302, 616531.894889081711881 ], [ 459398.754907262860797, 616518.575700448476709 ], [ 459451.322975293209311, 616445.984168113791384 ], [ 459453.661697793751955, 616446.041768916300498 ], [ 459470.0526479309774, 616434.077431704849005 ], [ 459488.763799465552438, 616418.620947669143789 ], [ 459644.283260493655689, 616290.152876122156158 ], [ 459652.258900887973141, 616283.564476309577003 ], [ 459725.366627994051669, 616213.859522132901475 ], [ 459765.807687610911671, 616175.30088883289136 ], [ 459772.399500021361746, 616163.765374430455267 ], [ 459790.327346056234092, 616132.392547329654917 ], [ 459795.104463169467635, 616124.032989545492455 ], [ 459808.057899750419892, 616101.365162278641947 ], [ 459811.06995492632268, 616098.19477212743368 ], [ 459822.806105050083715, 616085.841166421887465 ], [ 459861.16276292927796, 616045.467313228407875 ], [ 459908.403070497035515, 615995.742394175264053 ], [ 459982.341844122973271, 615929.728042057482526 ], [ 460024.905003501276951, 615902.488352959277108 ], [ 460026.089988632593304, 615901.729988253326155 ], [ 460048.358727301063482, 615887.478430185467005 ], [ 460107.355685544898733, 615814.539321946795098 ], [ 460109.21133434883086, 615812.245177847915329 ], [ 460120.976883116003592, 615797.699221884948201 ], [ 460134.073822491103783, 615781.546787594561465 ], [ 460197.302226635452826, 615703.567865867284127 ], [ 460198.207817452901509, 615702.45100622845348 ], [ 460200.193841423140839, 615700.001484889537096 ], [ 460205.675565093581099, 615677.293314106180333 ], [ 460218.67606765992241, 615623.437514205579646 ], [ 460234.518118010135368, 615594.394294281140901 ], [ 460268.846455365885049, 615528.380343822180294 ], [ 460289.971768958494067, 615496.693612520000897 ], [ 460337.503705422393978, 615443.882208330207504 ], [ 460383.721461389854085, 615392.333278840524144 ], [ 460405.325710835924838, 615368.237175909103826 ], [ 460406.160824002698064, 615367.305618451209739 ], [ 460420.39337815833278, 615354.367406022036448 ], [ 460425.04879568843171, 615350.135403565596789 ], [ 460434.625830220989883, 615341.429198610829189 ], [ 460435.208225842623506, 615340.899852473521605 ], [ 460472.177896788401995, 615340.899543428909965 ], [ 460476.413155551243108, 615341.428845248534344 ], [ 460501.257212141645141, 615344.533945550443605 ], [ 460502.049696957983542, 615344.632887435960583 ], [ 460517.02467343461467, 615346.5044535335619 ], [ 460535.554530717316084, 615348.820446072262712 ], [ 460557.619102132506669, 615353.968262859852985 ], [ 460558.812297013239004, 615354.246669528540224 ], [ 460614.775686451990623, 615367.303388696745969 ], [ 460646.463967349613085, 615367.303105002501979 ], [ 460670.229922281636391, 615351.459643888170831 ], [ 460671.795368276536465, 615350.134752819198184 ], [ 460674.044575119041838, 615348.231328869587742 ], [ 460682.085152251878753, 615341.426650369889103 ], [ 460701.827983382507227, 615324.718507713289 ], [ 460700.864094741293229, 615321.593691013287753 ], [ 460722.22068799630506, 615295.150955985067412 ], [ 460724.144100717094261, 615292.769637310877442 ], [ 460736.954304551589303, 615276.908606199780479 ], [ 460740.764027837954927, 615272.191565148765221 ], [ 460745.77477156650275, 615265.987611933262087 ], [ 460757.566193452337757, 615251.38807261781767 ], [ 460781.672739752626512, 615148.074529808596708 ], [ 460782.934267108968925, 615142.668324860162102 ], [ 460784.818993364286143, 615091.234494280070066 ], [ 460784.843923590146005, 615090.626459356630221 ], [ 460786.560586446663365, 615087.761833873693831 ], [ 460786.62830701546045, 615086.676131733576767 ], [ 460790.378152674471494, 615026.671315066399984 ], [ 460791.571985295333434, 614990.846489108982496 ], [ 460793.018015577807091, 614947.454898637835868 ], [ 460795.981383550970349, 614787.350902483100072 ], [ 460796.481250971381087, 614760.348847919725813 ], [ 460799.616029483149759, 614590.981199690839276 ], [ 460801.851729548012372, 614519.416186352260411 ], [ 460802.063506032340229, 614512.638282512431033 ], [ 460802.399237738980446, 614501.89170859020669 ], [ 460804.723095355904661, 614427.505521204555407 ], [ 460804.764378194580786, 614426.183737138751894 ], [ 460804.895629529841244, 614421.986143626272678 ], [ 460806.535486898268573, 614362.932258004904725 ], [ 460807.36947086249711, 614332.898589305230416 ], [ 460809.408807684783824, 614259.458073730929755 ], [ 460809.800477219454478, 614245.355438015074469 ], [ 460809.941648697422352, 614240.271583921741694 ], [ 460809.653558480495121, 614239.687488331110217 ], [ 460809.855538263567723, 614232.414823260274716 ], [ 460796.543427778640762, 614172.230957425781526 ], [ 460783.231505661562551, 614112.046984775457531 ], [ 460783.108687193831429, 614109.492840815102682 ], [ 460779.80560027010506, 614094.55882454989478 ], [ 460774.523189113766421, 613996.85871436051093 ], [ 460769.580648233590182, 613944.147168329684064 ], [ 460766.600232238415629, 613912.361250895191915 ], [ 460763.007842868799344, 613881.471299511031248 ], [ 460753.395577226881869, 613798.8180441086879 ], [ 460753.394835180486552, 613730.466591494507156 ], [ 460750.44020766497124, 613731.50073753669858 ], [ 460750.337198912806343, 613730.553199023124762 ], [ 460742.831329589651432, 613661.509720978559926 ], [ 460720.383222965407185, 613444.985343869775534 ], [ 460715.301613172341604, 613396.20986940828152 ], [ 460707.178510284749791, 613318.239174633985385 ], [ 460701.895933969586622, 613217.898586358991452 ], [ 460699.486805603199173, 613190.197410095133819 ], [ 460697.552242506993935, 613167.954220340005122 ], [ 460691.331878518045414, 613096.4335717712529 ], [ 460691.331078250426799, 613014.576691540889442 ], [ 460686.048493222333491, 612901.033240031683818 ], [ 460680.766004996257834, 612787.489904122892767 ], [ 460680.600210935750511, 612787.354247060255148 ], [ 460679.823738824401516, 612774.352989546605386 ], [ 460675.967879752861336, 612709.782617511460558 ], [ 460670.201304698304739, 612613.21396796812769 ], [ 460658.576666328997817, 612500.306431271019392 ], [ 460651.714615378878079, 612433.657098614843562 ], [ 460648.621351006731857, 612400.796275245957077 ], [ 460630.586755594238639, 612209.210931807407178 ], [ 460588.334762711077929, 612116.792308914824389 ], [ 460545.673262325930409, 612024.692131262272596 ], [ 460510.759037376847118, 611949.3173686217051 ], [ 460491.831633914029226, 611908.455698845209554 ], [ 460482.608571526361629, 611888.544363395194523 ], [ 460322.952729444950819, 611526.080857359687798 ], [ 460279.606438317452557, 611414.645871403394267 ], [ 460275.930093355593272, 611405.194840300595388 ], [ 460266.162442890112288, 611380.083516521146521 ], [ 460268.802170529845171, 611290.305022662156262 ], [ 460268.801553228113335, 611234.853472570306621 ], [ 460269.882766203372739, 611191.270260985824279 ], [ 460269.93418494798243, 611189.201447385596111 ], [ 460273.162070422782563, 611168.219187983078882 ], [ 460276.724926134978887, 611145.07264944491908 ], [ 460354.622310057457071, 611057.93608429399319 ], [ 460385.127337681537028, 611021.010166679508984 ], [ 460404.794795428111684, 610997.202992623671889 ], [ 460481.373834715632256, 610902.142661394085735 ], [ 460511.355773201677948, 610869.351074146456085 ], [ 460565.875208013691008, 610809.722688258625567 ], [ 460609.445422175806016, 610706.740782646695152 ], [ 460699.230395094433334, 610535.095769315492362 ], [ 460710.684911541524343, 610503.427694781101309 ], [ 460714.084649872442242, 610494.028857925208285 ], [ 460737.417571539641358, 610429.521560924709775 ], [ 460744.117658981063869, 610410.998348110122606 ], [ 460789.011315533600282, 610305.367269715410657 ], [ 460791.929194671742152, 610295.910027115489356 ], [ 460821.974274285486899, 610198.524173681857064 ], [ 460826.155445056851022, 610184.97154450090602 ], [ 460827.297473977669142, 610181.270173896104097 ], [ 460843.1404393769335, 610099.412924284115434 ], [ 460851.108820956374984, 610056.289592656074092 ], [ 460862.069323724310379, 609996.97416713682469 ], [ 460865.585021041566506, 609977.947693689260632 ], [ 460886.194607805693522, 609885.20538464630954 ], [ 460891.320692038338166, 609862.137968238675967 ], [ 460891.990744555485435, 609859.12287492887117 ], [ 460911.409426861791871, 609762.029879235080443 ], [ 460915.758307090261951, 609740.292185169877484 ], [ 460960.646487765945494, 609634.675736154778861 ], [ 461009.498113987909164, 609531.693992876098491 ], [ 461052.270026558777317, 609441.119093231973238 ], [ 461054.392308598617092, 609436.625187757890671 ], [ 461058.989575189654715, 609425.267177452915348 ], [ 461066.750328451569658, 609406.093857264728285 ], [ 461066.935134481522255, 609405.637191657791846 ], [ 461097.741048959083855, 609329.530911719775759 ], [ 461099.279345180431847, 609325.73023381200619 ], [ 461113.529357382503804, 609295.093890560325235 ], [ 461152.092352529638447, 609212.186467960709706 ], [ 461162.946241548925173, 609188.765156027977355 ], [ 461202.265759281814098, 609103.91842393798288 ], [ 461202.98827206203714, 609101.361568074673414 ], [ 461236.59203924058238, 608982.458107751095667 ], [ 461239.231846446054988, 608897.960640931851231 ], [ 461239.913581491622608, 608894.895670610829256 ], [ 461240.173075942439027, 608893.72930058510974 ], [ 461238.839539226784837, 608881.300276332302019 ], [ 461253.686267426819541, 608747.675147975212894 ], [ 461249.79214333218988, 608662.951946915243752 ], [ 461230.743290718703065, 608595.670590392313898 ], [ 461225.047013145929668, 608575.550840800744481 ], [ 461218.766786303720437, 608556.712087920051999 ], [ 461198.578887965122703, 608496.153794245212339 ], [ 461163.429575608286541, 608390.715511893387884 ], [ 461112.471756140992511, 608245.747348847216927 ], [ 461104.677316670073196, 608215.927781571168453 ], [ 461082.1026888153865, 608129.563519312301651 ], [ 461082.101976550009567, 608063.549971758038737 ], [ 461092.663252722471952, 607931.522639841539785 ], [ 461092.704905516002327, 607930.732344485935755 ], [ 461097.943715729808901, 607831.181792072369717 ], [ 461109.934233976644464, 607785.618207855382934 ], [ 461124.349459740624297, 607730.840813578339294 ], [ 461161.317856125824619, 607606.734792546601966 ], [ 461182.442631025915034, 607516.955984781496227 ], [ 461222.054431048105471, 607376.99824140581768 ], [ 461250.996250158990733, 607284.912895549205132 ], [ 461251.099487894854974, 607284.585246598464437 ], [ 461251.150222919997759, 607284.483573126373813 ], [ 461253.514305022719782, 607279.752711367560551 ], [ 461253.514233507274184, 607278.76792862394359 ], [ 461253.514048572455067, 607256.406336939544417 ], [ 461266.493222227669321, 607211.736073491279967 ], [ 461301.526761653833091, 607091.161842714762315 ], [ 461381.738958559581079, 606824.250991453416646 ], [ 461412.174782956892159, 606732.711713207885623 ], [ 461423.838735481840558, 606667.726263413787819 ], [ 461430.658516207768116, 606629.730193552328274 ], [ 461432.252447481965646, 606615.118779770564288 ], [ 461437.326868919597473, 606568.601435933960602 ], [ 461446.501069841382559, 606484.499962674453855 ], [ 461433.045963100797962, 606399.92066690325737 ], [ 461430.655444030940998, 606344.551178084220737 ], [ 461424.00425900274422, 606313.515908608911559 ], [ 461422.732927760574967, 606307.583747458993457 ], [ 461419.109570565633476, 606279.718104588333517 ], [ 461412.698406346607953, 606232.281502325437032 ], [ 461412.169421260128729, 606228.367485103313811 ], [ 461405.67647602740908, 606214.618909555370919 ], [ 461367.276694648084231, 606133.308294342132285 ], [ 461359.47296536853537, 606117.051942438469268 ], [ 461338.154848947713617, 606072.642902515595779 ], [ 461335.587616031989455, 606067.294977512676269 ], [ 461274.850939199735876, 605998.641443759202957 ], [ 461248.662846034625545, 605985.902356698410586 ], [ 461205.653737011307385, 605964.980708492454141 ], [ 461177.144832618068904, 605951.112668561399914 ], [ 461176.689799566520378, 605950.543864134233445 ], [ 461175.34626652172301, 605950.461300279479474 ], [ 461137.39775897009531, 605929.573531616362743 ], [ 461130.057086570130195, 605925.174791848170571 ], [ 461091.230586284887977, 605901.909074169117957 ], [ 460966.906270183622837, 605827.410708910203539 ], [ 460931.846581765334122, 605806.402176735922694 ], [ 460930.366518818365876, 605802.56440420972649 ], [ 460915.57400456542382, 605788.063308999873698 ], [ 460894.853677338571288, 605767.750977064832114 ], [ 460850.241895814076997, 605724.017585309222341 ], [ 460822.455526575329714, 605696.778429057681933 ], [ 460743.522457549290266, 605613.697216209373437 ], [ 460736.060738419182599, 605605.843442249577492 ], [ 460719.766550622880459, 605588.693032269133255 ], [ 460697.454852578812279, 605565.208740463014692 ], [ 460682.966302440967411, 605531.059905356145464 ], [ 460660.612025484850165, 605478.372245563892648 ], [ 460615.873565543617588, 605304.698963795090094 ], [ 460578.419621574517805, 605160.395218677585945 ], [ 460577.283346152515151, 605156.017269017524086 ], [ 460560.689853788702749, 605092.085630261339247 ], [ 460550.517653887276538, 605052.893493765848689 ], [ 460541.669662197935395, 605018.803493506624363 ], [ 460533.784269183699507, 604988.422429020749405 ], [ 460526.402628394542262, 604959.982513961847872 ], [ 460517.406983146851417, 604928.936791238142177 ], [ 460518.515984497149475, 604923.876775783486664 ], [ 460523.411296314559877, 604912.895813830662519 ], [ 460527.777363912609871, 604906.545283523970284 ], [ 460530.983219414192718, 604903.417732189758681 ], [ 460533.201971815899014, 604901.253262185724452 ], [ 460540.346642538264859, 604897.813415022916161 ], [ 460549.54194074566476, 604894.24118235881906 ], [ 460559.597201469121501, 604891.19813992572017 ], [ 460568.594241781858727, 604886.699912525480613 ], [ 460573.224880598892923, 604882.466135262977332 ], [ 460575.871070647786837, 604879.158594631124288 ], [ 460578.781718487909529, 604871.882057288428769 ], [ 460579.840175595716573, 604867.516135387122631 ], [ 460581.295388868602458, 604849.787792618619278 ], [ 460581.559748446044978, 604833.647195002064109 ], [ 460584.470467255858239, 604822.00466063641943 ], [ 460587.116638546809554, 604818.035586063750088 ], [ 460589.895050189690664, 604815.521950541529804 ], [ 460594.658085308270529, 604813.801937843323685 ], [ 460599.818077780888416, 604813.801881397143006 ], [ 460607.756519455462694, 604815.521704727667384 ], [ 460613.578203810437117, 604818.035394617589191 ], [ 460620.5904727136367, 604820.68131016602274 ], [ 460623.765878248668741, 604820.945955712464638 ], [ 460626.412055896304082, 604820.284336751676165 ], [ 460629.852101735246833, 604818.564369700616226 ], [ 460635.276551867718808, 604814.463058234308846 ], [ 460642.421180629404262, 604809.170996907167137 ], [ 460649.962615706201177, 604804.408086032839492 ], [ 460660.017990222841036, 604800.703532070387155 ], [ 460662.3995802749414, 604800.306559508433565 ], [ 460665.44271428976208, 604801.365009643370286 ], [ 460668.088783345418051, 604804.010956883779727 ], [ 460669.808856032032054, 604806.260144425090402 ], [ 460675.498255096608773, 604815.917913696728647 ], [ 460682.113727259275038, 604825.046604466391727 ], [ 460685.156831733009312, 604828.618711293907836 ], [ 460698.652350701624528, 604839.731799663044512 ], [ 460704.077047086204402, 604846.479026037501171 ], [ 460708.708004481741227, 604854.946245142025873 ], [ 460711.7511318497709, 604862.75186683726497 ], [ 460715.985019600309897, 604869.366867437725887 ], [ 460720.21894393034745, 604873.732849008287303 ], [ 460727.628174599492922, 604878.892423932091333 ], [ 460734.772865516424645, 604882.464412613888271 ], [ 460744.960500073502772, 604884.845838364912197 ], [ 460750.252857708081137, 604887.227076650247909 ], [ 460764.674489471071865, 604893.048209730535746 ], [ 460774.730001064075623, 604897.678554269485176 ], [ 460786.770069199905265, 604904.822721195057966 ], [ 460794.443941229139455, 604911.834529997548088 ], [ 460796.957958721264731, 604915.803557287203148 ], [ 460799.074875389283989, 604920.301757471403107 ], [ 460800.001095528306905, 604924.535355019383132 ], [ 460796.429053744068369, 604954.038447232800536 ], [ 460796.83146783686243, 604960.553144634701312 ], [ 460797.465668132877909, 604970.818550770869479 ], [ 460797.517708534491248, 604971.460024262196384 ], [ 460798.45811678271275, 604983.056308389641345 ], [ 460801.104289159935433, 604989.671250301878899 ], [ 460809.704478306579404, 604999.262932305922732 ], [ 460817.312210353440605, 605007.200972333434038 ], [ 460825.581551088136621, 605019.107872261665761 ], [ 460832.858655590505805, 605029.361129589611664 ], [ 460843.774167732743081, 605037.298972434480675 ], [ 460861.635759633616544, 605038.952548242872581 ], [ 460875.527992610703222, 605037.960097023984417 ], [ 460882.804928732861299, 605033.329493139637634 ], [ 460890.743252023064997, 605023.076159617048688 ], [ 460900.335596677497961, 605017.122594599728473 ], [ 460911.581739909190219, 605015.468688608845696 ], [ 460923.55331475782441, 605015.728762915590778 ], [ 460926.797111555642914, 605015.799288808251731 ], [ 460932.229570809344295, 605017.157270531752147 ], [ 460942.674129920487758, 605019.768097227206454 ], [ 460954.251107816351578, 605025.390798864187673 ], [ 460966.489653412194457, 605035.97477624414023 ], [ 460978.397472035838291, 605049.535394408740103 ], [ 460986.666817980527412, 605053.173580015311018 ], [ 460994.60532333725132, 605051.188895976752974 ], [ 461006.512929217249621, 605046.55831243772991 ], [ 461014.45142647519242, 605039.943220929359086 ], [ 461019.082043944334146, 605033.989632302429527 ], [ 461021.728033851657528, 605022.082499514799565 ], [ 461024.043386050907429, 605016.459788043401204 ], [ 461029.004965225525666, 605014.475234906654805 ], [ 461035.951071128307376, 605014.475130187231116 ], [ 461039.258788354636636, 605018.11327377858106 ], [ 461041.905040980956983, 605029.358860050910152 ], [ 461040.582105952664278, 605039.94289187155664 ], [ 461038.597654294862878, 605053.834501723991707 ], [ 461040.582376806996763, 605061.441773088299669 ], [ 461044.22077261400409, 605064.749307988793589 ], [ 461047.859415003622416, 605064.749280188698322 ], [ 461053.151625056343619, 605062.764666748931631 ], [ 461059.105464542459231, 605057.472586855175905 ], [ 461071.343827804957982, 605044.242339036311023 ], [ 461078.289874757872894, 605035.311965294880792 ], [ 461078.289724981179461, 605024.727964143501595 ], [ 461077.297124431235716, 605003.229161248891614 ], [ 461070.020146065275185, 604987.02238732681144 ], [ 461061.816917791147716, 604975.644661108148284 ], [ 461061.816852145479061, 604971.457264165161178 ], [ 461061.816896463104058, 604970.352715826593339 ], [ 461065.521396326366812, 604967.177443976281211 ], [ 461072.666008499101736, 604964.795893470873125 ], [ 461080.339841473905835, 604963.472876365995035 ], [ 461089.866138730198145, 604964.795737413573079 ], [ 461097.804535296862014, 604966.647906738566235 ], [ 461107.595396702294238, 604966.64780715724919 ], [ 461117.386097650858574, 604964.530843339860439 ], [ 461126.118330686236732, 604958.974189384141937 ], [ 461136.252645881730132, 604951.025986865162849 ], [ 461153.108951235655695, 604937.80574268870987 ], [ 461155.591888668597676, 604934.871499383938499 ], [ 461173.484158329025377, 604913.726891246275045 ], [ 461183.804037382942624, 604905.259443657239899 ], [ 461193.859386745782103, 604899.702777686296031 ], [ 461202.85630750603741, 604897.321323085110635 ], [ 461212.117807255708613, 604899.173376544145867 ], [ 461219.527169870736543, 604903.142332755844109 ], [ 461226.671752616530284, 604908.963525468134321 ], [ 461242.284411805332638, 604929.337658235919662 ], [ 461247.841288717871066, 604934.894136712769978 ], [ 461255.618071539967787, 604939.473448876640759 ], [ 461260.54309117194498, 604942.03830205660779 ], [ 461283.035443284898065, 604950.240621121716686 ], [ 461302.087763813557103, 604956.326254102517851 ], [ 461316.641628077835776, 604958.178348522516899 ], [ 461322.992387082194909, 604957.648970690905116 ], [ 461333.312497534323484, 604954.738358231261373 ], [ 461343.10321922559524, 604953.150604578200728 ], [ 461359.509342515899334, 604953.415088555077091 ], [ 461370.887944429763593, 604956.060936936992221 ], [ 461379.091050287534017, 604958.706836983328685 ], [ 461403.435769593459554, 604966.909296116791666 ], [ 461410.315749091387261, 604967.967516669072211 ], [ 461423.281990834162571, 604967.967438099905849 ], [ 461432.543526999128517, 604966.908982978900895 ], [ 461447.097356178041082, 604960.558401926420629 ], [ 461471.177254241832998, 604948.651118334615603 ], [ 461478.638537672173698, 604944.340164761524647 ], [ 461494.992538797028828, 604934.891511058318429 ], [ 461511.398605002439581, 604923.778145981486887 ], [ 461525.158478538738564, 604912.135547641431913 ], [ 461548.709088183706626, 604890.438004201976582 ], [ 461573.250962268095464, 604866.129659604630433 ], [ 461604.542382344545331, 604835.135802780743688 ], [ 461629.151457018393558, 604813.173658237559721 ], [ 461641.189074128633365, 604796.95688767451793 ], [ 461648.203514681430534, 604787.507231628173031 ], [ 461664.609471836301964, 604768.720373081276193 ], [ 461681.809344216890167, 604749.668878519791178 ], [ 461693.187769284006208, 604743.582933568395674 ], [ 461709.329348047554959, 604742.524369639577344 ], [ 461720.178552845551167, 604744.376403240952641 ], [ 461737.907793463382404, 604750.726754102506675 ], [ 461759.871095816255547, 604763.162709535798058 ], [ 461774.160424524918199, 604767.925393675337546 ], [ 461784.745012751431204, 604768.719122122623958 ], [ 461792.948090044141281, 604767.396002674940974 ], [ 461799.563458274758887, 604764.749936641659588 ], [ 461813.587964905251283, 604756.282505820388906 ], [ 461836.165417642740067, 604740.376298913848586 ], [ 461836.874010545085184, 604739.877064210246317 ], [ 461858.043184026377276, 604724.529856343986467 ], [ 461879.741618041065522, 604716.591683113947511 ], [ 461917.846155376755632, 604710.240834421711043 ], [ 461918.554492636758368, 604710.355029741418548 ], [ 461922.168402135313954, 604710.937889348017052 ], [ 461926.049261138192378, 604711.563764940365218 ], [ 461929.052734922152013, 604712.689900360070169 ], [ 461931.618677490099799, 604709.011047464678995 ], [ 461950.110746893507894, 604680.689027672982775 ], [ 461962.870930598350242, 604656.789677555672824 ], [ 461963.261922634090297, 604656.057261105277576 ], [ 461973.713092626770958, 604640.886192993610166 ], [ 461992.595249877718743, 604625.034920457401313 ], [ 462014.047701248724479, 604612.253844576771371 ], [ 462028.329207902192138, 604605.803272748249583 ], [ 462052.942264805838931, 604597.712459149537608 ], [ 462065.083673155517317, 604595.682208671234548 ], [ 462079.245401441119611, 604596.02215205761604 ], [ 462086.774263369909022, 604596.190811139415018 ], [ 462094.417235598608386, 604596.36203025339637 ], [ 462104.528403086820617, 604597.371985654346645 ], [ 462111.949338370002806, 604596.361877267132513 ], [ 462134.701446211140137, 604588.457785534323193 ], [ 462140.852581211947836, 604586.320860491367057 ], [ 462233.493696375691798, 604565.068510007695295 ], [ 462261.502958048135042, 604556.871254435856827 ], [ 462301.542942085885443, 604545.152982798055746 ], [ 462307.992522316344548, 604543.265539291314781 ], [ 462320.223733385209925, 604539.685843409737572 ], [ 462359.638499820430297, 604529.804888854036108 ], [ 462399.283101502689533, 604520.793880091048777 ], [ 462414.625037689169403, 604518.433623442426324 ], [ 462425.246330543945078, 604523.163829163298942 ], [ 462429.966972159803845, 604529.65416427119635 ], [ 462433.507374550157692, 604537.324669853434898 ], [ 462436.55171992717078, 604549.072721352800727 ], [ 462437.638172324630432, 604553.265626871725544 ], [ 462440.691709609411191, 604562.934407322551124 ], [ 462441.17874534294242, 604564.476255686604418 ], [ 462444.719246365712024, 604577.46700968244113 ], [ 462446.645592575427145, 604584.208369799540378 ], [ 462448.259800247789826, 604589.857716841506772 ], [ 462452.72732323181117, 604602.373395111178979 ], [ 462452.949108119821176, 604602.994823211687617 ], [ 462454.160581285890657, 604606.388742506038398 ], [ 462460.651485322916415, 604617.009491700213403 ], [ 462465.962349437642843, 604622.919864093069918 ], [ 462472.453203392622527, 604628.820082454825751 ], [ 462483.664591220673174, 604631.770240710116923 ], [ 462502.536848536808975, 604632.950091523351148 ], [ 462530.270133797603194, 604633.53972646954935 ], [ 462537.443109605985228, 604634.121244194218889 ], [ 462552.102740950242151, 604635.309569822042249 ], [ 462578.656107396061998, 604648.300257628317922 ], [ 462589.277480158023536, 604654.790608029463328 ], [ 462602.849238082475495, 604664.230990334181115 ], [ 462609.930130553198978, 604670.141357416985556 ], [ 462617.011098083865363, 604674.271600811276585 ], [ 462624.081856013392098, 604678.991726619191468 ], [ 462641.194075184175745, 604686.071923546958715 ], [ 462654.765786542149726, 604690.792231201194227 ], [ 462658.837448154576123, 604693.795750287012197 ], [ 462665.97722349310061, 604699.062679957365617 ], [ 462667.695201366208494, 604700.894915277254768 ], [ 462674.828411346126813, 604708.503096465487033 ], [ 462680.470120291865896, 604716.321515537332743 ], [ 462682.499474925047252, 604719.133741544792429 ], [ 462691.94055470690364, 604727.984245387138799 ], [ 462700.201722567086108, 604735.064664649195038 ], [ 462717.313849929487333, 604742.74493588344194 ], [ 462738.556445781840011, 604750.415185621706769 ], [ 462756.248877033242024, 604768.126040693139657 ], [ 462770.410672145313583, 604785.827192353783175 ], [ 462771.719672480481677, 604789.874610290746205 ], [ 462772.941133494721726, 604793.651603454956785 ], [ 462776.901623747311532, 604805.898335155332461 ], [ 462777.604481805756222, 604808.47687653626781 ], [ 462780.442343241302297, 604818.889111450640485 ], [ 462781.622542753699236, 604827.73977551155258 ], [ 462779.262360599124804, 604843.090793189709075 ], [ 462774.541945620556362, 604856.661743356264196 ], [ 462774.422623079968616, 604856.889872384723276 ], [ 462772.941766874399036, 604859.718806072603911 ], [ 462768.051300226652529, 604869.062474116799422 ], [ 462762.740820346749388, 604880.863406741758808 ], [ 462750.349502932629548, 604904.474911553203128 ], [ 462732.117535517318174, 604923.366484548198059 ], [ 462732.887734387477394, 604927.79675534425769 ], [ 462732.887659676664043, 604928.376786086359061 ], [ 462732.875911479641218, 604929.106672285939567 ], [ 462732.777730735426303, 604935.207193840760738 ], [ 462732.187006105261389, 604954.649489367729984 ], [ 462733.245594650798012, 604963.751728512928821 ], [ 462736.632772408891469, 604972.21894202567637 ], [ 462742.348597409436479, 604978.78103452839423 ], [ 462749.969494311313611, 604983.437912365188822 ], [ 462761.612696854688693, 604988.094695986015722 ], [ 462772.197317368409131, 604990.634824655018747 ], [ 462776.642811520840041, 604993.386570687405765 ], [ 462777.489750498731155, 604997.831929621519521 ], [ 462777.489797053218354, 605004.60573680640664 ], [ 462776.854782317823265, 605012.01450484408997 ], [ 462773.467789881920908, 605024.715367140132003 ], [ 462773.256240485003218, 605032.124230114859529 ], [ 462773.256412773393095, 605051.810548891080543 ], [ 462776.432017349870875, 605063.241237580426969 ], [ 462780.020872009743471, 605070.019840722903609 ], [ 462780.242483857145999, 605070.438342586858198 ], [ 462782.788540984736755, 605074.984600625466555 ], [ 462806.625101373530924, 605091.10770374070853 ], [ 462811.996620668913238, 605093.934666907414794 ], [ 462824.909846598107833, 605097.109769941307604 ], [ 462832.319111439166591, 605096.474565642536618 ], [ 462839.516711746400688, 605091.817473987932317 ], [ 462843.962105305748992, 605085.043784625828266 ], [ 462849.254236879292876, 605076.152981437859125 ], [ 462855.017608014517464, 605065.556314923102036 ], [ 462855.816697414964437, 605064.087171043502167 ], [ 462862.590761152794585, 605055.831586207030341 ], [ 462869.153245613910258, 605050.116145919426344 ], [ 462875.503929092257749, 605046.940850201295689 ], [ 462881.43121236684965, 605045.458994188113138 ], [ 462888.840517135802656, 605047.152326573850587 ], [ 462895.826419376418926, 605052.020969188190065 ], [ 462900.695471375132911, 605060.699751348700374 ], [ 462906.411352951137815, 605072.765574068645947 ], [ 462912.338784425985068, 605081.44437642430421 ], [ 462921.653309595654719, 605088.429750808747485 ], [ 462931.814590700669214, 605090.758154802955687 ], [ 462937.530238856910728, 605090.54646390164271 ], [ 462947.268125984817743, 605087.159399980329908 ], [ 462965.261924059130251, 605084.407444401760586 ], [ 462982.832414996228181, 605082.92549474327825 ], [ 462990.87678703275742, 605084.407103118719533 ], [ 462994.898978479206562, 605089.275746025843546 ], [ 462998.286223507369868, 605098.166305215330794 ], [ 462999.344910023210105, 605127.58985651563853 ], [ 462992.571007191028912, 605142.407562699634582 ], [ 462990.030789215466939, 605152.144971054280177 ], [ 462990.877469646278769, 605156.16689453762956 ], [ 462995.958183564711362, 605158.918695381027646 ], [ 463004.849342707369942, 605159.976949882344343 ], [ 463013.952063323289622, 605162.517014447716065 ], [ 463019.561878817505203, 605162.728748087654822 ], [ 463023.372392022167332, 605159.765107153332792 ], [ 463027.394553190271836, 605155.954747935058549 ], [ 463033.110140391450841, 605152.567885134601966 ], [ 463041.577846894972026, 605150.662751430878416 ], [ 463051.950808338704519, 605150.450928389676847 ], [ 463061.688743390259333, 605153.626030272804201 ], [ 463072.061741958546918, 605159.552914517116733 ], [ 463081.164543337305076, 605168.020141451386735 ], [ 463096.194827141822316, 605179.874037897447124 ], [ 463109.531611776852515, 605189.187909353524446 ], [ 463115.88247907999903, 605198.713380142813548 ], [ 463118.846306155784987, 605208.239063053042628 ], [ 463120.116716619231738, 605234.699144840589724 ], [ 463122.074885647976771, 605241.816832729731686 ], [ 463130.410363172297366, 605248.961073040030897 ], [ 463142.715104488481302, 605255.443651054985821 ], [ 463155.68129824497737, 605258.089420333388261 ], [ 463174.072124445927329, 605260.735210433835164 ], [ 463185.765795699611772, 605263.333584452164359 ], [ 463219.321661293040961, 605277.007677566725761 ], [ 463247.767890188843012, 605287.326846456970088 ], [ 463267.614158141950611, 605296.058551496360451 ], [ 463279.521958704222925, 605303.202577740536071 ], [ 463287.857514119765256, 605314.844984532799572 ], [ 463290.503709088254254, 605322.915273584076203 ], [ 463294.07612491119653, 605329.662520302925259 ], [ 463299.103883959003724, 605333.234622507006861 ], [ 463304.528558947728015, 605335.748304511071183 ], [ 463312.9962224807241, 605336.409619901445694 ], [ 463323.580808322760276, 605334.689606358064339 ], [ 463334.826919679122511, 605331.382021751836874 ], [ 463342.236119680921547, 605326.619116855319589 ], [ 463348.454561011632904, 605325.296109516290016 ], [ 463352.741461841331329, 605326.698429848416708 ], [ 463361.076836001127958, 605331.461102119763382 ], [ 463387.274120390473399, 605352.099747747532092 ], [ 463408.311149080691393, 605367.975596120581031 ], [ 463414.194393891782966, 605374.799503260641359 ], [ 463428.157631042529829, 605390.995690619922243 ], [ 463436.889912184211425, 605398.536672487622127 ], [ 463443.24069973785663, 605403.299411562155001 ], [ 463451.576146826148033, 605404.490129527635872 ], [ 463459.514667799463496, 605402.902331189950928 ], [ 463464.197968888212927, 605400.974005407188088 ], [ 463466.262328989803791, 605400.12402640026994 ], [ 463471.505642515141517, 605394.856066462933086 ], [ 463474.200749195122626, 605386.23239812720567 ], [ 463476.582114881020971, 605373.53140784741845 ], [ 463481.741941145039164, 605364.79959059797693 ], [ 463490.077329075080343, 605356.464547135634348 ], [ 463501.984994090569671, 605350.90778905863408 ], [ 463519.846472653036471, 605345.351108523318544 ], [ 463542.868000505201053, 605335.428279961342923 ], [ 463555.172538695682306, 605334.634322341880761 ], [ 463569.064902835991234, 605336.221805739449337 ], [ 463579.78184673510259, 605343.762878115172498 ], [ 463597.246763832576107, 605360.432380003854632 ], [ 463614.711496493662708, 605375.514518385054544 ], [ 463622.253222745668609, 605389.009072009474039 ], [ 463622.253481882857159, 605412.823159420397133 ], [ 463623.444387451279908, 605423.142651751521043 ], [ 463630.192090291937348, 605433.461998027283698 ], [ 463643.68765049421927, 605441.796751605463214 ], [ 463662.740114278509282, 605446.559397354256362 ], [ 463690.127826701733284, 605447.749817714560777 ], [ 463718.309350804483984, 605444.574296730337664 ], [ 463750.46009205194423, 605435.445249175769277 ], [ 463784.198476599936839, 605427.506755302892998 ], [ 463829.844691021367908, 605419.568293420248665 ], [ 463841.355387455667369, 605416.789893641951494 ], [ 463850.48462803743314, 605417.186697641736828 ], [ 463859.217051716055721, 605424.727757138665766 ], [ 463862.413642560481094, 605427.730527917970903 ], [ 463886.346631220600102, 605450.211979424930178 ], [ 463896.925185623054858, 605460.448466356610879 ], [ 463910.023663668311201, 605466.401894867536612 ], [ 463918.755958737980109, 605467.989389452035539 ], [ 463927.885232260334305, 605467.195404844824225 ], [ 463935.823719725594856, 605463.623201192240231 ], [ 463943.365092419669963, 605457.272699464578182 ], [ 463954.082055623817723, 605447.350137955858372 ], [ 463962.020365210424643, 605437.030679070740007 ], [ 463969.958606519328896, 605419.963740546489134 ], [ 463973.927862723707221, 605410.835035950527526 ], [ 463984.644607566122431, 605401.309159189229831 ], [ 463994.170748756092507, 605392.974260319489986 ], [ 464001.71220170072047, 605382.257784617017023 ], [ 464008.459815274749417, 605375.907261677202769 ], [ 464029.09968396415934, 605364.793889688095078 ], [ 464037.832026834425051, 605357.252541198045947 ], [ 464048.151817597332411, 605336.216743696248159 ], [ 464058.074662538070697, 605316.768411914701574 ], [ 464066.409805114613846, 605300.892313844757155 ], [ 464081.492714839696418, 605281.047092189546674 ], [ 464097.369531680713408, 605261.20180038898252 ], [ 464103.323336851666681, 605250.882282512262464 ], [ 464107.292354031465948, 605240.562788773793727 ], [ 464110.467671368853189, 605220.320821138448082 ], [ 464112.054981767898425, 605192.140832792269066 ], [ 464113.64253117935732, 605171.502008903305978 ], [ 464115.428048477100674, 605164.742389009916224 ], [ 464119.19913692236878, 605150.466021683067083 ], [ 464121.580579188186675, 605140.543467681156471 ], [ 464127.137386740709189, 605130.62094485911075 ], [ 464134.678918386809528, 605125.06427397497464 ], [ 464152.143506999127567, 605117.919797903625295 ], [ 464178.73732102609938, 605110.378405708121136 ], [ 464197.39269401418278, 605103.630899513256736 ], [ 464216.444849968887866, 605094.502034748787992 ], [ 464226.764876038301736, 605091.326562646310776 ], [ 464242.641832806810271, 605088.548141670064069 ], [ 464255.343338394304737, 605090.135558545705862 ], [ 464265.663489050639328, 605096.48596679570619 ], [ 464270.426719663664699, 605111.965085504343733 ], [ 464262.091852478100918, 605168.32523842935916 ], [ 464262.257423040980939, 605174.311304282629862 ], [ 464262.617618293617852, 605187.337198691791855 ], [ 464264.076853205391672, 605199.217317372793332 ], [ 464267.3846846446977, 605212.447244150214829 ], [ 464272.015505601360928, 605216.746985061094165 ], [ 464284.584699114668183, 605219.062176787992939 ], [ 464294.838726397254504, 605225.346290393965319 ], [ 464299.46950227842899, 605232.953586900606751 ], [ 464304.76207152812276, 605245.852734879823402 ], [ 464311.377595156722236, 605268.674606453743763 ], [ 464317.662395585211925, 605282.566047789063305 ], [ 464321.962437723064795, 605292.157762476825155 ], [ 464327.254917977959849, 605300.757282131817192 ], [ 464335.524204146233387, 605306.710651570349 ], [ 464343.793510299175978, 605311.010411862051114 ], [ 464354.708959826210048, 605313.325485075707547 ], [ 464364.96277912997175, 605311.671663740184158 ], [ 464377.862682720238809, 605309.356333606992848 ], [ 464389.770367157063447, 605303.402582911658101 ], [ 464400.024183410685509, 605296.125963190221228 ], [ 464413.585633280861657, 605281.241998849087395 ], [ 464432.439284241758287, 605262.389003241783939 ], [ 464453.277475011418574, 605242.212942921789363 ], [ 464467.831331257359125, 605226.667459718883038 ], [ 464478.746441321913153, 605212.775789021514356 ], [ 464498.26163158507552, 605179.700571300811134 ], [ 464511.161394966184162, 605155.886246972251683 ], [ 464523.730452008661814, 605137.03334814531263 ], [ 464535.307075774937402, 605120.164942577946931 ], [ 464547.876313875720371, 605104.61949274840299 ], [ 464553.829965316108428, 605095.35835874453187 ], [ 464554.822242023597937, 605088.081831246148795 ], [ 464554.822133610199671, 605079.482240539276972 ], [ 464551.844971777114552, 605056.329714210471138 ], [ 464552.205218009883538, 605054.5802751572337 ], [ 464554.160211628011893, 605045.084173994022422 ], [ 464561.767842962464783, 605033.176945706130937 ], [ 464569.044672403018922, 605024.577418628497981 ], [ 464585.772508380643558, 605008.600317214615643 ], [ 464596.895213805197272, 604999.109333963831887 ], [ 464607.479746633965988, 604990.112766624311917 ], [ 464612.507420156849548, 604983.497609703219496 ], [ 464616.53032827161951, 604971.419678475358523 ], [ 464633.5233377936529, 604911.469394286861643 ], [ 464636.057263446680736, 604902.529542404925451 ], [ 464635.263361167395487, 604884.00747547741048 ], [ 464631.293667054153048, 604852.519992728368379 ], [ 464627.588944634597283, 604826.324562954017892 ], [ 464624.69597396091558, 604813.971911518019624 ], [ 464618.062237593811005, 604791.132765393937007 ], [ 464618.023216394823976, 604748.605177351972088 ], [ 464621.609731020056643, 604741.688912882353179 ], [ 464631.850788344047032, 604721.939680804614909 ], [ 464635.924976934213191, 604714.082825451972894 ], [ 464643.995784980303142, 604689.371142387855798 ], [ 464647.866126525914297, 604681.370684017892927 ], [ 464648.774474281119183, 604680.529181934776716 ], [ 464654.386841556231957, 604675.330197820439935 ], [ 464668.058455606689677, 604666.63945012469776 ], [ 464714.913586808019318, 604623.456185657763854 ], [ 464751.117534607532434, 604590.093645680695772 ], [ 464752.109431350312661, 604589.505436038365588 ], [ 464760.850046827050392, 604584.321618784917518 ], [ 464772.229919662233442, 604577.572604418732226 ], [ 464773.180145079328213, 604577.271401232574135 ], [ 464784.721509801223874, 604573.612069190945476 ], [ 464797.823097998159938, 604573.611963336821645 ], [ 464821.055964838480577, 604579.192081134184264 ], [ 464836.014255313028116, 604586.012997895712033 ], [ 464838.228071761259343, 604587.022490445757285 ], [ 464840.49532751517836, 604587.280170387704857 ], [ 464845.52887135517085, 604587.852538574137725 ], [ 464852.389748401008546, 604585.232168058049865 ], [ 464857.640254617261235, 604580.101723185740411 ], [ 464861.420775911479723, 604573.791347192949615 ], [ 464864.845532616658602, 604563.507077676127665 ], [ 464868.411413443973288, 604552.800035237916745 ], [ 464880.44242017302895, 604516.687562978710048 ], [ 464923.136983511329163, 604461.253481661668047 ], [ 464934.276982322335243, 604449.623048828798346 ], [ 464938.798749324167147, 604444.902128997608088 ], [ 464953.110385194071569, 604438.081669325008988 ], [ 464971.502553614089265, 604435.361287503968924 ], [ 464984.52419864514377, 604436.011108337435871 ], [ 464999.595999415556435, 604441.031412270967849 ], [ 465002.587399013573304, 604442.027484848629683 ], [ 465031.669892360107042, 604451.711620168760419 ], [ 465032.428296224446967, 604451.99369621835649 ], [ 465044.168830637587234, 604456.358257338870317 ], [ 465057.333202545822132, 604461.252100368496031 ], [ 465071.634980345552322, 604463.522055926849134 ], [ 465097.748028749600053, 604463.521752608707175 ], [ 465131.526910626736935, 604462.75506383634638 ], [ 465157.695178130408749, 604462.161120849661529 ], [ 465186.528824037464801, 604462.840769333299249 ], [ 465215.182183943747077, 604459.460258817416616 ], [ 465219.870327039796393, 604458.024008471984416 ], [ 465223.11343805299839, 604457.030440632370301 ], [ 465223.424099270545412, 604449.092040455667302 ], [ 465231.842189197370317, 604420.012796937022358 ], [ 465234.827123795927037, 604409.701028782641515 ], [ 465235.936715863936115, 604405.867893808754161 ], [ 465249.4035241054371, 604355.675593293271959 ], [ 465252.942143076157663, 604342.486148319789208 ], [ 465258.444443439715542, 604321.978538066265173 ], [ 465259.582062738772947, 604317.738753848592751 ], [ 465260.962640841316897, 604312.59296492987778 ], [ 465285.987189218809363, 604267.091782258474268 ], [ 465286.484887708327733, 604256.755491749267094 ], [ 465287.638436786306556, 604232.692853990243748 ], [ 465288.8190070646815, 604208.064432470360771 ], [ 465289.282273442368023, 604198.401865043211728 ], [ 465292.359645967138931, 604134.204937571659684 ], [ 465293.950643222080544, 604101.015548654948361 ], [ 465291.901932974928059, 603986.358243103255518 ], [ 465291.314513573888689, 603953.482156600337476 ], [ 465290.78088265756378, 603923.615434842300601 ], [ 465290.536236955435015, 603909.919747417094186 ], [ 465290.50121929962188, 603908.677218089927919 ], [ 465289.693436164525338, 603880.018538270378485 ], [ 465285.984273159119766, 603748.398239073809236 ], [ 465285.545968597871251, 603738.52060776844155 ], [ 465284.894286358729005, 603723.830833924002945 ], [ 465284.888565283443313, 603723.702336149988696 ], [ 465280.445259091327898, 603623.555124402744696 ], [ 465278.715812649345025, 603584.573299830779433 ], [ 465273.468459289520979, 603466.304479895625263 ], [ 465270.055103318882175, 603390.093605845235288 ], [ 465266.64163088449277, 603313.882734203827567 ], [ 465264.364808365062345, 603150.086298055597581 ], [ 465267.776602700352669, 603077.287796663702466 ], [ 465288.249066375836264, 603015.872031684499234 ], [ 465292.796048349526245, 602997.444873457425274 ], [ 465331.473527218797244, 602840.700409032753669 ], [ 465348.553034351440147, 602783.340175875113346 ], [ 465384.693560981831979, 602661.96520562004298 ], [ 465391.758755012881011, 602638.237259679008275 ], [ 465419.058207020629197, 602531.314155902131461 ], [ 465420.50072390132118, 602524.582293199375272 ], [ 465439.532982855685987, 602435.766043238574639 ], [ 465455.45768154412508, 602344.76763352076523 ], [ 465461.842784714594018, 602304.753638168098405 ], [ 465472.519435866444837, 602237.844846133608371 ], [ 465483.894018970837351, 602149.121591083472595 ], [ 465496.620102764107287, 602049.127845915267244 ], [ 465499.818293710937724, 602023.999071846716106 ], [ 465498.678550135053229, 601812.428661850630306 ], [ 465497.130186186288483, 601803.361265427432954 ], [ 465470.63004673179239, 601648.164099997724406 ], [ 465466.825503917760216, 601625.882947577745654 ], [ 465468.086573440465145, 601591.825752427917905 ], [ 465470.75868623284623, 601519.663326618843712 ], [ 465471.374424001784064, 601503.035452843410894 ], [ 465480.980587290425319, 601398.428538223844953 ], [ 465481.61357390152989, 601396.104516612365842 ], [ 465482.545638256182428, 601392.843044148525223 ], [ 465499.813806930440478, 601332.405929893371649 ], [ 465506.99065380950924, 601308.825353671680205 ], [ 465531.663915316516068, 601227.757747321156785 ], [ 465539.431610440136865, 601203.083911531139165 ], [ 465570.338810302084312, 601104.910017741844058 ], [ 465601.051616210141219, 601000.261992092477158 ], [ 465635.173896963591687, 600904.72068649251014 ], [ 465637.487617753620725, 600888.147940226946957 ], [ 465637.570963071018923, 600887.550376475322992 ], [ 465648.823168804461602, 600806.898404511623085 ], [ 465668.159260518790688, 600595.327734025893733 ], [ 465679.783091391436756, 600513.966090181842446 ], [ 465683.657237207691651, 600486.849377918872051 ], [ 465686.361200817220379, 600467.922393116634339 ], [ 465695.512502893339843, 600440.116955378325656 ], [ 465734.581240885192528, 600321.411404495476745 ], [ 465745.511548619135283, 600288.200596498092636 ], [ 465766.485976049036253, 600232.681085574440658 ], [ 465784.186622268578503, 600185.82730622892268 ], [ 465854.573793626565021, 600040.513985780067742 ], [ 465854.715258967189584, 600040.221709461417049 ], [ 465937.010463566286489, 599987.724746594903991 ], [ 465962.313502456818242, 599971.583729991340078 ], [ 465986.668881355260964, 599956.047239051782526 ], [ 466090.832985340908635, 599879.520999718923122 ], [ 466098.146868201787584, 599874.147678328328766 ], [ 466100.026057494978886, 599873.135960214189254 ], [ 466100.094973363040481, 599871.657142560463399 ], [ 466107.247032430313993, 599862.772923415875994 ], [ 466113.689558818412479, 599853.431735369609669 ], [ 466133.796298032510094, 599824.277954860590398 ], [ 466146.810792006726842, 599805.407494797604159 ], [ 466152.748002520471346, 599796.798883280251175 ], [ 466177.768473842996173, 599744.485050837392919 ], [ 466180.186990693793632, 599714.976717464043759 ], [ 466183.480236728384625, 599674.796887560398318 ], [ 466189.141973457648419, 599605.718319077859633 ], [ 466192.491613027988933, 599553.233683365397155 ], [ 466195.968596597900614, 599498.790795380715281 ], [ 466218.317541203694418, 599456.446605913806707 ], [ 466236.38422002911102, 599444.38458185759373 ], [ 466309.751227544678841, 599395.401452381629497 ], [ 466329.970302902394906, 599381.902240676921792 ], [ 466386.266049373196438, 599345.54580994148273 ], [ 466387.070994975278154, 599344.096751861856319 ], [ 466443.808909508457873, 599307.49290862143971 ], [ 466492.861440104083158, 599275.84718844294548 ], [ 466507.840398289612494, 599265.019370914669707 ], [ 466574.657033232389949, 599216.719838320277631 ], [ 466652.596136805950664, 599160.380256072850898 ], [ 466681.691641618090216, 599139.348080619121902 ], [ 466811.373072740272619, 599052.890786344069056 ], [ 466829.797812695614994, 599003.144129433319904 ], [ 466831.085467338969465, 598999.667564972070977 ], [ 466834.12022152490681, 598991.473651587264612 ], [ 466837.198513306619134, 598941.532134029548615 ], [ 466841.086630562378559, 598878.452333992579952 ], [ 466844.356416566530243, 598825.403085069614463 ], [ 466837.529039263725281, 598616.107538414886221 ], [ 466835.207514668582007, 598589.645950073725544 ], [ 466831.574570616416167, 598548.238423413131386 ], [ 466826.155961356824264, 598486.427410538541153 ], [ 466878.483507446479052, 598411.34587989829015 ], [ 466940.146762969321571, 598301.725877759512514 ], [ 466985.162925272830762, 598221.699815111001953 ], [ 466997.067542158009019, 598200.536654493305832 ], [ 467016.46230285189813, 598166.058104073861614 ], [ 467072.999093479418661, 598065.551368879037909 ], [ 467118.499600654700771, 597960.903118660440668 ], [ 467133.857943138864357, 597925.92126860411372 ], [ 467200.400948715221602, 597774.356336300843395 ], [ 467224.998800317815039, 597711.106167020509019 ], [ 467248.06585755670676, 597651.792335282894783 ], [ 467248.173168585344683, 597651.516013124375604 ], [ 467249.602400737116113, 597650.240368018043227 ], [ 467249.719439617008902, 597649.69044772721827 ], [ 467252.723449596320279, 597635.591382950195111 ], [ 467301.227837125072256, 597509.256957839708775 ], [ 467345.018895082874224, 597395.19875197368674 ], [ 467350.548718248202931, 597380.795770055847242 ], [ 467368.689696998684667, 597316.941868980647996 ], [ 467370.162300226162188, 597312.453547787037678 ], [ 467370.637383104301989, 597302.952276721247472 ], [ 467373.715536116797011, 597241.392968284781091 ], [ 467377.325863183767069, 597169.191429658210836 ], [ 467377.409550479496829, 597167.484135061502457 ], [ 467375.595994422328658, 597035.199611136340536 ], [ 467367.303879478597082, 597013.380723991431296 ], [ 467354.608009841118474, 596979.973523305729032 ], [ 467352.133594187616836, 596973.46251751598902 ], [ 467351.872431681142189, 596972.775408709771 ], [ 467315.085773759288713, 596875.977542211301625 ], [ 467290.879717176314443, 596812.283296070992947 ], [ 467282.710042849415913, 596790.786474193329923 ], [ 467270.912224534840789, 596759.742550311959349 ], [ 467255.034503660222981, 596665.881881076958962 ], [ 467249.424471187347081, 596632.7174610234797 ], [ 467247.125132352055516, 596619.125038155121729 ], [ 467243.890176107292064, 596600.001526508363895 ], [ 467241.487074013159145, 596585.795976038672961 ], [ 467240.247882264375221, 596558.541378753026947 ], [ 467239.848487239854876, 596549.758662491920404 ], [ 467237.432389455789234, 596496.617490157368593 ], [ 467237.370211652538273, 596495.250464204000309 ], [ 467234.236541642050724, 596426.329775345162489 ], [ 467233.613396527594887, 596410.751899937400594 ], [ 467233.184604303154629, 596400.03139785444364 ], [ 467232.622200711979531, 596385.970947182038799 ], [ 467231.842761166277342, 596366.48295562621206 ], [ 467231.411273847566918, 596355.695108476094902 ], [ 467231.217145273287315, 596350.843596259481274 ], [ 467229.903370199957862, 596317.996695381007157 ], [ 467228.503926549688913, 596283.009675668086857 ], [ 467227.722913563193288, 596263.482759590726346 ], [ 467227.689005717169493, 596262.635580675210804 ], [ 467225.173114499193616, 596199.815291912877001 ], [ 467217.066335837938823, 596179.788573956815526 ], [ 467192.997266814345494, 596120.328859432251193 ], [ 467163.556102096219547, 596047.598095566034317 ], [ 467150.079234112403356, 596022.628264082479291 ], [ 467047.248568136070389, 595832.104663401492871 ], [ 467040.322861806838773, 595819.27265612303745 ], [ 467038.282636502874084, 595812.367997716763057 ], [ 467025.226042993657757, 595768.180839432869107 ], [ 467024.336972663528286, 595765.171536282054149 ], [ 466993.203535295790061, 595659.806800390360877 ], [ 466962.953294198901858, 595525.168429266195744 ], [ 466959.534952548332512, 595509.953861523186788 ], [ 466959.213362772366963, 595508.522440739907324 ], [ 466950.084795452014077, 595441.244886938715354 ], [ 466940.646127062675077, 595371.680852246237919 ], [ 466927.359879266819917, 595274.202813567710109 ], [ 466920.815033153106924, 595230.031334179104306 ], [ 466918.124532288580667, 595211.872985522961244 ], [ 466915.773555465159006, 595196.005301513010636 ], [ 466907.24704333365662, 595138.458604169543833 ], [ 466900.056905627250671, 595089.932035760954022 ], [ 466883.102898903482128, 594985.939360531745479 ], [ 466868.75907395419199, 594897.957506607752293 ], [ 466856.639796694682445, 594816.934251966304146 ], [ 466844.520592580258381, 594735.910891058156267 ], [ 466831.799992422224022, 594650.867045723716728 ], [ 466761.27071830292698, 594477.971496449084952 ], [ 466751.87312333076261, 594465.206123990588821 ], [ 466685.213376827421598, 594374.656307000899687 ], [ 466660.345839564746711, 594340.876605620142072 ], [ 466640.689879579469562, 594314.176300611929037 ], [ 466604.200023457407951, 594279.716236555366777 ], [ 466476.882634593755938, 594159.481377452611923 ], [ 466355.481228582037147, 594075.776192824705504 ], [ 466310.958675334346481, 594043.398608896415681 ], [ 466228.404968620976433, 593983.364368901122361 ], [ 466228.299071124347392, 593981.669598320499063 ], [ 466174.29474168253364, 593931.989345683366992 ], [ 466149.273006318020634, 593893.306942110881209 ], [ 466174.059823981835507, 593861.755819511599839 ], [ 466174.299336942145601, 593861.450977264088579 ], [ 466187.476558912836481, 593852.666453646030277 ], [ 466269.851915390871, 593797.751314896857366 ], [ 466342.644240348075982, 593739.850443779956549 ], [ 466369.954509976145346, 593718.12706437963061 ], [ 466392.215327098674607, 593705.327412299113348 ], [ 466429.61951470276108, 593683.820731130312197 ], [ 466431.330378031649161, 593682.837030222872272 ], [ 466448.439349678053986, 593666.968528950121254 ], [ 466448.978230662236456, 593666.468616184196435 ], [ 466452.99429350317223, 593663.527289209305309 ], [ 466525.796293367515318, 593606.652740661986172 ], [ 466619.073888640967198, 593545.22816592338495 ], [ 466710.076398266362958, 593488.353416611091234 ], [ 466724.651127151679248, 593478.044825122342445 ], [ 466803.35393594019115, 593422.378825680585578 ], [ 466882.981054881121963, 593365.50425639085006 ], [ 466914.248444156022742, 593341.869756349246018 ], [ 466992.818794001359493, 593282.479977811919525 ], [ 467027.114049645955674, 593256.5570100012701 ], [ 467027.447344046318904, 593256.304965559393167 ], [ 467057.023105887812562, 593222.180453822482377 ], [ 467086.598691039020196, 593188.055963280843571 ], [ 467099.430191711755469, 593173.220014169346541 ], [ 467159.400438841781579, 593103.88191685511265 ], [ 467227.651802598673385, 593017.433054495835677 ], [ 467283.386003237683326, 592901.418338597053662 ], [ 467301.584446902154014, 592796.776668141363189 ], [ 467302.549851869756822, 592790.010088314651512 ], [ 467302.554028005455621, 592789.989848044351675 ], [ 467305.780552819778677, 592767.403390932828188 ], [ 467312.959046335658059, 592717.153275934630074 ], [ 467314.470565601310227, 592691.958092481130734 ], [ 467319.783079085871577, 592603.405634646071121 ], [ 467326.474344686197583, 592576.641089498531073 ], [ 467326.608062299375888, 592576.106199008529074 ], [ 467330.498047024942935, 592555.223078481038101 ], [ 467336.969388506084215, 592520.481658987468109 ], [ 467339.425614416541066, 592507.296034522121772 ], [ 467343.619481821311638, 592484.781330963363871 ], [ 467348.220052553806454, 592460.083476093015634 ], [ 467377.794630158459768, 592316.761206839117222 ], [ 467370.195417961745989, 592254.709659306914546 ], [ 467364.142879563150927, 592205.288625316927209 ], [ 467363.57916027266765, 592201.906190587207675 ], [ 467357.273920827021357, 592164.079868168686517 ], [ 467340.25320438714698, 592061.966947802575305 ], [ 467340.251849184394814, 591936.125391284003854 ], [ 467340.251847441948485, 591934.569773994968273 ], [ 467344.125519458786584, 591908.006409705383703 ], [ 467356.178093430004083, 591825.368780425284058 ], [ 467366.883976957935374, 591808.337201341986656 ], [ 467366.987021272419952, 591807.776124057359993 ], [ 467381.557055362907704, 591784.596749808639288 ], [ 467384.789078110072296, 591779.852740059955977 ], [ 467389.168860743637197, 591772.885243440745398 ], [ 467405.086561602831353, 591747.562424098374322 ], [ 467422.174628720909823, 591734.626213941839524 ], [ 467445.821394438680727, 591716.724801090196706 ], [ 467500.64219259674428, 591675.223494614008814 ], [ 467562.069009459868539, 591650.198490026639774 ], [ 467648.52197112533031, 591652.472427334287204 ], [ 467705.398982737562619, 591657.021797919180244 ], [ 467739.525152636750136, 591638.821791799273342 ], [ 467760.000469282444101, 591606.968999216798693 ], [ 467760.000052429677453, 591566.240532598574646 ], [ 467759.999970649718307, 591563.762958737555891 ], [ 467759.999820149329025, 591552.373351181508042 ], [ 467759.999472876894288, 591513.000783216790296 ], [ 467759.999112972349394, 591475.02503055462148 ], [ 467744.072345065244008, 591372.652367474976927 ], [ 467744.07114838360576, 591258.904819422401488 ], [ 467746.345152973779477, 591154.257038650219329 ], [ 467754.693491322221234, 591109.304530646069907 ], [ 467757.056509724759962, 591096.580816900823265 ], [ 467773.294772390741855, 591009.143642319482751 ], [ 467774.012101645523217, 591005.287884016055614 ], [ 467775.137298432178795, 591003.389105475158431 ], [ 467802.135660008178093, 590957.828055608319119 ], [ 467802.567274877161253, 590955.423167496570386 ], [ 467803.222777911752928, 590951.779999764170498 ], [ 467820.55873592273565, 590934.442341465153731 ], [ 467848.726292655512225, 590906.271954149589874 ], [ 467905.717369151941966, 590864.825189294759184 ], [ 467923.803251866367646, 590851.672294844174758 ], [ 468035.281810450775083, 590817.546731021488085 ], [ 468056.052642347407527, 590817.54658331873361 ], [ 468066.444178771402221, 590817.546453409129754 ], [ 468084.740173111087643, 590817.546265461365692 ], [ 468092.919114471413195, 590813.555182700511068 ], [ 468102.492131890787277, 590809.564794542849995 ], [ 468169.86409917823039, 590796.090361779090017 ], [ 468187.711764505889732, 590792.520803495659493 ], [ 468284.402257748181, 590769.770233473158441 ], [ 468348.104072735644877, 590724.270523173036054 ], [ 468400.791115316562355, 590677.783518944168463 ], [ 468425.455926753755193, 590656.021276707528159 ], [ 468454.611606342310552, 590632.382311592577025 ], [ 468503.700393688399345, 590592.582165771978907 ], [ 468537.612242019502446, 590570.94935373426415 ], [ 468571.524011197325308, 590549.316678455332294 ], [ 468619.073496574303135, 590524.492177795036696 ], [ 468629.241574702085927, 590519.183642539777793 ], [ 468645.115965172008146, 590510.895905462792143 ], [ 468701.029390275012702, 590493.249250684399158 ], [ 468709.135853401268832, 590490.690752014168538 ], [ 468803.419391986448318, 590476.405201808316633 ], [ 468911.012398762046359, 590469.231607422116213 ], [ 469011.432545707095414, 590458.47180655982811 ], [ 469101.797505646711215, 590438.704546633991413 ], [ 469126.198286542610731, 590433.36689252522774 ], [ 469217.26942705194233, 590411.214710038155317 ], [ 469258.896080847131088, 590401.089405363425612 ], [ 469385.249053564446513, 590345.618889533332549 ], [ 469405.939489299780689, 590336.535649043740705 ], [ 469506.359078441862948, 590282.74094651453197 ], [ 469519.456004163483158, 590275.465117425541393 ], [ 469563.585062162601389, 590271.532580865896307 ], [ 469573.918752766505349, 590270.611649422091432 ], [ 469637.312798051571008, 590252.891094054561108 ], [ 469676.211436495301314, 590242.017644675681368 ], [ 469692.670377326488961, 590237.416939669288695 ], [ 469728.662098773929756, 590228.074188848724589 ], [ 469725.855946053110529, 590216.837288942653686 ], [ 469724.466359636862762, 590211.27340437809471 ], [ 469721.733073278504889, 590200.327961525064893 ], [ 469711.262450259469915, 590158.400193604291417 ], [ 469704.422483583446592, 590123.228835005778819 ], [ 469705.327165363007225, 590124.443248348659836 ], [ 469705.203228691767436, 590123.805801604874432 ], [ 469679.88402492122259, 589993.606900195009075 ], [ 469676.548570278275292, 589980.822369128814898 ], [ 469652.493730178044643, 589888.621214311337098 ], [ 469649.89814076788025, 589886.025701354374178 ], [ 469593.149899837793782, 589829.281852190266363 ], [ 469573.761959113646299, 589813.266979163861834 ], [ 469566.1965272272937, 589807.017673507565632 ], [ 469488.157105890277307, 589742.555507552926429 ], [ 469470.862334711535368, 589729.104995460249484 ], [ 469446.718667654728051, 589710.328010038007051 ], [ 469323.820676478091627, 589614.748102801502682 ], [ 469284.038315455545671, 589584.913718302617781 ], [ 469279.891631515405606, 589581.803817159729078 ], [ 469271.627943665720522, 589575.606666275998577 ], [ 469260.889658891886938, 589567.553543041925877 ], [ 469236.204168472439051, 589549.040881677996367 ], [ 469232.522671887127217, 589546.279904766357504 ], [ 469219.142430499952752, 589531.516536325332709 ], [ 469218.695778663503006, 589531.023952703922987 ], [ 469192.736860643024556, 589502.381711181951687 ], [ 469166.331368111888878, 589473.246900154161267 ], [ 469120.682227910263464, 589418.47201819322072 ], [ 469120.673316156782676, 589418.339210359728895 ], [ 469116.116663753346074, 589350.002983894199133 ], [ 469120.680947942659259, 589299.792332551442087 ], [ 469157.198702495137695, 589181.111993818311021 ], [ 469192.999147688504308, 589065.756832655635662 ], [ 469198.281070373719558, 589048.737992623704486 ], [ 469223.917263818671927, 588941.921253924374469 ], [ 469225.669035172904842, 588934.622516652103513 ], [ 469257.621841657906771, 588815.942354274215177 ], [ 469305.591696662711911, 588647.223808429087512 ], [ 469315.56082487286767, 588612.160103812813759 ], [ 469323.809871436969843, 588583.146597269922495 ], [ 469328.374152776261326, 588523.80668100528419 ], [ 469322.43367941462202, 588484.208584022708237 ], [ 469320.811333079880569, 588473.394135373877361 ], [ 469314.67864775104681, 588432.514586984063499 ], [ 469303.414310549153015, 588373.946912256069481 ], [ 469291.853018373716623, 588313.834994942648336 ], [ 469274.76687735307496, 588231.260780965560116 ], [ 469264.46249956835527, 588181.461722186068073 ], [ 469258.772581358090974, 588107.506740507902578 ], [ 469255.51526550296694, 588065.170088349608704 ], [ 469255.331589565379545, 588062.781996788457036 ], [ 469254.983508231700398, 588034.270963086863048 ], [ 469253.047114136279561, 587875.633087071706541 ], [ 469262.054916663037147, 587764.528825027984567 ], [ 469266.740045459417161, 587706.742464678012766 ], [ 469266.738825332256965, 587589.673784242710099 ], [ 469266.738681958348025, 587574.368804881116375 ], [ 469270.316255589656066, 587515.331354637746699 ], [ 469271.816824553883635, 587490.569729976938106 ], [ 469275.866897709900513, 587423.736657702131197 ], [ 469309.825725945178419, 587076.095638581784442 ], [ 469312.746172776387539, 586968.005733597907238 ], [ 469320.134355664544273, 586892.887697371072136 ], [ 469330.273324906709604, 586789.803218577988446 ], [ 469333.193237583618611, 586626.207632987760007 ], [ 469337.574954354437068, 586570.702017795993015 ], [ 469352.181857192132156, 586515.196264858008362 ], [ 469375.553566807764582, 586474.297088290099055 ], [ 469428.140290435811039, 586433.39752194925677 ], [ 469459.782690779364202, 586420.54324789729435 ], [ 469521.62839175661793, 586395.419054494705051 ], [ 469612.195188755518757, 586392.496857042773627 ], [ 469696.919031016703229, 586380.810534117044881 ], [ 469739.093707779305987, 586357.542325611575507 ], [ 469739.280696207599249, 586357.439247920061462 ], [ 469818.160862100834493, 586290.247431248077191 ], [ 469867.825802207516972, 586220.134518492268398 ], [ 469920.411703158111777, 586100.358565571135841 ], [ 469949.625622526742518, 585977.661693274276331 ], [ 469951.071185569046065, 585968.410254497895949 ], [ 469964.232306354795583, 585884.178259547101334 ], [ 469967.876050098217092, 585865.785702796652913 ], [ 469988.907697665388696, 585759.625982941361144 ], [ 469991.16585317987483, 585748.227660951204598 ], [ 469994.906472162751015, 585729.346477432874963 ], [ 470009.513386631035246, 585662.155279576429166 ], [ 470029.963573660876136, 585627.098849480971694 ], [ 470035.979913934366778, 585620.653114317450672 ], [ 470070.864271168597043, 585583.278224686393514 ], [ 470111.765361889498308, 585565.74962072132621 ], [ 470167.273865276481956, 585554.063726971042342 ], [ 470207.41180678922683, 585554.063318714499474 ], [ 470212.421480471035466, 585554.063302626716904 ], [ 470232.311498262686655, 585554.063007459742948 ], [ 470263.683805266511627, 585554.062754436512478 ], [ 470265.772679015528411, 585554.252615698613226 ], [ 470360.093833773687948, 585562.825678230612539 ], [ 470377.992492405872326, 585564.734655255218968 ], [ 470469.650650221796241, 585574.509938742499799 ], [ 470582.848676789202727, 585584.496308720554225 ], [ 470636.75496294425102, 585589.2518857215764 ], [ 470650.997154114011209, 585590.508286818047054 ], [ 470668.313853769912384, 585592.036001429194584 ], [ 470709.347614628670271, 585597.009158012340777 ], [ 470764.72388940199744, 585603.7203231935855 ], [ 470809.212308487622067, 585607.376300190924667 ], [ 470814.11744898580946, 585607.77938858885318 ], [ 470871.359154933015816, 585612.483368260203861 ], [ 470906.424575400655158, 585617.352852786774747 ], [ 470976.533772288588807, 585627.088927831617184 ], [ 471008.086678301682696, 585625.686391095281579 ], [ 471108.00175837270217, 585621.244946147082373 ], [ 471180.971402680734172, 585622.883896566694602 ], [ 471197.495766666135751, 585623.255020775366575 ], [ 471227.394674073206261, 585623.926479303045198 ], [ 471238.009182957059238, 585624.164939902257174 ], [ 471249.399854111019522, 585622.666173061472364 ], [ 471258.309665618813597, 585621.493739585042931 ], [ 471349.026455578859895, 585609.556946769589558 ], [ 471397.231314949109219, 585600.792413974180818 ], [ 471445.43608049384784, 585592.027931616874412 ], [ 471533.081171316327527, 585556.970714019145817 ], [ 471617.804239457647782, 585483.93615342292469 ], [ 471674.773033801815473, 585405.05913276411593 ], [ 471718.620073370111641, 585350.774048318620771 ], [ 471736.123936906689778, 585329.103398254257627 ], [ 471756.601745383581147, 585281.848289718851447 ], [ 471774.102735499618575, 585241.462483275332488 ], [ 471774.144723652047105, 585239.778239066596143 ], [ 471775.460647290048655, 585187.12265929824207 ], [ 471776.28948118822882, 585153.957203370868228 ], [ 471777.023032242141198, 585124.608446486643516 ], [ 471784.131021791952662, 585064.188222339376807 ], [ 471788.707955129968468, 585025.282530864933506 ], [ 471789.160497764125466, 585020.757646022713743 ], [ 471790.179375297913793, 585010.56755912269 ], [ 471792.542508240556344, 584986.935860683210194 ], [ 471793.632317026029341, 584976.037098448956385 ], [ 471794.095274783612695, 584971.407040549092926 ], [ 471794.83942841051612, 584963.965725953574292 ], [ 471795.504321042739321, 584957.316473594401032 ], [ 471795.727961208438501, 584955.07896994240582 ], [ 471797.471592707617674, 584937.641879794886336 ], [ 471799.630006778053939, 584913.979232807294466 ], [ 471810.880639760696795, 584790.630542736500502 ], [ 471814.262143488274887, 584753.557105591171421 ], [ 471826.392680955701508, 584620.562401037896052 ], [ 471836.907632964954246, 584505.281843228731304 ], [ 471841.711026862554718, 584462.04915088636335 ], [ 471848.592530883208383, 584400.113190576434135 ], [ 471849.602125305973459, 584392.384195573395118 ], [ 471850.334729514026549, 584386.776178535306826 ], [ 471877.950081013375893, 584175.370615106192417 ], [ 471890.951139776792843, 584075.842937214067206 ], [ 471897.224238653667271, 584058.069808639469557 ], [ 471915.55589282407891, 584006.131164218182676 ], [ 471926.008192791894544, 583976.516665388597175 ], [ 471934.895587446226273, 583957.631460762582719 ], [ 471943.822315345867537, 583938.662852924200706 ], [ 471972.314816375321243, 583878.117964608012699 ], [ 471974.36059622123139, 583875.151930381194688 ], [ 471995.471924228419084, 583848.411762387841009 ], [ 472016.573467627051286, 583821.684217664296739 ], [ 472054.521475257177372, 583772.513926571584307 ], [ 472120.285772685601842, 583687.301059201941825 ], [ 472193.322959499782883, 583620.109257674310356 ], [ 472194.168994150706567, 583619.263213798170909 ], [ 472229.654306244803593, 583583.779067828087136 ], [ 472263.438448368804529, 583549.996109467698261 ], [ 472312.846248252899386, 583490.708921008044854 ], [ 472336.47532879904611, 583462.354863047832623 ], [ 472363.096913531771861, 583409.113324778736569 ], [ 472419.736759395571426, 583295.837120367912576 ], [ 472434.29170688072918, 583244.895685994415544 ], [ 472438.201085139357019, 583231.213058582041413 ], [ 472447.14884500548942, 583199.896248440840282 ], [ 472454.793597674870398, 583173.140205185394734 ], [ 472475.354862762906123, 583094.634788258816116 ], [ 472486.929004472913221, 583050.443070067442022 ], [ 472499.708658485673368, 583014.660995891317725 ], [ 472516.143242765741888, 582968.645065832650289 ], [ 472549.739454507245682, 582845.94801388902124 ], [ 472575.003441012464464, 582775.210386085091159 ], [ 472578.953719666227698, 582764.149842381244525 ], [ 472646.147541114652995, 582673.587302704108879 ], [ 472707.27694481483195, 582595.597240564529784 ], [ 472708.135214855719823, 582594.502161726355553 ], [ 472728.573120964108966, 582568.427163953427225 ], [ 472728.844148157339077, 582568.081425388692878 ], [ 472730.870294193620794, 582565.4966286548879 ], [ 472733.825932969863061, 582559.130813806550577 ], [ 472751.439155588683207, 582521.195654787938111 ], [ 472768.84926876676036, 582483.698320012772456 ], [ 472769.315593574079685, 582480.828023918089457 ], [ 472778.931708727555815, 582421.651020042016171 ], [ 472786.47108274733182, 582375.254594753379934 ], [ 472787.837753308704123, 582366.844217865844257 ], [ 472805.365899543103296, 582276.282218074076809 ], [ 472815.737539610941894, 582243.439366960665211 ], [ 472818.347957432095427, 582235.173019990790635 ], [ 472822.894336707657203, 582220.77645663486328 ], [ 472858.483864007634111, 582194.678287277696654 ], [ 472859.217278137919493, 582194.140524378046393 ], [ 472866.716691722685937, 582188.641045006923378 ], [ 472897.772106409771368, 582182.430021378444508 ], [ 472933.370888340636156, 582175.310344708967023 ], [ 472968.969459646905307, 582168.190695545403287 ], [ 473112.12350960780168, 582156.503764912718907 ], [ 473155.215777399309445, 582155.042553727980703 ], [ 473179.355667578580324, 582154.224097835132852 ], [ 473198.307936380850151, 582153.581492858240381 ], [ 473201.333251414762344, 582153.689447656855918 ], [ 473280.110564575879835, 582156.502022590604611 ], [ 473309.416609020670876, 582136.965310391271487 ], [ 473341.461863537144382, 582115.602497588377446 ], [ 473366.963627265533432, 582083.544219056959264 ], [ 473443.713493728952017, 581987.062019375152886 ], [ 473494.952901351323817, 581925.576843923074193 ], [ 473531.357726373360492, 581881.892582199187018 ], [ 473546.104278831800912, 581866.163485401077196 ], [ 473563.726010221231263, 581847.367553881602362 ], [ 473573.987860208086204, 581836.422064064536244 ], [ 473575.17995031416649, 581835.150429069646634 ], [ 473588.04686470614979, 581815.544300201581791 ], [ 473630.974643043184187, 581750.132819245918654 ], [ 473636.530649217369501, 581741.666573619586416 ], [ 473650.316294739604928, 581710.915046987705864 ], [ 473674.509355013200548, 581656.947102880338207 ], [ 473686.380593830544967, 581600.229591766023077 ], [ 473700.801800256129354, 581531.328789800987579 ], [ 473704.007869860739447, 581521.17668470100034 ], [ 473718.330379196442664, 581475.823090666439384 ], [ 473723.48821167339338, 581398.447421001386829 ], [ 473723.698869318643119, 581395.286332618677989 ], [ 473727.093467309547123, 581344.362220912473276 ], [ 473732.935838130593766, 581284.474566014716402 ], [ 473738.778226116031874, 581224.586692653014325 ], [ 473739.238815905933734, 581219.634424591204152 ], [ 473744.832128656620625, 581159.503739032894373 ], [ 473750.463064259209204, 581098.968735189875588 ], [ 473753.894919705635402, 581054.730817642062902 ], [ 473763.607950223842636, 580929.530230966047384 ], [ 473769.449842917674687, 580815.597708840854466 ], [ 473786.977492942998651, 580672.45127775426954 ], [ 473792.819618808105588, 580590.653512461693026 ], [ 473797.529059771099128, 580443.677019222639501 ], [ 473798.277133748342749, 580420.332501068362035 ], [ 473798.467702284862753, 580414.385120841558091 ], [ 473800.121034296636935, 580362.78811460849829 ], [ 473800.182695864990819, 580360.634101107250899 ], [ 473801.979352708731312, 580297.729677799972706 ], [ 473803.041623686149251, 580260.540932763717137 ], [ 473803.040566571231466, 580165.589600472711027 ], [ 473803.040440808341373, 580155.372412440599874 ], [ 473802.745688225375488, 580145.355107175651938 ], [ 473800.127772936539259, 580056.381497765891254 ], [ 473800.117877316370141, 580056.046430182643235 ], [ 473799.610637468285859, 580048.513320237398148 ], [ 473789.891057599626947, 579904.136328229913488 ], [ 473777.982827586529311, 579877.675906155025586 ], [ 473766.829038781113923, 579852.891975701786578 ], [ 473763.59673619735986, 579845.709630186669528 ], [ 473741.432138473901432, 579820.700125263421796 ], [ 473734.345945314737037, 579808.890638093696907 ], [ 473721.24089534941595, 579787.05071187694557 ], [ 473698.039695102663245, 579748.385203827288933 ], [ 473697.615825183864217, 579747.678803893388249 ], [ 473692.335502401227131, 579738.878873932175338 ], [ 473624.894202143128496, 579593.217827034182847 ], [ 473622.416632630338427, 579587.866685859742574 ], [ 473622.779237759532407, 579587.322622527484782 ], [ 473621.289284405997023, 579583.970523462980054 ], [ 473602.424733691150323, 579541.528442353126593 ], [ 473599.989003103575669, 579536.04844685876742 ], [ 473591.954930607986171, 579479.817889777361415 ], [ 473588.301916192867793, 579454.250785935786553 ], [ 473588.301419822091702, 579402.403585884603672 ], [ 473588.301329395617358, 579395.823767532710917 ], [ 473592.354358632292133, 579369.884046991355717 ], [ 473591.875066862499807, 579366.768249445362017 ], [ 473596.321969808253925, 579345.423452431568876 ], [ 473600.768766713270452, 579324.078545626020059 ], [ 473602.967944503936451, 579265.788073658943176 ], [ 473606.059585369308479, 579183.84005422971677 ], [ 473615.756818759837188, 579106.259839904610999 ], [ 473617.464501121314242, 579092.598176762578078 ], [ 473616.643136533675715, 579091.229597424855456 ], [ 473616.971092127729207, 579073.510792874731123 ], [ 473617.929385089082643, 579021.74522415548563 ], [ 473618.496780483808834, 578991.088041801471263 ], [ 473619.287883187935222, 578948.345102258841507 ], [ 473626.057726809638552, 578855.816770874080248 ], [ 473626.789378531451803, 578845.816141345538199 ], [ 473626.989039791747928, 578843.08778203104157 ], [ 473630.19106184237171, 578799.322559599298984 ], [ 473635.162683720409404, 578731.37225008266978 ], [ 473646.392336407268886, 578599.815028836252168 ], [ 473646.53654965525493, 578598.125206359080039 ], [ 473650.7379220558214, 578548.905477665597573 ], [ 473653.683459263877012, 578514.399259691475891 ], [ 473653.683227695757523, 578491.341374153387733 ], [ 473653.682934427051805, 578472.469136239495128 ], [ 473645.356318461708724, 578452.486794525524601 ], [ 473638.320537469699048, 578435.602209429489449 ], [ 473633.391456090554129, 578423.773381837760098 ], [ 473621.46181663160678, 578395.14466036320664 ], [ 473615.982742945489008, 578381.996090873843059 ], [ 473603.922076348215342, 578353.052943690097891 ], [ 473610.008358626742847, 578322.621226346120238 ], [ 473613.055683336686343, 578307.385184051352553 ], [ 473613.988922019198071, 578302.718958871322684 ], [ 473645.742216937360354, 578252.444379310356453 ], [ 473675.145161700842436, 578226.962786727352068 ], [ 473685.434259325673338, 578218.045921475393698 ], [ 473700.593136020645034, 578213.587537649204023 ], [ 473715.086618253902998, 578209.324937652447261 ], [ 473729.580102856445592, 578205.062121027032845 ], [ 473730.418880760727916, 578204.815486175590195 ], [ 473744.103511919849552, 578206.335735943168402 ], [ 473771.19984429347096, 578209.345989879919216 ], [ 473781.567428215232212, 578210.497766216751188 ], [ 473782.781369060336147, 578208.474813921377063 ], [ 473852.14224251837004, 578223.336228060536087 ], [ 473995.035041971423198, 578260.378872415050864 ], [ 474079.975674859248102, 578279.252696573385037 ], [ 474085.073004107049201, 578280.385240925126709 ], [ 474101.970875561062712, 578284.139949344098568 ], [ 474114.112429927685298, 578286.837787876254879 ], [ 474142.356718624883797, 578292.680695440853015 ], [ 474168.165054633980617, 578298.019816351705231 ], [ 474190.851116597186774, 578302.71298233314883 ], [ 474199.58899319905322, 578304.571837536292151 ], [ 474228.121296278841328, 578310.64199948636815 ], [ 474253.035961143497843, 578315.942291960585862 ], [ 474287.894707037310582, 578320.042794194305316 ], [ 474343.005410022044089, 578326.525456367991865 ], [ 474447.528659676958341, 578334.462253298261203 ], [ 474505.744060873985291, 578323.877694511087611 ], [ 474526.913345910666976, 578315.939497137092985 ], [ 474551.079894795781001, 578300.723950408981182 ], [ 474585.35707080620341, 578279.14271535386797 ], [ 474598.358937480254099, 578270.956648660823703 ], [ 474667.158741371822543, 578225.973692083614878 ], [ 474720.696838844858576, 578153.816091862739995 ], [ 474722.021150786255021, 578152.031194841256365 ], [ 474728.019356944831088, 578143.946720432955772 ], [ 474735.055500808637589, 578136.910804791841656 ], [ 474774.184256537351757, 578097.783765344996937 ], [ 474786.234335105633363, 578085.733984961407259 ], [ 474786.175152108015027, 578085.222229413804598 ], [ 474786.129378907731734, 578084.825364466756582 ], [ 474787.212933712522499, 578083.741819351329468 ], [ 474795.469693619699683, 578075.485279408982024 ], [ 474802.802435385994613, 578068.152846497134306 ], [ 474829.714606049994472, 578041.241600221139379 ], [ 474856.626807454100344, 578014.330370514304377 ], [ 474899.796133000520058, 577981.522858047741465 ], [ 474947.587678131239954, 577945.202493332908489 ], [ 475034.909712875843979, 577836.053712513763458 ], [ 475034.942242687626276, 577805.116544276475906 ], [ 475034.944767234206665, 577802.619754663435742 ], [ 475034.969852296402678, 577778.794423060491681 ], [ 475008.983526804251596, 577706.131320666521788 ], [ 475001.609573455061764, 577685.512495629023761 ], [ 474981.514009793405421, 577629.21681334124878 ], [ 474932.010689139249735, 577490.5389409577474 ], [ 474931.76670241530519, 577490.380493151023984 ], [ 474930.977378426585346, 577487.644380837678909 ], [ 474929.120445860666223, 577482.442464921390638 ], [ 474929.316946506209206, 577481.888881425722502 ], [ 474914.400560302427039, 577430.183371937018819 ], [ 474892.072948720655404, 577352.788425619364716 ], [ 474876.500714035530109, 577298.290899664862081 ], [ 474869.595109104178846, 577274.123502459959127 ], [ 474868.581957863934804, 577270.577808423666283 ], [ 474860.9140771048842, 577243.742738866712898 ], [ 474851.755801201041322, 577211.691847749403678 ], [ 474850.073106043331791, 577205.803108302876353 ], [ 474849.732919633679558, 577204.612401829333976 ], [ 474834.180170863110106, 577156.762254134751856 ], [ 474823.380974320403766, 577123.536955993855372 ], [ 474815.331705422664527, 577098.77225068572443 ], [ 474815.433965377334971, 577094.885243782307953 ], [ 474815.619135013082996, 577087.844971816753969 ], [ 474815.913593115867116, 577076.654275781242177 ], [ 474817.957609551667701, 576998.956273340503685 ], [ 474817.976850483100861, 576998.223969204234891 ], [ 474836.498958976124413, 576905.613438845030032 ], [ 474849.693831658223644, 576854.153795218560845 ], [ 474853.265038010547869, 576840.226459215045907 ], [ 474862.959408332360908, 576802.418762621469796 ], [ 474879.54348441545153, 576758.45297754346393 ], [ 474893.28111924888799, 576722.033389294869266 ], [ 474909.7664419398061, 576678.329093937762082 ], [ 474919.850294836331159, 576651.595624932902865 ], [ 474920.945661610749085, 576648.815152065129951 ], [ 474922.778911216999404, 576644.161526774289086 ], [ 474954.24936968612019, 576564.277090105344541 ], [ 474955.668498965445906, 576559.614731111214496 ], [ 474971.075543920858763, 576508.992294254945591 ], [ 474973.976783302088734, 576500.872588207013905 ], [ 474974.381584359682165, 576499.739539132802747 ], [ 474986.040860598441213, 576473.090616168919951 ], [ 474991.294480429671239, 576461.082259351271205 ], [ 474991.294286113639828, 576442.172454925486818 ], [ 474991.294281494920142, 576438.66049823758658 ], [ 474991.29423010465689, 576429.909137487295084 ], [ 474991.294039706408512, 576418.425001707859337 ], [ 474991.293959647940937, 576406.940755334449932 ], [ 474987.642092740104999, 576398.51436820672825 ], [ 474987.120981050014962, 576397.311704181483947 ], [ 474986.548570987128187, 576396.930050238035619 ], [ 474986.244877347489819, 576395.290127537446097 ], [ 474978.062825001892634, 576376.410028587910347 ], [ 474959.799204873328563, 576298.145689753931947 ], [ 474958.850355837494135, 576295.42359700135421 ], [ 474958.367452131176833, 576294.296663495828398 ], [ 474948.420539365557488, 576271.089331479743123 ], [ 474938.473727360775229, 576247.881890864227898 ], [ 474927.784323574334849, 576222.942095265723765 ], [ 474923.431453782715835, 576207.466852163895965 ], [ 474903.968014331825543, 576138.270038618240505 ], [ 474907.334528617036995, 576112.178701116936281 ], [ 474907.448782111518085, 576111.293628536630422 ], [ 474911.501260575721972, 576079.885773962363601 ], [ 474914.551608683483209, 576056.243621488567442 ], [ 474914.881509087630548, 576055.524089445127174 ], [ 474926.728175641852431, 576029.677794528659433 ], [ 474930.819980403466616, 576020.750621855258942 ], [ 474932.262662738037761, 576017.602822209591977 ], [ 474935.666679984482471, 576010.175882306881249 ], [ 474940.94542689237278, 575998.659059911733493 ], [ 474943.658792192465626, 575992.73921062098816 ], [ 474952.188224254758097, 575983.262376834638417 ], [ 474953.170116827590391, 575982.171372743789107 ], [ 474990.095088766363915, 575941.145164195680991 ], [ 474991.289105806092266, 575939.818501590169035 ], [ 475015.104262995359022, 575918.650208007311448 ], [ 475030.600801565218717, 575910.902089610463008 ], [ 475031.832164964987896, 575907.824185402248986 ], [ 475032.051181714516133, 575907.276673080516048 ], [ 475063.584753433475271, 575880.473852587630972 ], [ 475078.5509068001993, 575867.753140644868836 ], [ 475088.911797613138333, 575848.420251100556925 ], [ 475099.816348937514704, 575828.073011053842492 ], [ 475104.5577917144401, 575819.225573130184785 ], [ 475108.423860411567148, 575812.011719757225364 ], [ 475112.738914671819657, 575803.960057657794096 ], [ 475113.73022900550859, 575802.110329140210524 ], [ 475119.498588826274499, 575791.34668401570525 ], [ 475123.595326230570208, 575783.702534063020721 ], [ 475122.473885005805641, 575777.971183396526612 ], [ 475118.807905751164071, 575759.236180895823054 ], [ 475114.020480682258494, 575734.76982831559144 ], [ 475082.239224297692999, 575572.35036176990252 ], [ 475075.961952538636979, 575540.270152837387286 ], [ 475075.459598916699179, 575537.017565821763128 ], [ 475074.24024523148546, 575529.122343467082828 ], [ 475066.894781024195254, 575481.563031629659235 ], [ 475064.103601009817794, 575463.491630329750478 ], [ 475062.559008401120082, 575453.491045427392237 ], [ 475060.095717275107745, 575437.5410408412572 ], [ 475054.89603500434896, 575403.875026553170756 ], [ 475046.597385509347077, 575348.862584764952771 ], [ 475045.782564864261076, 575343.460836959537119 ], [ 475040.387806300248485, 575307.697797230212018 ], [ 475033.221464675618336, 575260.191035877447575 ], [ 475021.229263108049054, 575180.692322900984436 ], [ 475020.388863528729416, 575175.121615698677488 ], [ 475019.174903089471627, 575148.018793560448103 ], [ 475015.278899224940687, 575061.031378152547404 ], [ 475014.005648931139149, 575032.604777358472347 ], [ 475012.448582916869782, 574997.839050389127806 ], [ 475019.072696289222222, 574969.79273767711129 ], [ 475037.961828438623343, 574889.817300296970643 ], [ 475039.963127120921854, 574881.343773188069463 ], [ 475040.299355237570126, 574880.885330180521123 ], [ 475052.410295837093145, 574864.370985148241743 ], [ 475088.078537728637457, 574815.734235741430894 ], [ 475118.553041911160108, 574774.179477230412886 ], [ 475132.177351821330376, 574757.581964823650196 ], [ 475137.967678215529304, 574750.528109065373428 ], [ 475164.861005716316868, 574717.765897332807072 ], [ 475242.26892872073222, 574623.465797130949795 ], [ 475254.325624290446285, 574609.256568705081008 ], [ 475287.332542759075295, 574570.356729414314032 ], [ 475304.730930752702989, 574549.852418372640386 ], [ 475338.939517925842665, 574521.182408567750826 ], [ 475355.20400261587929, 574502.207660840707831 ], [ 475384.225227324990556, 574468.351002930430695 ], [ 475413.294952572556213, 574413.120062274625525 ], [ 475419.138949266052805, 574402.016931836376898 ], [ 475431.76142276142491, 574378.034854491008446 ], [ 475444.383909372612834, 574354.052891708561219 ], [ 475453.250659938552417, 574337.206617455231026 ], [ 475459.700832986447494, 574324.951766070560552 ], [ 475456.686917030951008, 574302.699700070195831 ], [ 475456.211362116446253, 574299.189323839265853 ], [ 475455.504894980869722, 574293.972413221606985 ], [ 475454.718246282427572, 574288.164911167812534 ], [ 475454.850954904570244, 574282.469613160938025 ], [ 475454.988843603350688, 574276.554248671163805 ], [ 475455.007616245071404, 574275.747080284752883 ], [ 475455.126622038485948, 574270.638884255895391 ], [ 475455.402179075230379, 574258.808155479608104 ], [ 475455.480399196967483, 574255.446225626044907 ], [ 475457.479996150010265, 574250.683395642787218 ], [ 475473.482185857195873, 574212.568260657717474 ], [ 475471.411695849150419, 574207.730596206733026 ], [ 475465.777906361036003, 574194.567098897998221 ], [ 475467.481000215513632, 574165.440269624232315 ], [ 475471.778209081618115, 574154.283329467056319 ], [ 475470.834195416362491, 574145.435159497661516 ], [ 475467.480421691900119, 574113.999425483169034 ], [ 475500.06181374064181, 574042.838303097058088 ], [ 475499.815912104037125, 574039.892120931763202 ], [ 475498.342612601642031, 574022.243226053891703 ], [ 475494.920095186331309, 574017.961735469521955 ], [ 475494.919988636160269, 574005.527138565434143 ], [ 475494.919944891356863, 573999.960631659720093 ], [ 475506.061750172928441, 573966.520818346529268 ], [ 475507.118959274026565, 573954.922021755483001 ], [ 475508.63972685468616, 573938.237630595802329 ], [ 475506.920462851994671, 573909.079641974531114 ], [ 475511.202103134593926, 573891.078291220939718 ], [ 475501.778634771821089, 573855.951204247423448 ], [ 475498.163136214658152, 573849.525796395959333 ], [ 475498.067840332107153, 573849.356319746351801 ], [ 475494.059010653058067, 573842.231669113971293 ], [ 475475.197133381210733, 573826.79328594438266 ], [ 475464.914223613857757, 573792.509975575609133 ], [ 475445.418203928682487, 573759.204861946869642 ], [ 475444.333324286679272, 573757.351697657606564 ], [ 475441.754687862063292, 573747.913531507831067 ], [ 475444.332992137526162, 573722.193144357181154 ], [ 475453.605025609605946, 573706.08758377819322 ], [ 475460.484159556392115, 573694.138612244278193 ], [ 475460.615874098264612, 573693.909853931283578 ], [ 475460.960767773038242, 573690.382461020024493 ], [ 475464.053510795871262, 573658.751381666748784 ], [ 475465.133455801988021, 573657.498222394264303 ], [ 475473.65559616801329, 573647.608477036934346 ], [ 475480.396132686408237, 573639.786273890174925 ], [ 475490.634396413282957, 573627.905329089262523 ], [ 475505.198446252907161, 573604.747454410302453 ], [ 475512.058574830938596, 573589.308888398809358 ], [ 475512.91776379046496, 573575.589181526447646 ], [ 475506.057476255111396, 573557.588127410155721 ], [ 475496.403291778231505, 573545.096762583008967 ], [ 475491.492958539223764, 573538.743359543383121 ], [ 475465.770866699167527, 573517.304697726271115 ], [ 475457.191625528095756, 573500.147427334915847 ], [ 475458.337451919622254, 573461.84059296338819 ], [ 475458.90982452937169, 573442.706252192379907 ], [ 475463.191587327572051, 573422.986192732816562 ], [ 475467.472630393051077, 573357.825635883607902 ], [ 475469.19108049897477, 573313.260291632497683 ], [ 475466.612469645042438, 573295.259104521712288 ], [ 475461.471115210442804, 573284.102244214271195 ], [ 475440.046492559544276, 573262.663556842482649 ], [ 475426.325940185633954, 573254.975705288932659 ], [ 475401.075206393492408, 573252.709352324018255 ], [ 475368.881426833570004, 573249.819644052651711 ], [ 475339.7372469548136, 573238.663026432041079 ], [ 475308.858386062376667, 573239.538410310517065 ], [ 475294.29408968630014, 573236.100924034486525 ], [ 475281.432994605274871, 573217.255983928102069 ], [ 475269.431438826315571, 573210.380732247955166 ], [ 475264.274541810562368, 573203.536595958401449 ], [ 475264.274551717564464, 573195.817336285952479 ], [ 475271.763559246377554, 573186.964724412653595 ], [ 475273.713072173646651, 573184.660326115554199 ], [ 475295.152951055497397, 573171.815441538230516 ], [ 475314.014424348715693, 573155.501663711038418 ], [ 475323.389646109484602, 573135.76232421817258 ], [ 475330.297256754944101, 573121.218119801720604 ], [ 475337.157289367809426, 573094.653819920378737 ], [ 475338.87579512805678, 573066.339456499088556 ], [ 475335.437768461124506, 573052.651091926032677 ], [ 475321.717096485022921, 573024.336888377554715 ], [ 475310.575090887316037, 573021.774421424837783 ], [ 475277.992982454656158, 573019.21208455786109 ], [ 475243.707807030412368, 573025.212805180693977 ], [ 475211.125512702623382, 573018.337708262726665 ], [ 475194.82699707034044, 573024.338250515982509 ], [ 475168.261317715689074, 573041.495823038276285 ], [ 475132.241477565607056, 573049.215478159720078 ], [ 475106.593979683471844, 573065.40299231314566 ], [ 475099.659516961546615, 573069.779637913918123 ], [ 475068.796664425753988, 573084.374646428157575 ], [ 475055.062921420438215, 573088.400599908549339 ], [ 475004.507883780403063, 573103.220331649761647 ], [ 474947.06348499271553, 573110.096400483394973 ], [ 474940.163491215847898, 573108.742990036029369 ], [ 474859.599685156485066, 573092.939854686730541 ], [ 474786.731504722556565, 573097.222216480295174 ], [ 474757.587309005437419, 573090.378315687295981 ], [ 474681.281275551998988, 573092.066711420426145 ], [ 474634.978839103714563, 573085.223081616568379 ], [ 474618.679767761845142, 573074.941206524032168 ], [ 474608.397192427015398, 573062.065520086558536 ], [ 474605.834078804007731, 573029.500896169804037 ], [ 474608.396488728409167, 573002.061647887807339 ], [ 474614.397208738315385, 572994.342345320153981 ], [ 474621.257443192938808, 572994.342283079517074 ], [ 474628.977003703184891, 572986.622937383712269 ], [ 474630.695924375380855, 572972.903298759832978 ], [ 474609.255443165195175, 572947.183139046304859 ], [ 474596.394228833494708, 572920.619004068197682 ], [ 474587.814733042265289, 572888.898416574462317 ], [ 474588.673852513369638, 572852.896072067553177 ], [ 474610.113517500052694, 572808.29910632816609 ], [ 474615.254388161294628, 572770.577950386097655 ], [ 474624.692683808854781, 572735.450560712022707 ], [ 474628.114570773090236, 572696.010522616095841 ], [ 474643.144759416929446, 572640.426684263860807 ], [ 474664.976909863587935, 572559.688772172899917 ], [ 474669.258313204685692, 572526.249160827952437 ], [ 474669.647724282927811, 572467.508635673322715 ], [ 474669.800139868806582, 572444.510789214749821 ], [ 474670.116405252192635, 572396.803238410153426 ], [ 474674.41343804373173, 572360.800930306315422 ], [ 474673.420636894588824, 572338.734494783449918 ], [ 474672.272063308861107, 572313.204075397457927 ], [ 474664.935048967017792, 572280.75438814656809 ], [ 474690.073412336641923, 572264.878108695382252 ], [ 474697.11863398051355, 572261.355614760308526 ], [ 474736.112150550936349, 572239.871883650543168 ], [ 474782.645800476311706, 572236.128677525324747 ], [ 474811.305158368253615, 572237.560516969533637 ], [ 474822.498266212875023, 572238.119601723039523 ], [ 474841.021479098359123, 572243.411437819013372 ], [ 474858.611279045755509, 572253.538104189559817 ], [ 474862.852376690250821, 572255.979756544693373 ], [ 474875.421714566182345, 572262.594622896751389 ], [ 474888.92771091859322, 572266.533503874787129 ], [ 474891.298744030471426, 572267.225049306289293 ], [ 474904.353222865203861, 572265.469614008790813 ], [ 474936.900865902018268, 572255.149820297490805 ], [ 474958.334537382761482, 572232.923122944892384 ], [ 474971.035883389529772, 572201.170896609197371 ], [ 474974.543744380178396, 572178.953656645491719 ], [ 474976.66057998558972, 572165.547224179841578 ], [ 474978.180035953293554, 572155.924103844095953 ], [ 474986.911748508980963, 572107.502022068016231 ], [ 474977.385131734074093, 572060.667713174130768 ], [ 474980.560279749159236, 572037.647365089971572 ], [ 474983.922489104559645, 572028.401574278948829 ], [ 474995.686771841312293, 572000.109280927339569 ], [ 474999.920607480453327, 571988.466877404600382 ], [ 474999.757313772221096, 571984.714271265780553 ], [ 474999.391184547857847, 571976.295207798248157 ], [ 474996.215708512929268, 571968.886283353669569 ], [ 474991.673296188353561, 571960.648480279021896 ], [ 474979.765495692496188, 571947.153863741550595 ], [ 474976.658250410284381, 571943.574232463957742 ], [ 474976.217449159245007, 571943.066330455709249 ], [ 474966.953335479134694, 571932.393315667635761 ], [ 474951.759666356432717, 571911.203870190540329 ], [ 474944.879570735618472, 571901.149083879310638 ], [ 474943.028673632652499, 571890.675706126028672 ], [ 474942.442065469978843, 571887.356375852832571 ], [ 474940.908747573266737, 571853.631724579259753 ], [ 474940.865991226164624, 571852.691666558501311 ], [ 474938.007489839976188, 571795.908373006968759 ], [ 474938.7423453964293, 571743.330912692006677 ], [ 474939.065194425056688, 571720.23246562120039 ], [ 474947.53245686518494, 571678.954743387410417 ], [ 474957.587706669117324, 571664.666148807504214 ], [ 474978.227701603667811, 571657.257144287461415 ], [ 475012.627831279474776, 571665.194743022322655 ], [ 475024.27087133214809, 571651.435462014633231 ], [ 475030.621209570032079, 571614.391182050923817 ], [ 475030.945138709095772, 571613.3730775678996 ], [ 475038.030170502897818, 571591.106176416506059 ], [ 475052.848597388598137, 571582.638907006010413 ], [ 475069.254768795683049, 571583.167861617403105 ], [ 475086.218554456718266, 571591.649004656355828 ], [ 475087.248725830984768, 571592.164114914368838 ], [ 475095.256951160321478, 571603.730679498054087 ], [ 475096.774992513237521, 571605.92321202729363 ], [ 475105.362715080031194, 571609.496297458885238 ], [ 475114.678089518623892, 571613.372111676610075 ], [ 475115.436420263547916, 571613.687650533625856 ], [ 475115.910456730984151, 571613.618836929090321 ], [ 475117.610126224113628, 571613.37210690707434 ], [ 475130.523180198040791, 571611.497715041856281 ], [ 475168.24645431432873, 571611.49733478797134 ], [ 475168.965732628712431, 571611.610746278543957 ], [ 475180.131261953618377, 571613.371436882880516 ], [ 475193.110488088801503, 571615.418250262155198 ], [ 475195.756778611044865, 571615.835526711889543 ], [ 475249.693914934585337, 571624.341011894633994 ], [ 475252.256662043510005, 571621.778409481048584 ], [ 475259.91087136376882, 571578.58397457387764 ], [ 475264.257510786352213, 571554.055215869797394 ], [ 475264.25727637251839, 571536.63635659951251 ], [ 475264.257184629910626, 571523.679258177173324 ], [ 475264.257116208143998, 571520.615509162307717 ], [ 475259.115500021434855, 571496.614038470899686 ], [ 475259.115395989501849, 571477.768968675285578 ], [ 475263.830969948670827, 571458.881826919736341 ], [ 475265.115775363228749, 571453.736197643680498 ], [ 475288.2744138482376, 571407.451617325772531 ], [ 475298.602893279748969, 571358.341829743236303 ], [ 475301.97851950826589, 571342.291121000074781 ], [ 475301.978349460172467, 571326.013608191045932 ], [ 475301.977873737807386, 571281.443335879128426 ], [ 475299.414934505068231, 571268.567538779927418 ], [ 475276.271223636867944, 571236.847101371735334 ], [ 475257.409343419480138, 571219.689860941725783 ], [ 475247.970416083233431, 571193.125754651380703 ], [ 475248.728541717631742, 571178.375238631619141 ], [ 475249.689141238166485, 571159.686032092082314 ], [ 475247.746960717660841, 571148.839582213200629 ], [ 475245.391490097099449, 571135.684563112678006 ], [ 475243.687569104309659, 571078.243354438105598 ], [ 475247.969063882599585, 571059.398466036072932 ], [ 475248.17584590165643, 571049.602877052035183 ], [ 475249.010188408195972, 571010.08058047585655 ], [ 475249.572516928368714, 570983.441652833600529 ], [ 475251.389648919401225, 570897.356611627386883 ], [ 475259.108697443152778, 570834.758862826041877 ], [ 475265.109157512430102, 570807.350724904215895 ], [ 475277.969852366950363, 570782.473913368070498 ], [ 475298.550129215465859, 570755.909509524237365 ], [ 475323.412301520816982, 570732.75152994133532 ], [ 475365.946536990988534, 570685.257560197031125 ], [ 475374.855329192068893, 570675.309786126250401 ], [ 475418.156966955924872, 570614.024122572736815 ], [ 475421.976295070373453, 570608.47044553863816 ], [ 475422.015431963314768, 570608.413363409228623 ], [ 475431.439399883791339, 570594.710209076525643 ], [ 475440.018731727148406, 570586.147029729094356 ], [ 475451.160467451496515, 570580.990401391638443 ], [ 475512.886370969004929, 570559.582102007931098 ], [ 475524.887848505517468, 570562.144625421846285 ], [ 475535.447717591654509, 570564.399370579398237 ], [ 475536.889324658201076, 570564.707151836133562 ], [ 475537.195495768275578, 570564.723359104711562 ], [ 475537.904930018878076, 570564.760810049832799 ], [ 475543.585033245442901, 570530.679874209454283 ], [ 475544.142221334273927, 570527.336500459350646 ], [ 475546.035298543167301, 570515.978916775551625 ], [ 475547.911878086451907, 570504.718877468956634 ], [ 475548.376788475550711, 570501.928917288780212 ], [ 475548.376325428020209, 570456.682110362569802 ], [ 475551.585728893056512, 570439.351499089505523 ], [ 475572.190398023754824, 570328.085806142888032 ], [ 475575.678137361246627, 570300.682342710206285 ], [ 475583.879796433611773, 570236.238216898404062 ], [ 475588.859854495502077, 570197.108252472942695 ], [ 475630.435910390631761, 570080.697947296081111 ], [ 475725.181293403264135, 570061.747854520683177 ], [ 475736.914014634967316, 570059.401169637800194 ], [ 475792.32829250121722, 570047.856127508217469 ], [ 475818.796952674165368, 570042.341487157624215 ], [ 475851.227440105692949, 570035.584811878739856 ], [ 475897.068115372792818, 570024.942754520103335 ], [ 475984.593106816406362, 570004.623755334177986 ], [ 476046.870855505228974, 569990.78375616541598 ], [ 476048.63538724265527, 569990.391609686426818 ], [ 476124.941399870440364, 569973.434052270371467 ], [ 476145.346219950704835, 569968.899245657259598 ], [ 476199.044609710865188, 569958.003468342358246 ], [ 476274.196204037987627, 569942.754494759370573 ], [ 476309.671819527109619, 569935.556142193381675 ], [ 476481.141297593596391, 569868.873115143971518 ], [ 476542.95901273470372, 569841.898110450129025 ], [ 476597.549616877280641, 569818.076782904332504 ], [ 476612.124872310552746, 569811.716675271163695 ], [ 476741.055945146421436, 569761.265032884897664 ], [ 476755.724441061494872, 569755.525303435511887 ], [ 476776.449808401288465, 569747.415305781294592 ], [ 476776.563821595860645, 569747.276023600948974 ], [ 476777.244320271129254, 569747.009731945348904 ], [ 476783.103980554733425, 569739.848151493584737 ], [ 476820.111555068171583, 569694.618311408208683 ], [ 476872.504349038179498, 569585.072953347116709 ], [ 476873.260859413887374, 569581.196041843853891 ], [ 476875.280557185295038, 569578.45509707450401 ], [ 476899.89127265533898, 569508.867666383041069 ], [ 476911.486560061923228, 569441.228389032999985 ], [ 476914.179766402347013, 569425.518098476575688 ], [ 476922.924927842570469, 569351.181791277835146 ], [ 476928.467731897777412, 569304.066212572623044 ], [ 476928.466622735955752, 569196.902883081464097 ], [ 476933.139839405659586, 569159.515630082110874 ], [ 476942.754567226278596, 569082.595215293695219 ], [ 476938.09364265203476, 569011.763388580875471 ], [ 476937.272504912922159, 568999.284222719841637 ], [ 476936.799853426695336, 568992.101771740359254 ], [ 476908.220372321957257, 568903.989909099065699 ], [ 476873.078118621138856, 568785.395803117658943 ], [ 476870.114408964058384, 568775.39423016528599 ], [ 476855.748722459480632, 568664.903522926033475 ], [ 476854.633120664919261, 568656.324043997796252 ], [ 476854.632421199756209, 568580.118967558839358 ], [ 476873.683368261728901, 568456.285547106177546 ], [ 476914.590597230591811, 568393.499967403709888 ], [ 476927.858199498907197, 568373.136421514325775 ], [ 476947.236262103833724, 568343.394320154795423 ], [ 476951.788312729797326, 568336.407690906547941 ], [ 476955.607414529600646, 568330.545953719527461 ], [ 476973.432842411624733, 568303.187054844805971 ], [ 476976.088136130128987, 568299.111605679499917 ], [ 477003.330547422228847, 568263.045456069055945 ], [ 477026.342758319689892, 568232.579390624072403 ], [ 477052.090297741640825, 568198.492245476110838 ], [ 477053.493617443076801, 568196.634407335193828 ], [ 477060.631617455102969, 568187.184479075251147 ], [ 477092.798133864474948, 568146.977809739415534 ], [ 477108.261819422594272, 568127.648765294463374 ], [ 477144.105094448954333, 568077.204433579579927 ], [ 477144.38835056941025, 568076.805749995051883 ], [ 477172.56260252482025, 568037.154661851236597 ], [ 477199.949741485586856, 567982.381997737917118 ], [ 477227.336834314453881, 567927.609352336148731 ], [ 477298.782055664400104, 567822.826476448099129 ], [ 477332.200970928417519, 567772.69974296563305 ], [ 477374.990172795136459, 567708.518128869938664 ], [ 477448.816765474854037, 567603.735578731400892 ], [ 477454.460956757946406, 567600.67831805255264 ], [ 477456.024610384949483, 567597.399628438870423 ], [ 477463.66466901981039, 567590.65862334438134 ], [ 477464.835388273291755, 567589.625648114248179 ], [ 477500.390866788337007, 567551.777755878632888 ], [ 477515.386267637601122, 567535.815380020067096 ], [ 477530.381788929575123, 567519.853119780891575 ], [ 477540.756811451981775, 567508.80909295915626 ], [ 477646.067267297301441, 567432.890110372332856 ], [ 477671.144014191406313, 567420.352118822978809 ], [ 477739.132696246728301, 567386.35885760455858 ], [ 477748.645227130153216, 567377.502644133288413 ], [ 477810.15582592820283, 567320.236200420185924 ], [ 477833.583926012273878, 567298.794269672594965 ], [ 477882.403665246616583, 567254.11330270441249 ], [ 477887.792660948296543, 567248.34855792648159 ], [ 477965.379301014821976, 567165.351883128518239 ], [ 477977.580627481045667, 567152.299888388486579 ], [ 477987.713849642022979, 567141.459995655342937 ], [ 478007.306249831977766, 567108.398751302622259 ], [ 478026.898677553108428, 567075.337516144500114 ], [ 478052.39214446983533, 567027.994123802403919 ], [ 478078.32883504772326, 566979.827462348854169 ], [ 478077.489891527977306, 566976.393767223344184 ], [ 478113.406949919997714, 566903.706614194903523 ], [ 478118.718561781628523, 566892.957346703740768 ], [ 478151.247593765030615, 566827.126919842441566 ], [ 478171.392664459825028, 566786.358435935340822 ], [ 478125.012712703668512, 566718.450309318839572 ], [ 478122.25836035690736, 566714.417471440974623 ], [ 478121.528533100150526, 566713.348902096971869 ], [ 478102.81689914164599, 566685.951587850227952 ], [ 478066.427261623670347, 566644.081923784920946 ], [ 478046.993875672633294, 566621.72185939620249 ], [ 478013.423572956817225, 566583.096129455952905 ], [ 477952.283374795457348, 566519.181717744912021 ], [ 477875.052446959598456, 566438.446534727932885 ], [ 477852.8774780749809, 566415.265416256268509 ], [ 477816.420221064938232, 566377.153843275853433 ], [ 477797.900409976311494, 566357.793820519233122 ], [ 477701.845109439804219, 566246.52515594358556 ], [ 477603.778654530411586, 566132.92684604995884 ], [ 477573.805126960389316, 566098.205988392466679 ], [ 477568.352170281752478, 566091.935683610499837 ], [ 477545.785637964378111, 566065.986079028109089 ], [ 477475.839919479505625, 565985.554706281982362 ], [ 477412.056921539071482, 565914.690118854050525 ], [ 477411.962199914094526, 565914.584887889097445 ], [ 477365.629033491422888, 565863.107732381206006 ], [ 477354.158276609960012, 565850.07368101819884 ], [ 477330.489871176716406, 565823.179870264255442 ], [ 477325.4369764617295, 565817.438324968912639 ], [ 477324.155232994467951, 565815.981881306273863 ], [ 477322.858364729152527, 565814.508414950221777 ], [ 477311.74826146569103, 565801.88413631496951 ], [ 477298.429920227499679, 565784.893172885640524 ], [ 477276.713525889557786, 565757.188198924530298 ], [ 477266.409400318108965, 565744.042580274865031 ], [ 477240.723366202437319, 565711.273222679854371 ], [ 477231.163646146887913, 565683.158672789926641 ], [ 477201.710390020394698, 565596.539693827508017 ], [ 477199.08741166483378, 565588.825603214791045 ], [ 477157.451509944919962, 565481.071576608461328 ], [ 477201.441960491822101, 565431.406842893222347 ], [ 477214.917153105838224, 565416.193348556407727 ], [ 477233.372744161344599, 565395.357124160742387 ], [ 477302.382525920285843, 565316.831554456730373 ], [ 477303.541729455988389, 565317.211960839806125 ], [ 477316.12042716430733, 565302.376020200783387 ], [ 477338.000915409822483, 565276.569313486223109 ], [ 477338.000937955279369, 565275.235003637848422 ], [ 477338.682903724024072, 565275.356761835864745 ], [ 477399.861203309847042, 565199.532913355738856 ], [ 477425.624747626890894, 565167.601565210497938 ], [ 477501.545944096520543, 565072.091248678625561 ], [ 477526.775856665743049, 565035.649150904733688 ], [ 477545.629014383303002, 565008.417671327944845 ], [ 477604.406742989376653, 564939.846148534445092 ], [ 477607.809139192220755, 564933.337318519013934 ], [ 477619.016780078411102, 564911.897470582742244 ], [ 477660.734971155761741, 564832.091112269321457 ], [ 477689.815615568484645, 564780.642339506768622 ], [ 477722.065250226471107, 564723.587243866408244 ], [ 477724.410386544885114, 564719.438235868117772 ], [ 477724.07581351173576, 564717.765475290827453 ], [ 477723.258128196350299, 564713.677782780840062 ], [ 477726.740817706799135, 564706.554297765833326 ], [ 477727.238203111977782, 564705.536909906659275 ], [ 477729.384612510795705, 564702.555986343184486 ], [ 477750.14343205577461, 564673.725979791721329 ], [ 477751.041804557549767, 564672.478388446033932 ], [ 477751.520267630810849, 564671.813994604977779 ], [ 477751.956715353589971, 564671.202922118012793 ], [ 477752.393163030559663, 564670.591739052091725 ], [ 477744.00244889309397, 564648.41791000624653 ], [ 477737.87864595965948, 564548.010654192534275 ], [ 477736.729622080863919, 564539.279133516480215 ], [ 477732.019794649328105, 564503.489995048614219 ], [ 477726.112872102763504, 564458.602551948628388 ], [ 477725.632154499995522, 564454.950181738240644 ], [ 477720.225121988216415, 564420.709441767656244 ], [ 477714.305113156966399, 564383.221196635393426 ], [ 477710.936665874556638, 564361.889762252336368 ], [ 477709.420031343353912, 564354.459217824274674 ], [ 477705.728921460628044, 564336.374577643000521 ], [ 477691.672840805433225, 564267.507145845098421 ], [ 477688.042216050380375, 564249.719176232581958 ], [ 477686.444395238882862, 564241.890678412746638 ], [ 477683.757333867542911, 564233.040011464501731 ], [ 477675.010508246137761, 564204.229763190145604 ], [ 477669.828562339593191, 564187.161324106622487 ], [ 477644.808209380484186, 564104.74930933828 ], [ 477660.726792884757742, 564045.973813859280199 ], [ 477693.541471733478829, 563968.627479530754499 ], [ 477695.013481182686519, 563965.15764943358954 ], [ 477695.013390537467785, 563954.424569156137295 ], [ 477695.012947878800333, 563912.023605579743162 ], [ 477695.011958604736719, 563820.66901490977034 ], [ 477697.025411693495698, 563783.415020068990998 ], [ 477698.697895267920103, 563752.469129325589165 ], [ 477699.909187068871688, 563730.057237344910391 ], [ 477745.470601086039096, 563666.27363471116405 ], [ 477761.135869983176235, 563644.343075231648982 ], [ 477795.824728226521984, 563597.041563100530766 ], [ 477815.015122623066418, 563570.873554903781042 ], [ 477822.017909762391355, 563559.023062337888405 ], [ 477846.470082585467026, 563517.643522725091316 ], [ 477846.85278727253899, 563516.995873482199386 ], [ 477846.761173290549777, 563516.700877789058723 ], [ 477835.785711734904908, 563481.338543439749628 ], [ 477824.81023463641759, 563445.97621170419734 ], [ 477787.568463540694211, 563421.629977489123121 ], [ 477775.743109535251278, 563413.899276568670757 ], [ 477761.143923590367194, 563404.355304925702512 ], [ 477756.234970030374825, 563409.242443527909927 ], [ 477750.580393506330438, 563415.729643298895098 ], [ 477744.518863962031901, 563422.683921294752508 ], [ 477741.674813592399005, 563425.94660548644606 ], [ 477741.009349161409773, 563426.710170021979138 ], [ 477731.799494900973514, 563437.276059609954245 ], [ 477723.586737752601039, 563446.698152595898136 ], [ 477684.688659060979262, 563469.499782413709909 ], [ 477683.750217525870539, 563469.124459445243701 ], [ 477675.386500021675602, 563475.453371939132921 ], [ 477594.595769620675128, 563536.590262164128944 ], [ 477501.530642662022728, 563602.713282053591684 ], [ 477483.707788457977585, 563621.150051559437998 ], [ 477430.50753419654211, 563676.182819325709715 ], [ 477394.208834106859285, 563630.998173985630274 ], [ 477393.574526512529701, 563630.208573770942166 ], [ 477386.094443147245329, 563620.897526462911628 ], [ 477376.649381772789638, 563609.140300935134292 ], [ 477342.522689851641189, 563566.6593243626412 ], [ 477332.913205650169402, 563554.697383829741739 ], [ 477310.957138423516881, 563527.366614045575261 ], [ 477310.500037436839193, 563526.797434912412427 ], [ 477294.580949949042406, 563536.593309945426881 ], [ 477292.812107877980452, 563537.950804503052495 ], [ 477255.93393474892946, 563566.251617032452486 ], [ 477250.760883487586398, 563570.221529788454063 ], [ 477244.271461879427079, 563575.201709063141607 ], [ 477239.215224693063647, 563579.081883242237382 ], [ 477189.270490322960541, 563617.410279325442389 ], [ 477154.982763557345606, 563580.676128078019246 ], [ 477152.346719533205032, 563574.925472144503146 ], [ 477128.041930530103855, 563521.901343806646764 ], [ 477066.204267121793237, 563396.565122027881444 ], [ 477047.68956593121402, 563359.038266864139587 ], [ 477037.423318522633053, 563338.230075786937959 ], [ 476968.992432957165875, 563219.625886725727469 ], [ 476963.949025716166943, 563210.884775982820429 ], [ 476945.172131431754678, 563214.485788795282133 ], [ 476874.55710807669675, 563228.028372933971696 ], [ 476865.457582354836632, 563233.056984637747519 ], [ 476781.491748713771813, 563279.457587433164008 ], [ 476771.437168855278287, 563284.871518433792517 ], [ 476692.018939731526189, 563327.633714819909073 ], [ 476655.836781870923005, 563334.870233978377655 ], [ 476650.192833509703632, 563335.998981945333071 ], [ 476632.323635461507365, 563338.551886804052629 ], [ 476618.699462599644903, 563340.498140680487268 ], [ 476600.259049115586095, 563343.132508108159527 ], [ 476526.78562198166037, 563313.745790709275752 ], [ 476511.011853243224323, 563297.973232058691792 ], [ 476452.832922612782568, 563239.798618718399666 ], [ 476450.86282440694049, 563237.828654207056388 ], [ 476414.125638247991446, 563176.605030072969384 ], [ 476413.086083522997797, 563160.436915478319861 ], [ 476403.102975501562469, 563005.177638961700723 ], [ 476403.102899326884653, 562998.369963328470476 ], [ 476403.101644796086475, 562877.831610225490294 ], [ 476397.545687905861996, 562829.686999126104638 ], [ 476397.416910042345989, 562828.571378988446668 ], [ 476394.18427013134351, 562800.559350276831537 ], [ 476393.652422907412983, 562795.950464618508704 ], [ 476389.946446980757173, 562763.83710328664165 ], [ 476388.40565076348139, 562750.485710367560387 ], [ 476381.247884340642486, 562744.267030564136803 ], [ 476305.629994978313334, 562678.571257346426137 ], [ 476303.024453576188534, 562676.307682965765707 ], [ 476283.121451518381946, 562659.016171504044905 ], [ 476239.009218879858963, 562620.692162924795412 ], [ 476218.497055774729233, 562602.303433911758475 ], [ 476132.472401827282738, 562525.18370728706941 ], [ 476124.76736438786611, 562518.76330219511874 ], [ 476112.884142841619905, 562508.861376401269808 ], [ 476102.876285992213525, 562500.522170262294821 ], [ 476028.54220601049019, 562438.582054633647203 ], [ 476000.21982118714368, 562414.981765332748182 ], [ 475964.561919949424919, 562378.277877615182661 ], [ 475916.949478747323155, 562329.268956019775942 ], [ 475882.252720309013966, 562299.139867327059619 ], [ 475823.88286451890599, 562248.45407086040359 ], [ 475818.311031918216031, 562219.360205809120089 ], [ 475815.649862424354069, 562205.464440585928969 ], [ 475815.199658627214376, 562203.113649103208445 ], [ 475814.736951886268798, 562200.69695579004474 ], [ 475813.658078150998335, 562195.064012758317403 ], [ 475811.729137890972197, 562184.991545853321441 ], [ 475807.006030789925717, 562160.32946611661464 ], [ 475801.839795016159769, 562133.352974232635461 ], [ 475801.04238514410099, 562119.643369083409198 ], [ 475800.600206781062298, 562112.03827470599208 ], [ 475797.749094351136591, 562063.012100046267733 ], [ 475795.715873664128594, 562028.04773124482017 ], [ 475785.918714527331758, 561959.47679359302856 ], [ 475780.418617720482871, 561932.66624119412154 ], [ 475776.121881188941188, 561911.722121746628545 ], [ 475772.313987922738306, 561893.160622228868306 ], [ 475766.325029736675788, 561863.967452284530737 ], [ 475742.212739525421057, 561830.58387536148075 ], [ 475718.100526551308576, 561797.200420557521284 ], [ 475702.647442170244176, 561775.805518148350529 ], [ 475693.168163109570742, 561760.145337282214314 ], [ 475660.414076039276551, 561706.034112583147362 ], [ 475648.070544899150264, 561685.64207095419988 ], [ 475646.317264248849824, 561682.745441672508605 ], [ 475592.690747845976148, 561603.82986257027369 ], [ 475581.415091305563692, 561587.236630957806483 ], [ 475580.588486997992732, 561586.210502312052995 ], [ 475524.59518638526788, 561516.707039403729141 ], [ 475501.725436832231935, 561467.922205863986164 ], [ 475480.510395078686997, 561422.667262325296178 ], [ 475458.957113078446127, 561309.035628190613352 ], [ 475441.812385138473473, 561197.608216087101027 ], [ 475437.305993092944846, 561168.320214418810792 ], [ 475435.44419877382461, 561156.22060957562644 ], [ 475414.870436794066336, 561034.752166768535972 ], [ 475397.904608771495987, 560987.090410353033803 ], [ 475373.724537233181763, 560919.161535403109156 ], [ 475372.891641781316139, 560907.504290633602068 ], [ 475366.804699997417629, 560822.30430669488851 ], [ 475366.631962958548684, 560819.88791023765225 ], [ 475365.886100210191216, 560809.448042331263423 ], [ 475383.592050406674389, 560780.78231167641934 ], [ 475385.977947716251947, 560776.919587943237275 ], [ 475392.766935250838287, 560765.928320547332987 ], [ 475404.948044780525379, 560746.207183649064973 ], [ 475407.030401698371861, 560742.835832988610491 ], [ 475416.684439474018291, 560736.29620352294296 ], [ 475466.820503366878256, 560702.334363867761567 ], [ 475465.042084673361387, 560700.85245743766427 ], [ 475482.317708267248236, 560683.43207360256929 ], [ 475506.95285383897135, 560658.590474014286883 ], [ 475544.178636027208995, 560619.406615066574886 ], [ 475569.318467632634565, 560584.21212150726933 ], [ 475573.567604673735332, 560578.263940008706413 ], [ 475573.996182911214419, 560559.717648586607538 ], [ 475574.314757410204038, 560545.934163416037336 ], [ 475574.314735686872154, 560541.591523046256043 ], [ 475578.276062090590131, 560538.620747514534742 ], [ 475577.52128142764559, 560531.577033783541992 ], [ 475574.546399356273469, 560503.815298875793815 ], [ 475554.952222760184668, 560378.428663295460865 ], [ 475553.320100091572385, 560368.093199637020007 ], [ 475540.851423366635572, 560289.134550149203278 ], [ 475531.439386581070721, 560229.531980714062229 ], [ 475528.58634293283103, 560201.006825721357018 ], [ 475528.052804250386544, 560195.672409582068212 ], [ 475524.581139367830474, 560160.961053000297397 ], [ 475522.480481618782505, 560147.046001443988644 ], [ 475520.829829465888906, 560136.111625175690278 ], [ 475512.708992194093298, 560082.317494003335014 ], [ 475508.905849627451971, 560057.12517274892889 ], [ 475505.738618850940838, 560038.915914056706242 ], [ 475501.068233166530263, 560012.064282188541256 ], [ 475500.055502148519736, 560006.663652056944557 ], [ 475492.344818966637831, 559965.544691261718981 ], [ 475482.100516606704332, 559910.914537919918075 ], [ 475477.555490952916443, 559886.677717208862305 ], [ 475443.82558996300213, 559772.969915417139418 ], [ 475443.267001718457323, 559771.086955379345454 ], [ 475428.536110447719693, 559720.833394082728773 ], [ 475426.483226578740869, 559713.830495625734329 ], [ 475422.73684983397834, 559701.049896475975402 ], [ 475409.957986398192588, 559657.455374657176435 ], [ 475402.071356481406838, 559618.632911364664324 ], [ 475386.395310152904131, 559541.467100244364701 ], [ 475384.486181530111935, 559532.068877027137205 ], [ 475349.217923791788053, 559424.314793350640684 ], [ 475398.500840578810312, 559429.866860622074455 ], [ 475401.988026858773082, 559430.259735448402353 ], [ 475484.470811916340608, 559439.552193850860931 ], [ 475484.324843319598585, 559438.967831827932969 ], [ 475534.037912006489933, 559440.053875729325227 ], [ 475620.578458832635079, 559441.944414819590747 ], [ 475672.860519243404269, 559439.039523273007944 ], [ 475716.986953447165433, 559436.587704864097759 ], [ 475720.272335372806992, 559436.405115169472992 ], [ 475726.379402758437209, 559436.065828180522658 ], [ 475771.826166169776116, 559420.026139627094381 ], [ 475825.523467026709113, 559401.07472077338025 ], [ 475826.302431013376918, 559400.799745274009183 ], [ 475834.795036501600407, 559390.663722424884327 ], [ 475841.536604397348128, 559382.61763313470874 ], [ 475856.259383973141667, 559365.045988428290002 ], [ 475860.534146907681134, 559359.944015959161334 ], [ 475870.785089441516902, 559347.709329071687534 ], [ 475887.039351753308438, 559328.309848819160834 ], [ 475888.095478656818159, 559273.190774542512372 ], [ 475888.464074539660942, 559254.016744277207181 ], [ 475888.994501202250831, 559226.433928734855726 ], [ 475889.380512800475117, 559204.599347478011623 ], [ 475889.713983676978387, 559185.57639343268238 ], [ 475889.901369338156655, 559174.891995905898511 ], [ 475890.955745155573823, 559114.760149730253033 ], [ 475896.500518419896252, 559112.743941170279868 ], [ 475934.059765366837382, 559099.086296772351488 ], [ 475934.653615120914765, 559098.923106601228938 ], [ 475998.009745783521794, 559081.508671871386468 ], [ 476028.380076765373815, 559073.160989242140204 ], [ 476077.862926816917025, 559044.054288339102641 ], [ 476083.004004746268038, 559030.100311915390193 ], [ 476095.555080357939005, 558996.033681427128613 ], [ 476098.237703265273012, 558988.752476686728187 ], [ 476102.551984674821142, 558975.62940388917923 ], [ 476106.866378830338363, 558962.50622097006999 ], [ 476112.951270843739621, 558943.99748166766949 ], [ 476121.357824325677939, 558918.426677646581084 ], [ 476136.79823662340641, 558871.46075310499873 ], [ 476144.503146746312268, 558848.041165674105287 ], [ 476155.39195819030283, 558814.943772234255448 ], [ 476163.407178064284381, 558790.581194078433327 ], [ 476164.146322776505258, 558788.334530727937818 ], [ 476165.010751892230473, 558785.706953288870864 ], [ 476165.251613898610231, 558785.61670688376762 ], [ 476168.332706895365845, 558780.004795525688678 ], [ 476175.566470175341237, 558766.82951425050851 ], [ 476175.832296581647824, 558766.345244460273534 ], [ 476181.943329803121742, 558755.214892629417591 ], [ 476220.110394467134029, 558685.698414656799287 ], [ 476287.704470691038296, 558570.106757756671868 ], [ 476326.569519831682555, 558503.714250797173008 ], [ 476334.726236455317121, 558489.780153937987052 ], [ 476341.286308318201918, 558478.497328609228134 ], [ 476345.403845220454969, 558471.415475769434124 ], [ 476383.707372472214047, 558405.535304569988512 ], [ 476448.850132589577697, 558342.065025844378397 ], [ 476460.118562668969389, 558331.085990692605264 ], [ 476462.115807164518628, 558329.303828394738957 ], [ 476472.276870927365962, 558320.237340292660519 ], [ 476483.752705894992687, 558309.997905178461224 ], [ 476498.682196923298761, 558296.676564305089414 ], [ 476523.794510046660434, 558274.269388905609958 ], [ 476536.657873573247343, 558228.329451026860625 ], [ 476544.09205605922034, 558201.779663420049474 ], [ 476551.223405926313717, 558176.31054257042706 ], [ 476555.655456699780189, 558165.060534141724929 ], [ 476602.163404218968935, 558047.004771764390171 ], [ 476611.089715936221182, 558036.942891944083385 ], [ 476621.902326614945196, 558024.754444229300134 ], [ 476622.281526970153209, 558024.327072486514226 ], [ 476652.363449918513652, 557990.417577305459417 ], [ 476656.042955938435625, 557986.269983434234746 ], [ 476658.87164384877542, 557984.45966677472461 ], [ 476659.660234425973613, 557983.955018047825433 ], [ 476661.147391893551685, 557983.003378918627277 ], [ 476691.193279477476608, 557963.774614286376163 ], [ 476707.897891496424563, 557953.084044438553974 ], [ 476754.006365345267113, 557923.575557714095339 ], [ 476756.71918358001858, 557920.630269598797895 ], [ 476765.601280444592703, 557910.987112887203693 ], [ 476773.612234026892111, 557902.289764352608472 ], [ 476810.626078107743524, 557862.104678365867585 ], [ 476817.146455201727804, 557855.025684352265671 ], [ 476822.580269652768038, 557849.126265290309675 ], [ 476820.559337019047234, 557828.111317365663126 ], [ 476820.051219711895101, 557822.827530632377602 ], [ 476819.305292834644206, 557815.070206738309935 ], [ 476812.782948223000858, 557747.249577259179205 ], [ 476809.279189008637331, 557729.095826225471683 ], [ 476808.830334883823525, 557726.769910735893063 ], [ 476803.391199736099225, 557698.589126068400219 ], [ 476791.229739375354256, 557635.577110830345191 ], [ 476791.058144863636699, 557635.37703731097281 ], [ 476793.507255778589752, 557634.764870106126182 ], [ 476793.114088973205071, 557632.125090454122983 ], [ 476793.282370932458434, 557632.094487463822588 ], [ 476787.310780746862292, 557604.230344731593505 ], [ 476755.961412873119116, 557521.945592223550193 ], [ 476755.960691979737021, 557453.374695025151595 ], [ 476750.798254764056765, 557426.274962292052805 ], [ 476748.123264719208237, 557412.232103317975998 ], [ 476726.441239659674466, 557395.713795136776753 ], [ 476704.759310028457548, 557379.195496333530173 ], [ 476665.832727063738275, 557349.539521478815004 ], [ 476560.03085401467979, 557269.214607948670164 ], [ 476589.420827683468815, 557263.227773333666846 ], [ 476646.508601607114542, 557251.598791376221925 ], [ 476665.831723293988034, 557247.662620301009156 ], [ 476714.813713496783748, 557233.947976661496796 ], [ 476793.975071682245471, 557212.480707735056058 ], [ 476797.197476789704524, 557211.606966390972957 ], [ 476795.015409504936542, 557206.758589250617661 ], [ 476793.883553604013287, 557204.243354685837403 ], [ 476792.438600570545532, 557201.03258874907624 ], [ 476792.438521949574351, 557194.966506897704676 ], [ 476792.438369103940204, 557181.026517050806433 ], [ 476792.43806621641852, 557153.605792675050907 ], [ 476787.325340424838942, 557145.24028048675973 ], [ 476775.979944655206054, 557126.676431211759336 ], [ 476765.159719213203061, 557108.972119090845808 ], [ 476754.3395963718649, 557091.267919837730005 ], [ 476737.830295492894948, 557064.254662565421313 ], [ 476728.400030203978531, 557048.824614135315642 ], [ 476716.381217997637577, 557038.049975269590504 ], [ 476703.540521437826101, 557026.538477033260278 ], [ 476703.055802772694733, 557026.275966010056436 ], [ 476697.453833894338459, 557020.874572208733298 ], [ 476670.988634850655217, 556995.356423829332925 ], [ 476648.195384580816608, 556973.378940150490962 ], [ 476647.57611399423331, 556970.813584965071641 ], [ 476644.113616271410137, 556956.470218898844905 ], [ 476644.103884957963601, 556956.43008168542292 ], [ 476636.472471813845914, 556924.817423755419441 ], [ 476634.479743882198818, 556916.563197001465596 ], [ 476632.954206542519387, 556907.029396289028227 ], [ 476630.278399245173205, 556890.307981416350231 ], [ 476625.879452702996787, 556862.817087573115714 ], [ 476618.804576699563768, 556818.604780397145078 ], [ 476617.343098556215409, 556742.655346846091561 ], [ 476607.047851896262728, 556718.687227727030404 ], [ 476616.843832981889136, 556685.381189770880155 ], [ 476651.131222928757779, 556675.585046151420102 ], [ 476689.271028032177128, 556686.227600899990648 ], [ 476735.380494204699062, 556699.094128120457754 ], [ 476775.549029855348635, 556730.190027016797103 ], [ 476796.118716177123133, 556746.113627571263351 ], [ 476808.959637167688925, 556767.989075085264631 ], [ 476849.020259119104594, 556836.234867397346534 ], [ 476954.822531639772933, 556953.784063729923218 ], [ 477046.909515262232162, 557026.272372901090421 ], [ 477121.362199497933034, 557034.108341747662053 ], [ 477129.670082609518431, 557031.087301578139886 ], [ 477155.47525038535241, 557021.703848902368918 ], [ 477164.466257359017618, 557018.434448365704156 ], [ 477188.447166292229667, 556996.299018579768017 ], [ 477215.406948276096955, 556971.413949097855948 ], [ 477218.090089443721808, 556960.681828599656001 ], [ 477223.006742685625795, 556941.015012228977866 ], [ 477234.220843259885442, 556940.480963682290167 ], [ 477236.384144272189587, 556937.516505226725712 ], [ 477251.608100234239828, 556916.6547872525407 ], [ 477251.797023885883391, 556916.395820370060392 ], [ 477261.05494880391052, 556903.709429417969659 ], [ 477264.017181442002766, 556899.650253748637624 ], [ 477266.455986389832105, 556896.308463980560191 ], [ 477270.266006055928301, 556891.087201402755454 ], [ 477270.86159588152077, 556884.774678766960278 ], [ 477271.636059645214118, 556876.56434086477384 ], [ 477272.938582995382603, 556862.75687979941722 ], [ 477280.061298567510676, 556787.251124121132307 ], [ 477270.691779896384105, 556760.760235106921755 ], [ 477251.651022009609733, 556706.925451539224014 ], [ 477215.120935915561859, 556610.802336200606078 ], [ 477214.423573215084616, 556608.967308055143803 ], [ 477204.23776963230921, 556584.353761458303779 ], [ 477192.992371652158909, 556557.179489412810653 ], [ 477186.696185378124937, 556541.965047034667805 ], [ 477167.399789495684672, 556495.336064280942082 ], [ 477165.90382939518895, 556472.902405981090851 ], [ 477162.947919946804177, 556428.572842216468416 ], [ 477162.102118765003979, 556415.887727369670756 ], [ 477161.627585706126411, 556408.771992177935317 ], [ 477161.52098524721805, 556407.173442579223774 ], [ 477165.820154559216462, 556402.87431994441431 ], [ 477198.60666841303464, 556370.088903919910081 ], [ 477201.986089359852485, 556366.709617883549072 ], [ 477202.426993742410559, 556366.268730828654952 ], [ 477239.307675241376273, 556329.389345999574289 ], [ 477253.606152137450408, 556315.091453648055904 ], [ 477266.083236482925713, 556311.712266747141257 ], [ 477346.006200759322383, 556290.066782107693143 ], [ 477346.757810353883542, 556289.001835017465055 ], [ 477368.675319044734351, 556282.526387114077806 ], [ 477390.592722938978113, 556276.050838784663938 ], [ 477437.680966429994442, 556268.385250458610244 ], [ 477515.755854505929165, 556255.675213441369124 ], [ 477548.02423323399853, 556246.874930078396574 ], [ 477611.811101702798624, 556229.478807449922897 ], [ 477649.260961547901388, 556212.813986353692599 ], [ 477681.432565924711525, 556198.497917069238611 ], [ 477715.546612239500973, 556154.715901814750396 ], [ 477716.215280826145317, 556151.371977292234078 ], [ 477717.953842536837328, 556142.679609284503385 ], [ 477717.702683911193162, 556135.395569443353452 ], [ 477715.99392091948539, 556085.863657170790248 ], [ 477711.690490176901221, 556053.735643151798286 ], [ 477701.298245021898765, 555976.150233344756998 ], [ 477694.635887345881201, 555900.213439848506823 ], [ 477691.500588780327234, 555864.477640042896383 ], [ 477676.134305299958214, 555811.398718416574411 ], [ 477675.540910398354754, 555805.780121088144369 ], [ 477670.954132900224067, 555793.505468643037602 ], [ 477669.947767193138134, 555790.029293985571712 ], [ 477669.158383922069333, 555788.700002832338214 ], [ 477632.72090285125887, 555727.336269553634338 ], [ 477567.896399503108114, 555667.110396786942147 ], [ 477508.305234657251276, 555611.746507624164224 ], [ 477454.891979259031359, 555562.981520550325513 ], [ 477418.177611460618209, 555529.462304966291413 ], [ 477416.770722789748106, 555449.326413489761762 ], [ 477416.535957876825705, 555435.954618478310294 ], [ 477416.217150819196831, 555417.789607663289644 ], [ 477405.472911312419455, 555365.41698799689766 ], [ 477401.737659839214757, 555347.209357666666619 ], [ 477400.542095920071006, 555341.382155356695876 ], [ 477395.646288861171342, 555302.220989319495857 ], [ 477390.976582029892597, 555264.868205006816424 ], [ 477386.166174917947501, 555226.390629506204277 ], [ 477385.846344843448605, 555223.832092455239035 ], [ 477396.424542759195901, 555205.895708803785965 ], [ 477400.816275387478527, 555198.449022033601068 ], [ 477407.494578828511294, 555187.125293705030344 ], [ 477430.90891655877931, 555147.4239484120626 ], [ 477448.117010235262569, 555120.951031139236875 ], [ 477481.849379838560708, 555069.056638059788384 ], [ 477488.021109271096066, 555065.628069745376706 ], [ 477494.605106994276866, 555053.400929851341061 ], [ 477503.50551191350678, 555036.871877210331149 ], [ 477539.028691111481749, 554972.096219270257279 ], [ 477571.046097203739919, 554864.403341123950668 ], [ 477571.046019859786611, 554854.580957916215993 ], [ 477571.046047118550632, 554853.225864244159311 ], [ 477571.045862539787777, 554842.938918671803549 ], [ 477575.010439521225635, 554815.715205026674084 ], [ 477575.817591036204249, 554810.172920830198564 ], [ 477581.769637940335087, 554769.302460388396867 ], [ 477573.300677766848821, 554751.425140809151344 ], [ 477556.669195148802828, 554716.316945664584637 ], [ 477549.681128530588467, 554701.56569219683297 ], [ 477528.867922504432499, 554657.630237506120466 ], [ 477525.215112489357125, 554638.244957437040284 ], [ 477503.395779613230843, 554522.447784826159477 ], [ 477503.350056164315902, 554521.43972465232946 ], [ 477498.272019804280717, 554409.382933404063806 ], [ 477498.27174981549615, 554382.731582618434913 ], [ 477498.271728595427703, 554376.108389224624261 ], [ 477498.271013917867094, 554311.38824712682981 ], [ 477512.169482496101409, 554303.532816826365888 ], [ 477512.169490488013253, 554303.079644576413557 ], [ 477566.09053565945942, 554293.224239235976711 ], [ 477620.950279764831066, 554289.30536584451329 ], [ 477712.446113291720394, 554279.773956013727002 ], [ 477714.995558523805812, 554279.50836405553855 ], [ 477712.088514031260274, 554274.053846368915401 ], [ 477706.857224159582984, 554264.23832409165334 ], [ 477696.521670028858352, 554244.844977073022164 ], [ 477684.338174942589831, 554221.984586774604395 ], [ 477677.184819325222634, 554208.562389504630119 ], [ 477646.419305257266387, 554140.40804928378202 ], [ 477623.910511653113645, 554120.580386004294269 ], [ 477607.696069002617151, 554106.297334775328636 ], [ 477564.128884862351697, 554067.919611435383558 ], [ 477518.030722828232683, 554021.825031313346699 ], [ 477484.521977189695463, 553988.318959803204052 ], [ 477468.123135440167971, 553971.921236721682362 ], [ 477447.550260195392184, 553930.778941404423676 ], [ 477426.97735074639786, 553889.636543988948688 ], [ 477405.592075307213236, 553825.486594448680989 ], [ 477403.465160910622217, 553819.106693827779964 ], [ 477397.586798236239702, 553756.413237719330937 ], [ 477400.599754815455526, 553735.657349948771298 ], [ 477406.834365285641979, 553692.706229988834821 ], [ 477407.848111219936982, 553685.723273812560365 ], [ 477409.015321537619457, 553677.682069579837844 ], [ 477413.724871556914877, 553645.238120757858269 ], [ 477415.219035595015157, 553634.944503879640251 ], [ 477435.250024768058211, 553622.820955583825707 ], [ 477441.057904571993276, 553619.305751288775355 ], [ 477477.058657066430897, 553597.516326085082255 ], [ 477489.671208440791816, 553589.882668707054108 ], [ 477490.111290548346005, 553589.745338257402182 ], [ 477490.422527560556773, 553586.219119350542314 ], [ 477547.469595895148814, 553546.780551158823073 ], [ 477661.107328052690718, 553497.800034406478517 ], [ 477683.208071835513692, 553487.37541025725659 ], [ 477731.67834907444194, 553464.512692520162091 ], [ 477764.948684147384483, 553448.819688583374955 ], [ 477802.637571999104694, 553390.575039585353807 ], [ 477808.052114663005341, 553382.207429187023081 ], [ 477808.051991256827023, 553370.494735524407588 ], [ 477808.052010355400853, 553368.628303837962449 ], [ 477808.051587505731732, 553331.467647401383147 ], [ 477808.051169858546928, 553286.208062819438055 ], [ 477808.359338911366649, 553275.520116632222198 ], [ 477808.649477820377797, 553265.460625974927098 ], [ 477810.98905580182327, 553184.331144254887477 ], [ 477820.073598880029749, 553170.704690103651956 ], [ 477821.477066822291818, 553168.59952285559848 ], [ 477841.703232051513623, 553138.261270249611698 ], [ 477861.929533208662178, 553107.92302705545444 ], [ 477936.381014054990374, 553000.167831834522076 ], [ 478008.873548866249621, 552906.126921572955325 ], [ 478006.274731839832384, 552890.103655200335197 ], [ 477997.116987042012624, 552833.637864024145529 ], [ 477996.156145424756687, 552832.750981402001344 ], [ 477971.646170400548726, 552810.127964993705973 ], [ 477970.133371343254112, 552809.724697508150712 ], [ 477944.215797114011366, 552770.944851101841778 ], [ 477910.907681070209946, 552735.680114643299021 ], [ 477900.824903535773046, 552727.865828855778091 ], [ 477889.276993528474122, 552718.915973052964546 ], [ 477831.537600058247335, 552674.166844485793263 ], [ 477821.554650842852425, 552671.540008344571106 ], [ 477776.232716130267363, 552659.614400888443924 ], [ 477768.119649568048771, 552659.614509423729032 ], [ 477732.571177565143444, 552659.614845455624163 ], [ 477708.723015512572601, 552668.175582818221301 ], [ 477619.051389985077549, 552700.364545685006306 ], [ 477615.25768646877259, 552699.969209035742097 ], [ 477615.055919210717548, 552700.418162312824279 ], [ 477591.346619532967452, 552711.531718074344099 ], [ 477588.590848867956083, 552712.823405897826888 ], [ 477552.359330581210088, 552729.806309242267162 ], [ 477434.803205477248412, 552790.54191753116902 ], [ 477340.7578344924259, 552800.338715433957987 ], [ 477299.612644247477874, 552776.829042951576412 ], [ 477279.931036286987364, 552751.526077455608174 ], [ 477280.019540091976523, 552749.400837932596914 ], [ 477276.879504822893068, 552744.466863091336563 ], [ 477266.304289187886752, 552727.85014472657349 ], [ 477260.701798373367637, 552713.144502405426465 ], [ 477250.629728011903353, 552686.707716119708493 ], [ 477258.437982054252643, 552660.680795960943215 ], [ 477261.391782548977062, 552650.83457212196663 ], [ 477268.262611053069122, 552627.932419534423389 ], [ 477270.221218703896739, 552559.36141639680136 ], [ 477269.550985923036933, 552558.52373047277797 ], [ 477271.518227512540761, 552557.1350843005348 ], [ 477269.411957746488042, 552536.458478601765819 ], [ 477267.634905428858474, 552519.012972789350897 ], [ 477261.450033154222183, 552458.298376556369476 ], [ 477252.585805963142775, 552371.281283310847357 ], [ 477233.414858998090494, 552355.161516192718409 ], [ 477166.376675267587416, 552298.79289702908136 ], [ 477127.696288535895292, 552271.718740154406987 ], [ 477068.411899633822031, 552230.222941726446152 ], [ 477002.775564506824594, 552179.285079325549304 ], [ 476947.535755550197791, 552134.406280567869544 ], [ 476928.242535548924934, 552118.731898549129255 ], [ 476917.660546495520975, 552110.1345650277799 ], [ 476908.729247266077437, 552102.878484116634354 ], [ 476877.968312493176199, 552077.547936627524905 ], [ 476842.113123774935957, 552048.022437430918217 ], [ 476811.157727546058595, 552014.858275175793096 ], [ 476759.822569117590319, 551959.860606100759469 ], [ 476734.35085216385778, 551861.90229647688102 ], [ 476715.419182797661051, 551782.741609231801704 ], [ 476713.384991798026022, 551774.235943837440573 ], [ 476712.797837803780567, 551771.780717313406058 ], [ 476698.94679128867574, 551723.671136556658894 ], [ 476695.643201925733592, 551712.196915073902346 ], [ 476686.428720858297311, 551680.191384464735165 ], [ 476684.751992670120671, 551674.36775448708795 ], [ 476676.482441698375624, 551645.644555106642656 ], [ 476675.570223204209469, 551642.475779617554508 ], [ 476676.237431222747546, 551631.799153374391608 ], [ 476678.470477760070935, 551596.065825556288473 ], [ 476678.82730107952375, 551590.355663647176698 ], [ 476679.488048984843772, 551579.782326010987163 ], [ 476691.421254106215201, 551554.21180250600446 ], [ 476690.395340666465927, 551551.476127674570307 ], [ 476694.477963253215421, 551540.663155653746799 ], [ 476718.504482988093514, 551477.026640638126992 ], [ 476719.652210750093218, 551473.986803041305393 ], [ 476768.633231695392169, 551377.986877363291569 ], [ 476772.670247784699313, 551366.145175689016469 ], [ 476798.021560719294939, 551291.783002301584929 ], [ 476802.918668602185789, 551185.987900851527229 ], [ 476806.991839093505405, 551114.017868500435725 ], [ 476808.7954304368468, 551082.151654051849619 ], [ 476853.612245292169973, 551011.481490126694553 ], [ 476859.73587648186367, 551001.825254991999827 ], [ 476914.054629488382488, 550944.113641357747838 ], [ 476914.533628242847044, 550943.604616163298488 ], [ 476922.432145751896314, 550935.212725626421161 ], [ 476927.048045646690298, 550923.384696869528852 ], [ 476943.384725456358865, 550881.523278977605514 ], [ 476953.779787107079756, 550854.886440817383118 ], [ 476937.713136452774052, 550758.498160827672109 ], [ 476934.185698299494106, 550737.336465941625647 ], [ 476925.536006121954415, 550715.713660542620346 ], [ 476912.888499441556633, 550684.09778316214215 ], [ 476898.917875863844529, 550649.174213516991585 ], [ 476876.978614981111605, 550625.24217577802483 ], [ 476870.628751688927878, 550618.315613977843896 ], [ 476864.599471956957132, 550611.738674909924157 ], [ 476861.383016157487873, 550608.230075360741466 ], [ 476855.813133247604128, 550602.154523857170716 ], [ 476850.373188839817885, 550602.794543976197019 ], [ 476842.353614574880339, 550598.250428545288742 ], [ 476834.334038790024351, 550593.706314394366927 ], [ 476819.80521951575065, 550585.473943442455493 ], [ 476818.294772337132599, 550584.618200602475554 ], [ 476814.668086885241792, 550582.563312901533209 ], [ 476802.650357278063893, 550574.941375552210957 ], [ 476776.561727621476166, 550558.388305065804161 ], [ 476762.401728014287073, 550549.403804110828787 ], [ 476748.780296009674203, 550540.760971629526466 ], [ 476712.781238977971952, 550517.919739004224539 ], [ 476669.057589332282078, 550493.988713423255831 ], [ 476619.714983128651511, 550466.982358688255772 ], [ 476608.220004857110325, 550463.151021424680948 ], [ 476537.424859924125485, 550439.554848477942869 ], [ 476419.867772511439398, 550421.923422862309963 ], [ 476339.53720980277285, 550398.414146079332568 ], [ 476197.489069766830653, 550394.497381440829486 ], [ 476171.760458653559908, 550392.351510868174955 ], [ 476157.862777805421501, 550391.192394602694549 ], [ 476103.443730860832147, 550386.661658556666225 ], [ 476009.398135647352319, 550378.826005843817256 ], [ 475946.615079505718313, 550373.031547685735859 ], [ 475882.04472876508953, 550367.07218929415103 ], [ 475842.858770668273792, 550329.848233847529627 ], [ 475841.550896859203931, 550327.132512015406974 ], [ 475817.387630629469641, 550276.950920814531855 ], [ 475811.057212660089135, 550253.530815181788057 ], [ 475797.794024329516105, 550204.461873746477067 ], [ 475791.522099663154222, 550175.793439755449072 ], [ 475790.936094356467947, 550173.115065598860383 ], [ 475794.977745694690384, 550129.664816672448069 ], [ 475798.77239384315908, 550088.870802521822043 ], [ 475802.341165966412518, 550042.473185680108145 ], [ 475802.690433145151474, 550037.932223343639635 ], [ 475804.469965392490849, 550013.412938253488392 ], [ 475804.81032831146149, 550008.723245425964706 ], [ 475805.150691302493215, 550004.033552618115209 ], [ 475806.448236967320554, 549986.155501969275065 ], [ 475806.727652400964871, 549982.304727572947741 ], [ 475807.752908546710387, 549968.178475552005693 ], [ 475811.403626112907659, 549917.872904676012695 ], [ 475811.506010187091306, 549916.463574994471855 ], [ 475807.248569280607626, 549906.327622008742765 ], [ 475803.351825800491497, 549897.050391684868373 ], [ 475787.999999628984369, 549860.501572170876898 ], [ 475770.36006965325214, 549818.505560597288422 ], [ 475770.041948108409997, 549817.593958145589568 ], [ 475767.997836936556268, 549811.78514083311893 ], [ 475766.595709029003046, 549807.80107374722138 ], [ 475742.301995376881678, 549738.766729434835725 ], [ 475733.132589185610414, 549712.710754602216184 ], [ 475729.54010815534275, 549702.960410543833859 ], [ 475723.300044045492541, 549686.024567323038355 ], [ 475707.349215517926496, 549642.733235176769085 ], [ 475706.590619506081566, 549642.780615443363786 ], [ 475704.621032630384434, 549637.477904653991573 ], [ 475704.115925367164891, 549636.118201256962493 ], [ 475699.059054549143184, 549637.081279359641485 ], [ 475688.068088443076704, 549604.956735825398937 ], [ 475678.729825723450631, 549594.581841061706655 ], [ 475635.166859124379698, 549546.182230949518271 ], [ 475600.858233652485069, 549557.27165672602132 ], [ 475585.462054935342167, 549562.248083910788409 ], [ 475538.182859994820319, 549577.529936289531179 ], [ 475521.541132088052109, 549583.242729094112292 ], [ 475422.882704937539529, 549617.109730173135176 ], [ 475406.911645858606789, 549622.59220711782109 ], [ 475368.966656659904402, 549627.436449820292182 ], [ 475342.194505554740317, 549630.854228971758857 ], [ 475314.825368280289695, 549634.348188926349394 ], [ 475258.55661357997451, 549637.883853933424689 ], [ 475216.134194635495078, 549640.549471324193291 ], [ 475127.714266440540086, 549646.105265807593241 ], [ 475073.431543597369455, 549651.991573007078841 ], [ 475050.871120062074624, 549654.437959725502878 ], [ 474976.688148877234198, 549662.482319968752563 ], [ 474965.094047040678561, 549663.739591376041062 ], [ 474960.798938687308691, 549663.923288868623786 ], [ 474948.046063151326962, 549664.469006795203313 ], [ 474929.348424319992773, 549665.269063959014602 ], [ 474915.032648188178428, 549665.881621430744417 ], [ 474905.012311424710788, 549666.310369569109753 ], [ 474864.491123675194103, 549668.044190024957061 ], [ 474857.664138399763033, 549668.336261158343405 ], [ 474843.96690129628405, 549668.922308781417087 ], [ 474817.520653870538808, 549670.053999797673896 ], [ 474788.24109760049032, 549671.306837651645765 ], [ 474781.901526057394221, 549671.578096077544615 ], [ 474779.458488259406295, 549672.293080807896331 ], [ 474779.952424501243513, 549672.293043710873462 ], [ 474777.254896815109532, 549673.082584467949346 ], [ 474741.259138595080003, 549683.618154770112596 ], [ 474735.263617606891785, 549685.37294111342635 ], [ 474729.272511459537782, 549687.126509475056082 ], [ 474715.205161367775872, 549691.243836653302424 ], [ 474701.137703219777904, 549695.361278607742861 ], [ 474700.569350126432255, 549695.527673478005454 ], [ 474686.409918976656627, 549704.422496092272922 ], [ 474674.186524529824965, 549712.101212311536074 ], [ 474564.525260938855354, 549780.990330795990303 ], [ 474548.213145471410826, 549791.237553516053595 ], [ 474547.74740040791221, 549791.530182728543878 ], [ 474496.635936104285065, 549805.630180310923606 ], [ 474449.799860934203025, 549818.5508033700753 ], [ 474434.109926687146071, 549822.879182449774817 ], [ 474382.713628304074518, 549842.562826988520101 ], [ 474345.29215144389309, 549856.894467849750072 ], [ 474344.947505712916609, 549856.17696250253357 ], [ 474314.594793481635861, 549865.983097809366882 ], [ 474305.928924029751215, 549864.539176541380584 ], [ 474279.327720290399157, 549860.106670176843181 ], [ 474253.856517338077538, 549836.597099624108523 ], [ 474209.479528688185383, 549779.800207466818392 ], [ 474204.873119513329584, 549773.904684701003134 ], [ 474191.603779698780272, 549756.213954260223545 ], [ 474134.337068724795245, 549679.865956701105461 ], [ 474116.178856011596508, 549656.603007016004995 ], [ 474073.400986730295699, 549601.799310934962705 ], [ 474071.63848716247594, 549599.54125254729297 ], [ 474054.0043736223015, 549576.031552034895867 ], [ 474052.98562568431953, 549567.881080142455176 ], [ 474052.125066995853558, 549560.997813313617371 ], [ 474050.312596367264632, 549546.484003693563864 ], [ 474050.087451082770713, 549544.681498617981561 ], [ 474055.927984153386205, 549535.920454965438694 ], [ 474056.917066766356584, 549535.496276789228432 ], [ 474081.653415414271876, 549498.391970994416624 ], [ 474082.440654160629492, 549497.21117701777257 ], [ 474093.216611334413756, 549491.333613927476108 ], [ 474103.992571046517696, 549485.456053306348622 ], [ 474178.445031253155321, 549477.618455504882149 ], [ 474180.242344068363309, 549478.516982198692858 ], [ 474184.938118005287834, 549474.995252338470891 ], [ 474307.757413852901664, 549467.821272609988227 ], [ 474358.655905726016499, 549466.12427506968379 ], [ 474366.535823333542794, 549465.861543779610656 ], [ 474391.026739955646917, 549457.04496803402435 ], [ 474415.517775526852347, 549448.228515410097316 ], [ 474440.987920291780028, 549414.922233880730346 ], [ 474444.948851496854331, 549409.990423501236364 ], [ 474472.436802957381587, 549375.764583159121685 ], [ 474497.978626132768113, 549339.469771397300065 ], [ 474499.687312765920069, 549337.041666105040349 ], [ 474519.04339609388262, 549309.536566410330124 ], [ 474527.51024729909841, 549299.502152354689315 ], [ 474597.633263382827863, 549216.396246082149446 ], [ 474644.748356619791593, 549148.476939332438633 ], [ 474665.600789088755846, 549115.114384117070585 ], [ 474674.13721816346515, 549101.456575847812928 ], [ 474685.239500132389367, 549082.95341474970337 ], [ 474715.314693156629801, 549032.82963045744691 ], [ 474750.54773935675621, 548974.109599638730288 ], [ 474791.691898976510856, 548897.70163517666515 ], [ 474862.792685745051131, 548778.326407652581111 ], [ 474864.46578068821691, 548775.517264003050514 ], [ 474944.817470078414772, 548640.610305171110667 ], [ 474950.390625903382897, 548631.252698803669773 ], [ 474958.709078822983429, 548620.2969519313192 ], [ 474976.575885146623477, 548596.765770146623254 ], [ 474983.6355606445577, 548587.467997712315992 ], [ 475030.719767166068777, 548525.456511255237274 ], [ 474987.738866561732721, 548514.708013097057119 ], [ 474913.165124584920704, 548496.066454308922403 ], [ 474817.160204645595513, 548484.312490114127286 ], [ 474763.279605499643367, 548469.832916544284672 ], [ 474745.83093792485306, 548464.380639453418553 ], [ 474744.66650149814086, 548464.721514212666079 ], [ 474744.619545247172937, 548464.002191928215325 ], [ 474720.175068975077011, 548411.824126115418039 ], [ 474701.16892754699802, 548353.693048083106987 ], [ 474686.866283545794431, 548309.947665622574277 ], [ 474685.185191546741407, 548302.983875913312659 ], [ 474659.43523474939866, 548196.316086474223994 ], [ 474659.446957338077482, 548196.148103725747205 ], [ 474662.467391659505665, 548153.185648315935396 ], [ 474664.597739358432591, 548122.883278974331915 ], [ 474666.424051909765694, 548096.906107370974496 ], [ 474668.250256450963207, 548070.928936227574013 ], [ 474675.658218768658116, 548053.232662835624069 ], [ 474702.136517542181537, 547989.980865755467676 ], [ 474703.514883241092321, 547986.68817938119173 ], [ 474717.208512924669776, 547954.035059951595031 ], [ 474726.07791340368567, 547932.885610019322485 ], [ 474732.20457651396282, 547918.276186072966084 ], [ 474738.718749212857801, 547902.742965904064476 ], [ 474749.999085158458911, 547875.844565621111542 ], [ 474754.45502087008208, 547865.219130460289307 ], [ 474785.803871588548645, 547767.256289783981629 ], [ 474786.149363178876229, 547766.40715896373149 ], [ 474820.08885813417146, 547683.015487871598452 ], [ 474824.920631721732207, 547669.124662202782929 ], [ 474862.140781012130901, 547562.120608972618356 ], [ 474867.111232505005319, 547547.831505156354979 ], [ 474892.731742183503229, 547525.188804982346483 ], [ 474894.503768978291191, 547523.622684344183654 ], [ 474951.360505289398134, 547473.37905739992857 ], [ 475038.547988951439038, 547426.358056335593574 ], [ 475209.00440949620679, 547346.030470559257083 ], [ 475265.948576646624133, 547316.577452154015191 ], [ 475322.642088700027671, 547287.254013155004941 ], [ 475323.212146968988236, 547286.69273175613489 ], [ 475377.109688254247885, 547233.626499880338088 ], [ 475386.318131569656543, 547224.560041249962524 ], [ 475402.600125398952514, 547193.625291208038107 ], [ 475402.881769881525543, 547193.090255216811784 ], [ 475445.093440296594054, 547112.890409089741297 ], [ 475454.541871384659316, 547095.084423604537733 ], [ 475496.03371037443867, 547016.89042784133926 ], [ 475510.788058587000705, 546987.961263751843944 ], [ 475545.994317967677489, 546918.931463987566531 ], [ 475624.853056581283454, 546757.522297406685539 ], [ 475671.385615369654261, 546662.278823682223447 ], [ 475679.302982025139499, 546644.260786371072754 ], [ 475694.446086869633291, 546609.798335755360313 ], [ 475699.794796980102547, 546597.626042870222591 ], [ 475708.762568686972372, 546580.651613670052029 ], [ 475714.677051369915716, 546569.456597157986835 ], [ 475754.653367282240652, 546493.789240575279109 ], [ 475775.375301123363897, 546455.416336038848385 ], [ 475779.226121640822385, 546448.285421259817667 ], [ 475807.552813651855104, 546395.830340372514911 ], [ 475852.615500911313575, 546299.830311274039559 ], [ 475860.803085337160155, 546276.014060630463064 ], [ 475858.174391878768802, 546254.988028929918073 ], [ 475854.400536994158756, 546248.950393043574877 ], [ 475834.680533074366394, 546192.260089713730849 ], [ 475827.628895956731867, 546183.762613793136552 ], [ 475799.721314641879871, 546150.133072611060925 ], [ 475777.919667207228485, 546123.861372055835091 ], [ 475768.622495290241204, 546112.139859796734527 ], [ 475734.581058756564744, 546069.221313532325439 ], [ 475735.055757984227967, 546068.648695453070104 ], [ 475735.03288671124028, 546068.605579351307824 ], [ 475716.951133886293974, 546039.67704156273976 ], [ 475715.464932700968347, 546037.299246274400502 ], [ 475681.590398883796297, 546020.07627672306262 ], [ 475657.665841977344826, 546007.912388866185211 ], [ 475599.866790686617605, 545978.525376736186445 ], [ 475512.678401633631438, 545941.30207199184224 ], [ 475468.267514318227768, 545923.539176254882477 ], [ 475467.67429431702476, 545923.301943301805295 ], [ 475434.306900558294728, 545909.956052339170128 ], [ 475400.570689877087716, 545893.782529197400436 ], [ 475398.193184259929694, 545892.642735837725922 ], [ 475373.26155357476091, 545880.690267131314613 ], [ 475363.437402282725088, 545875.980423380271532 ], [ 475326.614235234679654, 545858.326811320264824 ], [ 475323.980238205695059, 545857.064072645734996 ], [ 475309.298705366090871, 545850.025613197707571 ], [ 475293.098555742995813, 545842.259076472371817 ], [ 475292.513921921607107, 545841.978713642689399 ], [ 475291.932600559550337, 545841.700118467444554 ], [ 475291.278738158405758, 545841.386615900788456 ], [ 475129.637327756732702, 545763.021584395552054 ], [ 475088.294352005177643, 545744.714153785025701 ], [ 474992.486953855899628, 545702.288695806637406 ], [ 474914.115819308441132, 545702.28949979157187 ], [ 474756.070988777268212, 545808.258080230676569 ], [ 474744.639261863077991, 545815.923053727135994 ], [ 474601.612683991435915, 545904.087235293118283 ], [ 474586.561734175484162, 545913.311714117531665 ], [ 474480.138161228678655, 545978.536980363191105 ], [ 474355.724625961156562, 546051.027616792242043 ], [ 474308.272176033176947, 546080.544293734827079 ], [ 474238.38087557151448, 546124.018531885114498 ], [ 474157.565890776051674, 546174.287648774450645 ], [ 474106.897582853795029, 546205.804712375393137 ], [ 473995.811315967293922, 546320.016259747324511 ], [ 473988.715305442514364, 546327.3117328354856 ], [ 473967.790250952413771, 546348.82551807409618 ], [ 473893.638052461203188, 546424.926288345945068 ], [ 473844.152853684558067, 546475.711983348242939 ], [ 473832.071174181997776, 546416.397787871421315 ], [ 473842.543161796813365, 546383.58605517889373 ], [ 473848.101765696308576, 546366.169447189080529 ], [ 473853.660483986022882, 546348.752618860336952 ], [ 473872.8995456736302, 546288.471499908831902 ], [ 473874.032164297881536, 546284.922813004232012 ], [ 473875.731312762654852, 546279.598732047481462 ], [ 473878.641388379212003, 546212.657347012427635 ], [ 473842.596142219263129, 546203.64730532374233 ], [ 473819.734035279310774, 546197.932524900184944 ], [ 473800.931537348194979, 546193.229059091070667 ], [ 473773.853366053896025, 546186.460173800820485 ], [ 473731.809306856826879, 546113.260426780791022 ], [ 473730.117397978669032, 546092.008826121571474 ], [ 473736.025972823379561, 546074.28359979740344 ], [ 473742.469822321087122, 546054.952409983729012 ], [ 473747.707330716075376, 546038.367334748152643 ], [ 473760.061755881761201, 545999.245774203445762 ], [ 473766.496009218855761, 545978.871016181074083 ], [ 473774.416267830238212, 545953.790895775076933 ], [ 473781.348842581210192, 545931.838063591276295 ], [ 473793.212617661687545, 545894.270259045064449 ], [ 473793.7655851940508, 545892.519421239034273 ], [ 473798.707912421785295, 545876.868944907793775 ], [ 473801.246407559781801, 545868.830465378938243 ], [ 473782.287980620749295, 545856.894696954521351 ], [ 473777.091579579166137, 545853.623126203427091 ], [ 473760.273252053593751, 545843.034665235318244 ], [ 473748.345450489898212, 545835.525195504073054 ], [ 473730.640465435979422, 545841.997735540848225 ], [ 473657.239387368957978, 545868.831978716421872 ], [ 473642.325485728215426, 545874.222411669557914 ], [ 473639.647398106113542, 545875.190368774929084 ], [ 473622.289274041075259, 545881.464262749184854 ], [ 473494.619602952501737, 545927.60879287798889 ], [ 473475.926454076718073, 545934.176516637438908 ], [ 473425.704608583764639, 545951.821655034087598 ], [ 473394.690879288653377, 545962.718106838641688 ], [ 473382.906100474356208, 545966.858635284821503 ], [ 473349.633460115874186, 545978.548688555136323 ], [ 473292.584422359068412, 545998.683198871323839 ], [ 473285.403825215937104, 546001.217420169501565 ], [ 473282.209236156078987, 546002.344922422897071 ], [ 473233.056661374575924, 546019.692425109446049 ], [ 473158.60422421671683, 546037.325793959666044 ], [ 473137.439086021855474, 546054.257373548694886 ], [ 473099.826271105848718, 546084.346487295348197 ], [ 473071.075815148127731, 546106.785172626725398 ], [ 473051.583769069460686, 546121.99783410213422 ], [ 473032.500313023047056, 546136.891684900969267 ], [ 473019.496435469423886, 546147.040772817330435 ], [ 472973.421035089006182, 546182.144695120048709 ], [ 472955.31413914472796, 546195.939937245915644 ], [ 472937.207363683439326, 546209.735186413163319 ], [ 472918.594081317307428, 546205.816984744858928 ], [ 472886.520685175200924, 546182.145671098376624 ], [ 472843.540363623003941, 546150.424462716677226 ], [ 472836.30373735743342, 546145.083563774474896 ], [ 472757.931749811803456, 546082.390963386977091 ], [ 472742.75571237684926, 546068.902086521615274 ], [ 472732.190661159809679, 546059.511617972748354 ], [ 472728.535086040035821, 546056.262512638117187 ], [ 472722.998600581544451, 546051.341555182123557 ], [ 472722.66451846860582, 546051.044604675844312 ], [ 472723.560585665865801, 546044.891554345143959 ], [ 472736.378217144228984, 545957.004131907364354 ], [ 472755.28271149774082, 545915.759164169197902 ], [ 472755.310494762670714, 545915.698880435316823 ], [ 472755.87664628966013, 545915.081947617814876 ], [ 472755.892964012629818, 545915.047546916292049 ], [ 472756.314902745478321, 545914.146163239027373 ], [ 472756.757238316873554, 545913.201198128284886 ], [ 472777.520459241699427, 545868.844919469556771 ], [ 472787.587872948904987, 545841.160721492255107 ], [ 472794.065574317472056, 545823.34780333423987 ], [ 472799.024287741631269, 545809.712152802501805 ], [ 472808.870082601788454, 545782.637290557962842 ], [ 472850.011984058190137, 545684.682098397286609 ], [ 472861.542374795186333, 545660.853375908918679 ], [ 472867.858205885160714, 545647.801078231423162 ], [ 472873.232938457280397, 545623.783276534057222 ], [ 472872.965230199799407, 545622.756988460081629 ], [ 472877.280144672316965, 545607.020176028949209 ], [ 472878.598888339998666, 545602.210928351967596 ], [ 472888.218641160230618, 545567.127743251272477 ], [ 472839.235980547266081, 545502.475629349937662 ], [ 472780.457198957970832, 545467.211030757869594 ], [ 472707.461098388070241, 545447.257397620356642 ], [ 472707.175042941176798, 545447.179154678364284 ], [ 472690.19056961638853, 545442.536344307591207 ], [ 472652.518236097472254, 545432.238443671260029 ], [ 472644.286878030106891, 545429.988392362138256 ], [ 472482.897169686213601, 545440.630430870922282 ], [ 472465.992434819752816, 545441.745192969683558 ], [ 472361.171162580954842, 545463.297166489064693 ], [ 472239.696080758818425, 545484.849380820640363 ], [ 472132.915383187064435, 545504.442099300096743 ], [ 472032.992180843604729, 545506.402393381926231 ], [ 472008.917396604316309, 545503.624917632318102 ], [ 471955.223951993626542, 545497.430381148587912 ], [ 471931.10952623328194, 545494.648321706103161 ], [ 471900.282075558381621, 545489.995765462401323 ], [ 471869.454618372838013, 545485.343228419311345 ], [ 471827.267499093024526, 545478.976177162141539 ], [ 471785.904024423623923, 545484.491461333120242 ], [ 471739.10003027820494, 545490.732060132781044 ], [ 471738.293030201166403, 545491.172211062745191 ], [ 471738.056159234547522, 545491.203865357092582 ], [ 471694.952467079740018, 545514.714873924502172 ], [ 471682.910208189161494, 545523.827808151370846 ], [ 471682.503247039683629, 545524.452954484964721 ], [ 471636.087740475893952, 545559.577024947851896 ], [ 471623.50330470118206, 545569.100004456005991 ], [ 471519.662185312015936, 545647.467971821664833 ], [ 471477.776186255563516, 545673.244549839058891 ], [ 471473.285207088920288, 545676.008245630306192 ], [ 471469.860944800195284, 545678.115552840870805 ], [ 471464.167001968191471, 545668.152093397220597 ], [ 471451.93323275417788, 545646.744846293819137 ], [ 471442.270455852732994, 545629.83618627267424 ], [ 471366.836945535847917, 545500.531642820220441 ], [ 471326.893711714830715, 545436.627830989426002 ], [ 471308.057408453722019, 545406.492157361935824 ], [ 471290.423211468907539, 545326.16632842621766 ], [ 471287.686199526593555, 545205.80401278170757 ], [ 471285.522653095889837, 545110.657673679408617 ], [ 471283.298110861389432, 545063.955254271160811 ], [ 471278.122702503518667, 544955.300459496909752 ], [ 471277.332787701045163, 544938.717893585911952 ], [ 471275.72422801546054, 544904.944900041213259 ], [ 471277.953622584114783, 544879.181432356708683 ], [ 471284.539747499977238, 544803.067924855044112 ], [ 471292.42594299238408, 544789.924806735129096 ], [ 471315.810730574419722, 544750.951338630286045 ], [ 471317.02248376206262, 544748.931806042208336 ], [ 471320.473356253118254, 544743.180519020534121 ], [ 471330.958535003126599, 544725.705745661747642 ], [ 471335.835880467435345, 544717.577173171099275 ], [ 471337.593079491052777, 544714.648652624804527 ], [ 471339.906861212744843, 544710.79255900462158 ], [ 471340.915480873314664, 544709.111533237039112 ], [ 471349.192759634519462, 544695.316414451925084 ], [ 471351.470852611702867, 544691.026190668111667 ], [ 471420.359532770002261, 544561.278511482756585 ], [ 471450.093913454038557, 544505.275800804840401 ], [ 471467.812544994463678, 544474.671849933220074 ], [ 471510.135809741856065, 544401.570302569074556 ], [ 471519.568493037193548, 544385.278112724656239 ], [ 471536.30067016731482, 544356.377979722223245 ], [ 471544.996918923337944, 544341.703292793594301 ], [ 471548.206402559764683, 544336.287566434359178 ], [ 471555.117662709380966, 544324.625010820105672 ], [ 471598.996358299162239, 544250.582128965645097 ], [ 471634.555159608833492, 544181.498960616416298 ], [ 471659.920751022058539, 544132.218791655730456 ], [ 471667.570034716569353, 544117.357854238711298 ], [ 471694.046014270861633, 544073.801978013012558 ], [ 471728.304472571064252, 544017.442966958740726 ], [ 471698.780976132198703, 543930.061639219522476 ], [ 471679.320782913360745, 543872.464831597171724 ], [ 471675.321409014984965, 543862.901781230117194 ], [ 471658.935114586667623, 543823.720574584905989 ], [ 471634.256190802028868, 543764.710911512142047 ], [ 471618.686299568391405, 543727.642717130365781 ], [ 471603.116275208827574, 543690.574416921124794 ], [ 471593.110364982974716, 543666.752789463265799 ], [ 471567.771779682312626, 543639.606466097990051 ], [ 471538.249937497952487, 543607.978322583832778 ], [ 471525.316982150950935, 543602.288286053342745 ], [ 471521.131984608597122, 543600.446973495534621 ], [ 471516.950387718272395, 543608.374955100705847 ], [ 471513.775027056282852, 543613.137774211005308 ], [ 471509.012006484612357, 543618.429781596874818 ], [ 471503.19046741182683, 543620.546666729263961 ], [ 471495.51661743450677, 543622.928158719441853 ], [ 471484.932051910029259, 543625.045072240987793 ], [ 471469.353362242574804, 543627.265215850668028 ], [ 471446.984005022211932, 543633.648623578599654 ], [ 471420.416686133656185, 543643.174531905795448 ], [ 471394.484484739718027, 543654.817206737818196 ], [ 471383.370645700138994, 543660.00348353292793 ], [ 471367.387891924707219, 543664.76643848256208 ], [ 471354.580471871013287, 543666.248390156193636 ], [ 471341.56139582284959, 543666.354255516082048 ], [ 471324.626020873140078, 543664.449366377666593 ], [ 471306.314591074071359, 543660.42761631438043 ], [ 471290.860852575395256, 543651.748943811049685 ], [ 471279.535176208941266, 543641.58833950269036 ], [ 471271.91415508906357, 543632.274390836129896 ], [ 471265.245789989479817, 543619.573696561041288 ], [ 471263.930576754268259, 543616.739327856921591 ], [ 471260.916605847189203, 543610.244203777052462 ], [ 471259.106542940135114, 543606.343658076017164 ], [ 471254.025895609636791, 543595.653877052711323 ], [ 471249.794303673843388, 543590.826743716141209 ], [ 471246.510723764891736, 543587.080891058547422 ], [ 471238.042858161614276, 543579.037170028546825 ], [ 471233.173879100417253, 543576.285297156893648 ], [ 471225.870446927146986, 543574.274337599403225 ], [ 471218.355351964535657, 543574.803722983342595 ], [ 471215.073951458500233, 543575.49448998644948 ], [ 471208.242672327323817, 543577.982131326687522 ], [ 471203.61196816212032, 543581.289666064549237 ], [ 471198.451925993605983, 543586.250962422112934 ], [ 471195.144283577625174, 543590.34927322040312 ], [ 471182.770438290433958, 543609.498089760891162 ], [ 471168.461994161538314, 543536.216427066363394 ], [ 471161.18014447792666, 543498.921846899320371 ], [ 471156.255666916957125, 543473.701170961372554 ], [ 471176.317971976473927, 543467.640686919912696 ], [ 471187.129303062451072, 543464.030472157755867 ], [ 471197.430401679535862, 543459.849949809839018 ], [ 471207.372543222969398, 543454.046051912475377 ], [ 471208.411737339629326, 543453.439327759784646 ], [ 471216.572592844022438, 543448.539180531399325 ], [ 471220.213063217815943, 543446.098988405661657 ], [ 471225.653692043502815, 543442.368657827377319 ], [ 471236.394830620381981, 543433.727821417502128 ], [ 471249.046358238207176, 543423.517118363524787 ], [ 471257.427212431153748, 543415.966488504898734 ], [ 471264.848037479852792, 543411.476167703047395 ], [ 471272.148935281555168, 543409.156013604369946 ], [ 471280.149861709272955, 543408.395673086633906 ], [ 471291.615933243883774, 543408.698874390451238 ], [ 471292.631437728763558, 543408.725700144306757 ], [ 471304.372866266581696, 543410.03560666856356 ], [ 471313.813803735072725, 543411.450931141152978 ], [ 471329.255914642300922, 543413.765527090756223 ], [ 471338.847003048169427, 543415.215712319593877 ], [ 471347.418029040156398, 543415.835573983495124 ], [ 471364.390149030776229, 543415.695427725557238 ], [ 471371.870972387492657, 543415.225358646712266 ], [ 471384.122473622730467, 543411.584925792412832 ], [ 471393.723521421605255, 543405.754506128607318 ], [ 471404.014733230054844, 543395.783871516119689 ], [ 471428.477374605892692, 543368.991882916307077 ], [ 471432.253381240589079, 543364.60247935494408 ], [ 471455.130288311105687, 543338.009602205362171 ], [ 471456.70906255801674, 543336.430757582886145 ], [ 471458.320604003616609, 543334.819271603133529 ], [ 471468.351763811719138, 543326.358713956084102 ], [ 471477.792774260451552, 543320.157950299209915 ], [ 471489.104074092465453, 543315.337725548073649 ], [ 471499.975362718920223, 543312.037291594780982 ], [ 471523.788181897718459, 543306.306619226350449 ], [ 471539.369976001617033, 543303.17639127431903 ], [ 471547.863409164128825, 543301.146748763741925 ], [ 471553.641593097127043, 543299.765940930927172 ], [ 471595.767833584686741, 543291.047801794251427 ], [ 471596.57535990618635, 543290.880791509058326 ], [ 471600.517293404904194, 543290.064927093335427 ], [ 471607.908178119396325, 543286.584638284402899 ], [ 471610.068390678090509, 543285.384429934085347 ], [ 471613.618771162058692, 543282.684117364347912 ], [ 471621.35948738688603, 543273.143530546105467 ], [ 471626.200145567883737, 543266.123068262706511 ], [ 471627.030173754494172, 543260.432611927739345 ], [ 471630.990370584884658, 543242.081375471549109 ], [ 471632.570517172978725, 543227.310567219392397 ], [ 471633.360357059224043, 543204.748936442658305 ], [ 471634.479814445832744, 543144.655237070401199 ], [ 471634.519656841235701, 543119.253481462481432 ], [ 471634.729553839424625, 543113.26326298317872 ], [ 471637.249798714532517, 543105.872483248705976 ], [ 471639.870025917945895, 543095.581809935625643 ], [ 471641.996341143152677, 543091.510981729254127 ], [ 471645.840646835393272, 543084.151168830110691 ], [ 471652.251278322655708, 543070.610225461190566 ], [ 471654.485675507574342, 543065.033074873848818 ], [ 471657.271673110430129, 543058.079278998658992 ], [ 471662.47218304197304, 543044.708566608838737 ], [ 471665.782506928197108, 543032.757632777211256 ], [ 471670.25291276734788, 543019.996772986836731 ], [ 471672.822984502185136, 543013.036137158051133 ], [ 471675.383243076154031, 542990.534743100753985 ], [ 471676.363238455785904, 542980.554108281270601 ], [ 471676.935748812567908, 542968.058264080667868 ], [ 471676.968450568791013, 542967.343321707914583 ], [ 471676.983167274505831, 542967.023173452122137 ], [ 471677.295379486633465, 542961.36984461825341 ], [ 471677.563131061499007, 542956.522585955564864 ], [ 471677.526451246580109, 542955.712581994128413 ], [ 471677.483060670259874, 542954.752630497328937 ], [ 471677.497797370306216, 542953.517955382820219 ], [ 471677.502952374401502, 542953.08092576242052 ], [ 471677.593045292771421, 542945.511974885361269 ], [ 471675.32265375071438, 542935.911427180981264 ], [ 471670.56191681540804, 542926.490810482529923 ], [ 471664.03710662771482, 542914.978535635164008 ], [ 471661.260649434290826, 542910.079636671231128 ], [ 471646.668769156211056, 542891.868699471582659 ], [ 471572.432496763649397, 542910.459737430908717 ], [ 471534.324278446787503, 542918.350248986156657 ], [ 471510.68931246799184, 542919.331346624996513 ], [ 471452.473749051161576, 542901.8683391030645 ], [ 471443.945134439971298, 542902.750599905848503 ], [ 471443.1106266232091, 542903.226267322548665 ], [ 471376.602098745293915, 542910.51518070558086 ], [ 471276.678771524806507, 542916.393813874921761 ], [ 471215.941249114635866, 542924.231023374362849 ], [ 471166.959073428355623, 542900.721485249930993 ], [ 471159.224489724612795, 542892.987528528552502 ], [ 471138.233857994375285, 542871.998571108910255 ], [ 471133.96333538898034, 542867.728369110380299 ], [ 471106.220715859148186, 542839.987868827069178 ], [ 471074.859807853063103, 542812.56746010389179 ], [ 471073.51705468253931, 542810.441069470951334 ], [ 471026.50179194426164, 542765.050517147639766 ], [ 471022.950407294090837, 542761.621880867751315 ], [ 470952.82259283651365, 542696.112723139929585 ], [ 470901.20534704066813, 542647.895081112510525 ], [ 470874.043671488005202, 542622.522287075873464 ], [ 470863.73468128341483, 542612.838885129312985 ], [ 470853.425686945731286, 542603.155374660738744 ], [ 470813.437592787551694, 542565.593677802477032 ], [ 470813.213431130803656, 542565.303198082372546 ], [ 470809.42323019169271, 542560.389359101769514 ], [ 470807.74660162103828, 542558.215734881232493 ], [ 470787.834306307544466, 542532.401395474327728 ], [ 470734.933734157471918, 542528.48352867399808 ], [ 470654.603474555478897, 542546.116859907051548 ], [ 470617.375963195343502, 542545.290009210933931 ], [ 470566.435774241690524, 542544.158625617041253 ], [ 470526.210807883471716, 542544.156397255486809 ], [ 470519.6423021092196, 542544.156942254747264 ], [ 470488.064547630376182, 542544.159467360237613 ], [ 470484.876083419367205, 542545.837626588181593 ], [ 470471.86849619820714, 542546.092660928727128 ], [ 470459.157320066879038, 542549.270357804256491 ], [ 470456.756066832342185, 542546.389116550679319 ], [ 470391.304051378625445, 542547.673237007344142 ], [ 470384.857369411969557, 542552.314593966351822 ], [ 470372.467044926830567, 542546.119814408593811 ], [ 470307.471492388169281, 542577.464192232815549 ], [ 470234.338472773379181, 542612.733049048227258 ], [ 470221.194482921564486, 542623.148669567075558 ], [ 470218.474169848428573, 542625.304171823780052 ], [ 470130.497428914357442, 542695.019265058683231 ], [ 470020.77839748893166, 542759.673098286380991 ], [ 469868.713364499970339, 542859.13373041106388 ], [ 469865.016709366696887, 542861.551609114627354 ], [ 469835.543055326794274, 542876.615326191764325 ], [ 469785.381800287927035, 542902.252639931975864 ], [ 469776.849511927110143, 542906.613385734846815 ], [ 469692.600958884868305, 542951.675211735418998 ], [ 469671.06816245871596, 542962.680532252183184 ], [ 469604.433630862797145, 542996.737089900299907 ], [ 469585.939011229900643, 543005.143492712872103 ], [ 469518.225665783276781, 543035.921371324453503 ], [ 469458.648945608874783, 543066.669806201010942 ], [ 469457.489430747111328, 543067.268238786840811 ], [ 469456.95972614933271, 543068.431912915082648 ], [ 469455.423196889518294, 543069.165936550474726 ], [ 469403.291426598792896, 543093.989778722054325 ], [ 469354.498339382349513, 543121.870659257518128 ], [ 469351.687791270320304, 543120.167445446131751 ], [ 469310.542928779788781, 543153.473560102749616 ], [ 469288.076311855344102, 543179.420076910522766 ], [ 469240.992078523850068, 543233.797110923216678 ], [ 469174.377408043306787, 543312.164785323548131 ], [ 469151.769988765416201, 543326.294356438680552 ], [ 469080.329947843099944, 543370.944108099793084 ], [ 469076.003394431842025, 543373.061329469433986 ], [ 468988.244349021057133, 543416.005986872361973 ], [ 468927.506990020512603, 543451.271643597749062 ], [ 468926.884566569759045, 543451.732290924643166 ], [ 468913.266174226184376, 543461.811747440835461 ], [ 468819.873035729513504, 543530.934975938173011 ], [ 468803.093480068142526, 543543.354011987103149 ], [ 468720.804476227611303, 543609.966599456267431 ], [ 468654.226174208160955, 543673.648033691453747 ], [ 468630.678423628676683, 543696.171121790539473 ], [ 468620.671581150090788, 543705.890820871572942 ], [ 468618.42267330607865, 543708.075197283062153 ], [ 468562.104507868178189, 543762.78367851965595 ], [ 468532.422438294219319, 543789.920360718038864 ], [ 468493.530118682247121, 543825.477686998201534 ], [ 468420.306354293890763, 543898.014908698969521 ], [ 468388.711102871922776, 543929.313980332226492 ], [ 468378.098523548105732, 543948.024825241416693 ], [ 468368.850909046304878, 543964.329142086091451 ], [ 468368.437750445038546, 543965.057827215525322 ], [ 468357.513471194193698, 543984.318261192413047 ], [ 468354.984130355529487, 543988.77776679827366 ], [ 468340.701230529404711, 544013.959728064248338 ], [ 468330.929779179685283, 544031.187659855349921 ], [ 468319.26896996924188, 544051.746728620259091 ], [ 468314.260693174786866, 544060.57658120826818 ], [ 468271.741717328724917, 544086.560884013655595 ], [ 468243.724662266089581, 544103.68273898307234 ], [ 468153.665658063779119, 544145.95392604067456 ], [ 468147.720453897258267, 544148.744533277465962 ], [ 468143.156184694031253, 544150.964840350672603 ], [ 468075.227414926222991, 544184.010381886851974 ], [ 468042.708482834859751, 544216.973816807731055 ], [ 468038.261304699582979, 544221.481708846171387 ], [ 468033.814016992168035, 544225.989601399865933 ], [ 468009.102318865712732, 544251.039075185894035 ], [ 468004.57285120151937, 544255.630515612778254 ], [ 468003.714592158969026, 544256.500380864483304 ], [ 467939.524154546495993, 544311.127454518922605 ], [ 467922.358618916710839, 544325.736521948361769 ], [ 467918.222660467552487, 544329.256484141340479 ], [ 467911.629047284426633, 544334.868216022616252 ], [ 467877.270744856097735, 544366.582499388372526 ], [ 467835.217860589851625, 544405.399178380379453 ], [ 467752.92886735603679, 544477.889402070199139 ], [ 467690.891035841777921, 544539.177538508432917 ], [ 467680.536390769761056, 544549.406917070737109 ], [ 467671.619615567382425, 544558.215996122453362 ], [ 467626.09300117881503, 544622.235851278179325 ], [ 467625.86757741792826, 544622.552824653103016 ], [ 467617.396874122612644, 544634.464385888772085 ], [ 467608.926064678584225, 544646.376059455098584 ], [ 467592.90950677084038, 544673.832035327097401 ], [ 467573.488277739030309, 544707.12426060019061 ], [ 467554.066965353966225, 544740.416605692123994 ], [ 467479.615448933618609, 544838.376040204777382 ], [ 467463.313521725242026, 544851.245992873213254 ], [ 467405.160826287930831, 544897.15543529461138 ], [ 467396.176197011780459, 544900.248523114132695 ], [ 467395.963969550968613, 544900.321650883997791 ], [ 467339.360277691623196, 544919.807612899923697 ], [ 467304.657748784171417, 544931.754107754910365 ], [ 467294.593564791663084, 544935.218728991574608 ], [ 467285.645147619827185, 544938.299317303230055 ], [ 467266.573752328171395, 544944.900861322530545 ], [ 467183.762829682382289, 544973.565441903658211 ], [ 467155.668272815819364, 544986.274598803487606 ], [ 467150.449397344375029, 544988.635334825492464 ], [ 467101.473521967011038, 545010.790463576675393 ], [ 467093.405116987822112, 545013.18111129803583 ], [ 467087.190748250752222, 545015.022450665477663 ], [ 467071.774850953835994, 545019.589947380358353 ], [ 467059.407259504136164, 545023.254344735876657 ], [ 467048.573091896192636, 545026.464421933051199 ], [ 467020.622731563984416, 545017.148516847053543 ], [ 466983.534362380509265, 545004.786817716085352 ], [ 466982.851768055174034, 545002.739152065478265 ], [ 466981.957330412697047, 545002.955177179654129 ], [ 466937.191041601239704, 544983.493140386650339 ], [ 466917.852072086825501, 544975.085638500051573 ], [ 466891.830100066727027, 544963.77255982067436 ], [ 466839.757609356485773, 544939.970178317977116 ], [ 466838.356678319105413, 544939.329745242721401 ], [ 466826.373731212050188, 544933.852278078324161 ], [ 466825.865193788136821, 544934.530284627340734 ], [ 466825.541938636335544, 544934.473664824268781 ], [ 466825.286690708715469, 544934.428941737278365 ], [ 466802.682342252344824, 544930.467646065168083 ], [ 466716.473560574406292, 544885.407551118172705 ], [ 466678.245814776921179, 544882.57655735197477 ], [ 466610.673152953328099, 544877.572066372260451 ], [ 466610.350554157805163, 544878.151085370453075 ], [ 466601.472033651312813, 544894.085835547884926 ], [ 466601.018014263128862, 544894.900820894166827 ], [ 466589.673376120685134, 544915.262292766128667 ], [ 466584.926132383465301, 544923.782636464224197 ], [ 466572.472261502523907, 544946.136164462310262 ], [ 466536.501509029068984, 545024.927249059895985 ], [ 466531.328356083191466, 545036.258499987772666 ], [ 466500.392503842071164, 545090.173557057511061 ], [ 466478.197098290547729, 545128.855610238038935 ], [ 466462.754747341445182, 545155.768628229387105 ], [ 466458.904675686033443, 545163.015543959336355 ], [ 466454.215423853835091, 545171.842070756247267 ], [ 466451.847592127567623, 545176.299031132948585 ], [ 466424.704982732888311, 545227.38942052796483 ], [ 466411.065568901365623, 545253.06278098304756 ], [ 466403.314415134664159, 545267.652645101654343 ], [ 466396.140503926901147, 545281.156174813164398 ], [ 466365.3649803797598, 545344.104406833881512 ], [ 466358.745811776490882, 545357.643167726462707 ], [ 466357.309388211113401, 545360.581057357601821 ], [ 466356.391162117302883, 545362.459412795375101 ], [ 466354.432794026564807, 545366.464912014780566 ], [ 466326.296309520199429, 545424.015170363127254 ], [ 466323.142492100363597, 545430.465852915076539 ], [ 466309.934079490543809, 545457.48243744217325 ], [ 466302.473719885398168, 545472.029766026302241 ], [ 466300.564838446793146, 545475.751695663901046 ], [ 466259.223896005132701, 545556.362661522114649 ], [ 466250.637159840203822, 545573.105989430448972 ], [ 466242.05054002138786, 545589.849208530038595 ], [ 466234.086984814144671, 545589.322165693622082 ], [ 466217.866409627837129, 545590.569988322327845 ], [ 466195.598432990838774, 545601.219581354293041 ], [ 466189.157854440680239, 545604.299740295275114 ], [ 466176.725162048940547, 545610.245657685329206 ], [ 466174.0689580894541, 545609.338724547997117 ], [ 466154.211961591383442, 545602.558912995737046 ], [ 466153.187692150648218, 545600.510721109923907 ], [ 466121.489117979886942, 545587.001048948615789 ], [ 466093.429404026770499, 545575.042235598200932 ], [ 466080.566633987647947, 545571.15941677975934 ], [ 466008.179561311146244, 545549.308762612519786 ], [ 466003.548242383636534, 545547.517328925081529 ], [ 465978.541941225412302, 545537.845428069704212 ], [ 465970.628683023445774, 545533.65340858802665 ], [ 465920.80626527685672, 545507.260545329423621 ], [ 465913.28612054977566, 545503.276821137522347 ], [ 465909.060152020654641, 545501.038130271597765 ], [ 465894.612524609663524, 545493.384661821997724 ], [ 465889.715372754028067, 545490.790472596068867 ], [ 465885.462986274622381, 545489.291058086557314 ], [ 465807.194976343540475, 545461.691119122901 ], [ 465789.739774386980571, 545455.535890288534574 ], [ 465780.812107591540553, 545451.927061458467506 ], [ 465767.983463400625624, 545446.741505002370104 ], [ 465747.559896398568526, 545438.485841576592065 ], [ 465697.653111182095017, 545418.312627336243168 ], [ 465678.482498007477261, 545410.644969305605628 ], [ 465678.129269711091183, 545410.50378130376339 ], [ 465658.871419629838783, 545402.801247647497803 ], [ 465648.598531985946465, 545398.692445293650962 ], [ 465647.292834088671952, 545398.170193352620117 ], [ 465631.760934467019979, 545391.958036620519124 ], [ 465629.078106769593433, 545394.803165474440902 ], [ 465594.546938740531914, 545376.161728446488269 ], [ 465592.488450837496202, 545374.62152913142927 ], [ 465558.60025166667765, 545349.265535827958956 ], [ 465554.768331856641453, 545346.398255366133526 ], [ 465540.911788364581298, 545336.030508863390423 ], [ 465531.357732501230203, 545329.916327514918521 ], [ 465523.008768331841566, 545324.573393244994804 ], [ 465514.65969192457851, 545319.23046041035559 ], [ 465503.681536977761425, 545312.204862919519655 ], [ 465491.295410037215333, 545304.278451734106056 ], [ 465485.941173942701425, 545300.852036425378174 ], [ 465450.108126198581886, 545277.920617746072821 ], [ 465442.945134845213033, 545273.33656823716592 ], [ 465424.609862364595756, 545284.031931856181473 ], [ 465423.060774481215049, 545284.935511589981616 ], [ 465395.922781171335373, 545300.765492385835387 ], [ 465391.774081989715341, 545302.77278481470421 ], [ 465367.229936267249286, 545314.648653446231037 ], [ 465349.934101174818352, 545323.017386458232068 ], [ 465340.664642895571887, 545327.502434683847241 ], [ 465335.185355634777807, 545330.153728128410876 ], [ 465334.464490786660463, 545330.724082901258953 ], [ 465334.396161371318158, 545330.569755891454406 ], [ 465334.099182515987195, 545329.898720746743493 ], [ 465319.404466526699252, 545296.692652709549293 ], [ 465313.450590133143123, 545281.808931408799253 ], [ 465307.496599899313878, 545266.925210847402923 ], [ 465301.542530390201136, 545250.387702519074082 ], [ 465299.557805891730823, 545234.511643122299574 ], [ 465298.2344432589598, 545219.297180358204059 ], [ 465298.234186575922649, 545192.321574138244614 ], [ 465282.409488418430556, 545150.466306550893933 ], [ 465281.694751052826177, 545100.226924974587746 ], [ 465282.300659245694987, 545098.045548774418421 ], [ 465285.002308504888788, 545088.319831774802878 ], [ 465288.971400563255884, 545071.120697066886351 ], [ 465298.894375762552954, 545058.552015158347785 ], [ 465300.940062465320807, 545057.589357357588597 ], [ 465319.454683724849019, 545053.886511212564074 ], [ 465351.208834036136977, 545067.116310310550034 ], [ 465373.039525483211037, 545067.77743354823906 ], [ 465398.177947660908103, 545059.839169199462049 ], [ 465408.709791303845122, 545045.320918982615694 ], [ 465423.925083712500054, 545034.07518149621319 ], [ 465445.094159606378525, 545017.537411092431284 ], [ 465458.986412812722847, 545007.614770755171776 ], [ 465472.931248348439112, 545001.626244034268893 ], [ 465496.749061894137412, 544997.773289769189432 ], [ 465506.31707132194424, 544996.225513660232536 ], [ 465507.976787580351811, 544995.957054828759283 ], [ 465522.626303442637436, 544988.033592210500501 ], [ 465531.093833850696683, 544978.507944767363369 ], [ 465534.499043779622298, 544967.535903415293433 ], [ 465534.965473265561741, 544966.032953796209767 ], [ 465535.8568108388572, 544963.161001539207064 ], [ 465536.91503779188497, 544938.288409360684454 ], [ 465536.914775913464837, 544912.35761209228076 ], [ 465533.738925033074338, 544865.787955604260787 ], [ 465537.231773535721004, 544856.659071979578584 ], [ 465537.49631338060135, 544851.896240968140773 ], [ 465537.496252172160894, 544847.13348676241003 ], [ 465534.58533629210433, 544840.783034463180229 ], [ 465528.499125304457266, 544836.814052156405523 ], [ 465522.942313781008124, 544833.903539976105094 ], [ 465516.062218366772868, 544832.316001108032651 ], [ 465505.212981157004833, 544832.580798498471268 ], [ 465485.102191615849733, 544836.02084799867589 ], [ 465475.840706489922013, 544838.666843072045594 ], [ 465466.049898210098036, 544840.519220403279178 ], [ 465458.768837848620024, 544840.907562306732871 ], [ 465446.203680118254852, 544841.57777634751983 ], [ 465416.413340755214449, 544841.246173528139479 ], [ 465407.514252805383876, 544838.283973676967435 ], [ 465404.156051679863594, 544837.250738980132155 ], [ 465396.5061099184677, 544834.897193702403456 ], [ 465390.578868448152207, 544832.357085184310563 ], [ 465385.286460240487941, 544826.853309152880684 ], [ 465384.478110386407934, 544825.802669837605208 ], [ 465381.052456471603364, 544821.349776018760167 ], [ 465375.259301830141339, 544809.764331759419292 ], [ 465374.278207242954522, 544807.80226918135304 ], [ 465371.314491670927964, 544800.816777648753487 ], [ 465370.679753256496042, 544797.553223345195875 ], [ 465369.832511471118778, 544793.196362782735378 ], [ 465369.620723203057423, 544787.05753715580795 ], [ 465370.890770683530718, 544777.320239631226286 ], [ 465372.607933028950356, 544767.329054312431253 ], [ 465373.209160209749825, 544763.831287825363688 ], [ 465373.219274186471011, 544763.77256037062034 ], [ 465375.971038991876412, 544747.473243156913668 ], [ 465377.949695937044453, 544739.162863974110223 ], [ 465389.375908865011297, 544723.928497676854022 ], [ 465404.549275134457275, 544711.487152234883979 ], [ 465407.088412027282175, 544709.897025504033081 ], [ 465425.506648587412201, 544698.362715508439578 ], [ 465464.669563599629328, 544678.676013944670558 ], [ 465481.826509095611982, 544670.86035394272767 ], [ 465483.721825846820138, 544669.996894896379672 ], [ 465489.424487302079797, 544667.310187477851287 ], [ 465505.737829975550994, 544659.62429674831219 ], [ 465513.358746502781287, 544656.660767455236055 ], [ 465518.200833544251509, 544656.487811385653913 ], [ 465519.286039431812242, 544656.449001646600664 ], [ 465526.060204790090211, 544656.660616847337224 ], [ 465533.046113278367557, 544661.105801798403263 ], [ 465534.474768805608619, 544663.135891457903199 ], [ 465537.06831579899881, 544666.821155801764689 ], [ 465541.937295002688188, 544674.229951058747247 ], [ 465545.429355123720597, 544680.650102799758315 ], [ 465548.49995346571086, 544686.2956890972564 ], [ 465550.616990982613061, 544695.186271760147065 ], [ 465552.094145930255763, 544701.016777146491222 ], [ 465554.639314565982204, 544711.062220248393714 ], [ 465557.826201827439945, 544718.497752350638621 ], [ 465558.449934520584065, 544719.952821129700169 ], [ 465561.241755378083326, 544725.070897292927839 ], [ 465563.530543986707926, 544729.26672495494131 ], [ 465571.363322783145122, 544741.332451795344241 ], [ 465585.970318384876009, 544756.36158158921171 ], [ 465588.322332127543632, 544758.649897553492337 ], [ 465593.80303575261496, 544763.98204535455443 ], [ 465602.059030068456195, 544769.485738818068057 ], [ 465608.621578305610456, 544770.96735345502384 ], [ 465615.81902821798576, 544770.967244140221737 ], [ 465621.95813603134593, 544770.120476229814813 ], [ 465623.525835642125458, 544769.438833289081231 ], [ 465626.826987970795017, 544768.003661291557364 ], [ 465634.720068521914072, 544763.414811737253331 ], [ 465635.929762799059972, 544762.711526314960793 ], [ 465638.338705335103441, 544759.799247610731982 ], [ 465650.112980306323152, 544745.565265777520835 ], [ 465670.01178797823377, 544715.718025049660355 ], [ 465679.116491802851669, 544699.052306565223262 ], [ 465682.501500851416495, 544692.856427239603363 ], [ 465708.115861643804237, 544652.848453597165644 ], [ 465712.467335004592314, 544645.872387468465604 ], [ 465721.452231936040334, 544631.468542527407408 ], [ 465732.371916108066216, 544619.878922947100364 ], [ 465741.104141124698799, 544608.765583776286803 ], [ 465749.307137218536809, 544598.710688826628029 ], [ 465753.857646029733587, 544593.764703078195453 ], [ 465755.393197442404926, 544592.095570017700084 ], [ 465756.889888381410856, 544590.735104974242859 ], [ 465767.036212356993929, 544581.511435047723353 ], [ 465772.063797366688959, 544575.425655617844313 ], [ 465772.811687534675002, 544572.134806183748879 ], [ 465773.386801601445768, 544569.604344913735986 ], [ 465772.3283041480463, 544558.491151664406061 ], [ 465770.211309848586097, 544550.553134012036026 ], [ 465765.448094762163237, 544541.556695662089624 ], [ 465759.446259029384237, 544534.055011463817209 ], [ 465758.038663673447445, 544532.295832178671844 ], [ 465747.705715401039924, 544522.924783655442297 ], [ 465746.660104085807689, 544521.976485402090475 ], [ 465741.830782387289219, 544516.307575533981435 ], [ 465740.573956628213637, 544514.832381528103724 ], [ 465736.869206182891503, 544508.746441617724486 ], [ 465735.324917100660969, 544503.650590189732611 ], [ 465737.6078724747058, 544488.430048182141036 ], [ 465738.985904612345621, 544485.197032722760923 ], [ 465743.748893415788189, 544479.111105356016196 ], [ 465749.305822915455792, 544475.406715075718239 ], [ 465766.883589335309807, 544467.139680520864204 ], [ 465779.471912931941915, 544461.911696718656458 ], [ 465779.635697570280172, 544461.864583292161115 ], [ 465800.641192683426198, 544455.825636071152985 ], [ 465815.459503871737979, 544452.650308052776381 ], [ 465818.314677682996262, 544452.269662903505377 ], [ 465824.315984326472972, 544451.469353793887421 ], [ 465831.336531144275796, 544450.533417297527194 ], [ 465854.73905007482972, 544449.400760720018297 ], [ 465864.148870376637205, 544448.945411078864709 ], [ 465893.747729164897464, 544449.180004975874908 ], [ 465897.490390151389875, 544449.209673703066073 ], [ 465916.542750027205329, 544450.532520457403734 ], [ 465923.687364735989831, 544449.738500535255298 ], [ 465927.265524033689871, 544448.475778286578134 ], [ 465932.684302260633558, 544446.563302370719612 ], [ 465941.681094772939105, 544443.652623458881862 ], [ 465942.538372147886548, 544443.485815642168745 ], [ 465951.207393508870155, 544441.800309232436121 ], [ 465954.010212163906544, 544442.005362695315853 ], [ 465962.056572333909571, 544442.594015806331299 ], [ 465969.308647814206779, 544443.766999542945996 ], [ 465980.05041404243093, 544445.504400277510285 ], [ 466002.278272169351112, 544448.150191942113452 ], [ 466022.389053260092624, 544454.235755523666739 ], [ 466047.52769769995939, 544462.17353386466857 ], [ 466071.078529213205911, 544469.05292409309186 ], [ 466094.894026893831324, 544473.021675260737538 ], [ 466111.045696014945861, 544474.381451338878833 ], [ 466112.412836742470972, 544474.496502429130487 ], [ 466115.573024988290854, 544474.762579877860844 ], [ 466117.779878523375373, 544475.009968837723136 ], [ 466117.889197110489476, 544473.947510287282057 ], [ 466118.054655530198943, 544472.339832524652593 ], [ 466118.249828316562343, 544470.443177560344338 ], [ 466118.298622249567416, 544469.970064367284067 ], [ 466118.461887382902205, 544468.383177966810763 ], [ 466118.509254882694222, 544467.922451199847274 ], [ 466118.563092703057919, 544467.400456280447543 ], [ 466118.628271059249528, 544466.835989129613154 ], [ 466118.672931090579368, 544466.450350926839747 ], [ 466118.690968503069598, 544466.354904200765304 ], [ 466118.890369908709545, 544465.299792098463513 ], [ 466118.91456633573398, 544465.1716081679333 ], [ 466118.950750545714982, 544464.979277048143558 ], [ 466118.984736058511771, 544464.79999639512971 ], [ 466119.009152338607237, 544464.670485302689485 ], [ 466119.183147589908913, 544463.750082443701103 ], [ 466120.041333322587889, 544460.764375133556314 ], [ 466121.314902303915005, 544456.334149047499523 ], [ 466123.490029892593157, 544447.633639498613775 ], [ 466126.913988844666164, 544431.788079286227003 ], [ 466128.029721504484769, 544425.798615470062941 ], [ 466128.816618178156205, 544421.574083194835111 ], [ 466129.167559862020425, 544419.690037135733292 ], [ 466129.663673391565681, 544417.026713798404671 ], [ 466132.423698450846132, 544402.210823422065005 ], [ 466133.2349012477207, 544397.855785020627081 ], [ 466134.193149560014717, 544393.351576852845028 ], [ 466136.414978654880542, 544382.907122992910445 ], [ 466142.865914231922943, 544352.582771359244362 ], [ 466143.715157764439937, 544347.368467620224692 ], [ 466146.776436586340424, 544328.571448832284659 ], [ 466147.06651958078146, 544323.461040844209492 ], [ 466147.416420095600188, 544313.250337584991939 ], [ 466147.306473912962247, 544309.760155649390072 ], [ 466146.97643791459268, 544299.799513730453327 ], [ 466146.786370599467773, 544293.959141626372002 ], [ 466146.376282044977415, 544281.588262325734831 ], [ 466146.054852227680385, 544271.62175356503576 ], [ 466146.016379043867346, 544270.42758160608355 ], [ 466145.766306671488564, 544263.0671609636629 ], [ 466145.463135214929935, 544255.069369966629893 ], [ 466145.326168424682692, 544251.45634785934817 ], [ 466145.106235829298384, 544244.735967615968548 ], [ 466142.071843280864414, 544227.592440727516077 ], [ 466141.675754038966261, 544225.354602669482119 ], [ 466140.465598075359594, 544217.644187259487808 ], [ 466139.535540669749025, 544208.403534241952002 ], [ 466139.380087743513286, 544207.575256156502292 ], [ 466137.995412161690183, 544200.193065480096266 ], [ 466137.73531831492437, 544192.392526908661239 ], [ 466138.115378016373143, 544182.531802077777684 ], [ 466139.263974906294607, 544178.707002090406604 ], [ 466144.296151345944963, 544161.950551475980319 ], [ 466152.227158802154008, 544140.409210020210594 ], [ 466161.541645153600257, 544120.230080271023326 ], [ 466170.856249831733294, 544100.050952690304257 ], [ 466172.004565811657812, 544097.563116756500676 ], [ 466175.769936624041293, 544089.405692039174028 ], [ 466198.532678864954505, 544053.413536798208952 ], [ 466199.912925311771687, 544049.173223804682493 ], [ 466201.493151803617366, 544045.182913494063541 ], [ 466201.583126801415347, 544040.102613906259649 ], [ 466201.343088348978199, 544032.872123410343193 ], [ 466197.852649600419682, 544015.520902450196445 ], [ 466188.511546284717042, 543976.578422424732707 ], [ 466186.143040573515464, 543965.967856111819856 ], [ 466181.220656172255985, 543943.916254797251895 ], [ 466174.799829219933599, 543920.75487644248642 ], [ 466169.805952771333978, 543907.517437595874071 ], [ 466160.035398960637394, 543881.617890468565747 ], [ 466159.157944350445177, 543879.292140722856857 ], [ 466152.957294491759967, 543860.370851692045107 ], [ 466146.986434582388029, 543843.299808701151051 ], [ 466154.669299901172053, 543839.017295804922469 ], [ 466159.347943047992885, 543836.409345973283052 ], [ 466320.177505723084323, 543740.513101271470077 ], [ 466325.256645609100815, 543737.398305230541155 ], [ 466337.983297767292242, 543729.593438330804929 ], [ 466347.585006429173518, 543723.705055492464453 ], [ 466354.278374979330692, 543719.600193629623391 ], [ 466403.69462261168519, 543689.29501028964296 ], [ 466416.710291068884544, 543681.312920463969931 ], [ 466419.300956407038029, 543679.724252419197001 ], [ 466430.560829367488623, 543672.818696831935085 ], [ 466434.225705159653444, 543671.221880379947834 ], [ 466447.311346055008471, 543629.057972812093794 ], [ 466453.849549439793918, 543607.991174155729823 ], [ 466462.316051538917236, 543569.892097794334404 ], [ 466482.022819660371169, 543481.212294482509606 ], [ 466483.517595541488845, 543446.329715545522049 ], [ 466485.742161289555952, 543394.412257070187479 ], [ 466486.248027050227392, 543382.606501234811731 ], [ 466443.986023047473282, 543368.520400090608746 ], [ 466356.644298276514746, 543340.348147663637064 ], [ 466344.241116035729647, 543336.347592835430987 ], [ 466269.302688499737997, 543312.176157094538212 ], [ 466222.813878147106152, 543253.013209099997766 ], [ 466222.813180899538565, 543193.849699642742053 ], [ 466230.141840596974362, 543156.159871303709224 ], [ 466242.534501862013713, 543092.426629652152769 ], [ 466246.489695885567926, 543081.026538069476373 ], [ 466279.03528745751828, 542987.220829626196064 ], [ 466290.429938622983173, 542954.378203602856956 ], [ 466284.488072151783854, 542925.662619645474479 ], [ 466273.524317199189682, 542872.67641001031734 ], [ 466217.5998863040586, 542818.056699220556766 ], [ 466212.948201602674089, 542813.513586742221378 ], [ 466200.253273213282228, 542797.646040603402071 ], [ 466192.572759274509735, 542788.046247490798123 ], [ 466188.607648864272051, 542783.090293116401881 ], [ 466184.773245905817021, 542778.297691756626591 ], [ 466181.298925178940408, 542773.955028998316266 ], [ 466180.054821065277793, 542772.400083516258746 ], [ 466169.569870493549388, 542759.294841533643194 ], [ 466159.303130213287659, 542746.462593040894717 ], [ 466156.598250107781496, 542743.081590596120805 ], [ 466096.301117604132742, 542682.789201731095091 ], [ 466093.391778105811682, 542679.880096499109641 ], [ 466085.490847155160736, 542671.979707820573822 ], [ 466081.085520066379104, 542667.574776477762498 ], [ 466069.256045138230547, 542655.746187679702416 ], [ 466040.196947896154597, 542594.000746144563891 ], [ 466027.607816205127165, 542567.251136446837336 ], [ 466024.175570141582284, 542559.95818069705274 ], [ 465998.568732793035451, 542497.775430497014895 ], [ 465984.730087305651978, 542464.170264341519214 ], [ 465963.695437646878418, 542398.32843279838562 ], [ 465960.214956307027023, 542387.434121496044099 ], [ 465952.328301014611498, 542362.747624792391434 ], [ 465931.703209591680206, 542293.378771383198909 ], [ 465930.48026249621762, 542289.266006086487323 ], [ 465929.577879238233436, 542286.230659364606254 ], [ 465928.08416113461135, 542281.20664876466617 ], [ 465921.335039984376635, 542258.507554688840173 ], [ 465881.889596770575736, 542159.902362147695385 ], [ 465832.236951761879027, 542013.715900424867868 ], [ 465833.29146253503859, 542010.903893002774566 ], [ 465779.000723749340978, 541862.66165002330672 ], [ 465769.977525935682934, 541834.553619416314177 ], [ 465767.702059108123649, 541827.465113374171779 ], [ 465765.408803520607762, 541826.655807396164164 ], [ 465736.351652653305791, 541737.555113183218054 ], [ 465730.321147049893625, 541714.360786016681232 ], [ 465710.403914042806718, 541637.755008299951442 ], [ 465708.830510411178693, 541631.715012965491042 ], [ 465687.960693693312351, 541595.470129271969199 ], [ 465668.608213136321865, 541561.860733959707431 ], [ 465644.03875528665958, 541554.981978689902462 ], [ 465620.071066151664127, 541548.271673923125491 ], [ 465609.734981519170105, 541545.377884092391469 ], [ 465599.398895581660327, 541542.484096383326687 ], [ 465562.761645782971755, 541532.226686966256239 ], [ 465512.369409356149845, 541515.603946137591265 ], [ 465509.645969238772523, 541514.70560302643571 ], [ 465500.36005786259193, 541511.642453542444855 ], [ 465460.090249982546084, 541498.358673564624041 ], [ 465372.734972974052653, 541476.522073353175074 ], [ 465341.542223410564475, 541468.72478168446105 ], [ 465242.046282078546938, 541441.207244883175008 ], [ 465133.024347784463316, 541407.339437271934003 ], [ 465057.410047528916039, 541374.690604249364696 ], [ 465039.879217078094371, 541367.121158023132011 ], [ 464993.306702674133703, 541347.011916295392439 ], [ 464946.734038324037101, 541326.902717199991457 ], [ 464883.225780553126242, 541284.567245269194245 ], [ 464890.797608057910111, 541263.284857450984418 ], [ 464892.020761783642229, 541259.846690972452052 ], [ 464893.574928865768015, 541259.851988724665716 ], [ 464893.592506997520104, 541255.428830131306313 ], [ 464922.387801134842448, 541174.492835127748549 ], [ 464945.673332990903873, 541108.871523103793152 ], [ 464883.420805531262886, 541036.583862072788179 ], [ 464880.047789943579119, 541032.667181534692645 ], [ 464834.157583931519184, 540983.381390033522621 ], [ 464822.890129227307625, 540971.280416255816817 ], [ 464744.562979548878502, 540884.491969163529575 ], [ 464744.390146228659432, 540883.641148509224877 ], [ 464730.802330363017973, 540816.754374667303637 ], [ 464720.217153630102985, 540758.542315688449889 ], [ 464709.6318443804048, 540700.330148776527494 ], [ 464696.929082243412267, 540577.555498406291008 ], [ 464695.666715180559549, 540563.987731967004947 ], [ 464692.063524902332574, 540525.2603288537357 ], [ 464688.460440624097828, 540486.532815710408613 ], [ 464671.240987438533921, 540388.869681143551134 ], [ 464669.208975193381775, 540380.742216950980946 ], [ 464600.60619134909939, 540310.838789718574844 ], [ 464537.09753267018823, 540234.634434543200769 ], [ 464514.546416908502579, 540216.916836179210804 ], [ 464448.186041531444062, 540164.780755993560888 ], [ 464375.151259673060849, 540092.810040499549359 ], [ 464286.23961946379859, 540012.372292592888698 ], [ 464281.263257859856822, 540007.534546806709841 ], [ 464210.029501544428058, 539938.284664758713916 ], [ 464191.39303449, 539903.080984334112145 ], [ 464171.926955628325231, 539866.310607455670834 ], [ 464212.226769741042517, 539824.951742973644286 ], [ 464252.369338889606297, 539783.754261558991857 ], [ 464277.022212271287572, 539756.671794509282336 ], [ 464296.320249503711239, 539735.471898451447487 ], [ 464327.519298460218124, 539701.198044733377174 ], [ 464355.38737941387808, 539672.66739223501645 ], [ 464377.925582078576554, 539649.593205604585819 ], [ 464380.902075507561676, 539646.545885381055996 ], [ 464390.240728329110425, 539636.985288615804166 ], [ 464397.017464817094151, 539630.047510668635368 ], [ 464400.473183017747942, 539626.509623920195736 ], [ 464408.449854015430901, 539618.343270486220717 ], [ 464416.426527734845877, 539610.177029065322131 ], [ 464420.923885486146901, 539598.291495636221953 ], [ 464434.093889744835906, 539563.485966949374415 ], [ 464446.062631028704345, 539531.855300921131857 ], [ 464458.656137354962993, 539473.731542831752449 ], [ 464471.594298104697373, 539414.017119663301855 ], [ 464473.581266424618661, 539404.846595337614417 ], [ 464479.357155551784672, 539396.692910226294771 ], [ 464497.290756758244243, 539371.375941744539887 ], [ 464525.512832727341447, 539331.534821602283046 ], [ 464527.562539791280869, 539328.64123118063435 ], [ 464532.210114213870838, 539329.591765951132402 ], [ 464544.07787478773389, 539332.019014593330212 ], [ 464550.745090874610469, 539333.382559179794043 ], [ 464620.706999987130985, 539347.691236847778782 ], [ 464625.893121329019777, 539349.274706712341867 ], [ 464668.808656890876591, 539360.686437026364729 ], [ 464707.501192722877022, 539370.975277776247822 ], [ 464787.441000034625176, 539396.319709412986413 ], [ 464794.295468759548385, 539398.492848475347273 ], [ 464800.53613843023777, 539399.478092627832666 ], [ 464826.65186000947142, 539403.601044772309251 ], [ 464874.738927940838039, 539411.192870136233978 ], [ 464885.739123977604322, 539401.76443682378158 ], [ 464904.378120859328192, 539385.787605025921948 ], [ 464910.188702543266118, 539373.409415197442286 ], [ 464922.115881100180559, 539348.001147043891251 ], [ 464926.099252724612597, 539339.515168923069723 ], [ 464928.675614231615327, 539334.027027033502236 ], [ 464930.88501103152521, 539329.320424526580609 ], [ 464936.189637326868251, 539318.019910900038667 ], [ 464942.421876586449798, 539304.743481393088587 ], [ 464942.943388583895285, 539303.632291144924238 ], [ 464953.06917244172655, 539282.060598593903705 ], [ 464991.172891967697069, 539182.570171319646761 ], [ 465034.568984108453151, 539095.78079074586276 ], [ 465076.906592503772117, 539008.991216773749329 ], [ 465090.616723631042987, 538987.157355293515138 ], [ 465105.484662084258161, 538963.479569699382409 ], [ 465134.062675019609742, 538917.967942306306213 ], [ 465126.688658267608844, 538881.102142713498324 ], [ 465126.121936980052851, 538878.268608405021951 ], [ 465115.009426956996322, 538822.711900105932727 ], [ 465091.515777659020387, 538781.481545432005078 ], [ 465067.449822281021625, 538739.246620786027052 ], [ 465063.143719777348451, 538731.689720717957243 ], [ 465021.779387081274763, 538709.039636682951823 ], [ 464974.232384635892231, 538683.004047132562846 ], [ 464962.886835787503514, 538678.142030024784617 ], [ 464914.958177893306129, 538657.603016777895391 ], [ 464855.684017977444455, 538632.201833883998916 ], [ 464786.597591171914246, 538599.479467813158408 ], [ 464775.240370617597364, 538594.10018838441465 ], [ 464747.720332877128385, 538583.516385480412282 ], [ 464670.452514725388028, 538585.634042059886269 ], [ 464605.346705923962872, 538598.235149492044002 ], [ 464604.827996709384024, 538598.335602411651053 ], [ 464588.708577183890156, 538602.03212039382197 ], [ 464549.788037778460421, 538608.920098005910404 ], [ 464492.631175547838211, 538630.088865559198894 ], [ 464429.123825789196417, 538666.075158510473557 ], [ 464369.956691980711184, 538702.197056840406731 ], [ 464328.570426785503514, 538727.46365296561271 ], [ 464327.627290317497682, 538728.264525655191392 ], [ 464258.712504602852277, 538786.734857009490952 ], [ 464202.492459031287581, 538834.009222341119312 ], [ 464176.303285452886485, 538856.031273446045816 ], [ 464165.568645963561721, 538865.057806372293271 ], [ 464067.750955207506195, 538940.913700394099578 ], [ 464061.840197236917447, 538945.497432690579444 ], [ 463991.979579249629751, 539002.655232406104915 ], [ 463966.459100780892186, 539027.273761310148984 ], [ 463902.011081198987085, 539089.445147659745999 ], [ 463832.15315097180428, 539159.300579153816216 ], [ 463784.764932531921659, 539209.117029426968656 ], [ 463749.593801991140936, 539246.09042331436649 ], [ 463747.924360197328497, 539247.793880537850782 ], [ 463696.895075015665498, 539299.862953288829885 ], [ 463645.865676650078967, 539351.931974169332534 ], [ 463585.979147164616734, 539403.261964089237154 ], [ 463571.770883647142909, 539415.440104965819046 ], [ 463496.620043414295651, 539409.090427880524658 ], [ 463490.580479056807235, 539407.495104320929386 ], [ 463396.728058794862591, 539382.706541020073928 ], [ 463384.422549291630276, 539379.456372112734243 ], [ 463327.883601461246144, 539360.611514516058378 ], [ 463289.160719009232707, 539347.705018155509606 ], [ 463230.907931976602413, 539323.553507659700699 ], [ 463202.366327343683224, 539311.72029192361515 ], [ 463168.495210647408385, 539288.435672285035253 ], [ 463118.445868539973162, 539253.710251744370908 ], [ 463064.765223000082187, 539216.465408672927879 ], [ 462995.406434738019016, 539163.924933253671043 ], [ 462994.228914617560804, 539165.270637315348722 ], [ 462991.057561736088246, 539162.105565550853498 ], [ 462905.50887906801654, 539108.245776330702938 ], [ 462896.761235903017223, 539103.760239761555567 ], [ 462873.46252669749083, 539091.813096950529143 ], [ 462829.696321682422422, 539069.370769632281736 ], [ 462793.980060281988699, 539051.056233435636386 ], [ 462781.938713003066368, 539044.881607420160435 ], [ 462774.94587702001445, 539041.551913811359555 ], [ 462752.607935901614837, 539030.915626029367559 ], [ 462753.285415180318523, 539029.387500062934123 ], [ 462746.773151266854256, 539027.216921613668092 ], [ 462733.690866798744537, 539022.856458854512312 ], [ 462717.587330771842971, 539017.489103801897727 ], [ 462636.085194430954289, 538983.621209690114483 ], [ 462602.515998773218598, 538976.162006182712503 ], [ 462578.928158618218731, 538970.920717944391072 ], [ 462567.048623697191942, 538973.440599661204033 ], [ 462547.027382110594772, 538977.687503139837645 ], [ 462537.545171009725891, 538979.698974810307845 ], [ 462509.069621033384465, 538985.739284028764814 ], [ 462507.373994412482716, 538986.942521107615903 ], [ 462507.315623447066173, 538986.983924257918261 ], [ 462495.87535996036604, 538995.102592868264765 ], [ 462461.781785573810339, 539019.29720994620584 ], [ 462443.445390155073255, 539032.309771385393105 ], [ 462441.941491237841547, 539033.312153504579328 ], [ 462392.641804805956781, 539066.177663929760456 ], [ 462377.821432926575653, 539097.931268593179993 ], [ 462377.113324126752559, 539099.524226248380728 ], [ 462374.43016524676932, 539098.861672870232724 ], [ 462363.328900019987486, 539097.221489259973168 ], [ 462357.628116052306723, 539096.25139538187068 ], [ 462350.306521109014284, 539095.995925985393114 ], [ 462349.11260518420022, 539095.954267592635006 ], [ 462334.98544629861135, 539095.461403662571684 ], [ 462322.469264306477271, 539092.951132379588671 ], [ 462313.892931695736479, 539091.23116862308234 ], [ 462309.272284114209469, 539103.291840921272524 ], [ 462297.430850185279269, 539125.733308922266588 ], [ 462292.580284515046515, 539132.103821364464238 ], [ 462292.433226003195159, 539132.386366862338036 ], [ 462287.78974693728378, 539141.30447338335216 ], [ 462277.518442397529725, 539158.695458574686199 ], [ 462272.637896210944746, 539168.996164171374403 ], [ 462262.156633320497349, 539188.987484660116024 ], [ 462257.576079461723566, 539195.447919659665786 ], [ 462247.874870929634199, 539208.198685885290615 ], [ 462242.314187165175099, 539214.099103848682716 ], [ 462234.843205727054738, 539220.399650297826156 ], [ 462227.982473482610658, 539224.339857733924873 ], [ 462205.239769519423135, 539237.360554011771455 ], [ 462201.94930880976608, 539239.7207488497952 ], [ 462198.328912281664088, 539245.301083109807223 ], [ 462194.508422823564615, 539253.541789351031184 ], [ 462192.42824037297396, 539256.691840571118519 ], [ 462189.777781846642029, 539260.202173157478683 ], [ 462185.227297740988433, 539267.982638158486225 ], [ 462180.066713337029796, 539274.873038355610333 ], [ 462177.58305631915573, 539277.932280012406409 ], [ 462169.755535009375308, 539287.573866009712219 ], [ 462162.414499527658336, 539294.854322952101938 ], [ 462153.78351723094238, 539301.964923914871179 ], [ 462149.852994238084648, 539309.665182886295952 ], [ 462145.342480448482092, 539318.295904589002021 ], [ 462144.716230953927152, 539322.230095290578902 ], [ 462143.962314726493787, 539326.96645301557146 ], [ 462127.170300231431611, 539345.557705964776687 ], [ 462121.979621213511564, 539353.628182298853062 ], [ 462116.278986834397074, 539361.10864335030783 ], [ 462109.391014227992855, 539368.905851733754389 ], [ 462107.797995168366469, 539370.709276467212476 ], [ 462100.937131846672855, 539376.43964322458487 ], [ 462095.226421142113395, 539383.159957822645083 ], [ 462092.706059103948064, 539389.850602568592876 ], [ 462091.24589248385746, 539392.560717096901499 ], [ 462085.235190354753286, 539397.950934915221296 ], [ 462076.204049408494029, 539401.371328025823459 ], [ 462070.123314666096121, 539401.571324067190289 ], [ 462061.342252371250652, 539401.021215429413132 ], [ 462057.281829889747314, 539400.901277272962034 ], [ 462054.311444513557944, 539401.841331760049798 ], [ 462049.700908232247457, 539406.16156183113344 ], [ 462042.680116910778452, 539414.64207358576823 ], [ 462035.059163878730033, 539420.382438406581059 ], [ 462014.776773088146001, 539435.253502725274302 ], [ 462002.725184329145122, 539442.093860818538815 ], [ 461985.373087953717913, 539450.434538669884205 ], [ 461971.836881421506405, 539455.057511824765243 ], [ 461969.151096668676473, 539455.974791702697985 ], [ 461961.620228476007469, 539460.555068458546884 ], [ 461956.548825799254701, 539461.944404974929057 ], [ 461952.239027911040466, 539463.125252276309766 ], [ 461948.088594185595866, 539464.235312837641686 ], [ 461941.977843602828216, 539469.135627587209456 ], [ 461927.215997819264885, 539479.616335908649489 ], [ 461910.344075972330756, 539493.377294766716659 ], [ 461906.00353766803164, 539501.167799937305972 ], [ 461904.033284463337623, 539509.498327095061541 ], [ 461903.173141127044801, 539519.428922079736367 ], [ 461901.692944655776955, 539526.889543433091603 ], [ 461899.582709244452417, 539529.969632184365764 ], [ 461891.921812662854791, 539536.119988411315717 ], [ 461883.510828683618456, 539541.100282639963552 ], [ 461867.788934747921303, 539548.410859797731973 ], [ 461859.327896664151922, 539548.080823365366086 ], [ 461836.275108301080763, 539547.500835377140902 ], [ 461824.593649984977674, 539546.990626720828004 ], [ 461818.482930672937073, 539548.500882138148881 ], [ 461811.232123691763263, 539551.171061746659689 ], [ 461797.820439716335386, 539554.311271975981072 ], [ 461787.569167045119684, 539555.711188084678724 ], [ 461778.968077323341276, 539558.131509120692499 ], [ 461773.467419189575594, 539561.603615107131191 ], [ 461769.746980004827492, 539563.951901470078155 ], [ 461762.796140156511683, 539569.882214980665594 ], [ 461749.944570926425513, 539578.172802955261432 ], [ 461738.963185371016152, 539584.473184432950802 ], [ 461734.680217309680302, 539587.617788803181611 ], [ 461714.800288483616896, 539602.214421252952889 ], [ 461707.689481284993235, 539605.024507301975973 ], [ 461687.667025277914945, 539609.714888322399929 ], [ 461682.666384654236026, 539612.764955821912736 ], [ 461673.335323246836197, 539616.575249461922795 ], [ 461664.174270205607172, 539625.595818753470667 ], [ 461655.993210622109473, 539637.816710963263176 ], [ 461655.838502584665548, 539659.644209138117731 ], [ 461655.803099099837709, 539664.628387981560081 ], [ 461655.213168446789496, 539680.779485361417755 ], [ 461654.514898833003826, 539683.901056225644425 ], [ 461653.302856591995806, 539689.31997842551209 ], [ 461647.532113916473463, 539693.410256888251752 ], [ 461640.00133186916355, 539699.710616552038118 ], [ 461631.720360101084225, 539704.150981517741457 ], [ 461625.209449462417979, 539705.361006912542507 ], [ 461617.288496264023706, 539705.291016622679308 ], [ 461606.257205154164694, 539704.341000090935268 ], [ 461589.625086063984782, 539701.99073128553573 ], [ 461585.024583611579146, 539701.700845668325201 ], [ 461575.683542717073578, 539699.510744196246378 ], [ 461561.261779165652115, 539697.060442469199188 ], [ 461532.538155007816385, 539695.130387456505559 ], [ 461508.235397668497171, 539685.179725370369852 ], [ 461500.424360588542186, 539684.779683336149901 ], [ 461480.982089656230528, 539684.249666384537704 ], [ 461480.236311703338288, 539684.22072641865816 ], [ 461455.008810493687633, 539683.23954789491836 ], [ 461438.546578266948927, 539682.289084407151677 ], [ 461419.154624619637616, 539681.169415777432732 ], [ 461399.692280738789123, 539680.52941498416476 ], [ 461385.680517962959129, 539681.009439934277907 ], [ 461380.249852793873288, 539683.869562270934694 ], [ 461375.246612254355568, 539688.211622639326379 ], [ 461374.649202123051509, 539688.729960463475436 ], [ 461368.578396824887022, 539692.24016177887097 ], [ 461358.687231260875706, 539698.610657033976167 ], [ 461348.685768023889977, 539704.828303056769073 ], [ 461344.595449734071735, 539707.371101064491086 ], [ 461341.165016753831878, 539708.821357300970703 ], [ 461334.054195682052523, 539709.191231450997293 ], [ 461322.64278845814988, 539708.661245990311727 ], [ 461315.501859900250565, 539708.232173743075691 ], [ 461299.169989822315983, 539707.251132765435614 ], [ 461286.818535733968019, 539705.481029351241887 ], [ 461278.077467179682571, 539703.660967715783045 ], [ 461262.815664861584082, 539701.37076834985055 ], [ 461246.113632644643076, 539699.570606290129945 ], [ 461235.782397624745499, 539700.040797497611493 ], [ 461230.011638490541372, 539703.090858244337142 ], [ 461227.573690792080015, 539704.518994712387212 ], [ 461222.997945829003584, 539707.199311825330369 ], [ 461213.10965509340167, 539712.991478177485988 ], [ 461206.00876188284019, 539718.371835514786653 ], [ 461198.50786980020348, 539722.4721633909503 ], [ 461188.396663588762749, 539726.562395017244853 ], [ 461176.615313195448834, 539730.502561465487815 ], [ 461166.593930405098945, 539732.862853374099359 ], [ 461160.79326356225647, 539732.572852321201935 ], [ 461134.950151597440708, 539730.302689581993036 ], [ 461128.729352127294987, 539727.572425567777827 ], [ 461113.357569542247802, 539719.551981543074362 ], [ 461100.105926116113551, 539715.861675472697243 ], [ 461100.766000786446966, 539703.050822209799662 ], [ 461101.386072118999436, 539679.339355152565986 ], [ 461100.065906152245589, 539673.778997846529819 ], [ 461097.845669277186971, 539670.0587067916058 ], [ 461092.434941149083897, 539666.028436245396733 ], [ 461082.883899010717869, 539660.518072607461363 ], [ 461076.52305582590634, 539655.50778409128543 ], [ 461072.812591972469818, 539650.767429504543543 ], [ 461066.411859192769043, 539641.406779687618837 ], [ 461062.001356267370284, 539633.486350459977984 ], [ 461058.800842247263063, 539625.42584511754103 ], [ 461049.589791971084196, 539601.674304223619401 ], [ 461047.679564438643865, 539599.774210912873968 ], [ 461045.759449261648115, 539594.183810205897316 ], [ 461042.448945372074377, 539587.063361441367306 ], [ 461038.208383988530841, 539579.752893730881624 ], [ 461025.356870175863151, 539559.221595528768376 ], [ 461016.855939447530545, 539547.610788901802152 ], [ 461015.036639624042436, 539545.383626068942249 ], [ 461009.495084709720686, 539538.600245546898805 ], [ 461002.544146144879051, 539531.949803320574574 ], [ 460997.933526809094474, 539529.239616552484222 ], [ 460986.882193755009212, 539520.379089549300261 ], [ 460978.111171641096007, 539511.498503536218777 ], [ 460976.470985464344267, 539509.468371627735905 ], [ 460972.990522955486085, 539507.018156407750212 ], [ 460957.978700695559382, 539490.587076535564847 ], [ 460955.428454991488252, 539488.666927407844923 ], [ 460939.976507095212582, 539475.076123720267788 ], [ 460935.806052082043607, 539469.045623739715666 ], [ 460927.225141141563654, 539457.694879082613625 ], [ 460923.464625166147016, 539451.554574725450948 ], [ 460921.654437899414916, 539442.6239962100517 ], [ 460921.070989050960634, 539438.217226302600466 ], [ 460919.434154187154491, 539425.852971421787515 ], [ 460919.294081829080824, 539416.882246844121255 ], [ 460919.343006465001963, 539407.899207387701608 ], [ 460919.404178784810938, 539396.690976808196865 ], [ 460918.393993923498783, 539383.790219598682597 ], [ 460916.942145864246413, 539379.128359921392985 ], [ 460916.783756406977773, 539378.619797438150272 ], [ 460912.773298712389078, 539369.449235207866877 ], [ 460907.002535889390856, 539358.118481181561947 ], [ 460906.444810567423701, 539357.314976443885826 ], [ 460902.953003747563343, 539352.285169947892427 ], [ 460902.712052278337069, 539351.938126703142188 ], [ 460901.982415473030414, 539349.867571238428354 ], [ 460900.311797757225577, 539345.127592573873699 ], [ 460900.277952109812759, 539344.356403227080591 ], [ 460900.161795512831304, 539341.707333476981148 ], [ 460898.725095690519083, 539340.539821913233027 ], [ 460897.971449628414121, 539339.927342322422192 ], [ 460892.960984197561629, 539338.527246093610302 ], [ 460892.110335749515798, 539338.519298834260553 ], [ 460886.480048057739623, 539338.467169714160264 ], [ 460872.208328184322454, 539337.597195743233897 ], [ 460866.467697903397493, 539336.097052817931399 ], [ 460862.807205162534956, 539329.146641237894073 ], [ 460862.757188125629909, 539321.116144853760488 ], [ 460863.447323630563915, 539301.214806413394399 ], [ 460849.971521154162474, 539284.219765716115944 ], [ 460846.431960151356179, 539288.807867254363373 ], [ 460845.066272514523007, 539290.578088466543704 ], [ 460840.161135555536021, 539296.936411698698066 ], [ 460817.933567842061166, 539309.637544205063023 ], [ 460813.400752634275705, 539312.042618993669748 ], [ 460798.484455418772995, 539319.957129982183687 ], [ 460769.509066711936612, 539326.307945086271502 ], [ 460746.884436133434065, 539328.689460302819498 ], [ 460723.465947669115849, 539326.705191887333058 ], [ 460717.044454642920755, 539325.329244807246141 ], [ 460715.258295744890347, 539324.946615455672145 ], [ 460701.238227710477076, 539321.942649986012839 ], [ 460681.391964479116723, 539320.752189959166571 ], [ 460671.728868626581971, 539320.896509593352675 ], [ 460654.798026803066023, 539321.149393993895501 ], [ 460628.992666501784697, 539325.510766562423669 ], [ 460626.616489075997379, 539325.912437187274918 ], [ 460583.352033312781714, 539337.819987238151953 ], [ 460556.186507489706855, 539347.0806128437398 ], [ 460548.422896516625769, 539349.727284440770745 ], [ 460498.926958086492959, 539360.914599548326805 ], [ 460490.472088825365063, 539362.825675943982787 ], [ 460463.878398124012165, 539370.763965514488518 ], [ 460456.23781682777917, 539374.822828197851777 ], [ 460438.475348909909371, 539384.25884680787567 ], [ 460429.534724119934253, 539390.006282911752351 ], [ 460421.80468524817843, 539394.975444916519336 ], [ 460393.623127409082372, 539398.547739186324179 ], [ 460376.158546190534253, 539398.151135447435081 ], [ 460361.987634334072936, 539395.928557404084131 ], [ 460355.915348107810132, 539394.976134989061393 ], [ 460355.513841298699845, 539394.867423170013353 ], [ 460348.070063441409729, 539392.851512764696963 ], [ 460336.862986026273575, 539389.816624244558625 ], [ 460320.985921605257317, 539378.306555024464615 ], [ 460312.162151292955969, 539371.413549248478375 ], [ 460308.284282771986909, 539368.384237359510735 ], [ 460295.185696444532368, 539360.446352453320287 ], [ 460293.989280009642243, 539360.313403108040802 ], [ 460277.324024540837854, 539358.461999372229911 ], [ 460254.302475540083833, 539358.462182382238097 ], [ 460239.367393437540159, 539356.705376714700833 ], [ 460227.311741507612169, 539355.287283294717781 ], [ 460226.781373419333249, 539355.287271040957421 ], [ 460209.974865836615209, 539355.28752198535949 ], [ 460201.114715846139006, 539355.287522712955251 ], [ 460173.727142552321311, 539359.256849340396002 ], [ 460166.825155160506256, 539359.903955428977497 ], [ 460163.892014765180647, 539360.178928650333546 ], [ 460148.323961355432402, 539361.63846424955409 ], [ 460105.66427856736118, 539368.362295845407061 ], [ 460099.326006882940419, 539369.286741449031979 ], [ 460078.396067506400868, 539372.339098742930219 ], [ 460059.205517443013377, 539375.137915669009089 ], [ 460055.478038667701185, 539375.681488749338314 ], [ 460046.517769034137018, 539376.102926237275824 ], [ 460040.314225269539747, 539376.394725869526155 ], [ 460037.104871394112706, 539376.545634645503014 ], [ 460035.207162915030494, 539388.850491759134457 ], [ 460034.772941720555536, 539391.950863683130592 ], [ 460033.765872109273914, 539399.144880833569914 ], [ 460029.429051668208558, 539430.120176269789226 ], [ 460028.211678591964301, 539438.815219355863519 ], [ 460025.092237448203377, 539461.095251571852714 ], [ 460020.785284972225782, 539491.857207028660923 ], [ 460020.12524325348204, 539517.778887633699924 ], [ 460022.935675242333673, 539534.64992766873911 ], [ 460025.495912829705048, 539569.232181666884571 ], [ 460026.536065978347324, 539581.772955477121286 ], [ 460033.986820778343827, 539651.147556288400665 ], [ 460037.203546420088969, 539671.034350981586613 ], [ 460038.942285297962371, 539681.782753426930867 ], [ 460042.257872734684497, 539702.280890242662281 ], [ 460043.937224241090007, 539710.467759301653132 ], [ 460044.015367072133813, 539710.848659612005576 ], [ 460050.758926399517804, 539743.723508579772897 ], [ 460054.734713358106092, 539758.410992643097416 ], [ 460059.299933459144086, 539775.275629001203924 ], [ 460063.473629081563558, 539792.495450733695179 ], [ 460066.374543867015745, 539804.46354037290439 ], [ 460066.68094099604059, 539805.727604684885591 ], [ 460069.814584577165078, 539816.212565236375667 ], [ 460073.864285927033052, 539829.762517137918621 ], [ 460080.782604023464955, 539852.910647145472467 ], [ 460102.735114621056709, 539918.116243857424706 ], [ 460105.84199851640733, 539927.344655224704184 ], [ 460111.810413230909035, 539945.072925531654619 ], [ 460113.626467655820306, 539950.466981613426469 ], [ 460119.047146071621682, 539965.707986910827458 ], [ 460137.313180559896864, 540017.044088617083617 ], [ 460143.130087658995762, 540033.392389475717209 ], [ 460149.510787498555146, 540051.622382650501095 ], [ 460153.30587540497072, 540062.465104187256657 ], [ 460158.822007020236924, 540078.225230491370894 ], [ 460160.463605458731763, 540091.748394595924765 ], [ 460161.682299262727611, 540101.786717772250995 ], [ 460161.912954454135615, 540102.774493231321685 ], [ 460165.792767164763063, 540119.388005052343942 ], [ 460169.253215072618332, 540137.959095227764919 ], [ 460169.347460836695973, 540142.668928125756793 ], [ 460169.403273190255277, 540145.459706799127162 ], [ 460169.263196837622672, 540152.140016356366687 ], [ 460168.883268654462881, 540159.420553059666418 ], [ 460168.273051202995703, 540163.310863123042509 ], [ 460167.983053305069916, 540166.461101782741025 ], [ 460168.193056064716075, 540169.341107503976673 ], [ 460169.263195241859648, 540175.361570162349381 ], [ 460170.143393473525066, 540188.242414801265113 ], [ 460172.643623247276992, 540222.754616936785169 ], [ 460174.686699602869339, 540238.675704239401966 ], [ 460175.168443178699818, 540242.430213522398844 ], [ 460175.819729638809804, 540247.505407738732174 ], [ 460176.274030965112615, 540251.04651102097705 ], [ 460178.367762381443754, 540269.528144333628006 ], [ 460179.764510190289002, 540281.858521644840948 ], [ 460184.425041964277625, 540304.439984519034624 ], [ 460186.815362636174541, 540316.340817982447334 ], [ 460189.435783249500673, 540326.511368105188012 ], [ 460194.286202533170581, 540340.272337262053043 ], [ 460195.176416436443105, 540350.543045675847679 ], [ 460192.585993254324421, 540364.513979437644593 ], [ 460188.65550445986446, 540377.344769207411446 ], [ 460185.61519939370919, 540385.735194833017886 ], [ 460181.434704245533794, 540399.706205611000769 ], [ 460179.604478033317719, 540413.927107461262494 ], [ 460176.634165398543701, 540431.138260161969811 ], [ 460173.213769226102158, 540444.289000936085358 ], [ 460170.727541161119007, 540460.662082187831402 ], [ 460169.733204369666055, 540467.210496322019026 ], [ 460167.973103545722552, 540487.15177482936997 ], [ 460167.530031345784664, 540501.218279578373767 ], [ 460167.413048961898312, 540504.933023213758133 ], [ 460165.39271948125679, 540522.404163668048568 ], [ 460162.422336582967546, 540541.00547807989642 ], [ 460161.254676436423324, 540549.317416361533105 ], [ 460160.232123490830418, 540556.596376153989695 ], [ 460159.341973505797796, 540559.846629890147597 ], [ 460158.361906697973609, 540561.946765962871723 ], [ 460157.141683319059666, 540563.726844332995825 ], [ 460155.811569189245347, 540565.316917140153237 ], [ 460154.838785465690307, 540566.734297812101431 ], [ 460153.658257147297263, 540568.454517689882778 ], [ 460152.155194969149306, 540570.644321245606989 ], [ 460151.149000377801713, 540572.110497020999901 ], [ 460153.826095045369584, 540575.142540170461871 ], [ 460155.519702706951648, 540578.106047032517381 ], [ 460155.519808670331258, 540581.49292272538878 ], [ 460154.872662373934872, 540583.676721800817177 ], [ 460154.512757467338815, 540584.891233979142271 ], [ 460153.826197006157599, 540587.208319641067646 ], [ 460151.285983488196507, 540596.098958802176639 ], [ 460150.852280827646609, 540603.76227445458062 ], [ 460150.651047284540255, 540607.318066196399741 ], [ 460152.979795237537473, 540617.901996759464964 ], [ 460157.51076021278277, 540628.743124884786084 ], [ 460157.869923274498433, 540629.602407094556838 ], [ 460158.907259847212117, 540632.084520105971023 ], [ 460161.078701370162889, 540635.900688291992992 ], [ 460164.469802182517014, 540641.860211188206449 ], [ 460165.893328074016608, 540644.362025998532772 ], [ 460176.054751442570705, 540659.179512380389497 ], [ 460189.39151606435189, 540678.019036420504563 ], [ 460200.968049461836927, 540694.648522719973698 ], [ 460204.063479874050245, 540699.095379901234992 ], [ 460204.421920110704377, 540699.610191838582978 ], [ 460204.518248662876431, 540699.821330217993818 ], [ 460209.705170860688668, 540711.191851050476544 ], [ 460209.926029669935815, 540711.675921717192978 ], [ 460210.038475819572341, 540712.293998480192386 ], [ 460211.619711663457565, 540720.989974350901321 ], [ 460211.691422592150047, 540721.474387388443574 ], [ 460212.172637967625633, 540724.72175666433759 ], [ 460214.144678471144289, 540738.031559197348543 ], [ 460214.160219131910708, 540738.136049056658521 ], [ 460214.438925417663995, 540746.091392254689708 ], [ 460214.568331277754623, 540749.783265937818214 ], [ 460214.641569194442127, 540751.875246676732786 ], [ 460214.881399006582797, 540758.723669241066091 ], [ 460215.125858014333062, 540762.030393729335628 ], [ 460215.781319510599133, 540770.895321294898167 ], [ 460215.949467692407779, 540771.589103291742504 ], [ 460216.708902621641755, 540774.721238546073437 ], [ 460218.427600489521865, 540781.810086976271123 ], [ 460219.64493234094698, 540785.035847170162015 ], [ 460225.043209751544055, 540799.339787066099234 ], [ 460228.550161718972959, 540809.860062119667418 ], [ 460232.320279718493111, 540821.169255636050366 ], [ 460233.531441469327547, 540825.771357603021897 ], [ 460237.282087490311824, 540840.022008190746419 ], [ 460237.770529195200652, 540842.247127422713675 ], [ 460240.240770645497832, 540853.499320306815207 ], [ 460240.259054111433215, 540853.58279686095193 ], [ 460241.028486914932728, 540867.941145595512353 ], [ 460241.251560437609442, 540872.104918605415151 ], [ 460241.439822222106159, 540878.126984258648008 ], [ 460241.604620213212911, 540883.396208719583228 ], [ 460241.913365530024748, 540893.272936085937545 ], [ 460244.20837712334469, 540902.046848478144966 ], [ 460247.536718835006468, 540914.771664132014848 ], [ 460249.464223524322733, 540921.517752795247361 ], [ 460249.58578581357142, 540921.943183799041435 ], [ 460250.32722709159134, 540924.537892772816122 ], [ 460253.787986604264006, 540936.6489670840092 ], [ 460256.136971663392615, 540944.870023515075445 ], [ 460259.56887521140743, 540955.16465823049657 ], [ 460260.08513796684565, 540956.713198233745061 ], [ 460263.414119689899962, 540966.699385581770912 ], [ 460267.369045668514445, 540973.81771575496532 ], [ 460271.413081176695414, 540981.096321622258984 ], [ 460275.457005044387188, 540988.374817291623913 ], [ 460276.645184602821246, 540990.513444732059725 ], [ 460277.555641977407504, 540992.971555453608744 ], [ 460278.375927435758058, 540995.186010807636194 ], [ 460281.774900682969019, 541004.362552252598107 ], [ 460283.260685696150176, 541008.37391047924757 ], [ 460285.314300677040592, 541015.446565094985999 ], [ 460286.237818314344622, 541018.627114847069606 ], [ 460287.714381500496529, 541033.452110853628255 ], [ 460288.063765334663913, 541036.959572355845012 ], [ 460288.129611367767211, 541040.149554215488024 ], [ 460288.22395538596902, 541044.719167012372054 ], [ 460288.487460906151682, 541057.492585761472583 ], [ 460289.974962586537004, 541067.159905147273093 ], [ 460291.451365900924429, 541076.755574744078331 ], [ 460292.969763427099679, 541085.044320953194983 ], [ 460294.391354483494069, 541092.804219377925619 ], [ 460299.284420300624333, 541119.514957458712161 ], [ 460299.354020077036694, 541122.29765309416689 ], [ 460299.919719176890794, 541144.916620683390647 ], [ 460300.126649198820814, 541147.013911863556132 ], [ 460300.743881264410447, 541153.27471402939409 ], [ 460301.789666943543125, 541163.87981830118224 ], [ 460302.883762433019001, 541174.975215772516094 ], [ 460303.200822310813237, 541183.139423351851292 ], [ 460303.509535504796077, 541191.085122452001087 ], [ 460303.612478452268988, 541193.735863626468927 ], [ 460303.730753157986328, 541196.778283195570111 ], [ 460301.409488396369852, 541209.777069848147221 ], [ 460299.497045204858296, 541220.486643901676871 ], [ 460298.842079823312815, 541223.642155445297249 ], [ 460296.440065376984421, 541235.215903673437424 ], [ 460294.840152674529236, 541242.924841680098325 ], [ 460294.817379747866653, 541244.655178250395693 ], [ 460294.774124553601723, 541247.94565975444857 ], [ 460294.745008119673003, 541250.157487063435838 ], [ 460294.628548731852788, 541259.012537241796963 ], [ 460296.450281303201336, 541269.575432336539961 ], [ 460298.872416990809143, 541283.619598240009509 ], [ 460295.929274644469842, 541288.841692719724961 ], [ 460254.411168630700558, 541362.505433245212771 ], [ 460252.776618757401593, 541365.341820172034204 ], [ 460252.760082508961204, 541365.370475033065304 ], [ 460247.012535992136691, 541375.343799377442338 ], [ 460236.319235275906976, 541393.899307252839208 ], [ 460235.187167370459065, 541395.863768734387122 ], [ 460224.92535979708191, 541413.670381324598566 ], [ 460223.06702377734473, 541416.895103598129936 ], [ 460222.919521007686853, 541417.151005873573013 ], [ 460220.947195890534203, 541420.573546318570152 ], [ 460214.180373027396854, 541432.31551071209833 ], [ 460211.195374134753365, 541437.495070388657041 ], [ 460206.091763108444866, 541446.351192861562595 ], [ 460199.159255402570125, 541458.3808147207601 ], [ 460164.60248957836302, 541518.344953551888466 ], [ 460131.978060287889093, 541592.102323516504839 ], [ 460103.84971658984432, 541655.694979671621695 ], [ 460066.690199261589441, 541717.299529595999047 ], [ 460038.683780267019756, 541763.729830169468187 ], [ 460003.47523927083239, 541822.100010715308599 ], [ 459970.093533034028951, 541876.462573732133023 ], [ 459953.376524218823761, 541903.686517367721535 ], [ 459942.456732419726904, 541921.469523562700488 ], [ 459939.137038957909681, 541926.875855342717841 ], [ 459931.537059104419313, 541939.252532599726692 ], [ 459930.720669115544297, 541940.581877119722776 ], [ 459920.408583304611966, 541957.375432021915913 ], [ 459911.024795237579383, 541972.656977457460016 ], [ 459896.651870447560214, 541999.195940713281743 ], [ 459861.712453706364613, 542063.709780423436314 ], [ 459841.562530412862543, 542100.915645613335073 ], [ 459837.4255313766771, 542111.069839108851738 ], [ 459829.86325616936665, 542129.631509506958537 ], [ 459821.224655530240852, 542153.72562583303079 ], [ 459816.031632641679607, 542169.125171523075551 ], [ 459810.838723610970192, 542184.524717918015085 ], [ 459806.236426239425782, 542198.172669915016741 ], [ 459770.861675659427419, 542303.074494834523648 ], [ 459760.428126064536627, 542334.014526734012179 ], [ 459615.702288633212447, 542432.218069591443054 ], [ 459612.244352941808756, 542434.564440131885931 ], [ 459505.927329718891997, 542499.277073969133198 ], [ 459490.521948856767267, 542508.653942717821337 ], [ 459438.449204832606483, 542529.208410308579914 ], [ 459414.608533667516895, 542538.619068614207208 ], [ 459389.968436999130063, 542548.345127748209052 ], [ 459360.693224636663217, 542560.194302103365771 ], [ 459324.591227303899359, 542574.806609800434671 ], [ 459317.94109531288268, 542581.456635409849696 ], [ 459312.349786664592102, 542595.434678973630071 ], [ 459306.782827522605658, 542609.351549715967849 ], [ 459306.782958025636617, 542620.50955858558882 ], [ 459306.783088573836721, 542631.667456921655685 ], [ 459307.828581801964901, 542635.849567816941999 ], [ 459302.590251348097809, 542640.729505441617221 ], [ 459270.983135137357749, 542670.174173877341673 ], [ 459248.904138849466108, 542694.564045412000269 ], [ 459157.189872412011027, 542690.283589784288779 ], [ 459098.042078897880856, 542697.128290510154329 ], [ 459040.613481615204364, 542709.129631476826034 ], [ 459020.892371097754221, 542709.12991326127667 ], [ 458982.325381846632808, 542721.131099059712142 ], [ 458939.460960009484552, 542739.132613674737513 ], [ 458906.153815008816309, 542748.21829410106875 ], [ 458892.314810535870492, 542751.993361399509013 ], [ 458890.916743416397367, 542752.734350655577146 ], [ 458877.750638817960862, 542759.712721150252037 ], [ 458839.183885292673949, 542793.137080203392543 ], [ 458838.345032971759792, 542794.352119645802304 ], [ 458797.179360812995583, 542853.985334227792919 ], [ 458786.896977202035487, 542863.42358239076566 ], [ 458730.312328973086551, 542891.707109295995906 ], [ 458676.321643239818513, 542912.271563486079685 ], [ 458632.597627480165102, 542918.272417816915549 ], [ 458558.885797272785567, 542917.413726534345187 ], [ 458541.743074527417775, 542928.555218025459908 ], [ 458508.317600734182633, 542961.995288296602666 ], [ 458490.458894937008154, 542974.308501919265836 ], [ 458483.455444389313925, 542979.137284476659261 ], [ 458459.569396728300489, 543002.501742153195664 ], [ 458444.02911664621206, 543017.702697569038719 ], [ 458415.744781265268102, 543044.267158036585897 ], [ 458383.162932240404189, 543067.409597790101543 ], [ 458378.881249581463635, 543069.128529678797349 ], [ 458361.397662288043648, 543085.893956733169034 ], [ 458357.972642359673046, 543088.141530389431864 ], [ 458354.032570303010289, 543091.862645712215453 ], [ 458335.173167001572438, 543105.131343500688672 ], [ 458276.885191110603046, 543134.274351444211788 ], [ 458241.670724120747764, 543171.387350609875284 ], [ 458213.456306854845025, 543201.123014275333844 ], [ 458202.3144389623194, 543208.842423904687166 ], [ 458173.170491921831854, 543220.84340003808029 ], [ 458122.602045890176669, 543235.407544801826589 ], [ 458094.590630015474744, 543247.768326455494389 ], [ 458093.458096797054168, 543248.268036702997051 ], [ 458077.614769892417826, 543260.013045281870291 ], [ 458043.733602995926049, 543285.130232434603386 ], [ 458038.592496788303833, 543292.834020374109969 ], [ 458034.31065787281841, 543293.693406965350732 ], [ 458029.591491013357881, 543300.131298578111455 ], [ 458004.307378492841963, 543319.414181695086882 ], [ 457983.742656628892291, 543345.978468702174723 ], [ 457957.161593988595996, 543369.120805869810283 ], [ 457945.260051637829747, 543381.035643355338834 ], [ 457885.637796378403436, 543490.3399545524735 ], [ 457844.849490162334405, 543573.320570546202362 ], [ 457808.900901364220772, 543646.455198725103401 ], [ 457745.39375750371255, 543715.252017062273808 ], [ 457650.132548146822955, 543752.297200530185364 ], [ 457623.233101202989928, 543748.544290931313299 ], [ 457593.240095559565816, 543744.359705576207489 ], [ 457554.813251749728806, 543740.802301646326669 ], [ 457547.094364430755377, 543740.087668734835461 ], [ 457539.608753544976935, 543739.394619339378551 ], [ 457494.978039975976571, 543735.26286185963545 ], [ 457450.347427181433886, 543731.131144435959868 ], [ 457423.712359081662726, 543727.657560735242441 ], [ 457389.485655002412386, 543723.193804328911938 ], [ 457321.739567291981075, 543697.293141691829078 ], [ 457299.51586301100906, 543688.796530107269064 ], [ 457243.629478977294639, 543670.647123873000965 ], [ 457205.463705231377389, 543658.252461186260916 ], [ 457144.715185438748449, 543638.523958418052644 ], [ 457067.976425620669033, 543601.480787871056236 ], [ 457047.723741969733965, 543595.059783675358631 ], [ 456959.483546611387283, 543567.083708567428403 ], [ 456893.329419764340855, 543551.208413881831802 ], [ 456790.129194537177682, 543532.687384869088419 ], [ 456735.955038325686473, 543529.106396929593757 ], [ 456728.665069582173601, 543528.624623702606186 ], [ 456630.036462265823502, 543522.105000838870183 ], [ 456625.386569529247936, 543521.672541091800667 ], [ 456570.513455034815706, 543516.568823044188321 ], [ 456561.831363708188292, 543515.761422837153077 ], [ 456516.251619639515411, 543511.522014979389496 ], [ 456383.94355287932558, 543490.355466010514647 ], [ 456299.265910560614429, 543434.790224326308817 ], [ 456204.003503136686049, 543363.348932444117963 ], [ 456145.098746730131097, 543308.375354859628715 ], [ 456136.737971805152483, 543300.572559684864245 ], [ 456128.310452996753156, 543304.988830150454305 ], [ 456109.369725733820815, 543290.558881654520519 ], [ 456099.479603593063075, 543286.615674869040959 ], [ 456025.274750428041443, 543246.662512018810958 ], [ 455996.278957506816369, 543231.05054399499204 ], [ 455908.95538287376985, 543204.591368484310806 ], [ 455784.585690499516204, 543170.194541314733215 ], [ 455722.164831337460782, 543153.449081739760004 ], [ 455676.092864686448593, 543141.089605190558359 ], [ 455658.830644134548493, 543137.801976431161165 ], [ 455584.284624718944542, 543123.604409443680197 ], [ 455575.338887018850073, 543121.900571917998604 ], [ 455537.169360549014527, 543114.630913496599533 ], [ 455521.30154238344403, 543110.78460261260625 ], [ 455462.011990136350505, 543096.412871137843467 ], [ 455362.52261825761525, 543072.296757354750298 ], [ 455313.25334892742103, 543059.44511073641479 ], [ 455291.076261374691967, 543053.775340311229229 ], [ 455224.92221744224662, 543043.191965848323889 ], [ 455197.807721453602426, 543034.719552312744781 ], [ 455182.583488332631532, 543029.962419425603002 ], [ 455105.844598511990625, 543008.795056491158903 ], [ 455029.106096968927886, 542995.565847158781253 ], [ 455006.389048226294108, 542988.264569501159713 ], [ 454955.013426596706267, 542971.752624582033604 ], [ 454870.336078273365274, 542942.647377828834578 ], [ 454746.109528121829499, 542902.702691374812275 ], [ 454711.609962461632676, 542893.186482778983191 ], [ 454710.074582853994798, 542891.736693418468349 ], [ 454703.455831351748202, 542891.061399706639349 ], [ 454690.396851765341125, 542889.729006601497531 ], [ 454617.740027278079651, 542868.971966805867851 ], [ 454579.257889981206972, 542857.978033598628826 ], [ 454521.494825410714839, 542839.975688944687136 ], [ 454477.380519394180737, 542826.227082671946846 ], [ 454366.2416239567101, 542797.122000474133529 ], [ 454357.26885874546133, 542794.496011247625574 ], [ 454341.54650284483796, 542789.89485745888669 ], [ 454282.14017118717311, 542772.509285345906392 ], [ 454257.748911900038365, 542765.371141367009841 ], [ 454248.5983384110732, 542762.916302794939838 ], [ 454245.545938551076688, 542762.097399058286101 ], [ 454209.986460840445943, 542752.558084398042411 ], [ 454149.256099960883148, 542736.2661604329478 ], [ 454129.452714153099805, 542729.157835971331224 ], [ 454064.495750292728189, 542705.84194147749804 ], [ 454046.055509323370643, 542699.223036310984753 ], [ 453999.92888978519477, 542686.200296381604858 ], [ 453933.593648577632848, 542667.472176502575167 ], [ 453889.184452818764839, 542645.869471730664372 ], [ 453835.685218472965062, 542619.844999546185136 ], [ 453755.676808730873745, 542626.512820833362639 ], [ 453740.423656697850674, 542627.784052364877425 ], [ 453613.984072872146498, 542640.250590902520344 ], [ 453560.839804395742249, 542645.490368499420583 ], [ 453552.546841239673086, 542646.308062700903974 ], [ 453508.361902328790165, 542648.075849656830542 ], [ 453440.042931895935908, 542650.809059654129669 ], [ 453429.953011350531597, 542651.212794649647549 ], [ 453420.23897077399306, 542651.601465799030848 ], [ 453414.531065036600921, 542652.009102820651606 ], [ 453408.861574285721872, 542652.41416043729987 ], [ 453383.192668327363208, 542654.247803576057777 ], [ 453318.462123982899357, 542660.721194110927172 ], [ 453224.423476295196451, 542670.125567861367017 ], [ 453161.840265441453084, 542676.38423565053381 ], [ 453135.426983134238981, 542679.025665272609331 ], [ 453065.654136119759642, 542686.003297685878351 ], [ 452975.684816924622282, 542680.712175847846083 ], [ 452975.007151875586715, 542679.959076062892564 ], [ 452974.490834303898737, 542684.090608240920119 ], [ 452952.279735784162767, 542685.123830807977356 ], [ 452933.346332755929325, 542686.004618037375621 ], [ 452896.184952890267596, 542691.207290924619883 ], [ 452801.038722436700482, 542704.527948228642344 ], [ 452793.327972451690584, 542705.092189862160012 ], [ 452726.878669225552585, 542709.954692630679347 ], [ 452724.446292935113888, 542710.132764668320306 ], [ 452692.546453305520117, 542712.467113414080814 ], [ 452644.318767558666877, 542684.910731798619963 ], [ 452618.453513374028262, 542670.131906215567142 ], [ 452608.180542944115587, 542658.215972523088567 ], [ 452593.251505431253463, 542640.899790937546641 ], [ 452587.462288335431367, 542634.184781422605738 ], [ 452578.760376387974247, 542603.981993156252429 ], [ 452537.9825486082118, 542530.938587193959393 ], [ 452534.708497692306992, 542525.073868452338502 ], [ 452531.993428073183168, 542518.5792644941248 ], [ 452524.500399077543989, 542500.655626254971139 ], [ 452511.282105957972817, 542469.036205840529874 ], [ 452491.663881222135387, 542388.119164961157367 ], [ 452490.111907089536544, 542381.718205333105288 ], [ 452487.427559752424713, 542344.464507001102902 ], [ 452486.491261685383506, 542331.471713194740005 ], [ 452486.375525885843672, 542330.633586373995058 ], [ 452483.667481740994845, 542291.944952350808308 ], [ 452482.17229294765275, 542270.585791570832953 ], [ 452469.5429494814598, 542203.237023759516887 ], [ 452466.294501875643618, 542185.913841583067551 ], [ 452467.384785393835045, 542158.650546183576807 ], [ 452468.940030166180804, 542119.763585170847364 ], [ 452484.5061961353058, 542095.186182273318991 ], [ 452519.216227878758218, 542040.382748419302516 ], [ 452582.613847780972719, 541980.006117888842709 ], [ 452602.569246448983904, 541961.001672131940722 ], [ 452658.020747483300511, 541917.314133098348975 ], [ 452689.891805681050755, 541892.204494635108858 ], [ 452785.152805916557554, 541826.053221604903229 ], [ 452832.815933755831793, 541784.349465735256672 ], [ 452869.829070316802245, 541751.964221316855401 ], [ 452899.992666948877741, 541727.602165799238719 ], [ 452938.62853525072569, 541696.397245728876442 ], [ 452986.25885335332714, 541656.706675727269612 ], [ 453003.078214782639407, 541606.250137526192702 ], [ 453005.016157765523531, 541599.380472698714584 ], [ 453013.835578133526724, 541533.233338303631172 ], [ 453014.096775135432836, 541531.274064798490144 ], [ 453015.365275432995986, 541521.759947570739314 ], [ 453022.268654811894521, 541468.832061385852285 ], [ 453025.094392401049845, 541466.648604066460393 ], [ 453033.284940081706736, 541426.866337924962863 ], [ 453061.710688251478132, 541339.918970513390377 ], [ 453072.911281569453422, 541305.65901625470724 ], [ 453073.57846314937342, 541304.786520801135339 ], [ 453102.685847232001834, 541257.158102297456935 ], [ 453141.251549990964122, 541205.738632621942088 ], [ 453184.994816339458339, 541147.416369665064849 ], [ 453188.395826354972087, 541142.881768326624297 ], [ 453189.156523461453617, 541143.28434681869112 ], [ 453209.853588557336479, 541103.688458321266808 ], [ 453234.405369346262887, 541063.179114873055369 ], [ 453262.775716498843394, 541016.369627697742544 ], [ 453278.652209523657802, 540966.095264024334028 ], [ 453294.528627353021875, 540915.821019014460035 ], [ 453298.00683935865527, 540903.647440521861427 ], [ 453299.247116925893351, 540899.306331492727622 ], [ 453315.697104580001906, 540841.732356422580779 ], [ 453351.418775559286587, 540698.847688051289879 ], [ 453357.621694534900598, 540678.807902128901333 ], [ 453362.750313341850415, 540662.238426522118971 ], [ 453385.817699980339967, 540587.714954799856059 ], [ 453412.278329503838904, 540495.104348435997963 ], [ 453424.271023442735896, 540453.130644915509038 ], [ 453449.32315061124973, 540365.44953888328746 ], [ 453482.289411964127794, 540244.135899704997428 ], [ 453482.398877834319137, 540243.73282259167172 ], [ 453485.732840576325543, 540227.539290968910791 ], [ 453490.422129436512478, 540204.762540836120024 ], [ 453499.016077082371339, 540163.0208924212493 ], [ 453500.920985413773451, 540153.768284519319423 ], [ 453535.32003001315752, 540042.635610631667078 ], [ 453543.1813184558996, 540014.763739090063609 ], [ 453545.623242861533072, 540006.106238735606894 ], [ 453554.903620012919419, 539973.203491721535102 ], [ 453564.42663081176579, 539939.440937648527324 ], [ 453571.091708322288468, 539919.446318990085274 ], [ 453598.825771748321131, 539836.246264333603904 ], [ 453604.620529607927892, 539780.22641001176089 ], [ 453588.744064213242382, 539752.444569061510265 ], [ 453587.310718214779627, 539731.426075186347589 ], [ 453586.214801379886921, 539715.356179593713023 ], [ 453577.27941993199056, 539708.302537617855705 ], [ 453582.947168158250861, 539680.131852684076875 ], [ 453612.053721876174677, 539574.291264633764513 ], [ 453612.799883893923834, 539570.974988670204766 ], [ 453613.013827099639457, 539570.024305163533427 ], [ 453619.56009290041402, 539540.929852343862876 ], [ 453621.533407261711545, 539532.159673462272622 ], [ 453624.209789547196124, 539520.264683091430925 ], [ 453635.868077033315785, 539468.450727113639005 ], [ 453632.23945901892148, 539435.798073484445922 ], [ 453631.407352756767068, 539428.31023940211162 ], [ 453630.575356700050179, 539420.822405232349411 ], [ 453628.696393312420696, 539419.152460963814519 ], [ 453605.006856982188765, 539398.096828550565988 ], [ 453604.697029465693049, 539397.821542594465427 ], [ 453596.966254904749803, 539390.950107016018592 ], [ 453593.499587846046779, 539387.868936501909047 ], [ 453588.134506929840427, 539383.100369250401855 ], [ 453582.944006934121717, 539378.486899345531128 ], [ 453493.849308984936215, 539348.791232358547859 ], [ 453384.481537949293852, 539312.338732200092636 ], [ 453275.988696725689806, 539267.357617928413674 ], [ 453200.875641515827738, 539242.322275562444702 ], [ 453172.78805725753773, 539232.960680808871984 ], [ 453131.772562669357285, 539218.408061952330172 ], [ 453090.75693179119844, 539203.855475957272574 ], [ 453000.015711887856014, 539181.676519463653676 ], [ 452991.575223360909149, 539179.6134430115344 ], [ 452971.679546533909161, 539174.750585542409681 ], [ 452938.258635721402243, 539163.182849648757838 ], [ 452925.689317213080358, 539158.832299571251497 ], [ 452920.902656153193675, 539157.175562506890856 ], [ 452906.793809843249619, 539152.292143939761445 ], [ 452890.541593595058657, 539140.723682768410072 ], [ 452815.36861321318429, 539113.390443747164682 ], [ 452797.713121502369177, 539106.970780882285908 ], [ 452793.42515057552373, 539103.142452016007155 ], [ 452756.017052856448572, 539090.080454655457288 ], [ 452747.403705406468362, 539087.276440917397849 ], [ 452730.889991453790572, 539081.900292910635471 ], [ 452718.888529169373214, 539077.993358096689917 ], [ 452642.231834055681247, 539053.037618576199748 ], [ 452611.927426649432164, 539042.497968032490462 ], [ 452520.508083860680927, 539010.702786559937522 ], [ 452478.486950153543148, 538995.793253492098302 ], [ 452438.476921383815352, 538981.597406511078589 ], [ 452412.77074128924869, 538971.315841266303323 ], [ 452345.861106989381369, 538944.554420690983534 ], [ 452321.24443552759476, 538925.833284506574273 ], [ 452279.548762918449938, 538894.123555556754582 ], [ 452268.116439567646012, 538885.429146832088009 ], [ 452251.921764542697929, 538873.113047735532746 ], [ 452206.828508960141335, 538824.102364307153039 ], [ 452192.781146298220847, 538808.834657110506669 ], [ 452191.059569518198259, 538806.963455517892726 ], [ 452184.054983610869385, 538793.655883717001416 ], [ 452174.652520241914317, 538775.792642562766559 ], [ 452169.528154617059045, 538766.057256415253505 ], [ 452168.667844174080528, 538764.422865532222204 ], [ 452164.597461845900398, 538756.689600256504491 ], [ 452165.276276663469616, 538732.244339899392799 ], [ 452165.958184805000201, 538707.686279575456865 ], [ 452166.422712276806124, 538690.958439368521795 ], [ 452167.242540677660145, 538661.433075243490748 ], [ 452191.056904101627879, 538552.946520057972521 ], [ 452195.025570438243449, 538535.999742595828138 ], [ 452240.008725424879231, 538343.911456650821492 ], [ 452253.238807395042386, 538283.053138527087867 ], [ 452258.505242416867986, 538255.668272493872792 ], [ 452270.643925570882857, 538192.54689616151154 ], [ 452277.726103995402809, 538155.719699497334659 ], [ 452279.69902279402595, 538145.460317504475825 ], [ 452285.759221929474734, 538098.189537208410911 ], [ 452285.809298204781953, 538097.799011279130355 ], [ 452292.928785117866937, 538042.265917452867143 ], [ 452310.444563991622999, 537983.150835403124802 ], [ 452312.1799785066396, 537977.293651950545609 ], [ 452314.097188909421675, 537970.823427652707323 ], [ 452315.776202115695924, 537968.967834500828758 ], [ 452322.939691211562604, 537961.050380052416585 ], [ 452343.65661712695146, 537938.153598966775462 ], [ 452364.373562235792633, 537915.256717296200804 ], [ 452365.455343962472398, 537914.7159021057887 ], [ 452386.173734966025222, 537904.356877561891451 ], [ 452433.173398671206087, 537880.857782042468898 ], [ 452463.121643264021259, 537864.92841505841352 ], [ 452557.542003807146102, 537814.70634503045585 ], [ 452622.771655065414961, 537776.832337323459797 ], [ 452639.572431602748111, 537767.077345717931166 ], [ 452715.857812303700484, 537723.002809708588757 ], [ 452758.648824215983041, 537698.279927437193692 ], [ 452786.805810879450291, 537669.215497332741506 ], [ 452828.899952473817393, 537625.765049982699566 ], [ 452840.678900321130641, 537613.606728785322048 ], [ 452893.601157509314362, 537539.518019152106717 ], [ 452895.276905016275123, 537538.826694117393345 ], [ 452920.062448909971863, 537505.119555377517827 ], [ 452927.315619948611129, 537495.449114356888458 ], [ 452968.678453586704563, 537440.30045713915024 ], [ 452975.630948191566858, 537431.030741482158192 ], [ 452978.276783998007886, 537405.893708697985858 ], [ 452980.922843943117186, 537380.756565662333742 ], [ 452962.199853608733974, 537332.913220036774874 ], [ 452957.106717961491086, 537319.898540757480077 ], [ 452924.510151029448025, 537254.710878308746032 ], [ 452922.967687254888006, 537251.626468751695938 ], [ 452913.444096090330277, 537232.580833937390707 ], [ 452900.484205778164323, 537207.89708623115439 ], [ 452899.8664568461827, 537206.720496016088873 ], [ 452886.617975669447333, 537181.487307643867098 ], [ 452883.344511008355767, 537175.252540937508456 ], [ 452881.159324852924328, 537171.090429669595324 ], [ 452857.873843747831415, 537126.741004865500145 ], [ 452849.898671050381381, 537043.014287223457359 ], [ 452847.288122710888274, 537015.60864694591146 ], [ 452846.113588618463837, 537006.018260757555254 ], [ 452831.409680855751503, 536885.954554517637007 ], [ 452829.838130306452513, 536884.333882973878644 ], [ 452746.731811662961263, 536798.636898915166967 ], [ 452693.02618407929549, 536749.67380385810975 ], [ 452656.761677750444505, 536716.611656496766955 ], [ 452582.668290056288242, 536631.94023263535928 ], [ 452568.003259670978878, 536615.384234969853424 ], [ 452500.636573249008507, 536539.330777880037203 ], [ 452485.803831733646803, 536530.502449343795888 ], [ 452469.940822490141727, 536521.060927446815185 ], [ 452421.507418487453833, 536492.233820797991939 ], [ 452389.497318842040841, 536473.181567332823761 ], [ 452340.168258561054245, 536461.672743005095981 ], [ 452334.042832807637751, 536460.243600473855622 ], [ 452328.442102899192832, 536449.946549760876223 ], [ 452326.999806731357239, 536447.294558717403561 ], [ 452322.841591366101056, 536439.649278199183755 ], [ 452317.339975420502014, 536435.370632823789492 ], [ 452287.893628946505487, 536412.469689328107052 ], [ 452287.545831903698854, 536411.89011613978073 ], [ 452272.12552983436035, 536386.191837784368545 ], [ 452261.625361052691005, 536368.692797716474161 ], [ 452252.778137494809926, 536353.948499643593095 ], [ 452224.38475520798238, 536306.63008472812362 ], [ 452217.877813697326928, 536290.364190728520043 ], [ 452211.215808520559222, 536273.710071784094907 ], [ 452207.312828074442223, 536271.758816247456707 ], [ 452207.174138312635478, 536271.514778125565499 ], [ 452192.356076936179306, 536235.042927173431963 ], [ 452167.326153012691066, 536181.535019390750676 ], [ 452130.911295112920925, 536103.688703503692523 ], [ 452115.61596490687225, 536070.991172918817028 ], [ 452076.490412023034878, 535996.006598533131182 ], [ 452052.106890148599632, 535949.275449295877479 ], [ 451993.890285815985408, 535838.143749932991341 ], [ 451969.821742530155461, 535793.810483767883852 ], [ 451943.612322645029053, 535745.533846366219223 ], [ 451940.930347527435515, 535744.745109997806139 ], [ 451940.966298546933103, 535742.888013918418437 ], [ 451882.749981227330863, 535666.15424348320812 ], [ 451824.761394678498618, 535583.900106844841503 ], [ 451824.629602539702319, 535583.713235559989698 ], [ 451811.109839855809696, 535564.535995030542836 ], [ 451806.010231305728666, 535552.376688683056273 ], [ 451761.024881615827326, 535491.518925504526123 ], [ 451742.330165247025434, 535465.178501839516684 ], [ 451739.402556349232327, 535461.053652837523259 ], [ 451731.564712540304754, 535450.010184044251218 ], [ 451718.460944634629413, 535431.547161661321297 ], [ 451709.038051816867664, 535418.270536169409752 ], [ 451688.105873035790864, 535424.939642189652659 ], [ 451649.929425141133834, 535438.893989177071489 ], [ 451633.699822997383308, 535444.14036403154023 ], [ 451602.845717667602003, 535454.114237321424298 ], [ 451575.682622421009, 535464.043038876960054 ], [ 451564.669423133076634, 535468.068652670830488 ], [ 451521.398700649966486, 535483.288888312526979 ], [ 451506.395505666499957, 535488.35716496873647 ], [ 451458.764767591841519, 535504.447405598592013 ], [ 451437.440447077853605, 535511.651024812599644 ], [ 451415.858199951879214, 535517.720853372826241 ], [ 451373.932850338285789, 535529.512190653127618 ], [ 451301.282499417895451, 535565.836308352765627 ], [ 451262.794818506168667, 535585.079583780723624 ], [ 451215.164122020069044, 535602.279131278279237 ], [ 451188.134085288504139, 535608.05476311116945 ], [ 451137.764170189970173, 535618.817481474601664 ], [ 451081.688684600056149, 535629.356443846481852 ], [ 451022.605969431635458, 535640.460451882332563 ], [ 450943.933707560820039, 535673.724118253681809 ], [ 450943.514510667358991, 535673.978992425138131 ], [ 450827.503494490869343, 535744.50608208309859 ], [ 450765.980633750616107, 535772.951332937227562 ], [ 450708.340742786996998, 535813.649649721686728 ], [ 450660.951764967117924, 535843.963639724068344 ], [ 450565.138662311481312, 535905.25388551549986 ], [ 450516.508398717851378, 535929.621421480784193 ], [ 450444.2098770182929, 535965.848763126996346 ], [ 450353.182524712989107, 536009.244317942648195 ], [ 450333.094629255705513, 536019.549893353832886 ], [ 450292.32119088008767, 536040.467773711890914 ], [ 450280.360235711093992, 536049.428754023974761 ], [ 450238.327684319694526, 536080.918172128265724 ], [ 450210.026298259908799, 536102.120686707319692 ], [ 450102.857412692334037, 536152.66050065937452 ], [ 450049.405274069868028, 536171.183200471103191 ], [ 450037.210391364700627, 536175.416389745892957 ], [ 449992.563495007518213, 536190.914450324722566 ], [ 449966.316208468808327, 536200.02547009754926 ], [ 449964.153985429031309, 536200.717940070317127 ], [ 449941.471839085919783, 536207.982555828639306 ], [ 449891.959499497083016, 536223.840409391093999 ], [ 449875.139736429671757, 536229.855231665773317 ], [ 449852.002538557047956, 536238.129226283752359 ], [ 449825.025288847624324, 536244.003226774162613 ], [ 449819.190330182143953, 536245.273822974646464 ], [ 449782.144114872440696, 536246.861839180113748 ], [ 449759.122608196455985, 536246.862067071604542 ], [ 449743.510175704141147, 536245.274594029528089 ], [ 449728.427073030266911, 536237.865905249258503 ], [ 449716.254671028873418, 536229.134190481039695 ], [ 449709.25018708978314, 536217.673259437666275 ], [ 449707.522152155754156, 536214.845795941189863 ], [ 449700.112790770304855, 536197.646873678080738 ], [ 449693.497159592225216, 536175.684988381923176 ], [ 449686.403156698390376, 536145.428665213286877 ], [ 449673.650243541225791, 536102.126233836752363 ], [ 449673.193447267229203, 536100.581706430530176 ], [ 449659.095786808349658, 536052.910522591555491 ], [ 449648.932289833261166, 536021.515207105665468 ], [ 449644.276850371155888, 536007.134743992821313 ], [ 449613.580659092986025, 535926.431745355483145 ], [ 449613.54380133387167, 535926.342540301498957 ], [ 449588.706163128081243, 535866.103103629429825 ], [ 449579.973466167692095, 535834.88028885552194 ], [ 449569.917714980547316, 535800.746883625513874 ], [ 449556.706336019269656, 535767.185780385509133 ], [ 449550.335652578040026, 535751.002097325632349 ], [ 449537.36923657997977, 535724.012969685136341 ], [ 449536.375626679568086, 535721.939175944658928 ], [ 449510.113202739681583, 535667.123911381117068 ], [ 449507.307203670148738, 535661.281772397574969 ], [ 449490.795833835552912, 535626.904840909177437 ], [ 449463.010715981887188, 535584.568988771759905 ], [ 449455.47523018886568, 535572.458497222978622 ], [ 449438.773439530283213, 535545.616867605713196 ], [ 449423.899872117734049, 535522.811518926755525 ], [ 449378.649924832861871, 535459.307807745994069 ], [ 449358.454963050258812, 535443.975790373398922 ], [ 449335.78185900032986, 535426.762274242471904 ], [ 449322.798944148526061, 535421.425240571144968 ], [ 449281.983769725484308, 535404.647063072887249 ], [ 449264.335307957488112, 535397.392303994158283 ], [ 449184.156630838813726, 535381.517134863417596 ], [ 449182.220235573593527, 535381.413408160908148 ], [ 449139.701135535666253, 535379.136110812658444 ], [ 449081.750376035342924, 535388.662436316953972 ], [ 449077.882974703155924, 535390.361705839284696 ], [ 449029.356671885121614, 535411.683298039017245 ], [ 448972.645248076703865, 535449.004995051887818 ], [ 448936.477202336885966, 535472.806958147208206 ], [ 448914.825043106335215, 535492.085561602143571 ], [ 448892.504754980036523, 535511.959155776188709 ], [ 448848.960156536311843, 535550.730317517649382 ], [ 448820.576543830800802, 535576.002508578589186 ], [ 448812.553926810272969, 535578.958051706664264 ], [ 448775.327446301525924, 535592.672826317604631 ], [ 448756.275102060404606, 535594.260711461189203 ], [ 448734.047302057151683, 535590.291976959328167 ], [ 448732.829477107326966, 535589.664561317185871 ], [ 448730.140629318542778, 535588.279501826851629 ], [ 448724.250461324118078, 535585.245394267840311 ], [ 448717.647869247826748, 535581.844329592306167 ], [ 448712.286190082493704, 535579.082600169000216 ], [ 448707.850251916679554, 535576.797529578558169 ], [ 448698.443200751091354, 535569.561941742547788 ], [ 448687.210029634414241, 535560.921712328214198 ], [ 448673.682184803241398, 535548.361058879760094 ], [ 448662.124317822861485, 535537.629551151534542 ], [ 448662.053254743339494, 535537.563605300150812 ], [ 448653.868174459785223, 535529.96370077971369 ], [ 448607.030576191958971, 535472.810353490523994 ], [ 448581.146175505942665, 535445.490085094934329 ], [ 448578.451710574910976, 535442.646190090337768 ], [ 448576.945381455821916, 535441.177519958582707 ], [ 448549.857748968759552, 535414.769194169668481 ], [ 448546.697538049309514, 535411.688247639569454 ], [ 448503.035643442766741, 535380.730357124237344 ], [ 448458.57988942344673, 535352.153913075220771 ], [ 448432.067139577353373, 535339.565517111681402 ], [ 448395.661091066198424, 535322.279611014178954 ], [ 448393.051506097661331, 535321.011374838533811 ], [ 448358.812718618835788, 535304.372589367674664 ], [ 448341.866616256069392, 535296.905972745385952 ], [ 448301.227374302106909, 535281.688094170996919 ], [ 448250.811481380369514, 535262.809150730725378 ], [ 448187.634274559328333, 535237.341996647883207 ], [ 448123.354926542378962, 535205.943031033850275 ], [ 448102.453779036353808, 535198.679259217809886 ], [ 448033.343160706921481, 535174.661231793928891 ], [ 448014.862002609530464, 535168.238498391467147 ], [ 447897.769244224589784, 535133.180186557234265 ], [ 447774.193288994545583, 535095.475816690246575 ], [ 447668.875844992580824, 535063.724701962084509 ], [ 447666.630118297296576, 535063.160217513563111 ], [ 447574.143213887815364, 535039.911709990934469 ], [ 447535.675801196484827, 535033.891443770960905 ], [ 447498.532665915729012, 535028.078364430461079 ], [ 447452.41975833196193, 535020.861674594110809 ], [ 447414.373262347304262, 535012.40771777392365 ], [ 447372.90690200519748, 535003.194057149463333 ], [ 447357.15776666655438, 534999.694533954840153 ], [ 447320.908979844884016, 534993.31675319513306 ], [ 447258.791131089092232, 534982.387352520483546 ], [ 447233.846734765684232, 534977.998510204954073 ], [ 447195.899839590128977, 534969.93785387952812 ], [ 447146.116081244894303, 534959.362886077491567 ], [ 447134.459425385517534, 534956.333357016555965 ], [ 447093.338953249389306, 534945.543148921686225 ], [ 447087.967512871138752, 534944.13373157940805 ], [ 447042.779807896818966, 534932.276341137010604 ], [ 446985.10726158961188, 534917.142892077681608 ], [ 446857.032921423087828, 534885.392099701217376 ], [ 446788.284766914846841, 534873.487514580716379 ], [ 446762.300269123283215, 534868.987888675415888 ], [ 446720.336984136898536, 534859.866415748954751 ], [ 446710.041085015749559, 534857.628418331500143 ], [ 446703.690730050089769, 534856.248075300944038 ], [ 446701.658320357732009, 534855.806264276150614 ], [ 446691.363413147744723, 534853.568380136042833 ], [ 446672.561714820622001, 534849.481499601970427 ], [ 446652.749163885018788, 534845.174876832868904 ], [ 446651.409606773988344, 534844.845449387677945 ], [ 446555.899546697502956, 534821.361852275207639 ], [ 446492.159495230764151, 534803.185886001563631 ], [ 446434.930050242634024, 534786.866428328212351 ], [ 446413.006553902290761, 534780.614764084573835 ], [ 446326.212351162335835, 534759.447659717756324 ], [ 446315.176170140912291, 534757.89673288364429 ], [ 446228.304507402237505, 534745.689350198605098 ], [ 446147.610010555246845, 534736.342000679811463 ], [ 446141.510440585378092, 534735.635366516653448 ], [ 446087.095685325271916, 534740.797365374164656 ], [ 446029.618196447088849, 534764.580180172808468 ], [ 446011.319807020889129, 534772.151657452690415 ], [ 446004.869368576270062, 534774.700971338432282 ], [ 445922.938499920186587, 534807.07996680343058 ], [ 445831.971739989472553, 534856.696577567490749 ], [ 445812.329703920113388, 534867.410144707886502 ], [ 445725.536174333654344, 534909.747140454477631 ], [ 445647.739386439439841, 534929.328350794385187 ], [ 445495.850138822977897, 534961.611249219044112 ], [ 445400.061682427243795, 535001.967882525641471 ], [ 445391.592089347890578, 535005.53613185766153 ], [ 445329.672423219773918, 535048.402071700664237 ], [ 445284.687955491710454, 535075.391919506713748 ], [ 445250.288076375203673, 535085.976206884835847 ], [ 445217.475710102764424, 535091.268639249494299 ], [ 445186.780385551974177, 535091.268956913729198 ], [ 445150.792545869480819, 535084.918885931023397 ], [ 445137.692142990068533, 535079.327698171604425 ], [ 445107.395384981413372, 535066.397199696279131 ], [ 445047.919017320789862, 535031.042056662146933 ], [ 445024.902666124165989, 535017.360257479711436 ], [ 444972.969737131264992, 534986.489155485294759 ], [ 444905.89206405042205, 534933.469934407621622 ], [ 444861.830226505117025, 534898.6428928358946 ], [ 444832.381205416750163, 534878.054159641615115 ], [ 444820.761725958203897, 534869.930516064749099 ], [ 444786.415541439375374, 534845.917991431080736 ], [ 444742.358362969825976, 534823.503149491036311 ], [ 444689.299629908287898, 534796.508637959952466 ], [ 444672.524629021412693, 534787.752601842046715 ], [ 444605.151460969063919, 534752.585828100563958 ], [ 444431.033597050001845, 534687.495670067262836 ], [ 444402.90776314237155, 534677.091140280477703 ], [ 444309.625119374599308, 534642.583017207682133 ], [ 444286.552888765989337, 534634.047851026756689 ], [ 444179.118413703748956, 534597.004903075634502 ], [ 444078.03471956436988, 534544.085718895075843 ], [ 443945.197177886264399, 534498.575738405110314 ], [ 443889.604698507813737, 534467.094867945299484 ], [ 443841.467159633990377, 534439.835412904270925 ], [ 443817.042594374332111, 534421.280636543640867 ], [ 443759.964934588002507, 534377.919615858001634 ], [ 443669.384399380418472, 534313.95217094628606 ], [ 443658.351708425325342, 534306.160975823411718 ], [ 443622.628348620259203, 534281.685746932402253 ], [ 443580.289476773934439, 534247.949494721717201 ], [ 443569.898372457304504, 534235.798041766975075 ], [ 443566.03642373427283, 534231.281889821519144 ], [ 443556.601900050707627, 534220.249147543450817 ], [ 443543.297237864579074, 534204.690755289164372 ], [ 443541.258130993403029, 534202.306292547029443 ], [ 443537.566832295677159, 534198.039541637874208 ], [ 443507.884841451596003, 534163.730878615169786 ], [ 443506.682268153876066, 534162.340851600049064 ], [ 443477.919883829425089, 534129.095217907219194 ], [ 443469.149498811224476, 534118.957703645457514 ], [ 443424.164314473047853, 534066.038041526451707 ], [ 443413.277253236563411, 534054.460685994708911 ], [ 443407.797957675298676, 534048.633842252427712 ], [ 443382.486877163115423, 534021.717713266727515 ], [ 443347.072373531176709, 533993.51365946768783 ], [ 443307.732283470686525, 533962.183419133536518 ], [ 443220.40858492575353, 533916.540607113041915 ], [ 443172.420630999025889, 533893.811419809004292 ], [ 443157.562059583084192, 533886.773721688427031 ], [ 443106.154924001486506, 533873.280625361599959 ], [ 443104.307219020149205, 533872.795615485403687 ], [ 443051.715482435014565, 533858.991749255917966 ], [ 442968.401137184700929, 533817.596574221388437 ], [ 442945.207110310380813, 533806.072641527862288 ], [ 442932.519019364146516, 533800.552850014180876 ], [ 442903.537368888326455, 533787.945003552711569 ], [ 442741.452052973851096, 533717.433407655567862 ], [ 442734.215068951772992, 533714.787809761823155 ], [ 442678.67490346240811, 533694.48456971149426 ], [ 442618.405316633929033, 533672.452428717748262 ], [ 442585.416428050142713, 533656.079722772003151 ], [ 442538.769077902717981, 533632.928220284054987 ], [ 442527.773981096979696, 533627.471254201605916 ], [ 442438.465530755463988, 533574.551997323869728 ], [ 442347.172426346282009, 533505.756713531562127 ], [ 442326.694572256936226, 533485.134128368343227 ], [ 442254.555994368391111, 533412.485854099155404 ], [ 442220.542622919077985, 533377.417221512645483 ], [ 442180.64947639912134, 533336.286472352570854 ], [ 442172.205118229961954, 533327.792873719474301 ], [ 442164.780222493922338, 533320.324552097124979 ], [ 442145.017378078424372, 533301.866154258954339 ], [ 442129.228691064694431, 533287.119608888402581 ], [ 442096.208714866661467, 533255.196083190618083 ], [ 442088.536497964756563, 533247.192046634969302 ], [ 442099.871386900660582, 533238.490435920190066 ], [ 442026.322300767526031, 533160.455868780845776 ], [ 441958.585249149473384, 533102.290569194359705 ], [ 441896.370242765115108, 533058.046285683987662 ], [ 441869.690894071129151, 533039.073241720441729 ], [ 441858.465382504276931, 533031.090435698628426 ], [ 441849.689878379984293, 533024.849705439060926 ], [ 441832.062083916855045, 533015.532890960457735 ], [ 441814.652493534667883, 533006.331389232189395 ], [ 441757.073914532375056, 532975.899529830319807 ], [ 441634.688590037752874, 532929.595523363677785 ], [ 441593.742199199972674, 532909.265159270726144 ], [ 441538.76497977291001, 532881.968371014925651 ], [ 441523.331120902090333, 532872.30912639759481 ], [ 441504.862925477791578, 532860.750931620015763 ], [ 441446.810369496990461, 532824.418720043729991 ], [ 441397.827847166277934, 532784.264911808306351 ], [ 441375.310215096280444, 532765.805952716385946 ], [ 441373.378887375001796, 532764.22275335912127 ], [ 441349.766489673929755, 532737.3175904849777 ], [ 441342.762241627729964, 532729.33664173912257 ], [ 441316.48578774795169, 532699.396160535165109 ], [ 441233.654064255009871, 532612.244123342214152 ], [ 441228.675746962777339, 532607.428879622952081 ], [ 441214.174131236970425, 532592.845509516308084 ], [ 441207.097106169734616, 532585.72856819187291 ], [ 441172.243979507067706, 532550.541024473262951 ], [ 441083.648234085296281, 532461.094952029059641 ], [ 441020.899133460014127, 532407.630450912052765 ], [ 440905.935689850943163, 532356.410755282384343 ], [ 440879.152106295048725, 532344.477837051497772 ], [ 440835.67513137991773, 532324.197063675615937 ], [ 440809.500441747426521, 532312.512827640632167 ], [ 440746.763926197891124, 532284.50783847947605 ], [ 440704.954281520564109, 532262.281724899658002 ], [ 440646.851539252500515, 532220.175569006009027 ], [ 440615.097629743046127, 532194.627403833321296 ], [ 440576.983181237592362, 532166.516613690997474 ], [ 440553.947308585746214, 532146.124994993559085 ], [ 440516.073486042500008, 532104.002589383046143 ], [ 440490.290414449351374, 532075.327345364261419 ], [ 440460.447147672413848, 532042.136300298385322 ], [ 440399.58461406925926, 531964.344198178034276 ], [ 440323.48227614548523, 531899.399016918963753 ], [ 440249.811141196172684, 531862.73905571247451 ], [ 440220.843955199699849, 531843.079612475587055 ], [ 440109.457987627363764, 531767.484139722422697 ], [ 440058.651428488316014, 531739.542848262935877 ], [ 440056.534549399570096, 531738.449155628914014 ], [ 440021.451036423211917, 531720.022951780236326 ], [ 439951.746114344801754, 531683.4132345643593 ], [ 439868.85200791148236, 531629.832858024048619 ], [ 439795.8206799798063, 531582.627601210493594 ], [ 439755.174751405487768, 531549.422824793262407 ], [ 439737.399027974810451, 531532.820507421274669 ], [ 439627.712486219010316, 531406.788276373408735 ], [ 439615.151887706771959, 531392.355788879445754 ], [ 439551.266942180576734, 531305.827565361512825 ], [ 439498.719330045394599, 531234.654882676200941 ], [ 439440.503401991329156, 531189.14403810352087 ], [ 439375.593668568821158, 531149.79161524202209 ], [ 439369.16728505550418, 531145.619929465581663 ], [ 439336.213707188901026, 531124.227937147486955 ], [ 439299.365294205606915, 531102.492484862566926 ], [ 439263.130390596750658, 531082.501040603034198 ], [ 439259.969616851187311, 531080.757186138420366 ], [ 439223.12127040856285, 531061.568828416639008 ], [ 439183.725660810770933, 531042.380517642130144 ], [ 439156.150420417368878, 531026.410109869670123 ], [ 439141.798518528637942, 531018.098043316276744 ], [ 439103.6842730587814, 530997.628396316897124 ], [ 439068.101681257365271, 530977.174250007490627 ], [ 439032.534705661004409, 530954.173174839583226 ], [ 439017.557046623493079, 530943.565455801552162 ], [ 438998.249018420523498, 530929.890724325319752 ], [ 438961.40056843723869, 530904.326973056653515 ], [ 438927.099409077083692, 530882.607222339836881 ], [ 438888.985184521065094, 530862.137504509999417 ], [ 438881.968706241052132, 530857.947470109676942 ], [ 438865.687752978410572, 530848.224544620723464 ], [ 438853.917366794426925, 530841.195507036405616 ], [ 438848.323849060980137, 530837.85513686039485 ], [ 438806.39651498827152, 530811.010062494664453 ], [ 438788.001378941698931, 530799.327061942778528 ], [ 438714.719785666326061, 530752.784852213575505 ], [ 438633.8616853649728, 530701.430712537025101 ], [ 438608.546305661846418, 530685.352512374636717 ], [ 438562.165644451684784, 530662.43687100103125 ], [ 438443.998881427804008, 530604.053438794566318 ], [ 438428.606749086757191, 530596.448505577049218 ], [ 438405.345334173529409, 530582.495444133295678 ], [ 438329.353427264490165, 530536.912362753995694 ], [ 438242.808444583613891, 530484.9992082339013 ], [ 438232.120803039462771, 530478.588359302608296 ], [ 438221.017915954696946, 530474.183197030215524 ], [ 438203.38920355879236, 530462.071799889905378 ], [ 438144.407570034789387, 530421.550206377753057 ], [ 438045.969833148119505, 530355.665630445349962 ], [ 437992.547787578369025, 530310.957071824464947 ], [ 437972.935335236077663, 530294.543499614810571 ], [ 437912.602369746949989, 530236.596492009004578 ], [ 437865.718227847421076, 530181.902702110121027 ], [ 437850.681499088124838, 530164.361215522629209 ], [ 437807.813254081294872, 530108.591525845346041 ], [ 437768.576037824503146, 530063.598263034713455 ], [ 437744.304638575995341, 530035.766260985052213 ], [ 437739.617671476851683, 530028.911287692026235 ], [ 437719.391911917482503, 529999.329606746323407 ], [ 437694.222935234720353, 529962.518060644855723 ], [ 437691.116055986727588, 529957.974046736839227 ], [ 437648.247715322475415, 529899.233099256525747 ], [ 437628.400943251559511, 529839.698166703572497 ], [ 437618.611673272505868, 529811.311825774027966 ], [ 437604.584853559092153, 529770.637576776091009 ], [ 437577.877699669799767, 529714.390397062525153 ], [ 437574.627558093867265, 529707.545466721756384 ], [ 437553.077654092165176, 529667.996159824542701 ], [ 437548.797034809598699, 529662.667349381605163 ], [ 437536.834322001552209, 529647.774742075940594 ], [ 437526.417776587011758, 529634.806960112182423 ], [ 437501.039317802409641, 529600.351817919174209 ], [ 437473.113710852863733, 529565.881196514703333 ], [ 437470.417015556187835, 529561.946899420116097 ], [ 437447.750974831928033, 529528.879008554504253 ], [ 437443.075599518138915, 529522.528542575077154 ], [ 437401.64461758750258, 529453.882858808035962 ], [ 437379.157960316748358, 529416.625606935936958 ], [ 437348.96187300386373, 529366.594604069599882 ], [ 437305.669109239242971, 529311.929019192000851 ], [ 437293.578263016999699, 529297.127302857697941 ], [ 437292.647032019274775, 529295.987213679705746 ], [ 437276.477782029076479, 529276.192639766959473 ], [ 437249.817901081871241, 529244.268902818090282 ], [ 437220.626565132872202, 529209.813926889328286 ], [ 437201.895082202274352, 529186.481041734921746 ], [ 437193.98246559780091, 529176.624522232217714 ], [ 437168.604049787740223, 529143.43519150686916 ], [ 437143.225537698890548, 529106.433038904215209 ], [ 437125.158728284470271, 529077.56764593324624 ], [ 437124.357282003504224, 529077.859060139977373 ], [ 437066.348319781420287, 528978.427972653182223 ], [ 437059.983978896518238, 528965.533005263889208 ], [ 437006.014716214092914, 528856.182927603251301 ], [ 436982.176952487381641, 528810.86990596994292 ], [ 436977.251610965235159, 528801.507168941781856 ], [ 436946.706042842124589, 528743.442957349820063 ], [ 436892.190612941398285, 528647.109141664230265 ], [ 436840.09782703302335, 528584.704177512554452 ], [ 436795.642132603737991, 528557.715266612707637 ], [ 436731.340333791275043, 528542.63375805132091 ], [ 436665.450870282831602, 528540.252994481124915 ], [ 436605.912421234184876, 528540.253592389519326 ], [ 436570.3078624837799, 528537.130888018524274 ], [ 436563.345764390949626, 528536.520347455632873 ], [ 436560.663038841157686, 528536.285003354190849 ], [ 436560.409477212524507, 528536.184802044415846 ], [ 436496.36111231072573, 528510.884095664368942 ], [ 436468.554715317091905, 528503.979830282391049 ], [ 436467.539773411408532, 528503.727767881238833 ], [ 436435.511106257734355, 528495.775223999749869 ], [ 436387.484818550699856, 528483.850349636282772 ], [ 436378.077597674506251, 528481.514582069008611 ], [ 436269.320221284055151, 528448.969801566912793 ], [ 436170.089223063667305, 528445.00180993869435 ], [ 436102.612143023172393, 528439.445963066071272 ], [ 436043.07375269010663, 528443.41554478823673 ], [ 436019.258284707902931, 528450.559981009690091 ], [ 435983.535340337082744, 528467.230250461376272 ], [ 435975.138909525994677, 528472.594467692193575 ], [ 435954.957117400888819, 528485.487920911516994 ], [ 435953.730030534090474, 528486.261841127765365 ], [ 435935.555776380293537, 528497.724595736712217 ], [ 435926.274234098556917, 528503.578646138892509 ], [ 435917.706921610515565, 528508.982241711113602 ], [ 435917.036829887423664, 528509.404994811979122 ], [ 435897.925368433236144, 528521.458843627944589 ], [ 435833.93030931125395, 528568.781220213393681 ], [ 435803.458215199760161, 528591.314420041628182 ], [ 435775.570436602283735, 528613.874501229729503 ], [ 435770.312551114009693, 528618.127951906761155 ], [ 435765.0547767963144, 528622.381292478763498 ], [ 435756.125762516399845, 528629.604441080009565 ], [ 435740.58929284819169, 528642.17295841849409 ], [ 435732.806444153306074, 528648.468904993613251 ], [ 435692.657554195437115, 528700.424337712815031 ], [ 435692.320757466426585, 528700.860377019736916 ], [ 435691.65634681051597, 528701.574635237338953 ], [ 435652.163491217186674, 528744.038518709479831 ], [ 435644.881566120369826, 528751.868348910706118 ], [ 435640.172918447584379, 528756.931271474459209 ], [ 435618.493786986975465, 528780.241404848871753 ], [ 435609.040234900137875, 528791.270251565030776 ], [ 435600.897703752445523, 528800.769416400464252 ], [ 435561.337443140393589, 528846.921350675518624 ], [ 435512.913447062601335, 528910.426159524940886 ], [ 435495.060343063552864, 528933.230554492794909 ], [ 435454.778110549435951, 528984.684216222027317 ], [ 435450.671573508298025, 528989.929624172858894 ], [ 435435.33741543412907, 529009.516439892351627 ], [ 435413.904518284543883, 529027.711016566958278 ], [ 435405.343003771500662, 529036.454454040853307 ], [ 435402.006536233006045, 529039.436133198672906 ], [ 435399.693763884715736, 529041.502809471217915 ], [ 435385.186107355984859, 529054.466800805181265 ], [ 435375.13164147734642, 529060.93009260611143 ], [ 435367.173448832763825, 529066.04614138614852 ], [ 435363.178655304480344, 529068.293158700340427 ], [ 435346.587609283975326, 529077.625621638726443 ], [ 435327.525386658264324, 529086.255306667415425 ], [ 435315.617686194484122, 529089.959863158292137 ], [ 435312.361379331850912, 529090.546114733442664 ], [ 435302.386890120222233, 529092.341521117486991 ], [ 435283.863951269013342, 529092.341694184578955 ], [ 435255.549914311559405, 529089.695847976137884 ], [ 435221.462867927853949, 529084.202148545533419 ], [ 435217.233523641014472, 529083.724822238320485 ], [ 435216.334363569738343, 529083.511451319092885 ], [ 435202.695739724324085, 529080.275587330921553 ], [ 435198.512546072131954, 529079.28308479487896 ], [ 435184.705023404734675, 529076.007301878998987 ], [ 435169.934484633326065, 529069.443232466815971 ], [ 435166.151025263592601, 529067.762024709605612 ], [ 435164.856945387553424, 529067.186883142683655 ], [ 435149.419461042794865, 529057.263810081523843 ], [ 435131.225302194419783, 529041.27660139312502 ], [ 435115.511977131711319, 529020.603218008531258 ], [ 435088.542451456421986, 528980.153052457259037 ], [ 435082.166683381190524, 528970.590319942566566 ], [ 435068.096037668583449, 528949.486612485605292 ], [ 435043.088120592059568, 528917.957679788232781 ], [ 435042.734279122494627, 528917.511587651097216 ], [ 435019.026380888652056, 528888.844640519469976 ], [ 434984.016537735238671, 528864.312616341747344 ], [ 434958.807499420305248, 528850.76887269585859 ], [ 434951.403383202268742, 528846.790962851722725 ], [ 434910.137363685294986, 528824.620460545760579 ], [ 434907.709560135495849, 528823.580125261563808 ], [ 434888.635061321489047, 528815.406064724433236 ], [ 434871.543969189573545, 528808.082271933672018 ], [ 434836.809939103317447, 528795.95439325994812 ], [ 434811.997308885853272, 528790.805472940439358 ], [ 434807.589239777764305, 528789.890706199221313 ], [ 434783.330625115020666, 528789.891259923344478 ], [ 434782.521326941903681, 528790.000695050461218 ], [ 434762.931672815524507, 528792.648150630178861 ], [ 434744.186457404575776, 528797.059047581162304 ], [ 434729.045684600831009, 528804.629259094246663 ], [ 434722.133519817958586, 528808.085335151175968 ], [ 434703.939814898010809, 528821.86828639137093 ], [ 434685.746337823045906, 528841.715439252788201 ], [ 434669.758421298465692, 528869.280619528028183 ], [ 434660.784721894247923, 528883.884450425743125 ], [ 434655.699966688989662, 528892.159991957596503 ], [ 434634.404623309266753, 528929.194927939097397 ], [ 434630.339646235574037, 528936.264391147647984 ], [ 434623.091689935594331, 528950.069623973104171 ], [ 434618.762129464943428, 528958.316643276019022 ], [ 434612.512807483202778, 528972.898553414153866 ], [ 434610.492636295908596, 528977.612247116630897 ], [ 434603.325568594213109, 528993.048769851215184 ], [ 434602.406697944330517, 528994.396383057814091 ], [ 434595.055845301889349, 529005.177510526147671 ], [ 434585.68364828475751, 529020.614056239370257 ], [ 434577.138496508006938, 529047.352261237101629 ], [ 434574.933520247228444, 529061.686127310735174 ], [ 434574.933730420074426, 529070.086823473451659 ], [ 434574.933977055130526, 529082.635449209832586 ], [ 434573.280285011220258, 529099.174487886717543 ], [ 434573.831938385555986, 529119.572579838568345 ], [ 434574.935118666093331, 529144.38096581120044 ], [ 434575.64685854036361, 529191.994079764233902 ], [ 434574.768922006536741, 529205.166137493681163 ], [ 434573.810308049956802, 529219.54901732574217 ], [ 434572.2861881077406, 529242.417273372644559 ], [ 434570.824219669390004, 529317.049530743388459 ], [ 434569.398569048556965, 529328.456220700172707 ], [ 434569.150069537921809, 529330.444696009042673 ], [ 434565.566781809204258, 529348.913266346324235 ], [ 434556.569992259319406, 529375.261149128898978 ], [ 434555.200002884026617, 529379.273197777685709 ], [ 434550.1304729830008, 529394.119979776558466 ], [ 434526.975627398409415, 529444.840033993008547 ], [ 434502.166582584322896, 529483.431561744306237 ], [ 434491.416067562648095, 529501.900280422763899 ], [ 434463.784347810084, 529534.452249307883903 ], [ 434451.169850399019197, 529549.312958615133539 ], [ 434445.386123441741802, 529555.431771662901156 ], [ 434413.128879491006956, 529589.558443694608286 ], [ 434376.466014649311546, 529619.605055556166917 ], [ 434313.846269123139791, 529676.675367922056466 ], [ 434289.357358155946713, 529698.993921258253977 ], [ 434283.567515528411604, 529703.463345321710221 ], [ 434267.289220929378644, 529716.028828046983108 ], [ 434262.54780771699734, 529719.688804355682805 ], [ 434257.932263777882326, 529723.251739901374094 ], [ 434228.160709101648536, 529740.894015239086002 ], [ 434204.453756968141533, 529750.817879860638641 ], [ 434182.952053439861629, 529761.844167384086177 ], [ 434162.828692431678064, 529773.697719922172837 ], [ 434122.174191888538189, 529812.338970935670659 ], [ 434073.500087715219706, 529858.602764480398037 ], [ 434064.215757789555937, 529867.427377778920345 ], [ 434062.67074087401852, 529868.895821369602345 ], [ 434062.546998354024254, 529869.01342975453008 ], [ 434051.462230501463637, 529879.549347347579896 ], [ 434005.978317924425937, 529925.032553022843786 ], [ 433978.856847867544275, 529960.310490348027088 ], [ 433932.653508055373095, 530020.408826796570793 ], [ 433911.836777539690956, 530050.929126465693116 ], [ 433895.991150209039915, 530074.161164015997201 ], [ 433876.059432170528453, 530107.267624908708967 ], [ 433863.46369206655072, 530128.189264860586263 ], [ 433858.378126355702989, 530140.055486500379629 ], [ 433848.561033884063363, 530162.962142793810926 ], [ 433846.568651868612505, 530167.136504668043926 ], [ 433837.721811393159442, 530185.672761556692421 ], [ 433824.402175652154256, 530213.580671901931055 ], [ 433787.127837084815837, 530328.272374136606231 ], [ 433775.177750993985683, 530365.042446982581168 ], [ 433760.191230504540727, 530392.290401311125606 ], [ 433733.149882938421797, 530441.456279266742058 ], [ 433686.513095002504997, 530501.037499230937101 ], [ 433660.107003388053272, 530534.772778611048125 ], [ 433626.478337989479769, 530577.735343781299889 ], [ 433596.2271308490308, 530608.751348491525277 ], [ 433521.956191931501962, 530684.899714496685192 ], [ 433499.161597756901756, 530700.855550184147432 ], [ 433402.880020872456953, 530768.250212372397073 ], [ 433374.771267230331432, 530781.608436966780573 ], [ 433269.249625295924488, 530831.755941143142991 ], [ 433168.696189189737197, 530889.969061628333293 ], [ 433105.189119851333089, 530954.797024355619214 ], [ 433078.998804624541663, 530986.51005268888548 ], [ 433073.274767528928351, 530999.31348070432432 ], [ 433064.157246753340587, 531019.707168411579914 ], [ 433053.860866930452175, 531042.738095714943483 ], [ 433048.933700531488284, 531067.373837704071775 ], [ 433043.938205723301508, 531092.350837589008734 ], [ 433033.582535174617078, 531133.477294400101528 ], [ 433020.785346517979633, 531184.29988445318304 ], [ 433004.201410643174313, 531264.997251228429377 ], [ 432996.961517173214816, 531347.877536967629567 ], [ 432995.648645138076972, 531362.905818436527625 ], [ 432987.049060744699091, 531400.611535312607884 ], [ 432979.023337782477029, 531416.85605490533635 ], [ 432953.04031834739726, 531469.447414563037455 ], [ 432893.195661119825672, 531559.986450326163322 ], [ 432890.962617916578893, 531563.364732322632335 ], [ 432886.811748741543852, 531571.235268920776434 ], [ 432874.869999571994413, 531581.635977862053551 ], [ 432861.17548098397674, 531593.563408380257897 ], [ 432855.594714589300565, 531600.505170101532713 ], [ 432854.853809330088552, 531601.426708656828851 ], [ 432853.110668356821407, 531602.400915121659636 ], [ 432847.891286498983391, 531605.317770750145428 ], [ 432828.134258913632948, 531616.357975259772502 ], [ 432731.56888668530155, 531669.059146646410227 ], [ 432682.743990258022677, 531693.660096899722703 ], [ 432657.6055894359597, 531712.843985605170019 ], [ 432618.575144342146814, 531745.919490687432699 ], [ 432561.683166680973954, 531798.840257005533203 ], [ 432553.174619155819528, 531807.978780855773948 ], [ 432508.76355100836372, 531855.677605853183195 ], [ 432478.991828011348844, 531892.774476817459799 ], [ 432447.899822570383549, 531927.834358784952201 ], [ 432411.811046689399518, 531955.18984865245875 ], [ 432397.257661568932235, 531963.067410928662866 ], [ 432377.115306745865382, 531973.969994641724043 ], [ 432360.41591226158198, 531980.816822007764131 ], [ 432333.387792398862075, 531991.898228212376125 ], [ 432328.389134356402792, 531993.947720104362816 ], [ 432321.982831538654864, 531996.574301781947725 ], [ 432298.71595761080971, 532004.526367623824626 ], [ 432278.427988804527558, 532011.460285455919802 ], [ 432257.269534209335689, 532016.750175914145075 ], [ 432234.321865299134515, 532022.487304702168331 ], [ 432194.626207496388815, 532028.001146959722973 ], [ 432179.981222209520638, 532028.118469674722292 ], [ 432160.167996415751986, 532028.277362590888515 ], [ 432153.685523144900799, 532028.244308513822034 ], [ 432069.658831861568615, 532027.815120332641527 ], [ 432052.658595839806367, 532027.728239359683357 ], [ 432017.849214496905915, 532026.779824399156496 ], [ 432013.613271030015312, 532026.664309662417509 ], [ 432003.376223731494974, 532026.385381190455519 ], [ 431992.012167729204521, 532026.075706844800152 ], [ 431936.879367473011371, 532029.935933548025787 ], [ 431904.902341216336936, 532038.75730378984008 ], [ 431865.405537331476808, 532052.607189960661344 ], [ 431857.609638466266915, 532055.340800367994234 ], [ 431826.715790299524087, 532075.355832236935385 ], [ 431794.300621787027922, 532102.477734808460809 ], [ 431768.270282856072299, 532129.671504007652402 ], [ 431733.337070668931119, 532181.402529673301615 ], [ 431724.772435793711338, 532194.085322490660474 ], [ 431713.131471013068222, 532203.084221957367845 ], [ 431707.740680318849627, 532207.25142661947757 ], [ 431704.223408385587391, 532209.970440631383099 ], [ 431678.801265554444399, 532229.622728951508179 ], [ 431659.330274864449166, 532238.905022314516827 ], [ 431601.132747738214675, 532265.209387028473429 ], [ 431590.224371097632684, 532271.815610375371762 ], [ 431554.163782984192949, 532293.654372913762927 ], [ 431505.210252771095838, 532326.730057797045447 ], [ 431477.876005839498248, 532347.450400296947919 ], [ 431464.195102486410178, 532357.821047618170269 ], [ 431460.806017111986876, 532361.633514533517882 ], [ 431456.867666930367704, 532366.063935296493582 ], [ 431453.610552323050797, 532369.728252994827926 ], [ 431448.318356915318873, 532380.973797181271948 ], [ 431448.318365954561159, 532388.094375417334959 ], [ 431448.318509933771566, 532396.671405246830545 ], [ 431448.31853566004429, 532396.849895196966827 ], [ 431450.562979840266053, 532414.451503273565322 ], [ 431456.255486082693096, 532449.757120892056264 ], [ 431456.257601795194205, 532449.769946248619817 ], [ 431459.565514860849362, 532469.615034030284733 ], [ 431459.565547373902518, 532480.90966823650524 ], [ 431459.565745402360335, 532491.444669209071435 ], [ 431456.16457901254762, 532505.04844720789697 ], [ 431454.753906443540473, 532510.691077962634154 ], [ 431452.289019308169372, 532520.550802582292818 ], [ 431443.721904572332278, 532532.14170811988879 ], [ 431435.315486983279698, 532543.515086849685758 ], [ 431429.261938473617192, 532551.705129559035413 ], [ 431429.094545444415417, 532552.108235194231384 ], [ 431419.301657586940564, 532566.014022043091245 ], [ 431370.199877641687635, 532635.737708740634844 ], [ 431317.526432361628395, 532696.425782211590558 ], [ 431315.529680376756005, 532698.726468084380031 ], [ 431281.400814192718826, 532738.048405859619379 ], [ 431274.110078002500813, 532744.024100487469696 ], [ 431247.152943930355832, 532766.119801169843413 ], [ 431220.992522683693096, 532784.9551451143343 ], [ 431192.859574710601009, 532801.643950444529764 ], [ 431188.46437565080123, 532804.251314430264756 ], [ 431166.411473547690548, 532817.482994152000174 ], [ 431156.372512058936991, 532822.664293562294915 ], [ 431149.32038046856178, 532826.304155732737854 ], [ 431135.15919092122931, 532836.163000796688721 ], [ 431127.543356614944059, 532841.465243888902478 ], [ 431106.592996376275551, 532857.453393084462732 ], [ 431082.335018814483192, 532881.710993815795518 ], [ 431063.693825388152618, 532893.827562824008055 ], [ 431060.282053323055152, 532896.045295627322048 ], [ 431052.968894532939885, 532898.168480249471031 ], [ 431043.1909382075537, 532901.007284281542525 ], [ 431032.080420145241078, 532904.710867051966488 ], [ 431021.689288571593352, 532908.17458027577959 ], [ 430996.3282041689381, 532918.649877010146156 ], [ 430993.837144635326695, 532919.53650455607567 ], [ 430983.609244277817197, 532923.176941031124443 ], [ 430965.747477278753649, 532929.534664485021494 ], [ 430963.799858208920341, 532930.227891606511548 ], [ 430949.333942127414048, 532933.482751389499754 ], [ 430941.746923208993394, 532935.189968068152666 ], [ 430913.629252846294548, 532942.90874344331678 ], [ 430875.58775493199937, 532956.692008267971687 ], [ 430867.351651681528892, 532959.083248168462887 ], [ 430841.405375336995348, 532966.616125702275895 ], [ 430816.717651584651321, 532974.84551891067531 ], [ 430805.845007375464775, 532978.469752317410894 ], [ 430791.34761188167613, 532986.212616487871855 ], [ 430757.328274172381498, 533004.381843521841802 ], [ 430723.697583655477501, 533018.165045280708 ], [ 430720.217431587690953, 533019.080937601160258 ], [ 430706.950821966747753, 533022.572182931588031 ], [ 430700.568906788015738, 533024.251655340660363 ], [ 430692.271799437468871, 533026.435104326810688 ], [ 430659.192254638124723, 533037.461931247380562 ], [ 430620.599439475336112, 533054.001604717457667 ], [ 430609.813485810009297, 533060.138339603785425 ], [ 430588.622673091653269, 533072.195193156832829 ], [ 430567.121243002824485, 533088.183259650249965 ], [ 430546.72235940664541, 533111.338268696097657 ], [ 430532.663749431609176, 533127.050625010509975 ], [ 430519.432356647972483, 533144.692486234707758 ], [ 430512.817422058375087, 533163.666078035952523 ], [ 430508.940493313479237, 533174.786350518465042 ], [ 430489.094673410756513, 533209.846052747801878 ], [ 430468.587202210328542, 533237.62950726901181 ], [ 430415.495744123880286, 533288.38896158861462 ], [ 430403.380547640030272, 533302.642069907858968 ], [ 430385.186887359363027, 533318.078834980842657 ], [ 430375.376627788296901, 533326.298194629256614 ], [ 430361.414301006007008, 533337.996100397896953 ], [ 430344.389242288190871, 533352.26021576684434 ], [ 430323.990223867294844, 533370.453657711273991 ], [ 430315.720524804317392, 533381.479711776948534 ], [ 430303.040266694908496, 533398.01896266406402 ], [ 430266.3775573578896, 533433.027228140155785 ], [ 430262.971633038774598, 533436.52629670931492 ], [ 430247.306373003404588, 533452.620663724606857 ], [ 430226.131340334308334, 533474.37554360658396 ], [ 430211.245733634161297, 533490.363546025240794 ], [ 430196.360136571456678, 533506.351553825312294 ], [ 430175.410221761616413, 533537.224638715852052 ], [ 430160.501550237939227, 533566.515761799761094 ], [ 430158.558809326670598, 533570.332600119523704 ], [ 430151.97972238168586, 533583.258766393177211 ], [ 430137.645866476988886, 533618.542122606188059 ], [ 430126.619876971642952, 533657.684575537219644 ], [ 430120.555953358183615, 533690.211352068348788 ], [ 430119.195498105371371, 533703.137906804680824 ], [ 430118.351069769996684, 533711.160774695570581 ], [ 430117.524476187187247, 533730.731864137109369 ], [ 430120.411545220820699, 533745.027048339601606 ], [ 430120.854880307626445, 533747.222497559385374 ], [ 430124.567570380924735, 533765.605542278033681 ], [ 430129.103658307576552, 533788.066829506657086 ], [ 430137.373914835101459, 533805.156966472277418 ], [ 430142.844748160219751, 533811.766891836654395 ], [ 430150.606135146401357, 533821.144282439607196 ], [ 430166.043850347748958, 533838.234270592569374 ], [ 430170.775433412753046, 533842.264427390648052 ], [ 430170.779634442646056, 533842.268070901744068 ], [ 430180.929872681619599, 533850.9137596427463 ], [ 430198.572825074661523, 533865.798602119437419 ], [ 430220.350763091817498, 533880.958852521027438 ], [ 430233.111450045427773, 533890.673474997747689 ], [ 430237.062693534651771, 533893.681567930732854 ], [ 430411.092038507806137, 533996.799316334887408 ], [ 430435.861530787311494, 534011.659512190613896 ], [ 430453.290551868267357, 534020.157122561940923 ], [ 430486.922076295071747, 534037.246644548256882 ], [ 430538.747774191142526, 534067.015885314671323 ], [ 430587.816721033828799, 534094.579695336055011 ], [ 430628.064451142505277, 534133.169779286952689 ], [ 430654.80491596495267, 534174.241176250274293 ], [ 430696.989885099232197, 534230.481997530325316 ], [ 430708.076371388160624, 534245.262600943562575 ], [ 430744.12283920799382, 534293.319957879371941 ], [ 430746.405945401987992, 534296.642943827901036 ], [ 430748.341966328094713, 534299.460913914488629 ], [ 430765.901018286880571, 534325.019085628329776 ], [ 430779.13352815923281, 534349.827437220606953 ], [ 430788.506610597600229, 534377.392083805054426 ], [ 430789.965323633165099, 534394.526001163292676 ], [ 430790.712530152231921, 534403.303164238692261 ], [ 430791.735516087792348, 534419.868932672659867 ], [ 430791.959772163478192, 534423.501350887003355 ], [ 430790.241900574124884, 534434.789893611334264 ], [ 430789.181484733009711, 534441.75880304526072 ], [ 430775.686473826295696, 534473.907926411950029 ], [ 430764.175997648912016, 534505.660140745458193 ], [ 430753.380184727720916, 534528.358558685751632 ], [ 430748.696288238279521, 534538.206300745368935 ], [ 430724.881193467299454, 534563.60815257509239 ], [ 430697.738556545111351, 534600.088711756165139 ], [ 430691.633125772583298, 534606.746083765989169 ], [ 430649.232642740535084, 534639.36140076094307 ], [ 430629.352300205442589, 534646.150003423332237 ], [ 430565.297093494795263, 534668.023188689840026 ], [ 430537.534246863157023, 534672.757975624874234 ], [ 430501.017342369130347, 534680.299431950435974 ], [ 430476.805220591952093, 534694.191334871342406 ], [ 430455.371428828511853, 534709.670609563123435 ], [ 430442.442437806050293, 534720.262738308520056 ], [ 430422.427040602662601, 534736.66035620844923 ], [ 430377.17820448835846, 534775.160170467104763 ], [ 430349.142325180582702, 534802.454596096184105 ], [ 430342.739227495680097, 534809.700106224743649 ], [ 430247.705321449320763, 534917.236524260952137 ], [ 430198.961335383937694, 534964.880970904836431 ], [ 430166.017115916591138, 535006.555913601652719 ], [ 430123.616391683346592, 535053.298820981057361 ], [ 430108.953925053298008, 535066.469781418330967 ], [ 430107.352393002947792, 535067.908595124958083 ], [ 430100.645597296766937, 535073.346442744135857 ], [ 430097.647486009867862, 535075.222950999857858 ], [ 430086.236197371210437, 535082.364879797329195 ], [ 430039.796446385153104, 535111.736071272403933 ], [ 430031.722385193512309, 535118.342024307115935 ], [ 429991.769107426982373, 535151.029833701206371 ], [ 429947.998721401556395, 535189.258177164010704 ], [ 429929.055792419239879, 535205.802918907487765 ], [ 429871.502277013962157, 535251.050160658312961 ], [ 429838.496050965972245, 535287.682151674642228 ], [ 429835.382610113010742, 535291.137610571226105 ], [ 429826.842721268592868, 535303.782977483351715 ], [ 429814.742918066564016, 535321.699206611025147 ], [ 429807.201565948373172, 535344.719619664130732 ], [ 429801.644945355597883, 535372.105815813876688 ], [ 429798.073141703614965, 535422.115492579177953 ], [ 429791.700856662529986, 535480.801873109303415 ], [ 429783.762879891088232, 535524.460986402700655 ], [ 429777.147836805903353, 535559.520809274632484 ], [ 429762.594306112267077, 535592.926774092600681 ], [ 429746.968968811270315, 535622.112752323737368 ], [ 429745.063857500790618, 535625.671230229316279 ], [ 429743.536040425533429, 535627.526321543846279 ], [ 429721.910294325090945, 535653.785363078117371 ], [ 429684.942676144419238, 535683.11197346705012 ], [ 429672.29530621052254, 535693.145246577681974 ], [ 429605.811001309775747, 535735.151389529462904 ], [ 429550.903363964986056, 535760.950550973997451 ], [ 429529.318798624793999, 535773.622322898707353 ], [ 429502.160240819386672, 535789.566646994790062 ], [ 429499.63442603679141, 535791.04949020256754 ], [ 429424.805377964861691, 535832.262607643962838 ], [ 429414.957792717323173, 535837.686250583617948 ], [ 429358.396480502444319, 535862.493146864813752 ], [ 429326.642810240969993, 535881.676998707000166 ], [ 429279.312105349614285, 535918.541379253380001 ], [ 429260.820189693418797, 535932.944109363481402 ], [ 429209.051783208153211, 535966.76896196953021 ], [ 429202.605019162932876, 535970.981140819960274 ], [ 429191.600409542093985, 535979.067709058523178 ], [ 429158.943854469980579, 536003.064490063930862 ], [ 429112.967073049105238, 536035.478549521416426 ], [ 429053.428863281616941, 536069.546528261620551 ], [ 428973.052342354669236, 536113.868074098369107 ], [ 428930.38329295499716, 536131.06745497637894 ], [ 428927.652592020691372, 536131.865414313506335 ], [ 428879.444838718045503, 536145.951871384982951 ], [ 428853.314141101029236, 536158.189926895778626 ], [ 428836.598571677925065, 536168.246219951775856 ], [ 428812.629730061627924, 536182.66598630475346 ], [ 428749.453079553786665, 536221.695225963951088 ], [ 428709.094786494970322, 536240.488942234776914 ], [ 428693.141304615535773, 536247.918135600280948 ], [ 428681.976429597008973, 536253.117243510088883 ], [ 428660.574705443403218, 536260.225864726118743 ], [ 428588.368894631566945, 536284.208760955138132 ], [ 428529.161355790274683, 536300.746994874207303 ], [ 428452.753788387752138, 536325.884871790185571 ], [ 428416.699903316912241, 536339.11538309219759 ], [ 428373.038485986064188, 536347.715297814807855 ], [ 428335.330837390909437, 536362.599480098579079 ], [ 428276.454150529811159, 536387.737203931319527 ], [ 428222.538831758894958, 536410.22879725927487 ], [ 428218.542295511695556, 536412.10776926309336 ], [ 428178.215923476789612, 536431.066682477830909 ], [ 428165.619622483267449, 536434.665446114726365 ], [ 428137.033902363851666, 536442.832703079329804 ], [ 428131.90823814261239, 536444.29717773757875 ], [ 428087.916043881326914, 536453.889382710098289 ], [ 428053.516059372399468, 536456.866458370815963 ], [ 428023.416033403656911, 536456.536085437284783 ], [ 428001.254425801744219, 536452.236491791205481 ], [ 427983.085620427154936, 536444.719124889234081 ], [ 427982.069650142046157, 536444.298707738867961 ], [ 427981.217331254156306, 536443.664503718027845 ], [ 427953.623231022967957, 536423.130911758984439 ], [ 427924.813457442098297, 536393.441083746962249 ], [ 427894.083926625840832, 536349.704787054215558 ], [ 427870.599026352225337, 536318.61433676443994 ], [ 427850.09090948064113, 536289.839271789300255 ], [ 427809.736544676707126, 536242.873044967651367 ], [ 427800.636820842744783, 536231.992617402807809 ], [ 427779.193373692978639, 536206.352938156807795 ], [ 427757.78027273027692, 536184.944375667604618 ], [ 427742.43309279991081, 536169.600633437745273 ], [ 427709.528412185667548, 536136.703167681931518 ], [ 427669.934288435266353, 536097.104831859935075 ], [ 427667.638958944357, 536094.809257764020003 ], [ 427667.185888516134582, 536094.478373763733543 ], [ 427640.721559752244502, 536074.632248244946823 ], [ 427632.108708060812205, 536067.455549757229164 ], [ 427617.565242754702922, 536055.337111747125164 ], [ 427597.717018831113819, 536036.042224162723869 ], [ 427576.766205434279982, 536022.259966474259272 ], [ 427560.777587132935878, 536015.093426582636312 ], [ 427542.988449044642039, 536005.446133444202133 ], [ 427528.248714039335027, 535997.452552860951982 ], [ 427492.411741731630173, 535977.055242610629648 ], [ 427457.126075731473975, 535952.24738880712539 ], [ 427424.873008624475915, 535934.882202859967947 ], [ 427410.50923534471076, 535926.166615560185164 ], [ 427393.730753767420538, 535915.985950527829118 ], [ 427366.76756122498773, 535904.013335775351152 ], [ 427339.804354608757421, 535892.040734580019489 ], [ 427327.034554978017695, 535886.370563189848326 ], [ 427299.719870062486734, 535874.241904144641012 ], [ 427260.023670171038248, 535861.011429546633735 ], [ 427228.597569010220468, 535850.537527695531026 ], [ 427198.82549985148944, 535840.614709006506018 ], [ 427178.426333848503418, 535834.550943451467901 ], [ 427155.821601938747335, 535829.589586374699138 ], [ 427099.310130754252896, 535819.391724819783121 ], [ 427083.18696244788589, 535814.525125865009613 ], [ 427070.089391484681983, 535810.571629330166616 ], [ 427047.484732007724233, 535803.956451962818392 ], [ 427024.328763135243207, 535801.751748574664816 ], [ 426932.081045310827903, 535783.226917883032002 ], [ 426908.252017617691308, 535778.441547234309837 ], [ 426859.959558800037485, 535762.565956200356595 ], [ 426789.642303773667663, 535740.572138787480071 ], [ 426750.281356678693555, 535718.237370364367962 ], [ 426735.705498356197495, 535709.966515619540587 ], [ 426729.659340532554779, 535706.943771798629314 ], [ 426699.317379542044364, 535691.77426925371401 ], [ 426666.788613056414761, 535676.889920659945346 ], [ 426659.520369076577481, 535673.34270125371404 ], [ 426620.476424826600123, 535654.287535442970693 ], [ 426588.498954010719899, 535639.954368857434019 ], [ 426546.597275976208039, 535620.659760337905027 ], [ 426469.79379189258907, 535589.561198763083667 ], [ 426446.530105288431514, 535580.141376879066229 ], [ 426434.434031914803199, 535573.177623080089688 ], [ 426391.947840777575038, 535548.718579496955499 ], [ 426352.802935954416171, 535526.667328123585321 ], [ 426352.271536093496252, 535526.316112498170696 ], [ 426320.273909969546366, 535505.167378296842799 ], [ 426283.33444675989449, 535481.462227239157073 ], [ 426228.200661983108148, 535443.975007888395339 ], [ 426158.723825908615254, 535388.1629668911919 ], [ 426142.188869168167002, 535369.684109163470566 ], [ 426121.894372438662685, 535347.003704910399392 ], [ 426113.738699061679654, 535337.889245806145482 ], [ 426073.681510898109991, 535287.358480573398992 ], [ 426056.104680419666693, 535261.617998037836514 ], [ 426016.491098859871272, 535203.605317418579943 ], [ 425987.325667488970794, 535171.714041960891336 ], [ 425978.110383549879771, 535161.637396109523252 ], [ 425858.541146249277517, 535046.640034119831398 ], [ 425836.334745662403293, 535025.282811662298627 ], [ 425828.465166525449604, 535017.714228939265013 ], [ 425825.253439405874815, 535013.78304130374454 ], [ 425809.47433940944029, 534993.074977268232033 ], [ 425807.237666595145129, 534987.576266025775112 ], [ 425788.133280801703222, 534940.610210695303977 ], [ 425783.598086065496318, 534929.461042495211586 ], [ 425781.217121759138536, 534908.300485282787122 ], [ 425771.689331812900491, 534823.620773446280509 ], [ 425755.149954189255368, 534729.687581466278061 ], [ 425729.349226034886669, 534659.568655659910291 ], [ 425690.979258881357964, 534604.002872697543353 ], [ 425666.196476559154689, 534583.326603402383626 ], [ 425665.74485503602773, 534582.949727831874043 ], [ 425658.933684096089564, 534575.773938542348333 ], [ 425628.884683172043879, 534544.116502268239856 ], [ 425587.778131256927736, 534500.809575938154012 ], [ 425534.85463517945027, 534469.719505075947382 ], [ 425480.608333992189728, 534464.42800021788571 ], [ 425406.987494018801954, 534472.807995548238978 ], [ 425399.239036810817197, 534473.690012003760785 ], [ 425337.715843511861749, 534468.398567728232592 ], [ 425288.14448972849641, 534447.964333620620891 ], [ 425225.914968201366719, 534394.973007338820025 ], [ 425164.084213708643802, 534342.321098523796536 ], [ 425128.243699885148089, 534311.801247710478492 ], [ 425123.375385248975363, 534307.655734832282178 ], [ 425022.8206695971312, 534231.583963837125339 ], [ 424987.96694222924998, 534202.399849363020621 ], [ 424941.450648526777513, 534163.450085795600899 ], [ 424879.926610642753076, 534086.054945423617028 ], [ 424840.233504765725229, 534006.013610950438306 ], [ 424810.470352584205102, 533962.839431441854686 ], [ 424806.799559723469429, 533957.514675538754091 ], [ 424799.446905166551005, 533946.848924425779842 ], [ 424796.349564502481371, 533942.355930767720565 ], [ 424793.263400445459411, 533937.879287607269362 ], [ 424750.55596534506185, 533899.665062364190817 ], [ 424705.041793837910518, 533880.614187718601897 ], [ 424658.46926409646403, 533867.913933451636694 ], [ 424643.970765294507146, 533865.809444567537867 ], [ 424592.844479697407223, 533858.388996165711433 ], [ 424548.814877122000325, 533852.885929991025478 ], [ 424533.570455418433994, 533850.980674980673939 ], [ 424477.471796428551897, 533834.046885778778233 ], [ 424427.166068308521062, 533818.078288340591826 ], [ 424410.788337677717209, 533812.879545730538666 ], [ 424364.215763182379305, 533788.536631423979998 ], [ 424315.751275552785955, 533748.546490558772348 ], [ 424291.205683446954936, 533726.308925864985213 ], [ 424266.13551167328842, 533703.596193246194161 ], [ 424108.422999922011513, 533560.71325021609664 ], [ 424100.380457724211738, 533555.965654232539237 ], [ 424045.948418582323939, 533523.833677580696531 ], [ 424020.569991399068385, 533508.852325666812249 ], [ 424004.68677051278064, 533503.641112664947286 ], [ 423985.264585594821256, 533502.829519151942804 ], [ 423960.636079892690759, 533501.800314403139055 ], [ 423958.556842780380975, 533501.713372593745589 ], [ 423925.479985070298426, 533514.943809949560091 ], [ 423904.310886887658853, 533525.528148172190413 ], [ 423872.21064001286868, 533561.066368254600093 ], [ 423867.265157739340793, 533566.541651629726402 ], [ 423834.188520307070576, 533610.201042753877118 ], [ 423799.788730226864573, 533636.661520088789985 ], [ 423794.496925910294522, 533637.859937528963201 ], [ 423761.247894320113119, 533645.389174220268615 ], [ 423708.324989032116719, 533659.148951095528901 ], [ 423645.875648754939903, 533653.857596951536834 ], [ 423605.653762860281859, 533637.981971516739577 ], [ 423590.825155763886869, 533626.830348325544037 ], [ 423568.001245922700036, 533609.666211015195586 ], [ 423470.828463284007739, 533488.30985348962713 ], [ 423441.190619090106338, 533403.637949095340446 ], [ 423435.765814253711142, 533266.790230007725768 ], [ 423448.338385052746162, 533091.829228725051507 ], [ 423448.596742815920152, 533088.23354148468934 ], [ 423446.918215096869972, 533012.738281122175977 ], [ 423446.478829835250508, 532992.977259033126757 ], [ 423424.250414009671658, 532926.298007147968747 ], [ 423369.681183845270425, 532871.79171172354836 ], [ 423365.84594878036296, 532867.960927938111126 ], [ 423234.784018369275145, 532776.006667652633041 ], [ 423119.488510399300139, 532729.849266977980733 ], [ 423078.11914808023721, 532706.328002264956012 ], [ 423015.181808123306837, 532670.544015437946655 ], [ 423009.060035529895686, 532665.944439472863451 ], [ 422829.390177088673227, 532541.045277865487151 ], [ 422676.61038861022098, 532416.162523411796428 ], [ 422596.651234690565616, 532365.526799276703969 ], [ 422561.840749495371711, 532343.482355684740469 ], [ 422459.817847447469831, 532270.896313121076673 ], [ 422447.977356233459432, 532262.472221423406154 ], [ 422442.399415368563496, 532258.503659600508399 ], [ 422375.400091096351389, 532218.846225053188391 ], [ 422326.393387841060758, 532189.838896218105219 ], [ 422209.040667246328667, 532115.348365803947672 ], [ 422065.954585640400182, 532012.763897924567573 ], [ 421988.924055179813877, 531969.97348891873844 ], [ 421963.59130494564306, 531955.901266379165463 ], [ 421935.639895229891408, 531939.622023726580665 ], [ 421877.091147696191911, 531905.522459779982455 ], [ 421856.432818975881673, 531893.490740178036503 ], [ 421845.01479543291498, 531885.955478766583838 ], [ 421819.481139555340633, 531869.104608380002901 ], [ 421814.376882157521322, 531865.735980052966624 ], [ 421807.756357884965837, 531861.366792978718877 ], [ 421804.162175193894655, 531858.994753274018876 ], [ 421750.585765157826245, 531823.637269423343241 ], [ 421713.287515593518037, 531792.414602496894076 ], [ 421655.546596898057032, 531744.079442695132457 ], [ 421497.421737608092371, 531593.374613352701999 ], [ 421456.188248254766222, 531567.033600581577048 ], [ 421414.142378328600898, 531540.173794701928273 ], [ 421355.962721207004506, 531504.763795111328363 ], [ 421352.500535707105882, 531502.656549924518913 ], [ 421326.152303049748298, 531486.62013949744869 ], [ 421241.684593720827252, 531467.840248354012147 ], [ 421160.1828929905314, 531456.198729695752263 ], [ 421098.791727995732799, 531435.031318373046815 ], [ 421080.220137410215102, 531425.079105778364465 ], [ 420971.152457156218588, 531366.631234469823539 ], [ 420955.170919117517769, 531359.780222703353502 ], [ 420862.025705225474667, 531321.6786140963668 ], [ 420766.763815125159454, 531311.095624080160633 ], [ 420669.900000495370477, 531316.551580390660092 ], [ 420604.398508778947871, 531320.241155724041164 ], [ 420511.120439425169025, 531328.317123214248568 ], [ 420446.554361425107345, 531338.901745011564344 ], [ 420393.871443850570358, 531356.103979989420623 ], [ 420342.825316023314372, 531372.771820481400937 ], [ 420284.514456929638982, 531401.448370080208406 ], [ 420278.259353655972518, 531404.52453144278843 ], [ 420236.979777206026483, 531443.685938639682718 ], [ 420223.219988685334101, 531477.555014674318954 ], [ 420214.752746036159806, 531520.949640222475864 ], [ 420210.519437509647105, 531574.928207309101708 ], [ 420210.548060142202303, 531575.42371904454194 ], [ 420213.69539121130947, 531629.96529107389506 ], [ 420232.371918775257654, 531756.534653469687328 ], [ 420232.749036601511762, 531759.090245552244596 ], [ 420245.451641185791232, 531865.989001795067452 ], [ 420247.569598830421455, 531962.303620136808604 ], [ 420242.27781276096357, 532016.282234770129435 ], [ 420235.768288532912266, 532045.575161930639297 ], [ 420233.810587393352762, 532054.38487887987867 ], [ 420232.950862976023927, 532056.609910355065949 ], [ 420230.907011454924941, 532061.899879148346372 ], [ 420228.444294762099162, 532068.273647887981497 ], [ 420225.353996655205265, 532076.272120131878182 ], [ 420215.82787367340643, 532100.927070438978262 ], [ 420215.817207314772531, 532100.954956470872276 ], [ 420204.671355983999092, 532115.276355018489994 ], [ 420187.152839293703437, 532137.786082778126001 ], [ 420181.442230741202366, 532145.123786596115679 ], [ 420156.46420397493057, 532171.859250643989071 ], [ 420123.588469795475248, 532207.047840568004176 ], [ 420107.034733263601083, 532218.809269128018059 ], [ 420048.290390838985331, 532252.149649384315126 ], [ 419996.896095328673255, 532282.985103450599127 ], [ 419909.367946149897762, 532335.500300186336972 ], [ 419799.023811078630388, 532402.180848233751021 ], [ 419795.191986055811867, 532404.838346118456684 ], [ 419700.587504121474922, 532470.448967775097117 ], [ 419656.529313267557882, 532508.948968070442788 ], [ 419612.471189250180032, 532547.448793458519503 ], [ 419576.851097510196269, 532590.769040365470573 ], [ 419553.727325830142945, 532618.891549414256588 ], [ 419537.056818743702024, 532649.0562921424862 ], [ 419527.530834057659376, 532669.695199244422838 ], [ 419521.18038633314427, 532702.241167210158892 ], [ 419524.35622782073915, 532749.07554018846713 ], [ 419529.652355190832168, 532779.124169555143453 ], [ 419531.697093631606549, 532790.725728744757362 ], [ 419545.313199015159626, 532854.260896960506216 ], [ 419564.366421645565424, 532943.166577805764973 ], [ 419564.637709653412458, 532958.889866446959786 ], [ 419563.482016182795633, 532971.279930952936411 ], [ 419561.087386071856599, 532996.953328900737688 ], [ 419559.499956036917865, 533017.592197618563659 ], [ 419547.327771900629159, 533042.994024160900153 ], [ 419544.076910993957426, 533046.24481218343135 ], [ 419535.155676845810376, 533055.165843407390639 ], [ 419534.893026503035799, 533055.329280635342002 ], [ 419521.131085653731134, 533063.897860003053211 ], [ 419505.254234100924805, 533071.17441088904161 ], [ 419490.038761700736359, 533072.497549461084418 ], [ 419481.611668277240824, 533072.497733101365156 ], [ 419472.971128374570981, 533072.497822243371047 ], [ 419456.30036035052035, 533077.128459094907157 ], [ 419417.762722721963655, 533091.642420473974198 ], [ 419405.362055261968635, 533096.312588326982222 ], [ 419389.32990257901838, 533099.875339098507538 ], [ 419369.639018900459632, 533104.251024852041155 ], [ 419316.808785138418898, 533112.159025249769911 ], [ 419302.922711333783809, 533114.237610080628656 ], [ 419261.962608552421443, 533117.164028736297041 ], [ 419241.817650078388397, 533118.603315376210958 ], [ 419227.426280041923746, 533121.220106739550829 ], [ 419165.223412431136239, 533124.098142444039695 ], [ 419131.485028330120258, 533129.390614010510035 ], [ 419092.454454658844043, 533145.928468023077585 ], [ 419071.285336609522346, 533159.820294630015269 ], [ 419040.924186044605449, 533188.083749893819913 ], [ 418935.684624822752085, 533261.993198082200252 ], [ 418885.394117741030641, 533297.414621574338526 ], [ 418821.886869672103785, 533347.68945911002811 ], [ 418799.261824738234282, 533366.265240679727867 ], [ 418759.041131375124678, 533399.287306820857339 ], [ 418720.13972080044914, 533434.21019332006108 ], [ 418685.772783918189816, 533457.121216972125694 ], [ 418617.796372457116377, 533489.749886239995249 ], [ 418585.128135432838462, 533503.248538333806209 ], [ 418580.597744544094894, 533505.120546197402291 ], [ 418560.381805792392697, 533513.473970493650995 ], [ 418514.934290572360624, 533522.329250800423324 ], [ 418479.211181184800807, 533522.329683944350109 ], [ 418420.995562678668648, 533517.038185746758245 ], [ 418347.564571908849757, 533503.808894880581647 ], [ 418314.458900902944151, 533497.259231351781636 ], [ 418262.688866329204757, 533487.017068663844839 ], [ 418173.579316194693092, 533462.136191069148481 ], [ 418082.947981940931641, 533423.108357206219807 ], [ 418076.98687981342664, 533419.241863417089917 ], [ 418028.502910782932304, 533387.794013611157425 ], [ 417972.259976292960346, 533339.791994597529992 ], [ 417958.186101297847927, 533327.283822200959548 ], [ 417944.685158350504935, 533315.284974304959178 ], [ 417917.561944633256644, 533309.331701939692721 ], [ 417894.408092942321673, 533309.331979139707983 ], [ 417863.97734553628834, 533315.285843271645717 ], [ 417840.51893400051631, 533322.076303470646963 ], [ 417838.838894918153528, 533322.562592244008556 ], [ 417809.069759347708896, 533332.485519391135313 ], [ 417771.362250442674849, 533354.976856847060844 ], [ 417765.978309549333062, 533361.246478214627132 ], [ 417753.429010829888284, 533375.859945400152355 ], [ 417715.793759797175881, 533435.680823739734478 ], [ 417690.436782765609678, 533502.588524975581095 ], [ 417688.489412183116656, 533507.72696399979759 ], [ 417671.273698481207248, 533591.540458647301421 ], [ 417667.305346285109408, 533682.827862078789622 ], [ 417665.893541263067164, 533696.151510102674365 ], [ 417665.120561352057848, 533703.446858608280309 ], [ 417646.138082214281894, 533882.60174361942336 ], [ 417637.038565362221561, 533968.482025250559673 ], [ 417621.405477617110591, 534028.23375338036567 ], [ 417611.739838586829137, 534065.176786926342174 ], [ 417572.048239929194096, 534135.296361372806132 ], [ 417556.485319674364291, 534155.435874939197674 ], [ 417534.30096953548491, 534184.144212789949961 ], [ 417527.064157275715843, 534193.509099126327783 ], [ 417498.49947398470249, 534215.476792343659326 ], [ 417497.735242000606377, 534215.998840715154074 ], [ 417428.789099092944525, 534263.098650832544081 ], [ 417424.526217139791697, 534266.010776180308312 ], [ 417420.544597161351703, 534267.809660276048817 ], [ 417362.317599724337924, 534294.116299558896571 ], [ 417336.674214779748581, 534305.701860749395564 ], [ 417262.06737387785688, 534339.408775214571506 ], [ 417214.754361522500403, 534360.784564524888992 ], [ 417193.9772119151894, 534370.171585478587076 ], [ 417135.037992333585862, 534400.960329616209492 ], [ 417095.875098023330793, 534434.829647622071207 ], [ 417066.767760392511263, 534473.461717732716352 ], [ 417060.417597242165357, 534529.027875651605427 ], [ 417065.181352852610871, 534597.824090846464969 ], [ 417074.112702893675305, 534636.31418384378776 ], [ 417088.666911696840543, 534670.050589021993801 ], [ 417109.836492059985176, 534694.526032132911496 ], [ 417138.94442185171647, 534720.9858157269191 ], [ 417176.652547156321816, 534752.737527452176437 ], [ 417237.641417663544416, 534802.295638489653356 ], [ 417258.717082043003757, 534814.787575405556709 ], [ 417300.691974177840166, 534839.666926770587452 ], [ 417337.341837769083213, 534870.93711358285509 ], [ 417361.554158614482731, 534905.816450941376388 ], [ 417378.490052115754224, 534947.623348101042211 ], [ 417376.37354558869265, 534995.251520297140814 ], [ 417354.675565646088216, 535037.058657992631197 ], [ 417352.829196437145583, 535038.475323627586477 ], [ 417293.386374749708921, 535084.084418359445408 ], [ 417269.932999933487736, 535093.410220737219788 ], [ 417240.22706218296662, 535098.031302321120165 ], [ 417240.163808784389403, 535098.041029565967619 ], [ 417192.5329051722656, 535098.041514144511893 ], [ 417146.225211206940003, 535090.103988736518659 ], [ 417095.948065873002633, 535081.504958452656865 ], [ 417049.640212718048133, 535072.244511213386431 ], [ 417002.078647275455296, 535061.86447554116603 ], [ 417001.14306119986577, 535061.660343735595234 ], [ 416998.799931559769902, 535061.695570390438661 ], [ 416947.696716262726113, 535062.464639203972183 ], [ 416835.091108378022909, 535064.159088955260813 ], [ 416723.831882091821171, 535080.988894743961282 ], [ 416654.502687941072509, 535080.460507078911178 ], [ 416604.754702191799879, 535069.347762815188617 ], [ 416524.067795352893881, 535043.331233201548457 ], [ 416449.68923387612449, 535002.140815275139175 ], [ 416330.275831896055024, 534936.010040988097899 ], [ 416309.696910728118382, 534915.077153841266409 ], [ 416231.546936635859311, 534835.583254498778842 ], [ 416217.884013114089612, 534821.685282649705186 ], [ 416194.966891234158538, 534798.937264004256576 ], [ 416163.620975234836806, 534767.822535940795206 ], [ 416147.849232171894982, 534752.167194870766252 ], [ 416145.378532905364409, 534749.714578977087513 ], [ 416139.069918324064929, 534745.394040063139983 ], [ 416134.495572242420167, 534742.261197379906662 ], [ 416106.744371228211094, 534723.254872938152403 ], [ 416058.584101827233098, 534706.850213433615863 ], [ 416055.425181078957394, 534706.760016769752838 ], [ 416021.537921472103335, 534705.792064081644639 ], [ 416017.748253368830774, 534707.506473183631897 ], [ 415999.31021369463997, 534715.847184137441218 ], [ 415994.695668895205017, 534724.369377135299146 ], [ 415984.435846867563669, 534743.317032153834589 ], [ 415978.45731216884451, 534767.725866825552657 ], [ 415963.547360490600113, 534828.600756013183855 ], [ 415948.75402019941248, 534888.99969030241482 ], [ 415945.894578500359785, 534900.818533951882273 ], [ 415933.158800759236328, 534953.459496242925525 ], [ 415919.068365649029147, 534988.24536605051253 ], [ 415911.664611668209545, 534997.764209044747986 ], [ 415910.300716383208055, 534999.51786079548765 ], [ 415905.17633059975924, 535006.106015846366063 ], [ 415885.411454347893596, 535019.282129675615579 ], [ 415884.016017058864236, 535020.21236783079803 ], [ 415883.345651389448904, 535020.659303355263546 ], [ 415855.561094474978745, 535027.936146297608502 ], [ 415830.420183308538981, 535027.936421440914273 ], [ 415821.673252366192173, 535027.936586484429426 ], [ 415802.637833600281738, 535027.936778448405676 ], [ 415740.453149334120099, 535026.614403458777815 ], [ 415709.291604440368246, 535023.152508626459166 ], [ 415682.256080141640268, 535020.148976090014912 ], [ 415639.237493932363577, 535015.369821763713844 ], [ 415542.552522800746374, 535007.387587655335665 ], [ 415534.046422466170043, 535006.685353484470397 ], [ 415467.35571004031226, 535011.45003235747572 ], [ 415434.160409900825471, 535020.002525886986405 ], [ 415399.657185706018936, 535041.722164319944568 ], [ 415391.548802202916704, 535046.826467666774988 ], [ 415389.620839843933936, 535050.156374181271531 ], [ 415388.142610918439459, 535052.709597708191723 ], [ 415382.262835607631132, 535062.865591433132067 ], [ 415369.615057477902155, 535084.711796859512106 ], [ 415363.753675813204609, 535094.836022317176685 ], [ 415356.099644907633774, 535121.874621334602125 ], [ 415355.079586146224756, 535141.108780733426102 ], [ 415353.647485026624054, 535168.112742822500877 ], [ 415353.647625748650171, 535168.195023130625486 ], [ 415353.665074220916722, 535176.460317985969596 ], [ 415354.003957244334742, 535337.078900423948653 ], [ 415354.117911590728909, 535391.106066125445068 ], [ 415353.15259537671227, 535437.939069365616888 ], [ 415352.795345196733251, 535455.271903734421358 ], [ 415341.472853943821974, 535486.170375807443634 ], [ 415339.653383493539877, 535491.135759356082417 ], [ 415334.284084520419128, 535495.774777874234132 ], [ 415320.253613693930674, 535507.897131034755148 ], [ 415316.780037892051041, 535510.898133692564443 ], [ 415312.956535236327909, 535512.536797816748731 ], [ 415305.330163148231804, 535515.805023164954036 ], [ 415298.975644835445564, 535518.528396450099535 ], [ 415289.63099934195634, 535522.533013592474163 ], [ 415272.32478428381728, 535529.949765030993149 ], [ 415268.690502202312928, 535530.341292634257115 ], [ 415253.182538688881323, 535532.011477223364636 ], [ 415217.813754901348148, 535535.82071152376011 ], [ 415217.635131711489521, 535535.839818313601427 ], [ 415204.464503286988474, 535537.258286335854791 ], [ 415166.817175304051489, 535515.716542888316326 ], [ 415156.801836539292708, 535509.985688249464147 ], [ 415153.069659734028392, 535507.958298324840143 ], [ 415149.026477119652554, 535505.762014809180982 ], [ 415113.318514071055688, 535486.364902938832529 ], [ 415091.621481245208997, 535470.586563659249805 ], [ 415076.933572079404257, 535459.905229859985411 ], [ 415060.102546667971183, 535446.840114129590802 ], [ 415037.3809187777224, 535429.202397595625371 ], [ 415026.656070900382474, 535420.877074167947285 ], [ 414978.363268499320839, 535368.618941005785018 ], [ 414956.055593678611331, 535346.969142361311242 ], [ 414930.439093213120941, 535312.980512422742322 ], [ 414909.989810345228761, 535284.643892901483923 ], [ 414907.577604342950508, 535281.301297976286151 ], [ 414898.977385386475362, 535264.763855123193935 ], [ 414895.509186117851641, 535250.53504827991128 ], [ 414890.216058920719661, 535182.797329130466096 ], [ 414895.508058098668698, 535142.577994219842367 ], [ 414900.799958694144152, 535102.358551016775891 ], [ 414901.35899209685158, 535062.078126049716957 ], [ 414901.85761007363908, 535026.153481023968197 ], [ 414898.489881028770469, 535005.949644647887908 ], [ 414898.369162928662263, 535005.225583602674305 ], [ 414888.096822317165788, 534943.598133827093989 ], [ 414885.787108565680683, 534935.33268057659734 ], [ 414868.46728876279667, 534873.351620373898186 ], [ 414867.985213813721202, 534871.626878540613689 ], [ 414840.46462107001571, 534806.006189069128595 ], [ 414797.067097199265845, 534758.378424103488214 ], [ 414752.224005736061372, 534737.31754910829477 ], [ 414727.208189217257313, 534725.568607842666097 ], [ 414678.790125233412255, 534717.22166514955461 ], [ 414665.817145248875022, 534714.985170466592535 ], [ 414621.526975724787917, 534717.20003159029875 ], [ 414602.309417348122224, 534718.161036469624378 ], [ 414591.237741251767147, 534722.450319840107113 ], [ 414517.287204609776381, 534751.09834576502908 ], [ 414475.209851648425683, 534757.841927073895931 ], [ 414432.5870739138918, 534764.672970900544897 ], [ 414316.810073416214436, 534765.704152746242471 ], [ 414209.575941936345771, 534722.40311542339623 ], [ 414156.724289372505154, 534689.926122979726642 ], [ 414135.931894921232015, 534673.177889871643856 ], [ 414109.093054675846361, 534651.559374705539085 ], [ 414099.539081117836758, 534640.039386099902913 ], [ 414083.937556362419855, 534621.22714006411843 ], [ 414064.107801243080758, 534597.316624015802518 ], [ 414009.314384767320007, 534522.090423603891395 ], [ 413979.133608534932137, 534478.067094561643898 ], [ 413971.094071698316839, 534466.340120145818219 ], [ 413917.77318072761409, 534384.446694028563797 ], [ 413866.17238272173563, 534312.343501681927592 ], [ 413837.064248958777171, 534275.961194395902567 ], [ 413811.925466412736569, 534253.470372107578442 ], [ 413782.868757092102896, 534236.913027222501114 ], [ 413713.195120036019944, 534201.669255451648496 ], [ 413666.72127417079173, 534186.309051910764538 ], [ 413593.785058817011304, 534162.202693863655441 ], [ 413455.96927323465934, 534130.048953479272313 ], [ 413376.54193763807416, 534115.543047022772953 ], [ 413345.80329247075133, 534109.929243527702056 ], [ 413282.29548398667248, 534098.28742516762577 ], [ 413238.369023453327827, 534078.707461725105532 ], [ 413187.137429530266672, 534049.264629217563197 ], [ 413142.048360664863139, 534021.554682554793544 ], [ 413095.475456203799695, 533977.63128717802465 ], [ 413061.421244275639765, 533936.180719939991832 ], [ 413046.101116954290774, 533909.373171961284243 ], [ 413040.234061027236748, 533899.106863691704348 ], [ 413027.597546976408921, 533850.673973441473208 ], [ 413027.597141012898646, 533829.984636026085354 ], [ 413031.965872852946632, 533790.823752875439823 ], [ 413036.7287113161874, 533771.243158011347987 ], [ 413045.725361906806938, 533749.01662056602072 ], [ 413063.718987903092057, 533727.848386843106709 ], [ 413080.654342636698857, 533714.618142487015575 ], [ 413096.803482018760405, 533705.347724104067311 ], [ 413109.232705950911622, 533698.212626788299531 ], [ 413153.688113589654677, 533689.215678183827549 ], [ 413254.241981413098983, 533686.039410782279447 ], [ 413313.66144160181284, 533687.674129193415865 ], [ 413369.614567202283069, 533689.213449703762308 ], [ 413409.507379584887531, 533696.672360096825287 ], [ 413434.710104741388932, 533701.384499629260972 ], [ 413544.261321133701131, 533727.84340412041638 ], [ 413555.923960744636133, 533730.923863458214328 ], [ 413592.485666966298595, 533740.58066464017611 ], [ 413600.359960130881518, 533742.660459183040075 ], [ 413610.37713246117346, 533743.995883479248732 ], [ 413647.990892319823615, 533749.010429857182316 ], [ 413655.560362387332134, 533748.649877021089196 ], [ 413681.332511203130707, 533747.42243943142239 ], [ 413707.264682285021991, 533736.30887632095255 ], [ 413709.713041649782099, 533734.070647690328769 ], [ 413721.018624307820573, 533723.7343565733172 ], [ 413725.787679473462049, 533719.374355902080424 ], [ 413735.579872736998368, 533699.736447986098938 ], [ 413749.177532771776896, 533672.467016580165364 ], [ 413759.219405064010061, 533640.190286937984638 ], [ 413763.995528407511301, 533624.838716866099276 ], [ 413763.093217535002623, 533607.220476127113216 ], [ 413762.700504668988287, 533606.68323736009188 ], [ 413756.721263602899853, 533598.504374942975119 ], [ 413749.324357348377816, 533588.386196353938431 ], [ 413732.137021486414596, 533574.372839740593918 ], [ 413713.084337124135345, 533551.617413767846301 ], [ 413690.141048986581154, 533523.048724896274507 ], [ 413685.034753633080982, 533516.690360728651285 ], [ 413679.038967760512605, 533510.375348958186805 ], [ 413671.150821334915236, 533502.067105688387528 ], [ 413658.513077110983431, 533488.756297058076598 ], [ 413645.342000435339287, 533474.883835608023219 ], [ 413632.11114294762956, 533471.708759007276967 ], [ 413602.474244485259987, 533474.884278689394705 ], [ 413594.168029359541833, 533477.104735758621246 ], [ 413549.021971870970447, 533489.173286560107954 ], [ 413487.10200844053179, 533505.579155876999721 ], [ 413472.280736967513803, 533509.119750432670116 ], [ 413449.430889003444463, 533514.578209068975411 ], [ 413410.99663617729675, 533523.75955391896423 ], [ 413343.665381770464592, 533533.345637618447654 ], [ 413288.744652063702233, 533528.528881443897262 ], [ 413228.412251568457577, 533523.237477701040916 ], [ 413194.541259110381361, 533513.18305409909226 ], [ 413160.670360912103206, 533503.128541336162016 ], [ 413144.404781659599394, 533494.063214022666216 ], [ 413101.147035066736862, 533469.954149010358378 ], [ 413045.297015195188578, 533426.924666003906168 ], [ 412955.996374901442323, 533358.123129544779658 ], [ 412933.865921230171807, 533341.072747892118059 ], [ 412906.285651390906423, 533319.823670286918059 ], [ 412800.154216003837064, 533284.45090541196987 ], [ 412708.743253855442163, 533287.858207514742389 ], [ 412651.921682516811416, 533289.976196410600096 ], [ 412612.809303437708877, 533295.693593279342167 ], [ 412570.470961634942796, 533309.585527251008898 ], [ 412528.051928097615018, 533317.406654160004109 ], [ 412440.234170219162479, 533323.944865086115897 ], [ 412376.123900985345244, 533310.055901995976456 ], [ 412348.380777949700132, 533304.045529368566349 ], [ 412290.725164978008252, 533279.490537778474391 ], [ 412239.021006904076785, 533247.205370812560432 ], [ 412194.373487001692411, 533208.790764130535536 ], [ 412169.306278374104295, 533182.43994141544681 ], [ 412132.452775453624781, 533143.699491929030046 ], [ 412119.2340739533538, 533120.454611896420829 ], [ 412108.120635175029747, 533100.912081812042743 ], [ 412086.408808097185101, 533062.732090745237656 ], [ 412077.857535452116281, 533039.523629825329408 ], [ 412052.482160466723144, 532968.58645935903769 ], [ 412049.986268715409096, 532959.129222675343044 ], [ 412030.971509438240901, 532887.080610126140527 ], [ 412027.34266781352926, 532873.330398424644955 ], [ 412016.769176029483788, 532833.257465311442502 ], [ 412000.402859825233463, 532771.229957689763978 ], [ 411986.325646680372301, 532717.877831121906638 ], [ 411970.862172534223646, 532659.003388148033991 ], [ 411969.124946609023027, 532652.389256111579016 ], [ 411955.23201722378144, 532593.515569945797324 ], [ 411945.971699834452011, 532534.001190930372104 ], [ 411943.510657483479008, 532518.184917232487351 ], [ 411937.223072057706304, 532495.408079644897953 ], [ 411934.72321852267487, 532486.352525741211139 ], [ 411916.109730187919922, 532440.104752013809048 ], [ 411912.891887954552658, 532432.109509032103233 ], [ 411911.689480163098779, 532429.81418580096215 ], [ 411891.060724604234565, 532390.43504257069435 ], [ 411883.01646308589261, 532378.369808684103191 ], [ 411871.214241479756311, 532360.667689797352068 ], [ 411869.011493602127302, 532358.688668093760498 ], [ 411825.567571342457086, 532319.654932608711533 ], [ 411825.189637521398254, 532319.436187208048068 ], [ 411775.290173189598136, 532290.549451646744274 ], [ 411732.951561693684198, 532279.965829032007605 ], [ 411683.997700485168025, 532275.997280342271551 ], [ 411640.997702607885003, 532286.581836458761245 ], [ 411559.399299414246343, 532312.079578289180063 ], [ 411532.396905449859332, 532324.497477458324283 ], [ 411432.27156462345738, 532370.542879953165539 ], [ 411421.452133006067015, 532372.321374282590114 ], [ 411334.620605697273277, 532386.595141924102791 ], [ 411316.369943490484729, 532389.59526403923519 ], [ 411250.490014185081236, 532365.083976000081748 ], [ 411248.098811070376541, 532364.194325008196756 ], [ 411183.212340825702995, 532291.217051248298958 ], [ 411170.615610818844289, 532273.55409106076695 ], [ 411151.804412759200204, 532247.177120760083199 ], [ 411146.882527568086516, 532240.275628671981394 ], [ 411138.314282161125448, 532228.261418187525123 ], [ 411129.635218056035228, 532216.091692012618296 ], [ 411125.657630700618029, 532210.514412145363167 ], [ 411111.454734093742445, 532190.20928254595492 ], [ 411089.023789044411387, 532158.141163159045391 ], [ 411070.581793978228234, 532131.77571968222037 ], [ 411045.610231073689647, 532096.075309474370442 ], [ 411010.352406360383611, 532055.997253888519481 ], [ 410982.101770459557883, 532032.571822038968094 ], [ 410940.72245757211931, 532004.016402815585025 ], [ 410935.132262154831551, 532000.158539161668159 ], [ 410873.870224410784431, 531975.5414135257015 ], [ 410864.347227991267573, 531971.71482965501491 ], [ 410814.069989654759411, 531957.162280397838913 ], [ 410757.177579095528927, 531951.209210790111683 ], [ 410714.629277532163542, 531953.009996338863857 ], [ 410673.34915816411376, 531956.185644829412922 ], [ 410622.223589615488891, 531961.133150136447512 ], [ 410564.669746741186827, 531974.363869901979342 ], [ 410503.80852981103817, 532000.163003950961865 ], [ 410439.639489228837192, 532030.592855910421349 ], [ 410395.316662685654592, 532059.69937433290761 ], [ 410371.501427742128726, 532085.498262290959246 ], [ 410343.990957112167962, 532114.754339917562902 ], [ 410329.824907694710419, 532129.819362199516036 ], [ 410314.395007898332551, 532146.949123697937466 ], [ 410281.659102933248505, 532183.291979439789429 ], [ 410235.976832895656116, 532234.654694693046622 ], [ 410232.008994117786642, 532239.116006550728343 ], [ 410228.610461846052203, 532242.937282361788675 ], [ 410224.836320843198337, 532246.792304546455853 ], [ 410201.463026590994559, 532270.667390877963044 ], [ 410167.087995619163848, 532305.780632286681794 ], [ 410114.287998614134267, 532350.182899835985154 ], [ 410069.799497985979542, 532374.74490116967354 ], [ 410046.005602658784483, 532387.881454448099248 ], [ 409960.270468128146604, 532432.33537915290799 ], [ 409870.301413453242276, 532452.445934275514446 ], [ 409789.858393740374595, 532474.673257342772558 ], [ 409735.004928123846184, 532486.487736500217579 ], [ 409722.408168314897921, 532489.20092497987207 ], [ 409721.51638674212154, 532489.392987668630667 ], [ 409721.058408985263668, 532489.491584640229121 ], [ 409719.351192775066011, 532489.473896136158146 ], [ 409713.796444965875708, 532489.415977965341881 ], [ 409705.910783822706435, 532489.333985811681487 ], [ 409619.446004405326676, 532488.434303565416485 ], [ 409581.702143175236415, 532475.78143639722839 ], [ 409540.185129631543532, 532461.863532022456639 ], [ 409513.207929185009561, 532452.819897834328003 ], [ 409508.954014109214768, 532442.287207868415862 ], [ 409502.581735797517467, 532426.509723360068165 ], [ 409501.051394844369497, 532422.720815339824185 ], [ 409499.315173681650776, 532418.421893715509214 ], [ 409502.792801500938367, 532383.981185215292498 ], [ 409518.498745306686033, 532320.51939046010375 ], [ 409539.667661346145906, 532272.229482718394138 ], [ 409544.959841351781506, 532261.976131684845313 ], [ 409550.252134339360055, 532251.722891887882724 ], [ 409564.911192604922689, 532223.907842534943484 ], [ 409586.255049907893408, 532183.408732126234099 ], [ 409591.546983427135274, 532146.364579078508541 ], [ 409590.223658255301416, 532111.966466173296794 ], [ 409578.315459445177112, 532072.276363617158495 ], [ 409561.776715376065113, 532045.816462176153436 ], [ 409549.195782906899694, 532036.171835360466503 ], [ 409543.833367816230748, 532032.060995398554951 ], [ 409535.039836465381086, 532025.319743824889883 ], [ 409522.084022855910007, 532015.387819883180782 ], [ 409511.095201945514418, 532010.954118767636828 ], [ 409491.519559935550205, 532003.055792167200707 ], [ 409484.376087736047339, 532000.173576336354017 ], [ 409474.70132178714266, 532000.943232543068007 ], [ 409450.43110226735007, 532002.874058209126815 ], [ 409426.160772669594735, 532004.804785508080386 ], [ 409346.776137610024307, 532020.020090576843359 ], [ 409287.196491239126772, 532036.315041325753555 ], [ 409269.376178216072731, 532041.189022100414149 ], [ 409152.664823610452004, 532055.591488887206651 ], [ 409126.864800383569673, 532059.229961476172321 ], [ 409041.867812132637482, 532068.276289523229934 ], [ 409036.78518558642827, 532068.817215448478237 ], [ 408991.732521750731394, 532068.818191023077816 ], [ 408964.21080511668697, 532059.838302346179262 ], [ 408959.775944859487936, 532058.391236249823123 ], [ 408916.775614801095799, 532039.86962560354732 ], [ 408890.997420506435446, 532018.794166663079523 ], [ 408878.382419602945447, 532008.48055435938295 ], [ 408868.580100923078135, 531987.987067442270927 ], [ 408864.553174221073277, 531979.567883928772062 ], [ 408853.928388671774883, 531936.675951168290339 ], [ 408853.927951717050746, 531892.355243118014187 ], [ 408861.204194792895578, 531829.51247499033343 ], [ 408871.126832339446992, 531776.592181846266612 ], [ 408878.987453408655711, 531751.976234930218197 ], [ 408896.264559340139385, 531697.873168809222989 ], [ 408913.880439116328489, 531660.494114164961502 ], [ 408923.387002658797428, 531640.322242046706378 ], [ 408927.651360283431131, 531631.377809108933434 ], [ 408950.509621211211197, 531583.432687556953169 ], [ 408971.678550320968498, 531549.034290491254069 ], [ 409004.093537464621477, 531511.989837211556733 ], [ 409035.847179985546973, 531480.237414347939193 ], [ 409091.416088181547821, 531445.177202592371032 ], [ 409145.000425453763455, 531412.76309734408278 ], [ 409178.62715801410377, 531398.165829536388628 ], [ 409178.821137478109449, 531398.081645478843711 ], [ 409230.338694653357379, 531375.71806019754149 ], [ 409296.471857238211669, 531351.670194373466074 ], [ 409303.107744218374137, 531349.257221135077998 ], [ 409304.952518898120616, 531348.324651348637417 ], [ 409363.307497694797348, 531318.827528657391667 ], [ 409416.11692290235078, 531289.753646791214123 ], [ 409422.184193278837483, 531286.413294804748148 ], [ 409444.676324484637007, 531270.536918121739291 ], [ 409465.183932141575497, 531249.368621353642084 ], [ 409469.070223887567408, 531239.76724005152937 ], [ 409476.429789373185486, 531221.585454544285312 ], [ 409476.429414604965132, 531191.156347231124528 ], [ 409465.609542494057678, 531169.157554782112129 ], [ 409456.582816046837252, 531150.80486130726058 ], [ 409401.012729444657452, 531068.117678300943226 ], [ 409392.405553334450815, 531054.229990220046602 ], [ 409372.726231148350053, 531022.477080099401064 ], [ 409371.904542314936407, 531021.151345096295699 ], [ 409344.933884945232421, 531001.887987088412046 ], [ 409339.519228922727052, 530998.020888741943054 ], [ 409320.965601177711505, 530984.769327725633048 ], [ 409268.703895130020101, 530970.878166311071254 ], [ 409230.334446295863017, 530961.617589015280828 ], [ 409191.365130529447924, 530961.618013323866762 ], [ 409174.765163286880124, 530961.61822522233706 ], [ 409070.242072525201365, 530973.526254773605615 ], [ 408972.648239805130288, 530994.012073714169674 ], [ 408947.659609355148859, 531001.009033726644702 ], [ 408909.790921619161963, 531011.612591145094484 ], [ 408886.37694371282123, 531016.814533318625763 ], [ 408862.962969501037151, 531022.016487037180923 ], [ 408798.350009969086386, 531036.371793776634149 ], [ 408738.149884602520615, 531042.987498542410322 ], [ 408707.719094467000104, 531042.987799885566346 ], [ 408666.703552121238317, 531028.43518212356139 ], [ 408613.780044570448808, 530994.037538340664469 ], [ 408544.317716628371272, 530929.872542626573704 ], [ 408494.701643876265734, 530863.061345724505372 ], [ 408461.624129817297217, 530809.4800548030762 ], [ 408435.823587824532297, 530765.821125139482319 ], [ 408429.869287921348587, 530723.485000920947641 ], [ 408432.515209737466648, 530692.39436509006191 ], [ 408441.114745050901547, 530654.688682183506899 ], [ 408441.793867869535461, 530649.692029667086899 ], [ 408450.37570045387838, 530586.553831201628782 ], [ 408452.383007429423742, 530520.792832348262891 ], [ 408453.020867463434115, 530499.896986058796756 ], [ 408451.035648592049256, 530443.669311028323136 ], [ 408440.450514089781791, 530384.795790083473548 ], [ 408429.203906837734394, 530337.829110088641755 ], [ 408412.665025798603892, 530307.400268025347032 ], [ 408399.434064132336061, 530287.886134464060888 ], [ 408386.203092411858961, 530268.371892796480097 ], [ 408371.012783858226612, 530259.692465964821167 ], [ 408358.418232655909378, 530252.496083599631675 ], [ 408328.648958362871781, 530249.850386075442657 ], [ 408292.512613289058208, 530256.117889423971064 ], [ 408247.279876919288654, 530277.634350400068797 ], [ 408242.016332242521457, 530280.476571354782209 ], [ 408214.203101048478857, 530295.495231513399631 ], [ 408174.309156658011489, 530315.7203691318864 ], [ 408160.988380696158856, 530322.473670246195979 ], [ 408147.667497398273554, 530329.226864948985167 ], [ 408131.511094088549726, 530340.478273090673611 ], [ 408102.230410772666801, 530365.134854877600446 ], [ 408081.234550432651304, 530382.814955475390889 ], [ 408041.506300630338956, 530405.814704631338827 ], [ 408005.819508685264736, 530426.474823500611819 ], [ 407945.619815841550007, 530466.827145728515461 ], [ 407890.918592943402473, 530498.121705735335127 ], [ 407878.788796054373961, 530505.06112021394074 ], [ 407879.72446680435678, 530506.309872956364416 ], [ 407879.820337435929105, 530506.438316153129563 ], [ 407879.889553642424289, 530506.544800492818467 ], [ 407881.55923544918187, 530513.094502829480916 ], [ 407889.61652939976193, 530544.700788017828017 ], [ 407892.122940518020187, 530554.533024497912265 ], [ 407897.241323174966965, 530574.610591253847815 ], [ 407904.572330624680035, 530603.367666618200019 ], [ 407910.257016600400675, 530625.667121068108827 ], [ 407921.089161707786843, 530665.982622031471692 ], [ 407925.416789809416514, 530682.08945633796975 ], [ 407929.018752883013804, 530695.495606084354222 ], [ 407957.889552169188391, 530802.948641018709168 ], [ 407958.935639788163826, 530858.360373222618364 ], [ 407960.141982941771857, 530922.260766083258204 ], [ 407960.173072221456096, 530923.904684869921766 ], [ 407963.184666434885003, 531083.424539796309546 ], [ 407966.050192308728583, 531202.76341119071003 ], [ 407966.045322299993131, 531204.01102855661884 ], [ 407966.033318716217764, 531207.073502954561263 ], [ 407966.365111906663515, 531215.88345279742498 ], [ 407967.139814437017776, 531248.141670843004249 ], [ 407967.034080379409716, 531274.437416802626103 ], [ 407966.965762361360248, 531290.335619827616028 ], [ 407966.870368093950674, 531312.549109576037154 ], [ 407966.401677631540224, 531324.410827686893754 ], [ 407968.983943978557363, 531324.94630089297425 ], [ 407971.126477081445046, 531414.174486057134345 ], [ 407968.883995411335491, 531463.766012299223803 ], [ 407966.696050997066777, 531512.150750417029485 ], [ 407959.221432041958906, 531677.45154099247884 ], [ 407935.147101238195319, 531880.082952271332033 ], [ 407927.470368621172383, 531944.697893262607977 ], [ 407924.970214127330109, 531974.702424688031897 ], [ 407911.595481734082568, 532135.210124089149758 ], [ 407906.804869652085472, 532188.327155046979897 ], [ 407900.435046656755731, 532258.952461441396736 ], [ 407887.201655849406961, 532405.67873169016093 ], [ 407881.168214538833126, 532472.575310628162697 ], [ 407858.629060657636728, 532679.943225554306991 ], [ 407856.305500802583992, 532701.320797143620439 ], [ 407854.709160925762262, 532716.007528422167525 ], [ 407853.513516686740331, 533050.526255897362716 ], [ 407853.494478113716468, 533055.855368188815191 ], [ 407853.389801689889282, 533085.124566225800663 ], [ 407836.198656679945998, 533227.56923664174974 ], [ 407834.868303598719649, 533238.59283160220366 ], [ 407808.408268195518758, 533368.24709085712675 ], [ 407804.374167136964388, 533408.141497585456818 ], [ 407797.248046333552338, 533478.614013688755222 ], [ 407796.501712695171591, 533485.994116429938003 ], [ 407780.148212589439936, 533528.044784514815547 ], [ 407763.085568410344422, 533571.919036657782272 ], [ 407755.127598929102533, 533592.381767906132154 ], [ 407761.251498886325862, 533604.619874947122298 ], [ 407762.134823491622228, 533626.674644193728454 ], [ 407761.07933679263806, 533637.749161079293117 ], [ 407758.60357805446256, 533663.726640351233073 ], [ 407754.189728556026239, 533719.304653802420944 ], [ 407754.189869148598518, 533726.564039804274216 ], [ 407754.190295432461426, 533768.707298235385679 ], [ 407754.190608044271357, 533801.348325897939503 ], [ 407750.275892822653987, 533823.143389254924841 ], [ 407748.010936844686512, 533835.753874870482832 ], [ 407741.795539435814135, 533887.511130456230603 ], [ 407743.561697522003669, 533923.68091414088849 ], [ 407744.444862005882896, 533956.3219608705258 ], [ 407742.490423833020031, 533991.481093224370852 ], [ 407741.796778612304479, 534003.960257641156204 ], [ 407735.617121922783554, 534047.187563221319579 ], [ 407729.843668547400739, 534092.519824586925097 ], [ 407729.437505028385203, 534095.708230375894345 ], [ 407730.320852610166185, 534131.878001151257195 ], [ 407735.618255837238394, 534160.107978158746846 ], [ 407734.735568300180603, 534178.633999761077575 ], [ 407728.524064746801741, 534231.421778083546087 ], [ 407726.990610064414795, 534242.148487758473493 ], [ 407723.227285018539988, 534268.473873358219862 ], [ 407717.930309175048023, 534304.643762875464745 ], [ 407717.989783532219008, 534305.213542894809507 ], [ 407722.345108820765745, 534346.988832905772142 ], [ 407725.876801367674489, 534371.690057282568887 ], [ 407725.431690793309826, 534379.696673490921967 ], [ 407724.994171284721233, 534387.56945690442808 ], [ 407717.048659412364941, 534421.974999043392017 ], [ 407716.297147929144558, 534453.529967684997246 ], [ 407716.166155622922815, 534459.026953797321767 ], [ 407714.400868816825096, 534508.429699094267562 ], [ 407714.400938404258341, 534517.952725931885652 ], [ 407714.401346199156251, 534557.832364041591063 ], [ 407709.104744411015417, 534602.824123840546235 ], [ 407709.675295538210776, 534618.888828994822688 ], [ 407709.942968199553434, 534626.422324888990261 ], [ 407709.838598951639142, 534628.367204080685042 ], [ 407707.294892501726281, 534675.824950339389034 ], [ 407701.998159306007437, 534732.285313183907419 ], [ 407701.400877771084197, 534745.019776850007474 ], [ 407700.142598197038751, 534771.848687082529068 ], [ 407699.3501209038659, 534788.745498921955004 ], [ 407698.467828619817737, 534846.087811652570963 ], [ 407697.231607599591371, 534858.618536305613816 ], [ 407692.288356123957783, 534908.72340670239646 ], [ 407692.288350418559276, 534909.668211342068389 ], [ 407692.288835939543787, 534946.657593783922493 ], [ 407696.33770609786734, 534967.486069087288342 ], [ 407696.338598528469447, 534967.490933559369296 ], [ 407696.338971341552678, 534993.282119986368343 ], [ 407696.338962279027328, 534995.7060089771403 ], [ 407696.445835253573023, 534999.548730506794527 ], [ 407696.452342941425741, 534999.781850559869781 ], [ 407696.85274573136121, 535014.185531994560733 ], [ 407697.02968324907124, 535020.547122785123065 ], [ 407695.140664169681258, 535041.311131287133321 ], [ 407693.221131592988968, 535062.409080438432284 ], [ 407692.886350608430803, 535066.089167477446608 ], [ 407688.726935898885131, 535105.723201102460735 ], [ 407688.270477618731093, 535121.013896575313993 ], [ 407687.358568983094301, 535151.542311500059441 ], [ 407687.346198773826472, 535151.95518204534892 ], [ 407687.179159961175174, 535159.13547860365361 ], [ 407686.958249315561261, 535168.632378031034023 ], [ 407686.893029904924333, 535171.436611086013727 ], [ 407686.655965446901973, 535181.626522847800516 ], [ 407686.652936118654907, 535204.991396133205853 ], [ 407686.647095946245827, 535248.520330653176643 ], [ 407686.644544334732927, 535268.290676606353372 ], [ 407686.643192017043475, 535278.697134735295549 ], [ 407683.881223814561963, 535331.139449328184128 ], [ 407680.871871880546678, 535385.268896906869486 ], [ 407678.357074697385542, 535430.503672799561173 ], [ 407674.192001393530518, 535547.614937441889197 ], [ 407673.992302623344585, 535560.188415031298064 ], [ 407673.720975233823992, 535577.277359984931536 ], [ 407673.501720588305034, 535591.086762690218166 ], [ 407671.097749177133664, 535657.761431875638664 ], [ 407670.740059464529622, 535667.680063070496544 ], [ 407670.740778665582184, 535742.203309952281415 ], [ 407665.407162970979698, 535814.357526876614429 ], [ 407664.495486594969407, 535826.690576606779359 ], [ 407662.423945300863124, 535859.122059267829172 ], [ 407662.026048918021843, 535862.699745714431629 ], [ 407657.589802945964038, 535902.593996934476309 ], [ 407655.518460995401256, 535950.205954603618011 ], [ 407654.317653204197995, 535978.590173144941218 ], [ 407652.749992301920429, 536015.642555605620146 ], [ 407650.967489829286933, 536056.020793275907636 ], [ 407650.678708885854576, 536062.56452021910809 ], [ 407650.679143205285072, 536112.936691343784332 ], [ 407647.916986483789515, 536155.718643126543611 ], [ 407647.370522507524583, 536160.268729933421127 ], [ 407639.630130748264492, 536224.721602718695067 ], [ 407637.62135593482526, 536247.215657370979898 ], [ 407635.469385817530565, 536271.312930707237683 ], [ 407634.451859477441758, 536281.110924023203552 ], [ 407629.115410317317583, 536332.494170802179724 ], [ 407627.873145533725619, 536344.456136900931597 ], [ 407623.258786197926383, 536400.709597129491158 ], [ 407621.207364102068823, 536425.717539223143831 ], [ 407620.967587502149399, 536428.639662164379843 ], [ 407614.734552407637239, 536506.937556530116126 ], [ 407613.379658603167627, 536521.726409927243367 ], [ 407612.189351463282946, 536534.718022890854627 ], [ 407605.757385530509055, 536604.921803419478238 ], [ 407605.233555027516559, 536620.86182687128894 ], [ 407604.337280663021374, 536648.13656300783623 ], [ 407604.249486321001314, 536648.838446784880944 ], [ 407600.193974031950347, 536681.258067250018939 ], [ 407599.005279072036501, 536692.861501882318407 ], [ 407591.21643047221005, 536768.891827726620249 ], [ 407584.29299200506648, 536850.018156041856855 ], [ 407580.840020137955435, 536892.800100856926292 ], [ 407570.481669759494253, 537001.824817046988755 ], [ 407570.141378647007514, 537005.548826550249942 ], [ 407567.399351118481718, 537035.551511199213564 ], [ 407563.569695770158432, 537077.454170988406986 ], [ 407559.6251039004419, 537111.744742217008024 ], [ 407556.66389506746782, 537137.486869215965271 ], [ 407546.30521316890372, 537222.360616080462933 ], [ 407541.471270873036701, 537281.013101212796755 ], [ 407541.182610402698629, 537302.341392810805701 ], [ 407540.783497131371405, 537331.845232741790824 ], [ 407538.711789759167004, 537354.616357463994063 ], [ 407535.258893092861399, 537389.117806011345237 ], [ 407530.220101398765109, 537431.633778069168329 ], [ 407529.043778059247416, 537441.560148780117743 ], [ 407525.591268031741492, 537498.832607423537411 ], [ 407524.967415854160208, 537509.969502974301577 ], [ 407523.280489281576592, 537540.086239258758724 ], [ 407519.343912468291819, 537610.364267576136626 ], [ 407514.510651155374944, 537721.459093987010419 ], [ 407513.887011265498586, 537738.771791231352836 ], [ 407512.157871234172489, 537786.76295422250405 ], [ 407511.708352383808233, 537799.241143334540538 ], [ 407510.740584561019205, 537840.19167147250846 ], [ 407509.637158632453065, 537886.874883444281295 ], [ 407505.651105633587576, 538009.978006707853638 ], [ 407505.488912255968899, 538014.986458419705741 ], [ 407505.354416323883925, 538019.22047764447052 ], [ 407504.108095523319207, 538058.458428818266839 ], [ 407505.285078045446426, 538099.603125895373523 ], [ 407506.172804189787712, 538130.633862497634254 ], [ 407506.180832832294982, 538130.911438884097151 ], [ 407505.585726670920849, 538155.596074947738089 ], [ 407504.800184322521091, 538188.184019745676778 ], [ 407502.038276761653833, 538250.286630060640164 ], [ 407495.172851765644737, 538295.428359390352853 ], [ 407492.633415176183917, 538312.126102786860429 ], [ 407492.307628389971796, 538314.268260266981088 ], [ 407491.431345794524532, 538318.013407613150775 ], [ 407487.052785254199989, 538336.728080097120255 ], [ 407479.876705662289169, 538367.40058296197094 ], [ 407472.09208804438822, 538397.216682548983954 ], [ 407471.066103298682719, 538401.146140421624295 ], [ 407463.302108363772277, 538430.883461241959594 ], [ 407439.826247092569247, 538510.511135294334963 ], [ 407432.853678353712894, 538534.160868915729225 ], [ 407424.566332852002233, 538577.632778224651702 ], [ 407422.333043878141325, 538587.11677883239463 ], [ 407414.941112265223637, 538618.506469712476246 ], [ 407410.754416025942191, 538636.285501705948263 ], [ 407399.063614508253522, 538676.861046893638559 ], [ 407391.097718959383201, 538704.509314324008301 ], [ 407384.511165541945957, 538727.369689514511265 ], [ 407366.467599524417892, 538798.135265605873428 ], [ 407351.225307349581271, 538856.124715903075412 ], [ 407348.511790360498708, 538866.448484389227815 ], [ 407341.554516097414307, 538894.532051584916189 ], [ 407332.463942215894349, 538931.227738603251055 ], [ 407331.246614261122886, 538936.141630538157187 ], [ 407317.071251798013691, 538992.795441186171956 ], [ 407316.743912946432829, 538994.10427675768733 ], [ 407300.790854692808352, 539047.005327224498615 ], [ 407284.906931517354678, 539106.348044163896702 ], [ 407271.094684268755373, 539154.650334589881822 ], [ 407260.735616791644134, 539202.262437803205103 ], [ 407255.268931846367195, 539225.492559198755771 ], [ 407251.112839059263933, 539243.15278570947703 ], [ 407250.547528215683997, 539245.554852776345797 ], [ 407246.168317622854374, 539264.163625468499959 ], [ 407245.614497103437316, 539266.393475671997294 ], [ 407233.655971704924013, 539314.539125304669142 ], [ 407231.000838887004647, 539325.22886515269056 ], [ 407222.687750779849011, 539358.697870455682278 ], [ 407219.404286122997291, 539370.449284342234023 ], [ 407205.654966948961373, 539419.65637844055891 ], [ 407205.071076056570746, 539421.746273881406523 ], [ 407200.539669387741014, 539437.963739900151268 ], [ 407195.003238143050112, 539457.778191029210575 ], [ 407188.727820219355635, 539482.85910118476022 ], [ 407181.881688605993986, 539510.220548971788958 ], [ 407180.972871147794649, 539512.901631291024387 ], [ 407169.008812213025521, 539548.194271426065825 ], [ 407167.378828491084278, 539553.002558461623266 ], [ 407164.523579777684063, 539560.895199132384732 ], [ 407146.660149688017555, 539610.275200556963682 ], [ 407144.369125066383276, 539618.704267891589552 ], [ 407140.496400784235448, 539632.95148078748025 ], [ 407134.465771089424379, 539655.136804356006905 ], [ 407122.897737091581803, 539697.69432629912626 ], [ 407121.038739109586459, 539704.533007994177751 ], [ 407108.608001744607463, 539756.285322112846188 ], [ 407097.398376150813419, 539798.354238329455256 ], [ 407080.292904452304356, 539862.550181312253699 ], [ 407073.740158391185105, 539887.631314625614323 ], [ 407070.429697047919035, 539900.302281839190982 ], [ 407066.071620110655203, 539916.982947357231751 ], [ 407052.789465315756388, 539967.82040477078408 ], [ 407032.067306636250578, 540049.945701251388527 ], [ 407031.989498300245032, 540050.254074873751961 ], [ 407030.94577079085866, 540054.390618764678948 ], [ 407030.813167948683258, 540054.916192739037797 ], [ 407028.461821892531589, 540064.234564668615349 ], [ 407010.539156360551715, 540142.132761759101413 ], [ 407002.136021101148799, 540178.655641221324913 ], [ 406993.581121691036969, 540215.838617341592908 ], [ 406977.641145652334671, 540285.118784355232492 ], [ 406973.535209579975344, 540302.96565213566646 ], [ 406973.317941999179311, 540303.909212343860418 ], [ 406970.103648450342007, 540313.510353533551097 ], [ 406963.993673677614424, 540331.761254103155807 ], [ 406959.082049082382582, 540346.432601670268923 ], [ 406952.303748562117107, 540376.692118547856808 ], [ 406947.813870598562062, 540405.474301051930524 ], [ 406942.990962707379367, 540436.392583230393939 ], [ 406941.139121404150501, 540448.26397743949201 ], [ 406937.637576811946929, 540470.710217067040503 ], [ 406934.692931175406557, 540483.116523806005716 ], [ 406917.381195349909831, 540556.05448021448683 ], [ 406898.561008673568722, 540635.347410713555291 ], [ 406896.330533242900856, 540645.958749543875456 ], [ 406878.951817268040031, 540728.636367195285857 ], [ 406870.98850267380476, 540766.52110212133266 ], [ 406871.123512218589894, 540776.303260381100699 ], [ 406857.678876994759776, 540835.274154030834325 ], [ 406855.435262020444497, 540845.115453074453399 ], [ 406840.908512511232402, 540928.993293576408178 ], [ 406832.755462086643092, 540976.069028943078592 ], [ 406824.920022861275356, 541021.311725857900456 ], [ 406815.571798797813244, 541075.289284452795982 ], [ 406806.985117293894291, 541105.297471081721596 ], [ 406805.942317026900128, 541112.283271059044637 ], [ 406793.90440164442407, 541192.922649533255026 ], [ 406785.951691778027453, 541246.196851237677038 ], [ 406780.948143827961758, 541279.714495239546522 ], [ 406777.931847132742405, 541299.920198543230072 ], [ 406771.371849482879043, 541340.913118532043882 ], [ 406756.622623944713268, 541433.077420869958587 ], [ 406748.977436148910783, 541484.686721801757812 ], [ 406747.081179620989133, 541492.700574132381007 ], [ 406744.889223593869247, 541506.397225414053537 ], [ 406744.659324933134485, 541507.834174487856217 ], [ 406742.731006011425052, 541531.93218563136179 ], [ 406740.315658721607178, 541562.120789949432947 ], [ 406718.848878269433044, 541630.711048113182187 ], [ 406709.943802635651082, 541649.641181041719392 ], [ 406685.574881249747705, 541701.444961774977855 ], [ 406671.602313388837501, 541766.157951139961369 ], [ 406666.732446251262445, 541788.712576110148802 ], [ 406660.737735418602824, 541816.476686551584862 ], [ 406657.629791546729393, 541830.87083973758854 ], [ 406656.255531593575142, 541838.110430279513821 ], [ 406653.492801216081716, 541852.663626482477412 ], [ 406647.935756342718378, 541881.936635678168386 ], [ 406646.856529717682861, 541887.621811982709914 ], [ 406644.504924585111439, 541900.009338739095256 ], [ 406644.130644294200465, 541901.980956667335704 ], [ 406620.466675057599787, 542026.636436404660344 ], [ 406620.083651962806471, 542028.653857644181699 ], [ 406616.825884274381679, 542045.814937289338559 ], [ 406616.667154324124567, 542046.644809403689578 ], [ 406608.012544661643915, 542091.886728488141671 ], [ 406605.091130736167543, 542107.158435546443798 ], [ 406598.579504054971039, 542141.198134838370606 ], [ 406556.703984978608787, 542358.156014563981444 ], [ 406553.646571925492026, 542373.996113650151528 ], [ 406552.538553640653845, 542379.737090193200856 ], [ 406548.136109538492747, 542402.546661088010296 ], [ 406541.394586985057686, 542425.908131801406853 ], [ 406540.375763306044973, 542429.438373366603628 ], [ 406530.725635319715366, 542462.879896066617221 ], [ 406514.37899271963397, 542544.611072053899989 ], [ 406508.914344421122223, 542582.806614354951307 ], [ 406504.346281012985855, 542614.736147072166204 ], [ 406497.99314671283355, 542659.141729185706936 ], [ 406487.014611002057791, 542685.861427197698504 ], [ 406481.606834847072605, 542699.023102612933144 ], [ 406444.736881082528271, 542748.107980482163839 ], [ 406425.277957983140368, 542776.74079616216477 ], [ 406414.02021976117976, 542811.874764716718346 ], [ 406409.913151677697897, 542824.692343466449529 ], [ 406409.91371486207936, 542871.73169612698257 ], [ 406414.010446754225995, 542894.228682636632584 ], [ 406416.91502072365256, 542896.236405495787039 ], [ 406427.325009584077634, 542903.431849187938496 ], [ 406440.058053974935319, 542913.31993528699968 ], [ 406445.760120111401193, 542917.747995646903291 ], [ 406455.88822225376498, 542932.284262419561855 ], [ 406458.500232075224631, 542936.03297405585181 ], [ 406462.147347843972966, 542941.267541620298289 ], [ 406471.289832017733715, 542938.592954826075584 ], [ 406495.588987176772207, 542931.484590461011976 ], [ 406504.578696714306716, 542931.484480908606201 ], [ 406518.063204948499333, 542935.972251642495394 ], [ 406540.537196461926214, 542940.459812468267046 ], [ 406553.415435887174681, 542949.38901301054284 ], [ 406575.440858710673638, 542964.660422969958745 ], [ 406580.990658273454756, 542968.508496936410666 ], [ 406588.837545343558304, 542975.447518612956628 ], [ 406588.858004641719162, 542975.465727757546119 ], [ 406599.244579735328443, 542984.650956271565519 ], [ 406588.200901051284745, 543007.579687069403008 ], [ 406583.900977687211707, 543022.794313295045868 ], [ 406583.570500990608707, 543049.254384031984955 ], [ 406580.593839334207587, 543075.053053753799759 ], [ 406569.016987910028547, 543083.983404132421128 ], [ 406542.555507985525765, 543091.59099442360457 ], [ 406528.66324548528064, 543102.175178533536382 ], [ 406516.424903457751498, 543115.405398543691263 ], [ 406508.817479596007615, 543141.865527751040645 ], [ 406507.8254854491679, 543170.971738601569086 ], [ 406508.487483301549219, 543216.946015262510628 ], [ 406505.510928011732176, 543257.297631141613238 ], [ 406500.54962366912514, 543280.781150209833868 ], [ 406483.019200930604711, 543314.848674875451252 ], [ 406467.80404405790614, 543337.339934721472673 ], [ 406446.96581690775929, 543358.177373285987414 ], [ 406439.358215165208094, 543375.707333415630274 ], [ 406439.262743374914862, 543383.065713846357539 ], [ 406439.027712932846043, 543401.175162462634034 ], [ 406444.32013567595277, 543411.097680937382393 ], [ 406455.043797156948131, 543419.399352035019547 ], [ 406484.482391124707647, 543436.598154018167406 ], [ 406496.390197943546809, 543443.213105208589695 ], [ 406502.674945323262364, 543449.166481741238385 ], [ 406505.652028276992496, 543463.388810121221468 ], [ 406508.959959476138465, 543489.518128285882995 ], [ 406507.968063136853743, 543524.908556144917384 ], [ 406502.014312574989162, 543543.430594442179427 ], [ 406446.445741143426858, 543616.85786316904705 ], [ 406441.22828879073495, 543632.137418497237377 ], [ 406437.184471591259353, 543643.97966128657572 ], [ 406433.215906580444425, 543714.760457690572366 ], [ 406429.246991105086636, 543735.928570980904624 ], [ 406417.008704737992957, 543753.12775372795295 ], [ 406410.169800923322327, 543763.489390035043471 ], [ 406406.093430154840462, 543769.665378757985309 ], [ 406399.478181620594114, 543787.526019396609627 ], [ 406396.501484680688009, 543813.324724453268573 ], [ 406397.066699363349471, 543815.903156223590486 ], [ 406401.794120566744823, 543837.469387936871499 ], [ 406407.08658693585312, 543845.407498041284271 ], [ 406410.725048185733613, 543853.014662155066617 ], [ 406411.055834210419562, 543859.960485983057879 ], [ 406407.417558638786431, 543869.552242120262235 ], [ 406397.494607028085738, 543882.451732266345061 ], [ 406388.563908086856827, 543893.366585895302705 ], [ 406379.633331667399034, 543913.873213874525391 ], [ 406374.010364168439992, 543926.111097644665278 ], [ 406369.710447280958761, 543931.072414614027366 ], [ 406356.810458142485004, 543937.687530339462683 ], [ 406317.361498788406607, 543951.85097828891594 ], [ 406292.711971512122545, 543963.777784562320448 ], [ 406256.988909819687251, 543977.272910337545909 ], [ 406226.425944482674822, 543996.324530337238684 ], [ 406203.404583770083264, 544016.1697326018475 ], [ 406194.275522374140564, 544030.061447945190594 ], [ 406189.115664070704952, 544045.540670659625903 ], [ 406189.512758789933287, 544056.653914239723235 ], [ 406192.688227185513824, 544070.545396079309285 ], [ 406200.22981954732677, 544081.261631863075309 ], [ 406207.154547146463301, 544090.164078639703803 ], [ 406214.122435046068858, 544099.122072659083642 ], [ 406226.824150735745206, 544113.410372962476686 ], [ 406232.381211171450559, 544126.111165808979422 ], [ 406230.7936956663616, 544148.734603498363867 ], [ 406225.634129153506365, 544186.440282178809866 ], [ 406222.062104788608849, 544214.620266528450884 ], [ 406211.742295641277451, 544239.22824735508766 ], [ 406210.948535468254704, 544249.150786312762648 ], [ 406215.314869624213316, 544263.439234441728331 ], [ 406230.001084738061763, 544274.9492378893774 ], [ 406239.130450254539028, 544281.299580134917051 ], [ 406243.099752307171002, 544292.809653150849044 ], [ 406242.306158389954362, 544304.319889941136353 ], [ 406238.336875447304919, 544313.051653112866916 ], [ 406231.19236896734219, 544321.783526701154187 ], [ 406216.90314726321958, 544328.531083066365682 ], [ 406197.54758320673136, 544336.680630178423598 ], [ 406189.25095639040228, 544340.173851427622139 ], [ 406186.51015267893672, 544357.222872391459532 ], [ 406182.266393821570091, 544383.619816121412441 ], [ 406172.103350912162568, 544446.837164150783792 ], [ 406167.434782141877804, 544475.877036924241111 ], [ 406164.055348127847537, 544499.497283135890029 ], [ 406155.763061082630884, 544557.457690433831885 ], [ 406132.815463403065223, 544677.232570125954226 ], [ 406127.232160223764367, 544706.374740261817351 ], [ 406125.000271426106337, 544715.957421623519622 ], [ 406114.263394041161519, 544762.056818388635293 ], [ 406112.433033335080836, 544771.58155307918787 ], [ 406110.750238832784817, 544780.338255223468877 ], [ 406103.057707889005542, 544820.367568019544706 ], [ 406098.6596093942062, 544843.253664110554382 ], [ 406094.768942535971291, 544861.382654773653485 ], [ 406093.244562219537329, 544872.546151880174875 ], [ 406090.878404824878089, 544889.871178400935605 ], [ 406090.082206364255399, 544894.414395979605615 ], [ 406081.800482003134675, 544941.668353658868 ], [ 406076.61292385176057, 544961.092360586742871 ], [ 406063.583065052866004, 544968.153538752812892 ], [ 406057.087647551205009, 544993.511485867202282 ], [ 406048.971686623001006, 545035.878060552058741 ], [ 406044.13119080348406, 545050.789135974133387 ], [ 406040.230895080312621, 545071.410521804820746 ], [ 406033.230448579532094, 545100.912441901862621 ], [ 406026.730191176757216, 545152.915926785441115 ], [ 406023.230086797906552, 545193.918525052606128 ], [ 406018.22982261510333, 545225.920697879279032 ], [ 406016.069746897206642, 545242.911785218399018 ], [ 406015.479773995582946, 545247.562108007492498 ], [ 406014.229698074166663, 545257.422719912487082 ], [ 406009.729463751893491, 545287.424710460123606 ], [ 406006.329084400727879, 545301.665697353193536 ], [ 405999.228634212748148, 545331.42772156803403 ], [ 405990.728005867102183, 545373.930542411166243 ], [ 405987.147836839489173, 545393.011843848740682 ], [ 405984.72769902611617, 545405.932657930301502 ], [ 405978.22722121712286, 545437.434742450481281 ], [ 405966.226176740892697, 545479.437560401391238 ], [ 405964.096008199849166, 545493.41853530856315 ], [ 405962.725992032967042, 545502.439081860007718 ], [ 405959.515698794974014, 545518.660245008068159 ], [ 405959.053381218574941, 545521.831006531603634 ], [ 405954.225474119011778, 545554.942576934816316 ], [ 405952.872234034759458, 545568.20418691507075 ], [ 405951.725302237668075, 545579.444166954257526 ], [ 405946.225032784044743, 545602.945780286099762 ], [ 405939.224469567416236, 545629.9476264170371 ], [ 405929.223511564545333, 545667.950157506507821 ], [ 405925.723452238191385, 545688.701521783834323 ], [ 405919.202985622978304, 545720.723682489129715 ], [ 405917.738995845546015, 545728.287325176992454 ], [ 405917.222723942017183, 545730.954321159864776 ], [ 405913.970315410697367, 545750.73982772778254 ], [ 405911.222368434944656, 545767.456791226402856 ], [ 405899.721618260955438, 545823.460559532279149 ], [ 405893.64165472262539, 545859.940185527317226 ], [ 405893.221264640334994, 545862.46311349410098 ], [ 405890.220948048576247, 545872.463802168378606 ], [ 405888.610882687731646, 545881.214412649045698 ], [ 405887.314045344071928, 545887.803283572313376 ], [ 405878.720188677485567, 545931.467693411395885 ], [ 405871.719708574935794, 545967.970113595249131 ], [ 405871.662563242774922, 545968.220168350730091 ], [ 405869.899570563575253, 545975.9206440562848 ], [ 405864.721789207542315, 546000.523627105983905 ], [ 405853.388365899445489, 546054.375918557168916 ], [ 405853.032761486130767, 546055.970941275823861 ], [ 405850.963163144420832, 546065.253407342359424 ], [ 405842.197508205776103, 546104.569238289725035 ], [ 405841.187505726469681, 546107.669503991142847 ], [ 405840.66130524588516, 546115.889827775536105 ], [ 405839.807494635519106, 546129.230889084516093 ], [ 405835.667837507091463, 546150.240417124237865 ], [ 405832.236950340913609, 546167.653467938769609 ], [ 405823.525702286686283, 546212.204770336044021 ], [ 405820.596195720310789, 546227.187416106578894 ], [ 405811.285526269115508, 546269.450231705093756 ], [ 405809.737569003133103, 546276.957309856778011 ], [ 405805.093375830096193, 546299.481752958265133 ], [ 405800.754774652188644, 546320.523634516284801 ], [ 405794.564514133380726, 546364.916582288686186 ], [ 405784.585293925949372, 546413.157919479883276 ], [ 405781.113495609431993, 546429.940888478769921 ], [ 405770.122868489765096, 546493.28516202699393 ], [ 405767.476251146756113, 546511.305869068251923 ], [ 405765.562526442459784, 546524.337215366773307 ], [ 405765.46261447481811, 546524.907083232421428 ], [ 405757.93215452763252, 546567.830060149426572 ], [ 405742.561144585662987, 546654.225838090293109 ], [ 405726.82001716888044, 546735.231168026453815 ], [ 405710.81885958451312, 546807.776049595908262 ], [ 405698.307873280602507, 546858.659464216907509 ], [ 405689.792856412241235, 546906.562588829663582 ], [ 405683.266958650550805, 546943.275070635252632 ], [ 405679.277843078947626, 546968.286779519519769 ], [ 405672.156284066557419, 547012.939706089440733 ], [ 405661.625519418506883, 547066.943296032492071 ], [ 405655.651058377989102, 547099.867946731392294 ], [ 405653.344990681565832, 547112.576353588257916 ], [ 405647.854750011116266, 547145.338491266593337 ], [ 405643.794419439684134, 547168.380095259170048 ], [ 405636.634005438128952, 547207.342663363204338 ], [ 405624.723151128739119, 547271.076890232856385 ], [ 405611.082222672412172, 547335.141171353287064 ], [ 405598.131301562243607, 547405.365822838037275 ], [ 405592.764630313031375, 547432.968255993560888 ], [ 405586.890571599593386, 547463.179727273876779 ], [ 405574.749676335777622, 547520.453576329746284 ], [ 405563.808879069634713, 547571.616939408937469 ], [ 405563.057262134854682, 547574.54994037351571 ], [ 405559.508558386645745, 547588.3981267119525 ], [ 405547.437646863807458, 547637.821371734375134 ], [ 405534.306592438777443, 547698.375425072386861 ], [ 405527.136054263159167, 547728.187413639621809 ], [ 405520.607884233351797, 547758.103778028162196 ], [ 405507.480668921896722, 547818.261026294901967 ], [ 405506.024498855054844, 547824.933953888248652 ], [ 405498.643420571403112, 547856.590977249434218 ], [ 405493.703584943548776, 547877.777427852968685 ], [ 405492.593523961491883, 547882.697747299913317 ], [ 405489.883266962715425, 547897.608798090019263 ], [ 405486.262991477036849, 547912.88978532992769 ], [ 405471.651494219666347, 547968.353511161403731 ], [ 405468.91163839737419, 547978.754219216061756 ], [ 405466.085599701851606, 547990.935677157598548 ], [ 405457.540712500922382, 548027.767509145429358 ], [ 405450.579074054723606, 548058.960784399416298 ], [ 405446.079860078752972, 548079.12095284438692 ], [ 405434.419013532577083, 548129.624314214917831 ], [ 405432.593271445017308, 548137.887991456780583 ], [ 405422.258103713043965, 548184.668032858287916 ], [ 405418.614968273206614, 548200.770466772490181 ], [ 405418.198719987180084, 548202.610473013948649 ], [ 405414.532603866420686, 548218.8150316424435 ], [ 405406.736849011620507, 548253.272610540618189 ], [ 405393.706873257237021, 548304.492213624529541 ], [ 405391.727756488835439, 548312.271564177819528 ], [ 405390.08552340377355, 548318.726988903596066 ], [ 405376.184558007749729, 548384.131356598227285 ], [ 405374.866468115535099, 548388.612470559892245 ], [ 405373.417765842692461, 548393.538099329336546 ], [ 405371.184066919784527, 548401.132588767679408 ], [ 405361.433354950975627, 548440.135133122559637 ], [ 405358.183018539508339, 548452.135943485773169 ], [ 405350.182403094950132, 548482.638060889090411 ], [ 405343.181874639936723, 548509.639888950041495 ], [ 405342.303247066563927, 548513.205749243032187 ], [ 405334.681147768220399, 548544.142107645049691 ], [ 405329.403597823926248, 548566.587606301531196 ], [ 405325.510390315728728, 548583.144757349044085 ], [ 405324.98761601629667, 548585.605743659310974 ], [ 405318.179948961711489, 548617.647030193940736 ], [ 405314.299603885039687, 548634.058172671007924 ], [ 405305.178869934868999, 548672.650757622672245 ], [ 405293.178115569113288, 548734.654886196833104 ], [ 405291.67801355040865, 548742.65538961335551 ], [ 405289.905952631146647, 548751.869762768736109 ], [ 405286.677669415657874, 548768.657214492443018 ], [ 405281.971321427030489, 548789.051399541669525 ], [ 405280.643149171082769, 548794.806485530687496 ], [ 405279.177048295619898, 548801.159386167419143 ], [ 405277.766940262692515, 548808.829809967428446 ], [ 405274.676781545626, 548824.660898979287595 ], [ 405271.176552685792558, 548842.662112633697689 ], [ 405268.676358520344365, 548855.16291594482027 ], [ 405265.416133618215099, 548871.523978221579455 ], [ 405262.675965623639058, 548885.164933615247719 ], [ 405259.858545830764342, 548899.780162942479365 ], [ 405259.347738817858044, 548902.430135083268397 ], [ 405258.661634476273321, 548905.988877992844209 ], [ 405258.604805780400056, 548906.283946190960705 ], [ 405254.675395539554302, 548926.667667597648688 ], [ 405253.186635976540856, 548935.269679888850078 ], [ 405250.175168534682598, 548952.669414005591534 ], [ 405248.996842755062971, 548958.103041821159422 ], [ 405248.065013859071769, 548962.40004457521718 ], [ 405246.770817398442887, 548968.420495444908738 ], [ 405245.565124688437209, 548974.028806697577238 ], [ 405244.674722893803846, 548978.17111676116474 ], [ 405242.134552117960993, 548991.221991890575737 ], [ 405240.935910488944501, 548997.843121316516772 ], [ 405238.794302440073807, 549009.67324444220867 ], [ 405232.802938007516786, 549039.695161607465707 ], [ 405230.48375158989802, 549051.316053435555659 ], [ 405228.704828716174234, 549061.356592803145759 ], [ 405227.673529184074141, 549067.177019191673025 ], [ 405224.673411548952572, 549085.17826352478005 ], [ 405217.172876904951409, 549121.180689763859846 ], [ 405215.041805036715232, 549129.231090439017862 ], [ 405208.172127210360486, 549155.18293906445615 ], [ 405206.132039690332022, 549168.173787241685204 ], [ 405205.391948133066762, 549172.744141966570169 ], [ 405201.671739622892346, 549197.185762090957724 ], [ 405199.02749595430214, 549209.61076602328103 ], [ 405198.051534130470827, 549214.196842758217826 ], [ 405197.501456971513107, 549216.687082950840704 ], [ 405188.170757962332573, 549260.189899666816927 ], [ 405187.084446953842416, 549264.738700159126893 ], [ 405180.170102177246008, 549293.692201964790002 ], [ 405179.5500474300934, 549296.922461671754718 ], [ 405178.670027168351226, 549302.192716209567152 ], [ 405175.469820946571417, 549318.553898708662018 ], [ 405173.009670646162704, 549331.744751792866737 ], [ 405169.029517061368097, 549352.950092738377862 ], [ 405167.669294604100287, 549360.196626823279075 ], [ 405165.739203059056308, 549370.707276158267632 ], [ 405163.669081469241064, 549381.69807177176699 ], [ 405157.068512358469889, 549407.429770700866356 ], [ 405154.668342545453925, 549421.200692433398217 ], [ 405148.667836704349611, 549444.202284454135224 ], [ 405145.778089102241211, 549455.761370529537089 ], [ 405145.167541454255115, 549458.203178749303333 ], [ 405140.167190152104013, 549474.704351876163855 ], [ 405138.167087190202437, 549488.705197473871522 ], [ 405135.043555225245655, 549499.705017909524031 ], [ 405132.416567064006813, 549508.95657466026023 ], [ 405127.264434749318752, 549534.226597971748561 ], [ 405127.171435251133516, 549534.709306815289892 ], [ 405125.264246278151404, 549542.519841039902531 ], [ 405122.165765185258351, 549555.209732417599298 ], [ 405112.29493018053472, 549589.572048641159199 ], [ 405110.164876202296, 549603.212942004203796 ], [ 405105.38441608287394, 549623.034208526602015 ], [ 405103.204334781970829, 549630.664785528206266 ], [ 405098.66391279688105, 549652.716182859963737 ], [ 405097.052963072550483, 549659.876172698917799 ], [ 405094.163651173119433, 549672.71761804621201 ], [ 405089.745509757660329, 549692.599008613615297 ], [ 405089.163245321367867, 549695.219042955315672 ], [ 405083.312479901534971, 549723.637321556452662 ], [ 405082.162753908894956, 549729.221313321613707 ], [ 405074.612150209897663, 549758.273305749637075 ], [ 405071.429582752753049, 549777.973345306469128 ], [ 405070.661945070663933, 549782.724914750899188 ], [ 405060.942426051769871, 549821.602125293225981 ], [ 405059.661001322616357, 549826.727847123984247 ], [ 405057.629219557915349, 549835.616714455885813 ], [ 405055.660703220695723, 549844.229080624645576 ], [ 405052.66048359288834, 549859.730124842491932 ], [ 405046.785502497339621, 549881.374495046795346 ], [ 405043.159729091916233, 549894.732428572024219 ], [ 405040.579581700847484, 549906.013219401356764 ], [ 405034.119345552637242, 549934.048494627000764 ], [ 405030.158748965885025, 549951.236228228197433 ], [ 405025.928381228819489, 549968.487418368342333 ], [ 405017.047771300771274, 550009.220127986045554 ], [ 405011.067323292547371, 550039.802148644463159 ], [ 405010.716758162772749, 550041.510537100723013 ], [ 405010.677282824588474, 550041.702276048017666 ], [ 405003.366822463809513, 550077.444624834228307 ], [ 405001.434189607971348, 550091.188552600564435 ], [ 405000.218062940868549, 550099.837941060424782 ], [ 405000.194437230646145, 550100.005981644731946 ], [ 404998.256580938585103, 550113.787080132751726 ], [ 404998.166541356476955, 550114.427161090541631 ], [ 404992.078410987975076, 550135.307527728378773 ], [ 404989.625813458114862, 550143.719120571971871 ], [ 404984.705535631102975, 550178.63143154385034 ], [ 404979.725318963814061, 550209.643493262585253 ], [ 404974.034894155920483, 550241.90556742134504 ], [ 404973.553804774011951, 550245.733772876905277 ], [ 404971.064766943862196, 550265.537209206842817 ], [ 404969.704757165687624, 550277.767961030011065 ], [ 404969.543862542777788, 550278.75323840288911 ], [ 404967.49461353069637, 550291.218805136275478 ], [ 404964.043711440288462, 550312.286017427570187 ], [ 404963.294407909619622, 550316.860603282810189 ], [ 404960.375384294311516, 550332.805987205123529 ], [ 404954.453792382904794, 550365.153789647389203 ], [ 404950.973813549266197, 550404.136303833802231 ], [ 404950.531795547401998, 550409.934248854988255 ], [ 404949.583828201866709, 550422.36747141869273 ], [ 404949.053768922691233, 550429.317993104690686 ], [ 404943.22332390898373, 550454.469619936542585 ], [ 404937.883514046610799, 550488.683362925658002 ], [ 404937.822352642833721, 550489.074658634606749 ], [ 404937.320205927244388, 550492.29197747760918 ], [ 404936.388412375818007, 550498.262746717431583 ], [ 404930.272608757484704, 550535.585078852484003 ], [ 404928.80967972218059, 550541.352175742271356 ], [ 404927.360881637665443, 550547.063394380384125 ], [ 404919.391732391202822, 550578.477920266101137 ], [ 404915.249806555919349, 550595.228628500830382 ], [ 404911.481127332430333, 550610.470085067907348 ], [ 404909.101010158250574, 550622.500892701442353 ], [ 404903.410593000124209, 550651.262756300391629 ], [ 404903.070578225306235, 550653.392937297467142 ], [ 404898.080300081288442, 550684.835039947298355 ], [ 404894.556138615880627, 550701.878837568336166 ], [ 404893.930013813311234, 550704.916351082036272 ], [ 404893.599895936669782, 550706.406497013871558 ], [ 404890.367466938216239, 550720.958340418059379 ], [ 404888.900869990058709, 550727.495302295545116 ], [ 404886.569468928442802, 550737.958548112073913 ], [ 404881.399101585440803, 550767.220508400467224 ], [ 404878.292900424276013, 550786.361597108189017 ], [ 404877.738837591256015, 550789.781962129403837 ], [ 404877.618921062676236, 550790.552051997045055 ], [ 404877.049270647927187, 550792.382416611770168 ], [ 404869.078117342549376, 550817.993911624886096 ], [ 404861.347491522377823, 550852.276175717706792 ], [ 404858.817296228487976, 550861.666816986165941 ], [ 404856.93882071506232, 550868.634583290549926 ], [ 404853.486858092888724, 550881.438237733324058 ], [ 404844.926193160470575, 550916.640518931439146 ], [ 404842.112449911073782, 550929.255022880388424 ], [ 404834.725427484721877, 550962.373601621133275 ], [ 404833.223367464379407, 550967.309214470093139 ], [ 404832.844534761854447, 550968.554045503260568 ], [ 404832.716429439780768, 550968.975112375337631 ], [ 404825.047649612650275, 550994.174393520108424 ], [ 404824.380470578616951, 550996.366708406596445 ], [ 404824.234486658242531, 550996.845983599196188 ], [ 404823.274477067461703, 551000.176125879283063 ], [ 404813.983606273191981, 551028.198111278470606 ], [ 404809.073221803351771, 551046.389304783311673 ], [ 404806.072979637596291, 551057.500080387573689 ], [ 404804.18280056247022, 551063.950508277746849 ], [ 404801.863701537367888, 551074.698744072113186 ], [ 404798.19307386392029, 551091.710994306951761 ], [ 404796.162223601480946, 551101.123003753018565 ], [ 404792.761957896815147, 551111.673735818942077 ], [ 404780.430781047500204, 551150.216342189232819 ], [ 404779.370733073039446, 551153.246526261908002 ], [ 404771.510092490527313, 551185.158684421447106 ], [ 404767.788126620755065, 551199.678660234669223 ], [ 404765.389597459346987, 551209.035211382783018 ], [ 404759.879175219684839, 551230.531744190724567 ], [ 404749.398307764611673, 551270.914474304881878 ], [ 404749.278299432247877, 551271.354437571833842 ], [ 404740.903986453893594, 551301.641639421693981 ], [ 404740.197569415322505, 551304.196676400839351 ], [ 404729.716565097449347, 551333.748685541562736 ], [ 404719.135631851328071, 551373.061392871662974 ], [ 404705.624523992126342, 551424.444836180307902 ], [ 404701.72419329197146, 551436.195639679208398 ], [ 404700.090086642710958, 551442.955793584464118 ], [ 404695.803788326040376, 551460.687256797216833 ], [ 404690.463408569281455, 551485.4889522442827 ], [ 404690.003132592129987, 551487.582655702834018 ], [ 404687.093125049723312, 551500.990007444750518 ], [ 404686.824236155021936, 551502.118057160172611 ], [ 404684.582911522709765, 551511.52064776874613 ], [ 404683.162769667105749, 551517.511080122669227 ], [ 404679.972630060045049, 551535.59230862732511 ], [ 404676.972362427797634, 551548.283069451572374 ], [ 404673.072043017891701, 551565.704332893714309 ], [ 404672.318341766425874, 551571.999142873450182 ], [ 404671.162049650505651, 551581.655300315702334 ], [ 404668.341919623315334, 551606.416992149082944 ], [ 404664.941682314733043, 551626.438261295086704 ], [ 404662.281593778869137, 551646.019565389375202 ], [ 404661.616845434298739, 551651.180375597439706 ], [ 404659.71153618831886, 551665.970856458530761 ], [ 404657.631431987218093, 551682.19201350142248 ], [ 404656.421405888570007, 551691.462631252128631 ], [ 404655.821277309791185, 551695.802916910150088 ], [ 404652.761195866623893, 551716.634296550531872 ], [ 404651.26117825252004, 551732.805320800747722 ], [ 404651.135297010827344, 551743.959573330241255 ], [ 404651.127358580532018, 551744.357401180663146 ], [ 404650.441464314353652, 551751.674756547319703 ], [ 404648.431264470389578, 551773.297929030144587 ], [ 404648.341639080666937, 551774.031243216944858 ], [ 404647.021165221580304, 551784.838693949743174 ], [ 404645.681109593599103, 551798.599638000363484 ], [ 404644.631189358828124, 551812.720553482533433 ], [ 404643.176367233740166, 551828.013029815279879 ], [ 404642.851163579442073, 551831.431735840975307 ], [ 404641.751166635600384, 551845.682699992787093 ], [ 404639.581062503042631, 551861.593706368352287 ], [ 404638.901170493336394, 551875.554637602064759 ], [ 404635.52097981859697, 551896.486076813191175 ], [ 404635.486190881230868, 551897.599732077331282 ], [ 404635.485879955813289, 551897.610018075443804 ], [ 404634.931092387472745, 551915.407264371984638 ], [ 404633.491068917443044, 551935.638580016791821 ], [ 404632.471123880124651, 551954.219758111867122 ], [ 404631.433357248432003, 551968.620790333254263 ], [ 404631.191160387883428, 551971.981049744877964 ], [ 404630.334480124816764, 551980.741130220936611 ], [ 404629.941142614581622, 551984.761831915588118 ], [ 404628.961142982647289, 552000.302770206471905 ], [ 404627.091139271855354, 552016.693948283442296 ], [ 404625.15109072352061, 552033.165003863279708 ], [ 404624.801107740495354, 552036.105322835734114 ], [ 404624.521273803431541, 552036.828836527303793 ], [ 404621.635402383515611, 552044.28920779528562 ], [ 404620.700682667491492, 552046.705900837900117 ], [ 404619.820638679142576, 552059.18668486783281 ], [ 404616.22038001252804, 552075.687881795456633 ], [ 404610.699915539007634, 552094.499106502393261 ], [ 404605.599442698992789, 552107.520048073958606 ], [ 404602.624707885435782, 552116.713076324900612 ], [ 404600.509051327127963, 552123.251115816528909 ], [ 404595.038541403017007, 552141.862288880278356 ], [ 404590.088144057197496, 552159.903535995283164 ], [ 404586.677871228428558, 552179.094823217019439 ], [ 404582.097505044250283, 552196.13600217003841 ], [ 404577.667110658891033, 552210.126881266012788 ], [ 404573.606813069083728, 552227.248104974394664 ], [ 404569.786500934395008, 552240.728934399201535 ], [ 404566.456260845297948, 552253.969913256005384 ], [ 404562.505932787666097, 552272.951140828547068 ], [ 404559.045705915428698, 552289.632232153089717 ], [ 404556.075458653154783, 552303.223202701192349 ], [ 404556.095540867070667, 552304.733235712745227 ], [ 404556.407499977503903, 552307.657543802983128 ], [ 404556.575624977587722, 552309.233532127225772 ], [ 404556.865622881101444, 552311.543635404785164 ], [ 404557.345737775438465, 552312.863754813559353 ], [ 404561.296241712290794, 552320.104192874161527 ], [ 404563.876552660716698, 552320.890977731207386 ], [ 404578.942797519615851, 552325.48543327616062 ], [ 404581.988871695706621, 552326.414412974612787 ], [ 404589.524879516917281, 552328.580083658918738 ], [ 404589.365461357228924, 552329.015812320867553 ], [ 404580.635456215823069, 552352.877408673986793 ], [ 404570.187108042300679, 552381.43551555252634 ], [ 404564.766137067752425, 552396.252286759321578 ], [ 404561.067060699919239, 552401.779507572879083 ], [ 404562.410664894559886, 552402.690492600901052 ], [ 404561.690431535651442, 552404.659296111087315 ], [ 404553.858332359232008, 552426.066343561979011 ], [ 404540.396134784503374, 552462.862139364820905 ], [ 404526.308369387988932, 552501.367544830893166 ], [ 404524.927086323848926, 552505.143125199247152 ], [ 404524.64162879466312, 552505.923165541258641 ], [ 404520.049722823896445, 552518.474198697251268 ], [ 404517.21810001617996, 552526.213840558193624 ], [ 404509.444769220834132, 552541.962712104432285 ], [ 404494.018952252867166, 552573.215917070163414 ], [ 404482.959107102593407, 552595.623268283088692 ], [ 404469.411043541389517, 552623.072165001765825 ], [ 404463.499739790917374, 552635.04849873133935 ], [ 404460.319641161127947, 552641.491656665340997 ], [ 404446.991490443353541, 552668.49476082820911 ], [ 404435.172428705613129, 552692.440463359700516 ], [ 404428.384461467969231, 552706.193150724167936 ], [ 404423.438035496801604, 552716.214690656634048 ], [ 404417.768739797000308, 552727.700727454037406 ], [ 404409.330547658493742, 552744.796774159069173 ], [ 404395.665046163252555, 552772.483604642911814 ], [ 404393.993484157836065, 552775.870246027130634 ], [ 404389.639442276617046, 552784.69165463570971 ], [ 404378.288795187254436, 552807.68831755919382 ], [ 404372.443065941217355, 552819.531934862374328 ], [ 404368.215245759114623, 552828.097510688356124 ], [ 404365.067716993275099, 552834.474477807176299 ], [ 404357.32249601354124, 552869.327963755000383 ], [ 404352.675763770414051, 552890.238175865728408 ], [ 404351.932325995352585, 552893.583393980748951 ], [ 404346.170062171760947, 552919.513536914135329 ], [ 404341.744785592192784, 552939.42695765895769 ], [ 404333.049497900705319, 552978.555415374110453 ], [ 404332.548405063222162, 552980.810456111328676 ], [ 404328.023361577594187, 553001.172874337178655 ], [ 404328.024146147887222, 553079.527168800705113 ], [ 404328.024200940271839, 553087.154623195994645 ], [ 404328.025090310431551, 553170.470575866289437 ], [ 404328.025110606162343, 553173.162807355052792 ], [ 404327.576740939402953, 553175.452360888361 ], [ 404216.089005612418987, 553224.537920753704384 ], [ 404201.053996523143724, 553231.157509657088667 ], [ 404178.643591723754071, 553241.024411343852989 ], [ 404176.069216322386637, 553242.157914054812863 ], [ 404176.219231193186715, 553245.118044511415064 ], [ 404175.424442769028246, 553251.062812250922434 ], [ 404174.549162680457812, 553257.60882729338482 ], [ 404173.799110679072328, 553263.179139959975146 ], [ 404170.378899316070601, 553279.60031037661247 ], [ 404168.432057923870161, 553291.841584594221786 ], [ 404167.468727731960826, 553297.901484753587283 ], [ 404164.388432390172966, 553311.112383872154169 ], [ 404162.534466955636162, 553321.478876728797331 ], [ 404161.64831432903884, 553326.433440960245207 ], [ 404159.008105012180749, 553339.474258364993148 ], [ 404156.071638160792645, 553355.192633212776855 ], [ 404155.577949869388249, 553357.83552225632593 ], [ 404150.597481696866453, 553374.066574051394127 ], [ 404146.317151379073039, 553391.01776755892206 ], [ 404147.657471791899297, 553405.108665401348844 ], [ 404147.027453711314593, 553419.509593315771781 ], [ 404144.637436515709851, 553438.600833883392625 ], [ 404142.997522215708159, 553456.721991874859668 ], [ 404139.927307406906039, 553472.783039264497347 ], [ 404137.516998750623316, 553486.194011464715004 ], [ 404134.146799042937346, 553500.985018945299089 ], [ 404130.22656577010639, 553516.215960357687436 ], [ 404126.336199118290097, 553534.487232095911168 ], [ 404122.955946352623869, 553556.068621576298028 ], [ 404119.955845002550632, 553573.469843911007047 ], [ 404118.660272478125989, 553580.414176180493087 ], [ 404116.875613478245214, 553589.980929415207356 ], [ 404113.405369695683476, 553609.312206653528847 ], [ 404112.745503937476315, 553625.463264714926481 ], [ 404110.385296825901605, 553642.814448639051989 ], [ 404109.60458347509848, 553646.93911723641213 ], [ 404108.164879568736069, 553654.562130570644513 ], [ 404107.693426322191954, 553657.058658792404458 ], [ 404107.67518446710892, 553657.155355657334439 ], [ 404106.66499944741372, 553664.236483512097038 ], [ 404105.305047486908734, 553673.726417359081097 ], [ 404105.242308303830214, 553676.267148360377178 ], [ 404104.783507283602376, 553694.842400743509643 ], [ 404104.625221459078602, 553701.248201921116561 ], [ 404105.415396621276159, 553710.868802691344172 ], [ 404105.885559659567662, 553716.579148841439746 ], [ 404106.945763829513453, 553727.779960375628434 ], [ 404106.969789471535478, 553740.518115960527211 ], [ 404106.975954654510133, 553743.740975994267501 ], [ 404106.235957266879268, 553754.54167996707838 ], [ 404105.675976929720491, 553762.662180420826189 ], [ 404103.095846930984408, 553780.483502942253835 ], [ 404100.655752336955629, 553796.224351929035038 ], [ 404098.025690044218209, 553813.465588735998608 ], [ 404094.375407689483836, 553841.017372805741616 ], [ 404087.784987036837265, 553870.979338627541438 ], [ 404086.820343764033169, 553876.083256760262884 ], [ 404085.938172651571222, 553880.751042768009938 ], [ 404084.934752482105978, 553886.060414292383939 ], [ 404084.684699514415115, 553887.430417929892428 ], [ 404080.974504285492003, 553906.131672769086435 ], [ 404076.700159183295909, 553926.945984542835504 ], [ 404076.374155063589569, 553928.533238462987356 ], [ 404071.323774116695859, 553950.144716265262105 ], [ 404068.993483430938795, 553968.7558670056751 ], [ 404068.383692481555045, 553973.626167769310996 ], [ 404064.613455783750396, 553997.887860755319707 ], [ 404063.243551184830721, 554014.758873692830093 ], [ 404062.885137771314476, 554016.867651467793621 ], [ 404059.963391945348121, 554034.060147580225021 ], [ 404055.382964713848196, 554061.372023753472604 ], [ 404051.962805583258159, 554083.153467289870605 ], [ 404050.917269752826542, 554090.207463085069321 ], [ 404048.572628558031283, 554106.025105881970376 ], [ 404046.932623654778581, 554127.506401820108294 ], [ 404046.325656680390239, 554132.239227444399148 ], [ 404044.222467545361724, 554148.637794498121366 ], [ 404038.992100017261691, 554165.738877148949541 ], [ 404035.341842287278268, 554183.080026218667626 ], [ 404032.141604978765827, 554205.151573255425319 ], [ 404026.961259314557537, 554225.482953600236215 ], [ 404024.928828194155358, 554239.262694509699941 ], [ 404024.241053798701614, 554244.544126201770268 ], [ 404020.710795350722037, 554260.385249821585603 ], [ 404018.670795240614098, 554283.19670606625732 ], [ 404016.190672194701619, 554299.977802170906216 ], [ 404015.960669217747636, 554301.547945568570867 ], [ 404013.460579601058271, 554321.559254868421704 ], [ 404011.200511518050916, 554339.930504749412648 ], [ 404007.850293548312038, 554359.051768165663816 ], [ 404005.430203960102517, 554377.823030130006373 ], [ 404002.050115987542085, 554399.464391379849985 ], [ 403999.850017155345995, 554419.125735574401915 ], [ 403996.919842852978036, 554438.65703124657739 ], [ 403996.050236122042406, 554443.914273195317946 ], [ 403993.919643021828961, 554456.718205138109624 ], [ 403993.831642138713505, 554457.148044799803756 ], [ 403990.519296586513519, 554473.319313355721533 ], [ 403986.139174807467498, 554493.890658127260394 ], [ 403982.898854843457229, 554512.811972512747161 ], [ 403980.478678929444868, 554531.583128524944186 ], [ 403978.218610225012526, 554548.604340332327411 ], [ 403973.938246117148083, 554564.265365059603937 ], [ 403973.968571357196197, 554587.64682122063823 ], [ 403970.088288559752982, 554611.398468053434044 ], [ 403967.778184269554913, 554632.619880877784453 ], [ 403965.568133936612867, 554650.921032424666919 ], [ 403961.117854322830681, 554676.162766415858641 ], [ 403957.327631661726627, 554702.234428862342611 ], [ 403953.757546924403869, 554727.326107179629616 ], [ 403949.817218745243736, 554750.507646386395209 ], [ 403947.947175856505055, 554762.768483788357116 ], [ 403947.007079412112944, 554768.538812449551187 ], [ 403946.65726796182571, 554770.247771747759543 ], [ 403943.256883903930429, 554786.860060169594362 ], [ 403939.157441181945615, 554807.005397287313826 ], [ 403938.826557990396395, 554810.351580749964342 ], [ 403937.152615036582574, 554823.199515123153105 ], [ 403935.536400850571226, 554835.60329245950561 ], [ 403931.686187035986222, 554859.684907734510489 ], [ 403928.736096132895909, 554883.096403625095263 ], [ 403926.085923285863828, 554902.797696231049486 ], [ 403924.574933286407031, 554912.105907636112534 ], [ 403921.845733583031688, 554928.919477921444923 ], [ 403921.431069246144034, 554932.539221558137797 ], [ 403921.285362821712624, 554933.811695948708802 ], [ 403919.055604471999686, 554953.281119318678975 ], [ 403916.975147634861059, 554967.844764766516164 ], [ 403916.080830366234295, 554968.822109481552616 ], [ 403912.056778587575536, 554995.723386646946892 ], [ 403911.261311952606775, 555000.173688977840357 ], [ 403905.699162500910461, 555031.290845873765647 ], [ 403896.408047168690246, 555083.269166623591445 ], [ 403886.571757773461286, 555157.415097191347741 ], [ 403884.904315735155251, 555177.340390440193005 ], [ 403870.257274513831362, 555279.080299238208681 ], [ 403870.926549677154981, 555286.10103508119937 ], [ 403870.643931583850645, 555287.404528218088672 ], [ 403864.604688785213511, 555315.240715465974063 ], [ 403861.36655948596308, 555337.188952350290492 ], [ 403859.326843130635098, 555351.013855169410817 ], [ 403853.698436463426333, 555389.162300267023966 ], [ 403851.759574411262292, 555402.304073478793725 ], [ 403850.246428174083121, 555412.559993588016368 ], [ 403844.127612434444018, 555444.651083237840794 ], [ 403843.935248180641793, 555445.659437716705725 ], [ 403827.556537212571129, 555563.139537608250976 ], [ 403827.183824144944083, 555565.812388898804784 ], [ 403827.094591428991407, 555566.452696035383269 ], [ 403824.413349895505235, 555585.683595671551302 ], [ 403823.329385278804693, 555593.458660066244192 ], [ 403822.496905731386505, 555599.429735273355618 ], [ 403821.039124185102992, 555615.08550683024805 ], [ 403808.346443311194889, 555682.761460112640634 ], [ 403805.349104706197977, 555713.292694231146015 ], [ 403802.050807519466616, 555729.768223057733849 ], [ 403799.660843431076501, 555756.351520668598823 ], [ 403797.103511736786459, 555784.796261638985015 ], [ 403796.25779928668635, 555792.319579465896823 ], [ 403789.855654734536074, 555849.276882025180385 ], [ 403788.929140840016771, 555857.237989798304625 ], [ 403784.687442926340736, 555893.679526781430468 ], [ 403783.860874136502389, 555900.781436743447557 ], [ 403782.475770201068372, 555912.736416719970293 ], [ 403778.601932233432308, 555946.171334465034306 ], [ 403775.791463173402008, 555963.390761079266667 ], [ 403774.894149922940414, 555968.8881754783215 ], [ 403774.167052720556967, 555973.342772736796178 ], [ 403774.024289133085404, 555974.42534975009039 ], [ 403765.624142204411328, 556038.151917271898128 ], [ 403765.463765407213941, 556039.368350668926723 ], [ 403765.318176980712451, 556040.473163215559907 ], [ 403763.453319784079213, 556047.573384747840464 ], [ 403759.337887170724571, 556077.345519131049514 ], [ 403749.613294626644347, 556161.985235812026076 ], [ 403748.736147466523107, 556169.619768977398053 ], [ 403742.207409012538847, 556226.445189470308833 ], [ 403741.872398319595959, 556229.696717030135915 ], [ 403740.783570245606825, 556240.269877451239154 ], [ 403728.94702015677467, 556355.193689243518747 ], [ 403726.436935735400766, 556374.625000519794412 ], [ 403724.34082188521279, 556390.881822581752203 ], [ 403713.326293812249787, 556476.311701158178039 ], [ 403708.847484837227967, 556514.535442662076093 ], [ 403698.735961735364981, 556600.829831346520223 ], [ 403697.625825762283057, 556611.220555537729524 ], [ 403694.691985359997489, 556640.675486305379309 ], [ 403688.695666775922291, 556700.876484723412432 ], [ 403686.565597799373791, 556726.638116798829287 ], [ 403677.935392620158382, 556802.373174660373479 ], [ 403677.355327739845961, 556807.483428922016174 ], [ 403675.835327407345176, 556822.924458635854535 ], [ 403669.425167802604847, 556888.088741588057019 ], [ 403667.515146191522945, 556894.429270087042823 ], [ 403666.545164420385845, 556915.460607569897547 ], [ 403665.275259054207709, 556934.481797607266344 ], [ 403662.316851032490376, 556968.954089258913882 ], [ 403659.935179745021742, 556996.705854542786255 ], [ 403649.852026700682472, 557098.041634455672465 ], [ 403648.825007748848293, 557108.36329697445035 ], [ 403646.814901583478786, 557128.234463294851594 ], [ 403645.924908930377569, 557137.97511219792068 ], [ 403641.744841744250152, 557178.68780444690492 ], [ 403641.374853501736652, 557181.658049045829102 ], [ 403633.854492419573944, 557241.351951083983295 ], [ 403630.448895351612009, 557273.60172436281573 ], [ 403628.974440027377568, 557287.564996548579074 ], [ 403625.874427501636092, 557321.227246676338837 ], [ 403620.454142345290165, 557359.389759789453819 ], [ 403618.034202736744191, 557395.012074136291631 ], [ 403612.844060815288685, 557431.904487306950614 ], [ 403607.933562246209476, 557451.505858416785486 ], [ 403604.763312777096871, 557464.166718437452801 ], [ 403602.503187151509337, 557478.537675015046261 ], [ 403596.352791339857504, 557517.72024869825691 ], [ 403594.839030786417425, 557541.867404716089368 ], [ 403592.442980587249622, 557580.084373994497582 ], [ 403591.943030225695111, 557585.724670524359681 ], [ 403590.962886836670805, 557593.145198477897793 ], [ 403588.982994550024159, 557608.116133693722077 ], [ 403585.565456822048873, 557644.504009937983938 ], [ 403582.18272419902496, 557680.520878508803435 ], [ 403581.672793202975299, 557688.451420149765909 ], [ 403580.017343518091366, 557709.733760266797617 ], [ 403578.032848172530066, 557735.244517679908313 ], [ 403577.07310521916952, 557770.656775519018993 ], [ 403575.893150360672735, 557787.147914879955351 ], [ 403571.553059955651406, 557838.581262468826026 ], [ 403571.313123107072897, 557841.34144824068062 ], [ 403567.20870431070216, 557891.40415104071144 ], [ 403566.883117293124087, 557895.374983199872077 ], [ 403565.145279125019442, 557907.36055967444554 ], [ 403557.999939823290333, 557956.641359088709578 ], [ 403557.772626963327639, 557958.209072323399596 ], [ 403556.954364153556526, 557969.019935919903219 ], [ 403552.562838422250934, 558027.033645972958766 ], [ 403547.812984233198222, 558093.708087397739291 ], [ 403546.703833698935341, 558108.229261848377064 ], [ 403543.472863946284633, 558150.531686272588558 ], [ 403538.547955104615539, 558195.204596452764235 ], [ 403535.512669667659793, 558222.736404414870776 ], [ 403535.122631127771456, 558227.806803503772244 ], [ 403534.402667557180393, 558237.04733911738731 ], [ 403532.723233909695409, 558254.258804276585579 ], [ 403520.422504557471257, 558380.316862729843706 ], [ 403514.922386432182975, 558434.550318526802585 ], [ 403514.21234132751124, 558441.520849647815339 ], [ 403512.577806346234865, 558474.011975371628068 ], [ 403512.232644724717829, 558480.873390830587596 ], [ 403507.02249043941265, 558543.35740955802612 ], [ 403501.732585406687576, 558603.321547300089151 ], [ 403499.189220123342238, 558631.535201883409172 ], [ 403493.862390174530447, 558690.627146855695173 ], [ 403492.622484013903886, 558704.037985008908436 ], [ 403492.600041878118645, 558704.349468915141188 ], [ 403481.232636179658584, 558861.988340241252445 ], [ 403476.794363397581037, 558936.319668045965955 ], [ 403474.837966050661635, 558969.085399505216628 ], [ 403473.952985295676626, 558983.906294033746235 ], [ 403472.600197454390582, 559006.995194702176377 ], [ 403472.563169813831337, 559007.627879375126213 ], [ 403469.733781437156722, 559096.803638594108634 ], [ 403468.965206027613021, 559106.051689062966034 ], [ 403465.603622585826088, 559146.506904463167302 ], [ 403465.153617575997487, 559149.237101546954364 ], [ 403463.003840129007585, 559180.109045089571737 ], [ 403459.563908426091075, 559246.063486919738352 ], [ 403459.453995002724696, 559247.663482083240524 ], [ 403455.624156785081141, 559308.287418863736093 ], [ 403452.132750046555884, 559383.266180899343453 ], [ 403451.391810787667055, 559399.177490868605673 ], [ 403450.664628892671317, 559414.794366193003953 ], [ 403449.024767405935563, 559441.206162122893147 ], [ 403442.384934537636582, 559541.542681179009378 ], [ 403437.86502870923141, 559607.367037817020901 ], [ 403437.735060979786795, 559608.707061961758882 ], [ 403435.62542108038906, 559665.940770009765401 ], [ 403432.12547779083252, 559725.134606994688511 ], [ 403431.965661089925561, 559732.105146765010431 ], [ 403431.465821712743491, 559749.516214426024817 ], [ 403422.422387204773258, 559906.182278436492197 ], [ 403421.396406903862953, 559923.9576040772954 ], [ 403421.416311600012705, 559926.117730400641449 ], [ 403421.096327545703389, 559930.108023603213951 ], [ 403419.916250583482906, 559945.509046862483956 ], [ 403401.394548133597709, 559969.150744206854142 ], [ 403409.771812146995217, 560008.700489194015972 ], [ 403402.970801611547358, 560043.897939935093746 ], [ 403402.456797626160551, 560087.285784339299425 ], [ 403401.961860751791392, 560129.066737873479724 ], [ 403401.52760326245334, 560165.732049550511874 ], [ 403400.432218469912186, 560190.086228303844109 ], [ 403399.833971347601619, 560203.383759933989495 ], [ 403398.404658095329069, 560235.159843370434828 ], [ 403396.474716214812361, 560278.062700561829843 ], [ 403388.531032519880682, 560320.59654484433122 ], [ 403389.26529939705506, 560356.361025208025239 ], [ 403389.254654679214582, 560356.610551873454824 ], [ 403387.842561505152844, 560412.06792667589616 ], [ 403385.676195033825934, 560435.858233247883618 ], [ 403382.788475618814118, 560527.414008202264085 ], [ 403375.566819397907238, 560562.738850241876207 ], [ 403374.122128083312418, 560594.359474835684523 ], [ 403375.864113698538858, 560622.425975894322619 ], [ 403377.64933000318706, 560651.189257453195751 ], [ 403379.178132935019676, 560675.822504203883 ], [ 403377.011874688789248, 560698.170860677491874 ], [ 403377.519822465896141, 560792.912396349012852 ], [ 403377.55024871614296, 560798.595548274111934 ], [ 403377.752229242469184, 560836.255622608936392 ], [ 403376.203480564639904, 560864.088536952272989 ], [ 403374.864027600269765, 560888.161418840987608 ], [ 403375.289813599549234, 560903.507350091473199 ], [ 403376.299313041032292, 560939.896485813893378 ], [ 403374.944039543392137, 560959.179694697726518 ], [ 403374.238613888737746, 560969.215741743333638 ], [ 403373.411204123985954, 560980.988728766096756 ], [ 403370.856596421566792, 561007.768029833212495 ], [ 403369.078553550934885, 561026.406098308390938 ], [ 403369.564651166903786, 561072.456106200465001 ], [ 403369.801439412869513, 561094.892639944562688 ], [ 403369.82431554410141, 561095.455861006281339 ], [ 403371.371399762807414, 561133.647521649487317 ], [ 403371.958949569961987, 561148.153591620502993 ], [ 403371.953487741237041, 561148.56502100743819 ], [ 403371.713389625656419, 561166.558865686878562 ], [ 403371.237398527795449, 561202.22205736360047 ], [ 403366.331618741212878, 561234.408288939273916 ], [ 403366.182829528406728, 561235.384159098146483 ], [ 403362.570957109914161, 561259.193761439761147 ], [ 403361.128022003511433, 561285.127088890527375 ], [ 403363.984132790297735, 561330.382336445269175 ], [ 403361.096210168034304, 561362.823522540624253 ], [ 403361.305332962307148, 561368.566480275825597 ], [ 403362.540420012432151, 561402.473717840737663 ], [ 403366.888390892301686, 561466.390753894811496 ], [ 403366.88873615663033, 561497.390027166111395 ], [ 403362.556367397832219, 561579.574067081790417 ], [ 403356.025198837509379, 561685.960366859915666 ], [ 403356.747585929115303, 561709.750511921709403 ], [ 403360.358933935232926, 561742.912630202714354 ], [ 403361.80366202397272, 561776.07447215274442 ], [ 403361.811548862955533, 561808.392264581052586 ], [ 403360.908479228091892, 561821.919690238195471 ], [ 403359.645457985345274, 561840.833442980190739 ], [ 403362.534600246464834, 561873.995359326829202 ], [ 403375.534455318120308, 561964.830150696448982 ], [ 403375.768014037050307, 561969.280409710714594 ], [ 403376.446870887477417, 561982.209305600379594 ], [ 403379.876527645450551, 562047.538416461087763 ], [ 403385.430548449920025, 562096.738070655846968 ], [ 403385.654500367469154, 562098.723045247374102 ], [ 403389.286593492317479, 562171.239297560881823 ], [ 403392.304760092752986, 562206.38428030628711 ], [ 403393.620250301784836, 562221.703097288147546 ], [ 403394.342431765340734, 562254.144205373362638 ], [ 403394.34276701300405, 562287.30608856678009 ], [ 403394.355077405110933, 562287.554905609693378 ], [ 403398.707519117859192, 562375.073767306981608 ], [ 403398.707887462864164, 562413.282165091950446 ], [ 403398.1638420491945, 562434.469992074649781 ], [ 403397.264247671701014, 562469.513389178784564 ], [ 403396.933657036628574, 562495.358442809432745 ], [ 403396.504318087128922, 562528.927416554535739 ], [ 403396.500974712427706, 562529.184781116200611 ], [ 403396.501181964762509, 562546.682900329004042 ], [ 403396.501228112843819, 562553.488781383493915 ], [ 403396.501387330470607, 562572.43947398068849 ], [ 403400.83493156672921, 562618.577852757880464 ], [ 403400.83518647227902, 562635.879663736559451 ], [ 403400.90751061507035, 562637.649170827353373 ], [ 403402.279882535745855, 562671.2044468219392 ], [ 403397.925179292622488, 562730.202590682427399 ], [ 403399.369913037517108, 562770.573667800170369 ], [ 403401.494506160961464, 562811.568906678701751 ], [ 403401.536989092535805, 562812.386570791248232 ], [ 403402.225229048344772, 562877.153868241468444 ], [ 403399.337083578575402, 562926.176138190901838 ], [ 403399.337327727931552, 562950.737832002807409 ], [ 403399.337433835375123, 562965.826279670465738 ], [ 403399.426311665563844, 562969.344835867988877 ], [ 403400.241433884948492, 563001.609031763393432 ], [ 403401.100095754605718, 563035.596232310519554 ], [ 403401.504780328948982, 563051.614753836300224 ], [ 403397.868456199532375, 563140.114163215039298 ], [ 403394.25841410655994, 563193.461776725947857 ], [ 403393.536585068155546, 563220.856421383330598 ], [ 403394.584336156898644, 563241.247955742990598 ], [ 403394.981219882145524, 563248.971983250929043 ], [ 403402.23596600512974, 563310.089622426894493 ], [ 403403.49655257264385, 563347.839058644254692 ], [ 403403.680379702534992, 563353.344509687507525 ], [ 403403.671997481724247, 563354.002796583925374 ], [ 403402.959183989500161, 563409.575516039505601 ], [ 403402.787820861500222, 563413.630548649700359 ], [ 403400.073714530328289, 563477.852635306655429 ], [ 403402.240806235815398, 563522.549127939739265 ], [ 403403.685548854758963, 563561.478480160236359 ], [ 403403.702813567593694, 563562.431565434206277 ], [ 403404.408136149984784, 563601.128721315180883 ], [ 403409.463441481231712, 563636.453300262335688 ], [ 403409.507458175416104, 563636.773277464439161 ], [ 403414.107700934866443, 563670.158029329730198 ], [ 403414.517953036236577, 563673.135452364571393 ], [ 403414.753706086834427, 563684.8972399586346 ], [ 403415.240543055639137, 563709.18102429958526 ], [ 403415.240875412942842, 563738.738477217266336 ], [ 403416.685472071869299, 563769.016645604977384 ], [ 403423.907540383923333, 563827.410585655248724 ], [ 403424.158635388012044, 563843.160893106949516 ], [ 403425.317326686519664, 563915.845084530534223 ], [ 403425.364076348021626, 563918.774358360446058 ], [ 403427.531126861809753, 563969.238128798548132 ], [ 403427.554205851163715, 563969.409174890373833 ], [ 403431.142354389943648, 563995.911896273493767 ], [ 403438.433613121393137, 564041.914028903236613 ], [ 403452.658387206261978, 564098.711410446790978 ], [ 403453.599814591638278, 564102.470562339993194 ], [ 403475.26544477022253, 564164.468755659530871 ], [ 403496.138129519764334, 564213.574889397015795 ], [ 403497.790059133199975, 564217.461119929444976 ], [ 403498.461167545057833, 564219.117605442879722 ], [ 403515.821730168769136, 564263.081908183870837 ], [ 403521.134509942843579, 564279.222243521478958 ], [ 403532.432167152524926, 564313.545601594028994 ], [ 403541.68981934938347, 564335.808666393626481 ], [ 403548.320277564635035, 564351.753905331599526 ], [ 403549.806113529077265, 564355.858457717346027 ], [ 403575.868738769553602, 564427.852794833946973 ], [ 403595.367802001652308, 564476.874685076414607 ], [ 403622.509652943408582, 564532.931902740732767 ], [ 403631.028253145690542, 564550.525428068591282 ], [ 403639.546847685123794, 564568.118954320321791 ], [ 403687.083765827293973, 564654.4573873213958 ], [ 403691.543867287866306, 564662.557986461091787 ], [ 403719.774418705201242, 564717.206698892638087 ], [ 403721.221629366162233, 564720.008285147254355 ], [ 403754.442061242065392, 564782.72723558335565 ], [ 403765.407801667402964, 564814.834386722533964 ], [ 403775.325396931264549, 564829.697579993749969 ], [ 403865.854386847349815, 564969.469319724710658 ], [ 403890.839080094825476, 564995.229669092455879 ], [ 403913.034972960711457, 565016.154948895098642 ], [ 403917.748501045047306, 565026.838030226295814 ], [ 403938.100747411721386, 565072.965416997671127 ], [ 403979.587002488435246, 565145.313057131832466 ], [ 404003.975019005592912, 565186.568204389419407 ], [ 404012.356473237625323, 565201.382430268218741 ], [ 404086.529606126539875, 565332.485628375434317 ], [ 404086.623740880633704, 565332.652107866946608 ], [ 404095.28677037981106, 565350.157802886329591 ], [ 404099.65363013849128, 565358.982577938470058 ], [ 404105.94057110673748, 565370.248558651772328 ], [ 404122.686976336583029, 565400.237611867487431 ], [ 404142.332902775146067, 565428.642855500802398 ], [ 404156.99946621741401, 565460.179245437146164 ], [ 404159.946586698410101, 565466.516357019543648 ], [ 404163.334043136157561, 565487.482156078913249 ], [ 404176.882986763434019, 565510.476896101026796 ], [ 404189.076941029168665, 565523.326815153472126 ], [ 404201.365492547920439, 565558.395458382903598 ], [ 404206.785095263214316, 565582.06656663317699 ], [ 404216.269478070433252, 565600.326994097791612 ], [ 404221.689159090514295, 565624.536706977291033 ], [ 404221.755574625567533, 565625.627716933260672 ], [ 404226.432055236771703, 565702.451029963325709 ], [ 404225.072959279932547, 565742.902484104386531 ], [ 404224.518481336883269, 565752.870538283605129 ], [ 404221.686541159171611, 565803.771106303902343 ], [ 404208.816097328031901, 565893.721616392838769 ], [ 404206.766883854288608, 565930.09931962157134 ], [ 404207.008154437236954, 565936.602452659397386 ], [ 404208.230233558744658, 565969.530389561317861 ], [ 404208.799806738970801, 565984.880902165779844 ], [ 404199.515437718946487, 566016.165029689553194 ], [ 404197.96117527410388, 566021.402124426793307 ], [ 404197.913708428444806, 566024.909451092942618 ], [ 404197.28430641227169, 566071.449768861173652 ], [ 404191.865000579215121, 566091.739494195440784 ], [ 404188.478004734613933, 566111.35260030021891 ], [ 404188.205996911623515, 566114.925962074426934 ], [ 404186.4213650682359, 566138.35750573023688 ], [ 404189.131596058723517, 566191.78668756922707 ], [ 404184.389873752894346, 566224.926241124048829 ], [ 404173.551354641560465, 566270.239670461625792 ], [ 404168.132181729713921, 566300.674076510942541 ], [ 404161.311453722941224, 566335.060698758810759 ], [ 404149.589032557851169, 566411.899645629571751 ], [ 404145.731598839338403, 566437.18486923223827 ], [ 404133.538192051229998, 566484.527172389673069 ], [ 404127.499252159439493, 566526.757390013197437 ], [ 404126.210068788845092, 566535.772483329288661 ], [ 404125.528560284874402, 566540.551839630585164 ], [ 404111.159799526445568, 566641.319578128866851 ], [ 404098.288989031279925, 566687.309346480295062 ], [ 404093.54269650822971, 566717.610038948594593 ], [ 404092.129088848480023, 566730.918074621004052 ], [ 404088.80121790652629, 566762.247003901400603 ], [ 404076.607798588403966, 566806.207858787383884 ], [ 404073.624762327584904, 566818.616589865530841 ], [ 404065.618651463999413, 566851.92201300628949 ], [ 404064.414343544864096, 566856.931912501226179 ], [ 404048.020199304271955, 566909.604960112832487 ], [ 404045.310501500556711, 566929.894577706465498 ], [ 404044.259465336624999, 566948.32006937765982 ], [ 404043.045782327302732, 566969.596954362583347 ], [ 404039.214804487011861, 567036.752965314313769 ], [ 404035.792406631517224, 567065.10650211176835 ], [ 404028.364891138393432, 567126.63952302292455 ], [ 404024.97828077187296, 567195.624023564509116 ], [ 404020.346460143104196, 567276.184956204611808 ], [ 404018.044845954747871, 567316.216221766779199 ], [ 404016.854219475004356, 567336.922720743110403 ], [ 404017.020502152270637, 567341.732999484986067 ], [ 404019.564864904386923, 567415.375598084880039 ], [ 404016.437926029786468, 567449.197544466587715 ], [ 404015.500657524797134, 567459.336263566743582 ], [ 404016.178464363911189, 567488.418227020069025 ], [ 404015.492258697748184, 567524.77753436320927 ], [ 404018.557134179282002, 567557.041411182843149 ], [ 404022.944802236685064, 567603.230475832591765 ], [ 404022.903415016247891, 567606.619677383918315 ], [ 404022.267878893762827, 567658.688559135771357 ], [ 404019.573065540229436, 567676.027336326427758 ], [ 404016.171273739775643, 567697.915156304487027 ], [ 404016.189546411042102, 567705.497281768824905 ], [ 404016.244078371615615, 567728.265556972241029 ], [ 404013.662672064558137, 567773.373997108195908 ], [ 404013.052761149359867, 567784.030755547923036 ], [ 404010.82545511808712, 567822.950167846865952 ], [ 404014.890437922440469, 567860.147618030547164 ], [ 404012.954459570464678, 567895.184618035564199 ], [ 404015.670862967264839, 567934.228875243687071 ], [ 404016.342264632752631, 567943.879386288695969 ], [ 404014.153907974250615, 567969.661961910314858 ], [ 404013.885848935809918, 567972.821027790079825 ], [ 404012.955450205074158, 567983.782242632703856 ], [ 404013.096500813029706, 567986.530059507582337 ], [ 404014.310766456415877, 568010.158539421739988 ], [ 404014.406876838766038, 568019.782451778068207 ], [ 404014.426373189664446, 568021.73377686063759 ], [ 404014.486631767707877, 568027.753753865370527 ], [ 404014.501029039616697, 568029.201432833680883 ], [ 404016.199530316400342, 568039.940463563427329 ], [ 404019.429922533337958, 568052.840112930280156 ], [ 404020.081585684209131, 568055.442571109277196 ], [ 404019.900897718674969, 568060.886384217417799 ], [ 404017.55424402130302, 568064.814972174703144 ], [ 404013.135931840457488, 568128.888011363567784 ], [ 404011.806860012293328, 568148.161026610061526 ], [ 404010.589775922184344, 568155.725739421905018 ], [ 404009.35709355934523, 568173.603938801796176 ], [ 404009.143641562550329, 568176.699633741634898 ], [ 404007.97871568944538, 568193.594604426296428 ], [ 404007.764303720497992, 568196.706559039652348 ], [ 404023.884229045885149, 568202.588062335387804 ], [ 404031.304311315412633, 568210.378546674153768 ], [ 404037.115220021980349, 568216.47948902961798 ], [ 404049.684707569074817, 568246.246941319433972 ], [ 404056.962128034967463, 568285.937061242060736 ], [ 404056.301081167650409, 568336.872723457869142 ], [ 404056.733198763336986, 568346.006679327343591 ], [ 404060.932773544918746, 568434.775005452218466 ], [ 404071.996925140556414, 568516.033140378887765 ], [ 404080.118718206998892, 568551.860855193110183 ], [ 404101.288430815096945, 568601.473204208770767 ], [ 404111.540107216220349, 568624.950627733604051 ], [ 404118.207639172207564, 568640.220285630784929 ], [ 404121.796653442026582, 568648.439765941002406 ], [ 404132.337380556680728, 568663.966270041884854 ], [ 404158.089260446489789, 568701.898588278447278 ], [ 404168.401297786156647, 568720.802401418564841 ], [ 404199.586029917292763, 568771.685245990636759 ], [ 404237.568013034877367, 568833.659176805871539 ], [ 404279.907117337337695, 568891.209451159462333 ], [ 404336.427116255275905, 568995.640129635692574 ], [ 404340.769883218978066, 569003.664227071567439 ], [ 404378.478530212829355, 569088.336049227626063 ], [ 404396.856386296509299, 569126.663860203814693 ], [ 404401.6329336570343, 569136.625622450141236 ], [ 404435.371827931317966, 569184.253443538560532 ], [ 404490.69808311748784, 569236.188401270308532 ], [ 404500.203289424534887, 569245.111009638174437 ], [ 404514.285549626685679, 569257.431893447879702 ], [ 404542.542347774142399, 569282.154663556721061 ], [ 404621.927463875093963, 569331.104954700917006 ], [ 404842.58805272000609, 569430.104796678060666 ], [ 404861.718389316520188, 569438.687560725375079 ], [ 404875.613749534008093, 569444.102169087040238 ], [ 405002.930333116848487, 569493.713952708989382 ], [ 405077.645900530507788, 569522.828528748708777 ], [ 405305.175466150627472, 569626.675845493911766 ], [ 405346.348491434648167, 569653.581537373363972 ], [ 405388.287581824930385, 569680.987729270476848 ], [ 405405.855614812579006, 569698.892196976696141 ], [ 405418.227172660292126, 569708.385897158645093 ], [ 405434.302078774024267, 569720.721512081916444 ], [ 405478.625756376946811, 569780.256188758416101 ], [ 405504.274624346930068, 569815.331018896074966 ], [ 405544.428476223372854, 569870.241831739782356 ], [ 405608.333764080482069, 569967.231609232025221 ], [ 405631.209393589175306, 569988.411063843173906 ], [ 405631.443639205768704, 569988.627808858640492 ], [ 405671.962198679568246, 570038.088349934434518 ], [ 405682.382675169617869, 570050.808533067582175 ], [ 405724.722112746443599, 570127.542476618196815 ], [ 405741.922429201891646, 570168.555393035756424 ], [ 405770.370134174998384, 570304.163060175837018 ], [ 405778.111822464852594, 570394.283749178866856 ], [ 405779.632732589612715, 570411.987942781881429 ], [ 405805.434747490682639, 570611.761339384247549 ], [ 405829.914214585558511, 570840.64096448617056 ], [ 405831.907716095854994, 570875.852253005257808 ], [ 405833.884064084501006, 570910.760210663778707 ], [ 405853.069989117153455, 571037.106944895233028 ], [ 405858.198471132782288, 571062.388768148724921 ], [ 405872.310022300807759, 571131.954576820251532 ], [ 405881.517614508105908, 571177.345184097299352 ], [ 405913.520551254332531, 571299.574082890758291 ], [ 405921.873099665215705, 571331.474768269457854 ], [ 405959.581771981203929, 571420.115697471424937 ], [ 405990.013110957108438, 571467.082208223990165 ], [ 406030.367339697550051, 571501.47981539205648 ], [ 406039.43012166704284, 571505.890548336436041 ], [ 406105.121733791427687, 571537.861578388139606 ], [ 406139.478167072287761, 571551.826470590080135 ], [ 406151.029506548133213, 571556.521610722644255 ], [ 406177.129058508609887, 571567.130371400155127 ], [ 406186.491394876036793, 571570.935907432343811 ], [ 406234.783915627223905, 571578.211950284079649 ], [ 406282.506469701591413, 571571.967805253923871 ], [ 406305.568446239107288, 571568.950242013437673 ], [ 406380.023291186022107, 571566.225686324760318 ], [ 406384.251471981231589, 571566.07089997571893 ], [ 406414.060902684926987, 571564.980019380804151 ], [ 406474.29228278802475, 571561.586300206719898 ], [ 406507.999463875719812, 571559.687067755614407 ], [ 406565.974692290998064, 571560.173645257018507 ], [ 406586.722672558214981, 571560.347719532903284 ], [ 406668.092080591071863, 571561.669848837074824 ], [ 406745.492427279474214, 571585.483089607208967 ], [ 406777.246586175635457, 571605.327844902640209 ], [ 406834.800801998469979, 571637.740963189629838 ], [ 406904.262823698343709, 571678.753342202166095 ], [ 406960.766125896712765, 571715.275638738996349 ], [ 406969.71428202604875, 571721.059587221592665 ], [ 407007.463800605153665, 571756.147962159244344 ], [ 407035.248746117344126, 571791.207372523844242 ], [ 407049.776778595754877, 571819.938200609525666 ], [ 407065.018689709075261, 571850.080824262462556 ], [ 407088.511601138452534, 571913.903605347499251 ], [ 407092.49502008833224, 571943.773481230484322 ], [ 407092.495850017468911, 571982.089969315682538 ], [ 407078.972343519038986, 572015.899015363771468 ], [ 407061.766574180102907, 572045.148572530946694 ], [ 407061.390147835016251, 572045.788555756211281 ], [ 407056.432601853914093, 572054.216073466814123 ], [ 407019.37498207448516, 572092.852640945580788 ], [ 406998.678367290296592, 572110.099257407593541 ], [ 406971.744501743814908, 572132.543321563280188 ], [ 406913.4833691289532, 572191.912174635683186 ], [ 406902.283713867538609, 572203.324809700716287 ], [ 406851.345465560909361, 572235.738958329893649 ], [ 406773.284027859685011, 572269.476345926290378 ], [ 406713.74577512050746, 572283.368621576577425 ], [ 406647.591859610867687, 572294.614855895284563 ], [ 406598.24734100146452, 572301.820116903749295 ], [ 406498.084112347685732, 572316.446055027539842 ], [ 406436.061985152191482, 572329.346468706615269 ], [ 406415.391808541666251, 572333.645843641483225 ], [ 406356.215369830606505, 572344.69223620032426 ], [ 406263.718017623468768, 572361.958487503929064 ], [ 406237.31206573813688, 572366.887648692121729 ], [ 406216.930345287022647, 572370.692177759599872 ], [ 406179.911886695714202, 572375.823452329263091 ], [ 406150.114942131913267, 572379.953805234981701 ], [ 406113.730234269634821, 572379.954206071910448 ], [ 406089.253268626518548, 572377.969909944920801 ], [ 406061.468651365721598, 572381.939279288984835 ], [ 406019.130484427907504, 572413.030310320784338 ], [ 405982.746287490648683, 572454.70533171063289 ], [ 405951.654304474941455, 572497.041851091198623 ], [ 405933.793128720775712, 572536.732176129240543 ], [ 405930.398288470343687, 572553.367506080307066 ], [ 405929.446644230745733, 572558.030143106589094 ], [ 405928.464950905006845, 572562.840154064702801 ], [ 405927.178064005915076, 572569.145921901334077 ], [ 405927.775078267673962, 572586.451159077347256 ], [ 405928.501594406436197, 572607.512980993837118 ], [ 405931.809742119163275, 572653.818117384449579 ], [ 405932.677942273032386, 572656.632059471332468 ], [ 405950.995077905943617, 572715.99917587544769 ], [ 405958.245586282922886, 572733.328344399342313 ], [ 405962.63163095532218, 572743.811221385491081 ], [ 405978.118856055894867, 572780.826064392924309 ], [ 405998.08917690400267, 572814.77456793980673 ], [ 406033.555486501252744, 572862.155047775362618 ], [ 406033.924470369587652, 572862.444297809852287 ], [ 406072.561318229185417, 572892.724976669298485 ], [ 406123.367892879468855, 572923.418154576327652 ], [ 406203.935315789654851, 572952.250173600041308 ], [ 406223.922327198437415, 572959.402820005663671 ], [ 406263.503016563307028, 572970.551175274886191 ], [ 406299.073422752146143, 572980.570027224253863 ], [ 406418.680155795998871, 573021.846619114861824 ], [ 406447.25879058369901, 573039.839123802259564 ], [ 406483.246893594623543, 573068.415630253497511 ], [ 406493.567377398547251, 573080.749020173680037 ], [ 406526.64438283466734, 573120.277003653347492 ], [ 406531.889279714378063, 573127.551596577162854 ], [ 406553.80064222792862, 573157.942325773765333 ], [ 406559.45721391675761, 573165.787999399472028 ], [ 406626.959954150253907, 573290.898780081304722 ], [ 406687.368932025274262, 573449.888467962970026 ], [ 406699.200878778938204, 573492.466036035795696 ], [ 406705.421322315174621, 573514.85033676715102 ], [ 406726.124947955308016, 573589.352408117381856 ], [ 406728.726835301262327, 573616.01684196270071 ], [ 406729.599912383186165, 573624.964660183759406 ], [ 406731.991778078489006, 573649.476867546560243 ], [ 406731.99221225985093, 573701.338555557071231 ], [ 406728.195434865774587, 573778.234741275780834 ], [ 406727.759189876145683, 573787.06935095123481 ], [ 406718.233550176781137, 573833.639252706198022 ], [ 406693.654415546450764, 573884.867449585581198 ], [ 406691.7420604803483, 573888.853238394716755 ], [ 406560.359180852072313, 574079.685190171003342 ], [ 406550.442404575063847, 574109.063102250336669 ], [ 406499.667078990722075, 574259.481547387433238 ], [ 406493.492728511162568, 574277.772550349356607 ], [ 406491.051508862001356, 574285.00451060931664 ], [ 406487.56038225244265, 574301.933075601584278 ], [ 406484.249465613684151, 574317.988238414749503 ], [ 406478.567134521959815, 574345.541913393186405 ], [ 406474.021779071365017, 574367.582774417591281 ], [ 406470.431985728617292, 574384.989424018305726 ], [ 406448.979740989103448, 574489.012217237846926 ], [ 406467.074252032733057, 574529.858443042612635 ], [ 406501.374926052056253, 574607.288402130478062 ], [ 406536.622706553898752, 574640.161963001126423 ], [ 406603.227295369841158, 574702.280228068353608 ], [ 406720.210101273900364, 574808.32924246462062 ], [ 406837.390421595307998, 574888.846779239480384 ], [ 406843.434256722975988, 574893.791428370866925 ], [ 406910.160358903231099, 574948.381313351681456 ], [ 406967.053439745563082, 575014.531033899635077 ], [ 407029.239205062505789, 575113.755617829039693 ], [ 407050.563964183151256, 575141.029366466100328 ], [ 407063.945917155710049, 575158.144492997787893 ], [ 407084.675897189532407, 575184.657639852142893 ], [ 407086.132385909033474, 575186.52041446021758 ], [ 407153.130196902435273, 575243.911544114118442 ], [ 407229.025927615701221, 575289.713255489594303 ], [ 407253.653590759728104, 575296.265287625603378 ], [ 407262.992878018063493, 575298.750037725898437 ], [ 407266.837323346175253, 575299.772678447072394 ], [ 407307.337503517395817, 575310.547598094795831 ], [ 407325.395799338119105, 575315.351892216131091 ], [ 407350.374752804404125, 575310.298447948764078 ], [ 407443.75575699727051, 575291.406427541631274 ], [ 407524.518008184793871, 575211.349616682971828 ], [ 407657.387807874649297, 574988.545594444382004 ], [ 407666.555138025258202, 574977.230503249564208 ], [ 407684.181550161738414, 574955.474646897055209 ], [ 407694.478370913479012, 574942.765503542847 ], [ 407727.755830627516843, 574901.691904535400681 ], [ 407752.781709084287286, 574870.803203465999104 ], [ 407764.642803796974476, 574856.163335982244462 ], [ 407781.720745744300075, 574835.084229123429395 ], [ 407824.509098518232349, 574817.530565405497327 ], [ 407827.998141188931186, 574816.099274881999008 ], [ 407830.143446573696565, 574815.219164960552007 ], [ 407846.434651138726622, 574808.53577782807406 ], [ 407874.600562228297349, 574796.980799315264449 ], [ 407880.028694393811747, 574796.866461677243933 ], [ 407895.000877484621014, 574796.551119425334036 ], [ 407926.224909831362311, 574795.893510196823627 ], [ 407950.015971668239217, 574795.392427969956771 ], [ 407956.222813126514666, 574800.311120650614612 ], [ 408043.589190800790675, 574869.547666313359514 ], [ 408085.795994233340025, 574902.995832692249678 ], [ 408114.225771252182312, 574925.525978492456488 ], [ 408260.012578787049279, 575136.757737703272142 ], [ 408311.94089178845752, 575250.737213452230208 ], [ 408344.072053850919474, 575324.546037968015298 ], [ 408360.895966098411009, 575363.192190620931797 ], [ 408362.865712389990222, 575365.43035812175367 ], [ 408390.004051855648868, 575396.266995713114738 ], [ 408427.050568915263284, 575429.341767208999954 ], [ 408459.379388892906718, 575440.655738461297005 ], [ 408479.973954568151385, 575447.863198343780823 ], [ 408526.281872757419478, 575455.800686766859144 ], [ 408564.651023011771031, 575450.508349260082468 ], [ 408591.112424044345971, 575434.632013715803623 ], [ 408601.736701155139599, 575418.342022347147577 ], [ 408610.958355228241999, 575404.202741600573063 ], [ 408627.843140628421679, 575369.414894955698401 ], [ 408638.583232655655593, 575347.286900725681335 ], [ 408653.295364351128228, 575259.994690353167243 ], [ 408624.186291049234569, 575125.048452359158546 ], [ 408626.83089531987207, 574976.871858297032304 ], [ 408634.768594430061057, 574902.783636689302512 ], [ 408655.937233116361313, 574848.540181208751164 ], [ 408690.336807609011885, 574794.296569968457334 ], [ 408693.273050082789268, 574791.176957998657599 ], [ 408710.965273041685577, 574772.379628112073988 ], [ 408715.67947283142712, 574767.371033724979497 ], [ 408733.723385078657884, 574748.199995170580223 ], [ 408753.843981640296988, 574726.822659583762288 ], [ 408828.185598929179832, 574690.723120895912871 ], [ 408866.043705907068215, 574679.963249336578883 ], [ 408977.320750564394984, 574648.33645940781571 ], [ 409068.735752995940857, 574631.563034993596375 ], [ 409147.050349508877844, 574609.374271114123985 ], [ 409227.504800050228368, 574586.579225981375203 ], [ 409389.316334336530417, 574515.788677289849147 ], [ 409396.858147235354409, 574512.489182778983377 ], [ 409568.857689546537586, 574442.36798305704724 ], [ 409651.935320247663185, 574413.39735759422183 ], [ 409658.698265843326226, 574411.039017442846671 ], [ 409747.676460854650941, 574409.69913663121406 ], [ 409753.649036155664362, 574409.609193792566657 ], [ 409827.477016939606983, 574427.07198275020346 ], [ 409890.191208190633915, 574457.235956645221449 ], [ 409941.034391634399071, 574501.720301077002659 ], [ 409956.022188246424776, 574522.002078392542899 ], [ 409980.468727837898768, 574555.083804715774022 ], [ 410006.931268677697517, 574650.339891500771046 ], [ 410021.486480283609126, 574777.348138235975057 ], [ 410022.933345400786493, 574830.858107492676936 ], [ 410024.133558548812289, 574875.250522388145328 ], [ 410014.661500222398899, 574933.346583791309968 ], [ 410014.914534700918011, 574945.228234548703767 ], [ 410006.935988959623501, 575102.807535240077414 ], [ 409980.595841085771099, 575319.123891657218337 ], [ 409982.51229708455503, 575380.401412742445245 ], [ 409982.85059053346049, 575391.220635644160211 ], [ 409983.243760224082507, 575403.795785803929903 ], [ 409999.122205213003326, 575477.883444659644738 ], [ 410052.047240385145415, 575578.430432522553019 ], [ 410131.433746540453285, 575673.68466609925963 ], [ 410207.869851317605935, 575752.818841816857457 ], [ 410254.24471938284114, 575800.830690039787441 ], [ 410280.944135428697336, 575828.472449868335389 ], [ 410329.252078979159705, 575874.145900633186102 ], [ 410363.996983712073416, 575906.99602056434378 ], [ 410365.56965467747068, 575908.482856714166701 ], [ 410367.016215506533626, 575909.850379398092628 ], [ 410346.075446179253049, 575927.796142697916366 ], [ 410345.272252191440202, 575928.484467478469014 ], [ 410316.46115222980734, 575953.174943605321459 ], [ 410280.855426387861371, 575973.426700602518395 ], [ 410258.751051707426086, 575986.192674705642276 ], [ 410241.460354561684653, 575996.178635168005712 ], [ 410202.041769279225264, 576024.055746759055182 ], [ 410200.910822817473672, 576024.930609827628359 ], [ 410167.70193070883397, 576050.62028812780045 ], [ 410123.196970436256379, 576086.091911247232929 ], [ 410050.224250104045495, 576119.111185621120967 ], [ 409975.677544965932611, 576172.942656043451279 ], [ 409906.161554324731696, 576223.141314999316819 ], [ 409854.677703955559991, 576262.59175866865553 ], [ 409838.53772028721869, 576274.565627487259917 ], [ 409835.021983628394082, 576277.174114424502477 ], [ 409805.252920379163697, 576299.259394640102983 ], [ 409802.903112093219534, 576301.002675647847354 ], [ 409778.262267405283637, 576316.298104303423315 ], [ 409766.250121415476315, 576323.754456396796741 ], [ 409750.152608200733084, 576333.746630755835213 ], [ 409711.435052916756831, 576357.779682940454222 ], [ 409700.862595544895157, 576363.982791405753233 ], [ 409686.476819624484051, 576372.423261834774166 ], [ 409638.437355161819141, 576400.608981670928188 ], [ 409638.079863269347697, 576400.820351976435632 ], [ 409637.806784638261888, 576400.981460570241325 ], [ 409625.740318882570136, 576408.108383213053457 ], [ 409623.209551464417018, 576409.602960942080244 ], [ 409620.593073772382922, 576410.701882301247679 ], [ 409620.061180025804788, 576410.925421225838363 ], [ 409619.877414633869193, 576411.002527173375711 ], [ 409542.788872819801327, 576443.377515553147532 ], [ 409532.175588635029271, 576447.834774471004494 ], [ 409523.014457654557191, 576451.682297724531963 ], [ 409504.606233612867072, 576461.260071171680465 ], [ 409451.198174793622456, 576489.047893677372485 ], [ 409449.114899737585802, 576489.912332990788855 ], [ 409428.948051992338151, 576502.72910293226596 ], [ 409418.546224864840042, 576511.284320113947615 ], [ 409397.781685030087829, 576528.362393501447514 ], [ 409375.508722580852918, 576559.277329477365129 ], [ 409370.479944441001862, 576566.257291013258509 ], [ 409370.480226118699647, 576593.682983343722299 ], [ 409370.480431853909977, 576613.847639173967764 ], [ 409370.480749780195765, 576650.058264449355192 ], [ 409376.583849699527491, 576668.342107369098812 ], [ 409376.584173705196008, 576701.862607971765101 ], [ 409378.109953967737965, 576724.717327824095264 ], [ 409378.110117189178709, 576741.477523106848821 ], [ 409286.569965239847079, 576732.336622243397869 ], [ 409234.67945247766329, 576730.508089426555671 ], [ 409177.066958233830519, 576728.478088860050775 ], [ 409156.88796316733351, 576727.767080377554521 ], [ 409051.616753037669696, 576726.24441035091877 ], [ 409031.94415664189728, 576727.367367952712812 ], [ 408998.21842915378511, 576729.292444093502127 ], [ 408983.029823309043422, 576728.893363393028267 ], [ 408882.267597175145056, 576726.246220971806906 ], [ 408815.137992040312383, 576720.152223989600316 ], [ 408766.133376725192647, 576711.996079679112881 ], [ 408765.539744602981955, 576711.897362370742485 ], [ 408714.443762931623496, 576703.393076135544106 ], [ 408635.108759494149126, 576689.6810590691166 ], [ 408616.610296375467442, 576687.715958554297686 ], [ 408563.402194054040592, 576682.063548591569997 ], [ 408501.942867093370296, 576676.606620611972176 ], [ 408470.349138944759034, 576673.601883710478432 ], [ 408445.880306795239449, 576665.925238743424416 ], [ 408436.561302198679186, 576664.215747762471437 ], [ 408427.400119096040726, 576662.535370011231862 ], [ 408422.206338721793145, 576661.58262692228891 ], [ 408368.045900295255706, 576646.558408930897713 ], [ 408326.196787255641539, 576635.840540390461683 ], [ 408311.90633197571151, 576632.180554751888849 ], [ 408215.620928611024283, 576618.659278438892215 ], [ 408185.726571934763342, 576614.461291289073415 ], [ 408170.300666036084294, 576612.295056068804115 ], [ 408119.335559229773935, 576605.138081809855066 ], [ 408097.422182189940941, 576602.140463988180272 ], [ 408094.886325645959005, 576601.793498365906999 ], [ 408094.379573869868182, 576601.724259273149073 ], [ 408019.034851898613852, 576591.417553007486276 ], [ 408009.510182232479565, 576590.114431607304141 ], [ 407935.791755507991184, 576579.598083462216891 ], [ 407887.649035623413511, 576566.076238023932092 ], [ 407848.53308038105024, 576564.574136906303465 ], [ 407803.399824312655255, 576558.564902438316494 ], [ 407766.011056105431635, 576556.13014912372455 ], [ 407734.194460784550756, 576554.058098041568883 ], [ 407711.627617048332468, 576552.555864248191938 ], [ 407667.537152618751861, 576545.044036292820238 ], [ 407667.537124999682419, 576547.280286049121059 ], [ 407667.537406469113193, 576575.214937498909421 ], [ 407675.83812299114652, 576624.949685814906843 ], [ 407685.374955012579449, 576697.263156343484297 ], [ 407686.215076419466641, 576702.884206058457494 ], [ 407692.2598094662535, 576743.327570333261974 ], [ 407695.750750836916268, 576766.684115524403751 ], [ 407717.539301900775172, 576837.141432427917607 ], [ 407726.862783400458284, 576844.900590488570742 ], [ 407736.714478794718161, 576853.099218190414831 ], [ 407742.439668442995753, 576857.863969833706506 ], [ 407766.014349784061778, 576881.967600336531177 ], [ 407786.015362570818979, 576902.417517453664914 ], [ 407844.11639229854336, 576941.790319245308638 ], [ 407861.754438473610207, 576970.20425565331243 ], [ 407894.954778912127949, 576990.488133281702176 ], [ 407976.575383017072454, 577055.608438149909489 ], [ 408015.844704402785283, 577090.009031880879775 ], [ 408035.713909227168187, 577107.414809901150875 ], [ 408074.623382452176884, 577139.673794966307469 ], [ 408096.540781515592244, 577157.845007803174667 ], [ 408137.984123124275357, 577192.204499960877001 ], [ 408145.690740845457185, 577198.593947081826627 ], [ 408173.704001750797033, 577232.786255767568946 ], [ 408239.063632003613748, 577278.387107850052416 ], [ 408249.442723581625614, 577285.628473672666587 ], [ 408277.455381995765492, 577318.784660408389755 ], [ 408298.949025090259966, 577331.663440908305347 ], [ 408306.685275336029008, 577336.29880262829829 ], [ 408318.956287947075907, 577343.651513017248362 ], [ 408333.481414436071645, 577366.446416605263948 ], [ 408361.494454338564537, 577387.16891000722535 ], [ 408381.846116372966208, 577405.221517362864688 ], [ 408396.019872265926097, 577417.794198501505889 ], [ 408413.358101038786117, 577433.173835126101039 ], [ 408466.995690944313537, 577475.287802628823556 ], [ 408480.553667687869165, 577485.130098442081362 ], [ 408509.592834339477122, 577506.210658443626016 ], [ 408597.834009806043468, 577509.213944664341398 ], [ 408688.63284749223385, 577512.304333562264219 ], [ 408702.354228325770237, 577511.162224933505058 ], [ 408713.047494276543148, 577510.272184314206243 ], [ 408766.141583429416642, 577514.403417963418178 ], [ 408786.352388286963105, 577515.976034448249266 ], [ 408834.042874200211372, 577519.686832947423682 ], [ 408844.970638516941108, 577520.537033022381365 ], [ 408869.707368644652888, 577522.461675023427233 ], [ 408943.064608194865286, 577526.687441659043543 ], [ 408981.565193915856071, 577528.905335107119754 ], [ 409081.300258366740309, 577534.650614793761633 ], [ 409137.292605396651197, 577531.216562119079754 ], [ 409222.79651681490941, 577525.972548667923547 ], [ 409324.111320709460415, 577526.447402176563628 ], [ 409339.687034686969128, 577526.520446357084438 ], [ 409372.05890918453224, 577523.716052693780512 ], [ 409369.691879609716125, 577552.030419377959333 ], [ 409368.659661756595597, 577564.377636493882164 ], [ 409362.774574233975727, 577634.776299745426513 ], [ 409360.51270317286253, 577661.832774095586501 ], [ 409359.278765936847776, 577676.6685601323843 ], [ 409353.155134758679196, 577750.291440787259489 ], [ 409343.959534998575691, 577817.989010660909116 ], [ 409342.087133567547426, 577831.773713622940704 ], [ 409339.488366125675384, 577843.669186539133079 ], [ 409323.181589370826259, 577918.31305652926676 ], [ 409316.681093236780725, 577970.253648807760328 ], [ 409316.352433843829203, 577972.879268956487067 ], [ 409315.30474673921708, 577981.250500153051689 ], [ 409307.42762234993279, 578020.586741648265161 ], [ 409301.126418434432708, 578094.53835435770452 ], [ 409299.633337097649928, 578113.924992963322438 ], [ 409299.138370219792705, 578120.351773193688132 ], [ 409296.400397312943824, 578155.902480621356517 ], [ 409285.497793926333543, 578199.544309415156022 ], [ 409278.824805527110584, 578226.254748875857331 ], [ 409267.95442899374757, 578277.823796021053568 ], [ 409266.221266382723115, 578286.045502402237616 ], [ 409261.359304880374111, 578320.7317022185307 ], [ 409255.193554222118109, 578364.7175316355424 ], [ 409250.467467286391184, 578404.053576223552227 ], [ 409246.893582925491501, 578420.60259839752689 ], [ 409244.575725538656116, 578431.335182973532937 ], [ 409237.049423038843088, 578466.185132616199553 ], [ 409233.137571642175317, 578484.299185409792699 ], [ 409226.589501359499991, 578518.004132595495321 ], [ 409219.163745533383917, 578556.227061689482071 ], [ 409212.656990956165828, 578589.719369335682131 ], [ 409210.758336028782651, 578624.801209775265306 ], [ 409209.506570082681719, 578647.936697594821453 ], [ 409209.102118527400307, 578652.322817671229132 ], [ 409207.735221694456413, 578667.148261721013114 ], [ 409206.377510374411941, 578681.87382037541829 ], [ 409204.983933922136202, 578688.832869797479361 ], [ 409204.489178613875993, 578691.303648188477382 ], [ 409203.386687517166138, 578696.809461214696057 ], [ 409202.922029088484123, 578714.446825263323262 ], [ 409202.838059136644006, 578717.633801025338471 ], [ 409202.639083440997638, 578725.187425689422525 ], [ 409193.211862061638385, 578750.294718913501129 ], [ 409187.6989852481056, 578783.584937502630055 ], [ 409185.053023411601316, 578808.722142035490833 ], [ 409181.084251468826551, 578840.20976458012592 ], [ 409181.03749103989685, 578842.213958848151378 ], [ 409180.892341458005831, 578848.447300016880035 ], [ 409180.686488644045312, 578857.29015246394556 ], [ 409184.984728385228664, 578869.007410857710056 ], [ 409188.65735066862544, 578879.019167417893186 ], [ 409194.611732470919378, 578895.251608425285667 ], [ 409196.266685038688593, 578899.663496623281389 ], [ 409204.318996547604911, 578921.130907417391427 ], [ 409214.087129934167024, 578947.172001878963783 ], [ 409216.491261210408993, 578953.066082362551242 ], [ 409223.528626680956222, 578970.319219788070768 ], [ 409236.65306523500476, 579002.495314047555439 ], [ 409246.65342360723298, 579027.012287215795368 ], [ 409260.596425681840628, 579061.195219833520241 ], [ 409269.671250103740022, 579083.294926537084393 ], [ 409272.635596164909657, 579090.513746419805102 ], [ 409279.150347136775963, 579107.770332029787824 ], [ 409285.293953119311482, 579124.043444868293591 ], [ 409285.574920030136127, 579127.973028500564396 ], [ 409315.22829962160904, 579202.197173983324319 ], [ 409316.095810790779069, 579204.05980838672258 ], [ 409354.705809685401618, 579286.959038111497648 ], [ 409364.508972293115221, 579304.363781044958159 ], [ 409366.354986024554819, 579307.6410349534126 ], [ 409372.470431320602074, 579318.498230451717973 ], [ 409374.626780430844519, 579322.465333738364279 ], [ 409378.407170878723264, 579329.419806474586949 ], [ 409379.710478114895523, 579331.817104049958289 ], [ 409379.955153172428254, 579332.267419312265702 ], [ 409382.177928169141524, 579336.356492121354677 ], [ 409394.003235382027924, 579358.110488660400733 ], [ 409409.973822595784441, 579387.490567927481607 ], [ 409425.764823985286057, 579417.058678276953287 ], [ 409443.529885823256336, 579480.137435117503628 ], [ 409469.190000630915165, 579519.561589364428073 ], [ 409492.258150917186867, 579575.060074948938563 ], [ 409512.615059708361514, 579624.035670434474014 ], [ 409532.35353798721917, 579639.805249511962757 ], [ 409561.465015386755113, 579641.515104023274034 ], [ 409565.908593089901842, 579641.776058455114253 ], [ 409584.071969417855144, 579641.775882211164571 ], [ 409619.201875351544004, 579641.775534281390719 ], [ 409671.478474631614517, 579642.013481561676599 ], [ 409690.865172496298328, 579644.995743854437023 ], [ 409702.42908077489119, 579646.774530407041311 ], [ 409705.87854439165676, 579647.30516346974764 ], [ 409711.353672613622621, 579648.007081026327796 ], [ 409726.431183872162364, 579649.939695075852796 ], [ 409726.518688144511543, 579649.95102861430496 ], [ 409749.804846789804287, 579657.888785251183435 ], [ 409772.282486066687852, 579666.062459801905788 ], [ 409785.274941361742094, 579652.607410858385265 ], [ 409824.702483356173616, 579630.909729253966361 ], [ 409901.481644298124593, 579583.00727374793496 ], [ 409901.508415052376222, 579582.988199903280474 ], [ 409920.321086335112341, 579569.6343821141636 ], [ 409973.250848135154229, 579529.132796991267242 ], [ 410038.147406569449231, 579476.665239674272016 ], [ 410075.603491688903887, 579448.243724818574265 ], [ 410087.124534956878051, 579439.501635413151234 ], [ 410116.391589955717791, 579417.293843118706718 ], [ 410163.07952943543205, 579386.944299158058129 ], [ 410185.290631471434608, 579372.506013866164722 ], [ 410206.955958386010025, 579364.676197760389186 ], [ 410231.113554841489531, 579384.780680166906677 ], [ 410239.003102392016444, 579391.346456050872803 ], [ 410246.136753093102016, 579397.283063949202187 ], [ 410277.154620236717165, 579426.629177949507721 ], [ 410289.764514694281388, 579441.237058539525606 ], [ 410291.163033539953176, 579442.857040234142914 ], [ 410307.113375591463409, 579461.334795708651654 ], [ 410317.968166861857753, 579473.90920207137242 ], [ 410325.042716573225334, 579490.608302490785718 ], [ 410335.926315261865966, 579516.298607069067657 ], [ 410349.625913848343771, 579520.352178924134932 ], [ 410353.872930142562836, 579521.608832031139173 ], [ 410361.656881601957139, 579523.912037721835077 ], [ 410378.989330477488693, 579529.04052041831892 ], [ 410380.004172312677838, 579529.340838881558739 ], [ 410380.702064844896086, 579529.581156581873074 ], [ 410385.150826263881754, 579531.113251822185703 ], [ 410402.275683548592497, 579537.010334618273191 ], [ 410427.347364828339778, 579545.643972501857206 ], [ 410491.192024541436695, 579569.795027891173959 ], [ 410532.354029476060532, 579585.365636574453674 ], [ 410534.014193965413142, 579585.993637920939364 ], [ 410535.093886064947583, 579586.402108662528917 ], [ 410593.864580764318816, 579591.29250672890339 ], [ 410662.430254561128095, 579591.291823421022855 ], [ 410709.614663620246574, 579572.72792379790917 ], [ 410716.303107512532733, 579570.096517589408904 ], [ 410733.805427674553357, 579566.091731510125101 ], [ 410736.318046409985982, 579565.516720907646231 ], [ 410766.404086765018292, 579558.632654807064682 ], [ 410777.568768023396842, 579558.936679296311922 ], [ 410797.835732134117279, 579559.488604641170241 ], [ 410812.910295851877891, 579559.899447737727314 ], [ 410825.359760077262763, 579569.440059551387094 ], [ 410833.176349365850911, 579572.045424229232594 ], [ 410842.964911850343924, 579575.307848847354762 ], [ 410847.712044467742089, 579577.528206049348228 ], [ 410864.367250726150814, 579585.317852595588192 ], [ 410873.687745063565671, 579595.673093862598762 ], [ 410873.796860863803886, 579601.020609973696992 ], [ 410874.033074844279326, 579612.586766967782751 ], [ 410870.417753081361298, 579637.564720492460765 ], [ 410870.236018041847274, 579638.820322110434063 ], [ 410870.203382935200352, 579638.946462727733888 ], [ 410867.214544375019614, 579650.504370947717689 ], [ 410866.43404248834122, 579653.522340091411024 ], [ 410865.058443716552574, 579658.840605200151913 ], [ 410865.403698501002509, 579674.028661107062362 ], [ 410871.962669518543407, 579692.322810851735994 ], [ 410876.396289780852385, 579700.651831522816792 ], [ 410883.354500542627648, 579713.723910373519175 ], [ 410905.293862764840014, 579739.854929884313606 ], [ 410932.091117535368539, 579763.410257648560219 ], [ 411023.473538513411768, 579797.031826363294385 ], [ 411053.492182028945535, 579808.076320713968016 ], [ 411123.530087176710367, 579839.327801537350751 ], [ 411125.846398186462466, 579840.361347688827664 ], [ 411153.595086923451163, 579852.743096243124455 ], [ 411183.412977150874212, 579854.869650189182721 ], [ 411224.739974599622656, 579857.297039190772921 ], [ 411260.626162743952591, 579859.404854385880753 ], [ 411276.088435271871276, 579860.313111758208834 ], [ 411278.391458156635053, 579860.448325487901457 ], [ 411292.034612606221344, 579861.249655861291103 ], [ 411304.900389045593329, 579876.239609031472355 ], [ 411317.593018650892191, 579891.027724449522793 ], [ 411354.926584241504315, 579914.753450804390013 ], [ 411381.201474008266814, 579932.237873113481328 ], [ 411392.254271716868971, 579939.59268617304042 ], [ 411437.309142690966837, 579970.360734090558253 ], [ 411442.979900023026858, 579974.280906223692 ], [ 411448.280586985987611, 579977.991094147088006 ], [ 411453.241191094042733, 579981.481287542032078 ], [ 411462.502515621425118, 579988.071636187261902 ], [ 411470.573495910386555, 579993.891948188887909 ], [ 411477.614426491199993, 579999.002194707747549 ], [ 411489.915870027267374, 580007.992584060761146 ], [ 411506.948098241351545, 580020.523265456547961 ], [ 411526.720633951714262, 580035.063934552017599 ], [ 411527.250708819134161, 580035.474016322055832 ], [ 411528.150876811065245, 580036.224032673868351 ], [ 411529.461132275580894, 580037.40404319181107 ], [ 411530.131189307780005, 580037.984177321661264 ], [ 411530.84116194024682, 580038.554171980475076 ], [ 411531.361270252848044, 580038.944144277484156 ], [ 411531.851350657292642, 580039.264166533830576 ], [ 411532.291473405144643, 580039.534183477051556 ], [ 411532.681417878367938, 580039.754195513785817 ], [ 411533.031443517655134, 580039.924183291266672 ], [ 411533.64152698952239, 580040.174193600425497 ], [ 411534.101702762069181, 580040.314223446650431 ], [ 411534.441611241025385, 580040.384252335410565 ], [ 411534.691737582325004, 580040.404240452218801 ], [ 411535.022816268668976, 580040.413458691095002 ], [ 411535.051720679504797, 580040.41417831403669 ], [ 411535.411719976982567, 580040.374237746931612 ], [ 411535.761806564987637, 580040.284216298838146 ], [ 411536.071791461901739, 580040.16418864694424 ], [ 411536.371920416422654, 580040.024161875015125 ], [ 411536.911961244826671, 580039.694122379878536 ], [ 411537.039639341935981, 580039.599101440166123 ], [ 411537.382023377460428, 580039.344086614670232 ], [ 411539.032153685344383, 580038.003988598124124 ], [ 411539.4521886575385, 580037.684018533560447 ], [ 411539.782264412555378, 580037.454021449317224 ], [ 411540.282446015044115, 580037.163982045021839 ], [ 411540.792319486732595, 580036.923913353355601 ], [ 411543.012629144417588, 580036.083846166031435 ], [ 411546.953083010972477, 580034.643762427847832 ], [ 411552.883769065141678, 580032.503506866167299 ], [ 411555.834199267672375, 580031.393427386879921 ], [ 411558.764548992796335, 580030.223332841065712 ], [ 411565.205224601842929, 580027.553029880975373 ], [ 411568.425608524179552, 580026.212957183597609 ], [ 411571.636007375142071, 580024.842821700265631 ], [ 411576.296473375870846, 580022.802620653179474 ], [ 411578.361505043343641, 580021.870611807098612 ], [ 411580.927170287759509, 580020.712487258948386 ], [ 411582.537229039357044, 580019.942363151116297 ], [ 411583.93735759484116, 580019.232356358668767 ], [ 411588.778094823297579, 580016.672130284365267 ], [ 411589.998226627008989, 580016.042091600946151 ], [ 411591.838272296648938, 580015.142027282738127 ], [ 411592.778374248882756, 580014.721983858617023 ], [ 411593.718513960717246, 580014.321958107524551 ], [ 411594.028499146574177, 580014.201930870884098 ], [ 411594.33857587876264, 580014.071949903853238 ], [ 411594.447913232143037, 580014.020427606767043 ], [ 411597.709072545287199, 580012.481762011069804 ], [ 411601.069328940589912, 580010.901657840935513 ], [ 411602.749531141540501, 580010.121559276478365 ], [ 411605.28987743309699, 580008.991464491002262 ], [ 411607.830223845143337, 580007.861369855236262 ], [ 411617.881309579708613, 580003.290990572655573 ], [ 411632.943129192048218, 579996.390331180300564 ], [ 411640.493935341073666, 579992.960038990830071 ], [ 411648.054875507892575, 579989.579718011780642 ], [ 411649.935137952095829, 579988.769715409958735 ], [ 411651.715291587112006, 579988.049594156560488 ], [ 411653.395519735699054, 579987.39955736126285 ], [ 411656.565961795218755, 579986.249477150500752 ], [ 411659.356278237886727, 579985.289341596420854 ], [ 411664.276825421547983, 579983.689160296926275 ], [ 411671.677634414692875, 579981.328942450578324 ], [ 411675.358032711024862, 579980.098827410722151 ], [ 411677.188311492791399, 579979.458794202306308 ], [ 411679.008403467945755, 579978.798762547667138 ], [ 411684.692308542900719, 579976.71008482715115 ], [ 411685.829001321806572, 579976.292327419505455 ], [ 411690.029836826841347, 579974.748359829885885 ], [ 411691.569874220527709, 579974.168263456085697 ], [ 411698.970841623144224, 579976.928380873170681 ], [ 411706.157425351208076, 579978.497462328057736 ], [ 411717.984528932429384, 579981.079594739247113 ], [ 411722.778673896042164, 579982.126308527076617 ], [ 411729.384638685034588, 579983.568528076517396 ], [ 411733.165042780106887, 579984.47857582103461 ], [ 411736.455488232430071, 579985.308590624597855 ], [ 411739.325953770312481, 579986.07856897066813 ], [ 411741.816134898224846, 579986.778593084658496 ], [ 411743.996432638843544, 579987.418594551621936 ], [ 411745.896651460207067, 579988.008581366972066 ], [ 411749.197145841957536, 579989.078679996193387 ], [ 411751.647472358192317, 579989.938700083643198 ], [ 411753.48760855285218, 579990.608760510571301 ], [ 411756.217965006420854, 579991.668762608198449 ], [ 411758.928356721997261, 579992.788855547551066 ], [ 411762.58865250746021, 579994.358831130550243 ], [ 411766.529150216665585, 579996.044404474087059 ], [ 411766.529136229772121, 579996.388686938094907 ], [ 411766.530057888478041, 580077.593001255881973 ], [ 411781.359456810518168, 580116.665425105136819 ], [ 411786.678053219104186, 580130.679202390369028 ], [ 411801.742126214317977, 580170.369857199722901 ], [ 411815.965592736902181, 580204.270232977345586 ], [ 411819.404097919585183, 580218.252380335587077 ], [ 411820.927306624362245, 580224.446045403019525 ], [ 411822.127953839488328, 580230.993779127369635 ], [ 411824.565921233268455, 580244.291013623820618 ], [ 411824.366112542687915, 580251.607363394577987 ], [ 411823.666469152260106, 580277.223380723968148 ], [ 411823.344670689664781, 580289.006341764354147 ], [ 411822.912745754932985, 580304.818488251999952 ], [ 411821.124380020308308, 580332.243567560683005 ], [ 411819.336017648107372, 580359.668426275602542 ], [ 411818.637357756902929, 580370.382642744458281 ], [ 411817.951991147070657, 580380.891459245700389 ], [ 411816.95983425056329, 580395.444430070230737 ], [ 411818.283056165906601, 580406.690011689905077 ], [ 411819.812055559537839, 580411.096891757566482 ], [ 411821.124654119135812, 580414.87986988038756 ], [ 411823.906244568992406, 580422.896649192087352 ], [ 411828.55814205534989, 580435.785161263076589 ], [ 411836.379499117494561, 580457.454820240382105 ], [ 411839.783612269791774, 580466.886488090734929 ], [ 411842.313201246608514, 580474.650368843809702 ], [ 411842.65938704815926, 580475.713531493209302 ], [ 411845.856823932030238, 580485.52780497923959 ], [ 411848.750350226880983, 580494.409559747437015 ], [ 411854.007249405898619, 580510.545554559561424 ], [ 411860.330008318182081, 580535.415117125725374 ], [ 411861.74412808555644, 580540.976826533908024 ], [ 411869.223160675959662, 580570.39498037355952 ], [ 411886.91791916830698, 580620.496210699668154 ], [ 411889.514453231182415, 580627.848000317346305 ], [ 411892.530322709062602, 580636.387234732974321 ], [ 411892.708549204049632, 580636.892097795614973 ], [ 411923.802007108402904, 580736.778606195701286 ], [ 411937.132734591898043, 580770.407398030045442 ], [ 411938.844116981141269, 580774.724465970764868 ], [ 411955.238350213330705, 580816.08108221727889 ], [ 411955.726714001328219, 580817.312967306585051 ], [ 411959.861011335393414, 580819.26018492935691 ], [ 411964.001491314091254, 580821.210266733076423 ], [ 411966.301790050463751, 580822.330363147775643 ], [ 411966.561836539302021, 580822.46579571114853 ], [ 411968.432074240641668, 580823.440383270382881 ], [ 411970.412383760034572, 580824.520382300601341 ], [ 411972.242589800618589, 580825.560517507838085 ], [ 411973.952716262312606, 580826.570464806631207 ], [ 411975.533018467307556, 580827.530556586221792 ], [ 411978.483359599485993, 580829.39063993759919 ], [ 411981.043691980303265, 580831.050726336892694 ], [ 411985.474248403566889, 580834.030899991281331 ], [ 411992.095080253842752, 580838.581057748757303 ], [ 411995.405448815203272, 580840.83119783969596 ], [ 411998.7360586260329, 580843.051328841829672 ], [ 412010.217467627022415, 580850.591694321017712 ], [ 412021.698983087320812, 580858.132062040036544 ], [ 412031.069983809138648, 580864.222403209772892 ], [ 412034.911744619486853, 580866.712313050637022 ], [ 412035.760768756852485, 580867.262477109907195 ], [ 412037.686053012963384, 580868.532252477132715 ], [ 412040.431330389168579, 580870.342624800628982 ], [ 412041.121296444092877, 580870.8426563302055 ], [ 412041.741379152634181, 580871.372679762309417 ], [ 412042.301488132914528, 580871.922722942428663 ], [ 412042.801604483742267, 580872.482721754233353 ], [ 412043.241636997030582, 580873.06285110488534 ], [ 412043.641735232027713, 580873.642834266414866 ], [ 412044.001807980006561, 580874.232846152852289 ], [ 412044.321726226771716, 580874.822933443007059 ], [ 412044.611840446479619, 580875.402901969267987 ], [ 412044.871968003455549, 580875.992990952567197 ], [ 412045.331861755694263, 580877.162996948231012 ], [ 412045.702013301663101, 580878.303089625085704 ], [ 412045.865784759982489, 580878.86593200196512 ], [ 412046.022116963053122, 580879.403130295570008 ], [ 412046.282005335320719, 580880.453295085579157 ], [ 412046.72222331102239, 580882.483325037756003 ], [ 412046.953143326856662, 580883.674663500743918 ], [ 412047.422221891756635, 580886.093602006323636 ], [ 412047.682232206047047, 580887.443700312403962 ], [ 412047.922287102439441, 580888.623740928713232 ], [ 412048.152425414824393, 580889.633815596927889 ], [ 412048.37239117291756, 580890.513849604642019 ], [ 412048.792437957366928, 580892.02401017723605 ], [ 412049.152566945180297, 580893.114022138528526 ], [ 412049.452581352903508, 580893.9140562111279 ], [ 412049.702559843659401, 580894.504164268146269 ], [ 412050.102723741612863, 580895.354220422683284 ], [ 412050.542765180813149, 580896.174230435281061 ], [ 412051.342801675666124, 580897.484274598537013 ], [ 412052.142981330747716, 580898.694340591668151 ], [ 412052.933173908269964, 580899.814400992239825 ], [ 412053.69321056175977, 580900.85444722243119 ], [ 412055.193457603803836, 580902.77454591949936 ], [ 412057.903729573008604, 580906.094828161993064 ], [ 412059.934024870337453, 580908.594887404702604 ], [ 412061.414175504352897, 580910.505070441053249 ], [ 412062.464337386540137, 580911.955100786639377 ], [ 412063.224486396764405, 580913.055200026370585 ], [ 412063.76451033144258, 580913.895261286641471 ], [ 412064.54474342247704, 580915.175260953838006 ], [ 412065.254652150557376, 580916.485363923595287 ], [ 412065.554879886156414, 580917.105459540034644 ], [ 412065.804895445413422, 580917.715474694268778 ], [ 412066.024776271311566, 580918.315482282196172 ], [ 412066.128202503954526, 580918.641875220229849 ], [ 412066.214982516947202, 580918.915545587544329 ], [ 412066.384853116003796, 580919.495518778334372 ], [ 412066.645057612447999, 580920.655614498537034 ], [ 412066.740919330564793, 580921.183415198000148 ], [ 412066.84502779081231, 580921.755659618065692 ], [ 412066.99495036288863, 580922.815763306571171 ], [ 412067.105046999640763, 580923.815888669341803 ], [ 412067.265132513944991, 580925.705989001668058 ], [ 412067.525090352282859, 580929.026116790482774 ], [ 412067.655254847195465, 580930.256242145900615 ], [ 412067.795267792069353, 580931.326317990664393 ], [ 412067.945148080936633, 580932.246408451581374 ], [ 412068.095225426892284, 580933.036438775714487 ], [ 412068.265283887914848, 580933.716500125825405 ], [ 412068.425355341285467, 580934.306555866962299 ], [ 412068.755327799532097, 580935.316553732962348 ], [ 412069.045411133323796, 580936.056664019008167 ], [ 412069.295515766309109, 580936.596672356710769 ], [ 412069.715533157985192, 580937.38663823378738 ], [ 412070.205544305907097, 580938.146722631994635 ], [ 412070.975675105466507, 580939.216831954428926 ], [ 412072.355857871880289, 580941.056864468962885 ], [ 412074.48619738954585, 580943.787105754250661 ], [ 412075.536318387836218, 580945.157176158740185 ], [ 412076.546451289730612, 580946.557182319811545 ], [ 412078.406608363613486, 580949.217371360165998 ], [ 412079.768325112760067, 580951.210834016324952 ], [ 412084.827474023855757, 580958.617949681007303 ], [ 412088.068039420992136, 580963.298220119904727 ], [ 412089.718198371527251, 580965.62834576331079 ], [ 412091.388378108211327, 580967.928462610812858 ], [ 412093.230233255075291, 580970.418701888644136 ], [ 412094.228798396186903, 580971.768630495062098 ], [ 412098.923952040728182, 580978.025578687549569 ], [ 412099.609617437236011, 580978.939023154554889 ], [ 412104.370155117008835, 580985.179370365804061 ], [ 412108.580759850214235, 580990.589739065035246 ], [ 412112.311284193769097, 580995.299947186256759 ], [ 412115.601592254766729, 580999.390211823862046 ], [ 412118.512065885181073, 581002.940379797830246 ], [ 412121.082367092021741, 581006.040622150525451 ], [ 412123.342796817480121, 581008.730696193524636 ], [ 412125.57404161588056, 581011.329141821712255 ], [ 412127.353332118014805, 581013.401007956592366 ], [ 412130.393604488112032, 581016.871193919447251 ], [ 412132.693981463322416, 581019.451372497132979 ], [ 412136.184387568384409, 581023.301603382453322 ], [ 412139.714853663928807, 581027.101770361536182 ], [ 412141.205078652885277, 581028.681810247479007 ], [ 412142.795215707854368, 581030.361972393700853 ], [ 412166.588326768833213, 581051.670469887787476 ], [ 412170.108748793019913, 581054.823234339011833 ], [ 412192.882486408401746, 581075.226222832337953 ], [ 412194.43081301933853, 581076.613388033700176 ], [ 412197.932669480214827, 581079.750705736340024 ], [ 412197.892477088957094, 581080.024614340625703 ], [ 412197.892527770251036, 581080.404618694912642 ], [ 412197.932458210387267, 581080.814630113425665 ], [ 412197.992384262033738, 581081.004630564362742 ], [ 412198.072516641346738, 581081.204657271970063 ], [ 412198.192453710711561, 581081.394655786920339 ], [ 412198.342487833055202, 581081.57464431389235 ], [ 412198.552587091980968, 581081.724659559316933 ], [ 412202.412974643346388, 581083.984839794575237 ], [ 412206.273692953051068, 581086.245130290393718 ], [ 412205.654469721834175, 581086.935851200949401 ], [ 412214.174460458569229, 581091.7451370555209 ], [ 412222.695535475155339, 581096.545353463036008 ], [ 412225.666086706100032, 581098.255445061251521 ], [ 412228.246339160890784, 581099.78555622510612 ], [ 412232.726817564107478, 581102.525664536864497 ], [ 412239.407657688658219, 581106.695844938396476 ], [ 412242.758051364973653, 581108.775939986226149 ], [ 412246.118647751107346, 581110.82604487426579 ], [ 412252.449389202403836, 581114.606261526700109 ], [ 412261.990634378569666, 581120.22651441115886 ], [ 412266.751107188058086, 581123.036660511628725 ], [ 412269.434401901322417, 581124.631831642938778 ], [ 412271.511837528145406, 581125.866824252065271 ], [ 412274.542179446609225, 581127.696912718005478 ], [ 412277.182478955888655, 581129.306984525872394 ], [ 412279.472873738908675, 581130.746953349094838 ], [ 412281.473044258542359, 581132.017039123689756 ], [ 412284.933461264707148, 581134.297218221472576 ], [ 412287.503751973214094, 581136.047213761252351 ], [ 412289.404016956337728, 581137.397336570662446 ], [ 412292.234476376674138, 581139.46745982428547 ], [ 412293.634694978361949, 581140.52754409564659 ], [ 412295.014763366314583, 581141.607573243556544 ], [ 412297.125151295040268, 581143.297603496583179 ], [ 412299.075414993509185, 581144.897688254714012 ], [ 412300.895578678988386, 581146.417835405329242 ], [ 412304.265906088985503, 581149.307894636061974 ], [ 412307.166467759583611, 581151.878108475822955 ], [ 412309.676635374373291, 581154.158188831643201 ], [ 412311.856898907280993, 581156.168261246639304 ], [ 412315.051968593033962, 581159.19368584244512 ], [ 412315.163583943387493, 581159.299426798708737 ], [ 412315.627394833834842, 581159.738505007699132 ], [ 412318.41779272723943, 581162.448607204947621 ], [ 412322.568338314886205, 581166.558838548255153 ], [ 412326.401611825975124, 581170.429230830515735 ], [ 412326.679024355835281, 581170.709069625125267 ], [ 412331.05659478250891, 581175.172669794526882 ], [ 412363.647715114348102, 581202.412907338701189 ], [ 412364.94383710162947, 581203.496192011167295 ], [ 412366.614067793241702, 581204.892202602117322 ], [ 412379.902435796917416, 581215.998825235292315 ], [ 412383.002883037319407, 581218.984284764854237 ], [ 412390.61944931128528, 581226.318181753507815 ], [ 412403.999154747405555, 581252.463563879835419 ], [ 412431.900156561052427, 581276.327304388978519 ], [ 412438.56148044730071, 581284.536252279765904 ], [ 412468.367576735210605, 581321.267377640819177 ], [ 412470.197727139224298, 581322.707440768135712 ], [ 412471.93798670131946, 581324.037519467994571 ], [ 412473.588153417804278, 581325.267567656002939 ], [ 412476.698685255483724, 581327.517667457228526 ], [ 412479.469054034794681, 581329.43772452918347 ], [ 412481.919301634246949, 581331.067847325466573 ], [ 412484.079545431653969, 581332.467921955045313 ], [ 412485.979846950562205, 581333.667974009062164 ], [ 412487.660085588926449, 581334.698010727530345 ], [ 412489.693552476412151, 581335.907103927340358 ], [ 412490.620445609209128, 581336.458124665892683 ], [ 412492.860791462881025, 581337.748118520597927 ], [ 412496.251157521444838, 581339.628198594669811 ], [ 412499.68152807262959, 581341.428354549687356 ], [ 412508.767872573807836, 581346.104688001214527 ], [ 412510.508531996107195, 581347.000571434036829 ], [ 412512.603197455173358, 581348.078606724506244 ], [ 412525.524844300409313, 581354.71890859073028 ], [ 412545.917315617029089, 581364.51932955312077 ], [ 412556.024950795341283, 581369.381885096314363 ], [ 412557.824790735496208, 581370.247798918746412 ], [ 412558.223822663945612, 581370.43970985407941 ], [ 412560.624639539862983, 581371.594702194794081 ], [ 412566.310016944305971, 581374.329711647354998 ], [ 412566.639933635364287, 581374.49012160138227 ], [ 412570.610415394010488, 581376.419885939336382 ], [ 412574.630962875147816, 581378.399988357443362 ], [ 412576.915490169078112, 581379.545245104236528 ], [ 412582.152014354302082, 581382.170057328883559 ], [ 412586.690555472683627, 581384.484295895905234 ], [ 412588.702826123917475, 581385.510287306737155 ], [ 412611.56555938225938, 581397.340735747944564 ], [ 412617.296321199915837, 581400.280930219450966 ], [ 412621.596901076554786, 581402.470975597971119 ], [ 412628.067671627795789, 581405.72111447667703 ], [ 412634.568444805277977, 581408.911255715996958 ], [ 412639.429217167082243, 581411.231422502081841 ], [ 412643.699655690055806, 581413.23152389540337 ], [ 412651.210555026773363, 581416.651588876848109 ], [ 412662.49210575548932, 581421.74179057974834 ], [ 412668.112849780067336, 581424.311924179783091 ], [ 412673.723537596408278, 581426.932066053152084 ], [ 412680.271508248290047, 581430.057648136047646 ], [ 412683.444631874386687, 581431.572187077952549 ], [ 412691.925676435814239, 581435.672376300091855 ], [ 412699.336758006596938, 581439.282525941031054 ], [ 412712.28829231497366, 581445.652856233995408 ], [ 412729.000043586711399, 581453.958556243567728 ], [ 412729.789515845826827, 581454.350912572466768 ], [ 412730.4500224981457, 581454.679143166169524 ], [ 412751.063082983833738, 581464.923714283038862 ], [ 412754.143492737144697, 581466.413767728256062 ], [ 412757.063834494969342, 581467.783792499452829 ], [ 412762.584584251977503, 581470.273941459367052 ], [ 412766.665057214791887, 581472.099445972475223 ], [ 412767.435134785948321, 581472.443951440160163 ], [ 412771.665828546800185, 581474.374130900716409 ], [ 412775.326288947253488, 581476.114154909853823 ], [ 412778.496549457137007, 581477.694177181576379 ], [ 412781.23685998073779, 581479.124260071548633 ], [ 412783.607286875485443, 581480.434373385040089 ], [ 412785.637504382699262, 581481.624461778090335 ], [ 412787.397800609352998, 581482.704458352294751 ], [ 412788.917868736549281, 581483.684482483542524 ], [ 412790.228155349148437, 581484.564588015666232 ], [ 412791.368170833215117, 581485.354544243891723 ], [ 412793.318435325287282, 581486.794615753809921 ], [ 412794.748638231772929, 581487.914710032287985 ], [ 412795.808917253336404, 581488.774710898287594 ], [ 412797.368946096044965, 581490.124821881297976 ], [ 412798.889244832505938, 581491.524885226855986 ], [ 412800.899495332734659, 581493.484972958569415 ], [ 412802.729657214658801, 581495.355150880292058 ], [ 412804.400046416674741, 581497.145224064588547 ], [ 412805.940079624881037, 581498.835341201396659 ], [ 412807.360383982188068, 581500.445389556349255 ], [ 412809.960634330054745, 581503.495618068263866 ], [ 412811.38368309487123, 581505.217030454077758 ], [ 412812.200960581889376, 581506.205774405156262 ], [ 412816.051505520299543, 581510.975967933656648 ], [ 412818.921796033217106, 581514.55621739604976 ], [ 412821.092145438189618, 581517.246376152499579 ], [ 412822.722329085750971, 581519.246433827327564 ], [ 412825.212666622363031, 581522.216575859347358 ], [ 412826.482903629774228, 581523.686669911490753 ], [ 412827.763050165434834, 581525.146791996550746 ], [ 412839.514533937908709, 581538.317545087193139 ], [ 412851.266121306689456, 581551.488189732306637 ], [ 412852.616409737966023, 581553.058334222761914 ], [ 412853.836527130799368, 581554.568446942372248 ], [ 412854.94666073389817, 581556.018490297021344 ], [ 412862.95765844208654, 581567.129084952408448 ], [ 412863.997795920644421, 581568.48923457833007 ], [ 412864.928038431098685, 581569.659255086677149 ], [ 412865.577378486690577, 581570.449462888296694 ], [ 412865.758039420703426, 581570.669320877990685 ], [ 412866.508244022610597, 581571.539411566336639 ], [ 412867.848343849065714, 581573.029504679958336 ], [ 412868.898439168697223, 581574.109499047743157 ], [ 412869.708725495729595, 581574.899517820682377 ], [ 412870.968877117964439, 581576.04968064383138 ], [ 412871.688131156610325, 581576.64909278403502 ], [ 412872.289055808563717, 581577.14963225077372 ], [ 412873.419105208071414, 581578.039697044179775 ], [ 412874.529296788852662, 581578.869745819712989 ], [ 412875.609390006749891, 581579.649751175427809 ], [ 412876.669442270183936, 581580.389869119040668 ], [ 412878.759777606464922, 581581.759897418320179 ], [ 412880.740090855862945, 581582.99000692460686 ], [ 412882.630256641539745, 581584.09000358521007 ], [ 412884.410474920703564, 581585.090116638923064 ], [ 412886.10082220309414, 581585.990087512996979 ], [ 412887.700894927838817, 581586.810155810439028 ], [ 412890.721391859347932, 581588.30021796177607 ], [ 412893.391547457431443, 581589.560231549199671 ], [ 412898.102127666119486, 581591.690367859904654 ], [ 412905.193174913641997, 581594.840514168725349 ], [ 412908.723631735658273, 581596.440554872620851 ], [ 412912.223974196298514, 581598.100594272371382 ], [ 412920.795132933242712, 581602.400828950107098 ], [ 412922.945432311622426, 581603.450907075079158 ], [ 412924.575507080706302, 581604.210757077555172 ], [ 412927.035878908005543, 581605.31091083062347 ], [ 412928.275992195238359, 581605.830942768487148 ], [ 412929.526106648438144, 581606.330938463564962 ], [ 412934.05664313538, 581608.04104202601593 ], [ 412938.027298351575155, 581609.491073232376948 ], [ 412945.00819565821439, 581611.961161026032642 ], [ 412955.509442234993912, 581615.581302062841132 ], [ 412960.749971833545715, 581617.421363381436095 ], [ 412965.970718966040295, 581619.301386778592132 ], [ 412966.690788607753348, 581619.569345921161585 ], [ 412971.721451475401409, 581621.441539441468194 ], [ 412980.342512361996341, 581624.701657303492539 ], [ 412984.66302490310045, 581626.301671720924787 ], [ 412984.968134398921393, 581626.411699183052406 ], [ 412988.993611635407433, 581627.861743036541156 ], [ 412991.813818393857218, 581628.841788360383362 ], [ 412996.774641911499202, 581630.471800938714296 ], [ 413000.504989170702174, 581631.661833019461483 ], [ 413011.726345969305839, 581635.161978623014875 ], [ 413015.286826776631642, 581636.242064537480474 ], [ 413018.407283955370076, 581637.151989046949893 ], [ 413029.368603123351932, 581640.222076306818053 ], [ 413032.108809119439684, 581641.012160077341832 ], [ 413034.149204973131418, 581641.632122651790269 ], [ 413037.209523597965017, 581642.592148980125785 ], [ 413040.249987124232575, 581643.612265382660553 ], [ 413041.790204535587691, 581644.162266543717124 ], [ 413044.660474664415233, 581645.252263657283038 ], [ 413047.140731855644844, 581646.252297934261151 ], [ 413049.301043477491476, 581647.172413836466148 ], [ 413051.181323781260289, 581648.002362436032854 ], [ 413054.451779554947279, 581649.492412121267989 ], [ 413059.322302132844925, 581651.802535664406605 ], [ 413064.1629120814614, 581654.162704096874222 ], [ 413077.144481328898109, 581660.492922691744752 ], [ 413090.116247476718854, 581666.833116277819499 ], [ 413093.326674574869685, 581670.393393750069663 ], [ 413096.547010615642648, 581673.943588858470321 ], [ 413097.027156624244526, 581674.453645134577528 ], [ 413097.507172604848165, 581674.893695140490308 ], [ 413097.977185891475528, 581675.29361780686304 ], [ 413098.887242625001818, 581675.993651698576286 ], [ 413099.727431967970915, 581676.55369173118379 ], [ 413100.477549299888778, 581677.023764283047058 ], [ 413105.96814785717288, 581680.053929327405058 ], [ 413108.158449489041232, 581681.323913978761993 ], [ 413112.008993414870929, 581683.504107594257221 ], [ 413117.819739734288305, 581686.724234227323905 ], [ 413120.700072170293424, 581688.364315476152115 ], [ 413123.550381734967232, 581690.054330888669938 ], [ 413124.880529471323825, 581690.884418868110515 ], [ 413126.110825402662158, 581691.704406956094317 ], [ 413127.250921766390093, 581692.484527226421051 ], [ 413129.341099865967408, 581694.01459646015428 ], [ 413131.151337926392443, 581695.384601852856576 ], [ 413137.442155470722355, 581700.264862785465084 ], [ 413139.042446290783118, 581701.444924540235661 ], [ 413139.367751328565646, 581701.67878161452245 ], [ 413140.252647327142768, 581702.314939107862301 ], [ 413142.1028345337254, 581703.575050058192573 ], [ 413143.052876785106491, 581704.185096876928583 ], [ 413144.002992153225932, 581704.77512591436971 ], [ 413145.69329460314475, 581705.775193615234457 ], [ 413147.193561926716939, 581706.615141067071818 ], [ 413148.513686678023078, 581707.335206397227012 ], [ 413150.843934573524166, 581708.525304764392786 ], [ 413152.61406375549268, 581709.385322081390768 ], [ 413153.954410537669901, 581710.005372308194637 ], [ 413155.994511753204279, 581710.885348663199693 ], [ 413157.97149463306414, 581711.69543573865667 ], [ 413158.045017834752798, 581711.725049275788479 ], [ 413160.905298590019811, 581712.84548493148759 ], [ 413165.915806331089698, 581714.745494219940156 ], [ 413166.715896111738402, 581715.038412680733018 ], [ 413169.686206694110297, 581716.125576790189371 ], [ 413172.526664899603929, 581717.145629807026125 ], [ 413176.797168717137538, 581718.615693747764453 ], [ 413181.087674768350553, 581720.045685612945817 ], [ 413184.588170991977677, 581721.145691121229902 ], [ 413187.658555165515281, 581722.065783037687652 ], [ 413198.449885110137984, 581725.155797407962382 ], [ 413201.140202634793241, 581725.935918700881302 ], [ 413205.16062168602366, 581727.165905326954089 ], [ 413207.170932741719298, 581727.805948295397684 ], [ 413209.161222509748768, 581728.475999678252265 ], [ 413211.051329621463083, 581729.135951658361591 ], [ 413212.801541895023547, 581729.785988488816656 ], [ 413216.082038926833775, 581731.04599258035887 ], [ 413218.942390447133221, 581732.206134919309989 ], [ 413228.893609743041452, 581736.326245676376857 ], [ 413231.384006124979351, 581737.326270025339909 ], [ 413233.27424252795754, 581738.056339691043831 ], [ 413236.104512685793452, 581739.116339904721826 ], [ 413238.964878626167774, 581740.106388564105146 ], [ 413243.815494841139298, 581741.686419572681189 ], [ 413251.096455302438699, 581744.006468782317825 ], [ 413254.7467532067094, 581745.166586176957935 ], [ 413258.377231418679003, 581746.346537048695609 ], [ 413263.268001018848736, 581747.986659059068188 ], [ 413270.578783487610053, 581750.506721769459546 ], [ 413274.239175034745131, 581751.756735425209627 ], [ 413277.90965953230625, 581752.976759455399588 ], [ 413281.120082327688579, 581753.98684285627678 ], [ 413283.930527525255457, 581754.826909487484954 ], [ 413286.410878534545191, 581755.526911531109363 ], [ 413290.761327895685099, 581756.686950398841873 ], [ 413294.041795754397754, 581757.516967117320746 ], [ 413298.962413867819123, 581758.716980679892004 ], [ 413303.892885577864945, 581759.876941162743606 ], [ 413305.063121412298642, 581760.136992835090496 ], [ 413307.273367588990368, 581760.566981634125113 ], [ 413309.213585514982697, 581760.886986711178906 ], [ 413316.034333090297878, 581761.906971870339476 ], [ 413317.734657284687273, 581762.186944093788043 ], [ 413319.004780418705195, 581762.41695043083746 ], [ 413320.905084535828792, 581762.807036422658712 ], [ 413322.78522067371523, 581763.267055737087503 ], [ 413325.315560496761464, 581763.977031251299195 ], [ 413327.525791133171879, 581764.637058110791259 ], [ 413331.366245787357911, 581765.8470388535643 ], [ 413337.116972425254062, 581767.707096331520006 ], [ 413340.007392893894576, 581768.607181542203762 ], [ 413342.907740404014476, 581769.447195575688966 ], [ 413346.601549534127116, 581770.457272598985583 ], [ 413348.978443033876829, 581771.107259379234165 ], [ 413358.099718202545773, 581773.537275326205418 ], [ 413366.74068850063486, 581775.786806967575103 ], [ 413367.280817988619674, 581775.927368056378327 ], [ 413368.040928898204584, 581776.137417686870322 ], [ 413373.751536346971989, 581778.077403087401763 ], [ 413374.471695566782728, 581778.277462669066153 ], [ 413375.101747163920663, 581778.427479083067738 ], [ 413375.64172818895895, 581778.54746991628781 ], [ 413376.601926415460184, 581778.687474494799972 ], [ 413377.322046790271997, 581778.747410639305599 ], [ 413377.862044888257515, 581778.757470271433704 ], [ 413378.672086886886973, 581778.707419341662899 ], [ 413379.072207982011605, 581778.657463842770085 ], [ 413379.482219898374751, 581778.587361782090738 ], [ 413385.383019600936677, 581777.377257788786665 ], [ 413391.307512683328241, 581776.154171119094826 ], [ 413391.483582321263384, 581776.577201878419146 ], [ 413391.753671749786008, 581777.197138435207307 ], [ 413391.963693543337286, 581777.607166754431091 ], [ 413392.097571214777417, 581777.823021061718464 ], [ 413392.273714834649581, 581778.107255268958397 ], [ 413392.406519229116384, 581778.279647827381268 ], [ 413392.433500478626229, 581778.314767008880153 ], [ 413392.440465701627545, 581778.323159314808436 ], [ 413392.473861433332786, 581778.367114202468656 ], [ 413392.723759600194171, 581778.627323408145458 ], [ 413393.053854435798712, 581778.887273565400392 ], [ 413393.253833926457446, 581778.997276915120892 ], [ 413393.473963673808612, 581779.087335917749442 ], [ 413395.024154395563528, 581779.607358174864203 ], [ 413396.574325794237666, 581780.057374043855816 ], [ 413397.614409953181166, 581780.327290590154007 ], [ 413399.004626885580365, 581780.657386140082963 ], [ 413400.864793910819571, 581781.05739245575387 ], [ 413403.345083387161139, 581781.547381052514538 ], [ 413406.645492493524216, 581782.187366574071348 ], [ 413408.535756134253461, 581782.577363945427351 ], [ 413410.676099460746627, 581783.087336201686412 ], [ 413413.056392366124783, 581783.727366252336651 ], [ 413415.426702272496186, 581784.397386073833331 ], [ 413420.157210183388088, 581785.757462408160791 ], [ 413423.337564562389161, 581786.61742299341131 ], [ 413425.157890594156925, 581787.067492781789042 ], [ 413427.248150980158243, 581787.517505490686744 ], [ 413428.378267582971603, 581787.737488446990028 ], [ 413429.488472332013771, 581787.927426503389142 ], [ 413430.598529927316122, 581788.097457799944095 ], [ 413432.818754584761336, 581788.377467328100465 ], [ 413434.30902193475049, 581788.527441093348898 ], [ 413436.289242350147106, 581788.70747485361062 ], [ 413444.250201670627575, 581789.267395382863469 ], [ 413446.520470163668506, 581789.467352956649847 ], [ 413449.110682379687205, 581789.747342287912033 ], [ 413457.121820539410692, 581790.777420955011621 ], [ 413465.132645478472114, 581791.817344460752793 ], [ 413470.473317446128931, 581792.477338299155235 ], [ 413475.873943712911569, 581793.107361268019304 ], [ 413481.284662850550376, 581793.70728440862149 ], [ 413491.695985484286211, 581794.861772883683443 ], [ 413492.105990412179381, 581794.907243317342363 ], [ 413497.034402341931127, 581795.495894678169861 ], [ 413499.306898075621575, 581795.767294826218858 ], [ 413504.567629124736413, 581796.44723672058899 ], [ 413509.828084630076773, 581797.157261454500258 ], [ 413520.339471655257512, 581798.617254954297096 ], [ 413525.640154079766944, 581799.367242342210375 ], [ 413530.930742963566445, 581800.147220141487196 ], [ 413541.512012414634228, 581801.757166110328399 ], [ 413548.572932632348966, 581802.797200104105286 ], [ 413549.653112343279645, 581802.91718995233532 ], [ 413550.7431826753309, 581802.957201560027897 ], [ 413551.473229814087972, 581802.957179635064676 ], [ 413552.443389952240977, 581802.937138748005964 ], [ 413556.343959278136026, 581802.717146864859387 ], [ 413557.453977019060403, 581802.687115320004523 ], [ 413558.714222346316092, 581802.707126808585599 ], [ 413559.384241598425433, 581802.757094140048139 ], [ 413560.094249377725646, 581802.837069345405325 ], [ 413560.854412961693015, 581802.957097777049057 ], [ 413561.654528518090956, 581803.147058850619942 ], [ 413562.584611222206149, 581803.407118035247549 ], [ 413562.942891508166213, 581803.51882027904503 ], [ 413563.514638976892456, 581803.697148508974351 ], [ 413565.344983779359609, 581804.317078493302688 ], [ 413566.54511267831549, 581804.757129381876439 ], [ 413566.76512770174304, 581804.845088060828857 ], [ 413568.1453829901875, 581805.397170415031724 ], [ 413570.245499145356007, 581806.287227421533316 ], [ 413578.566668246057816, 581810.03738330595661 ], [ 413580.96681594545953, 581811.037370604230091 ], [ 413582.267090186767746, 581811.52744686009828 ], [ 413583.657176906475797, 581812.02742136886809 ], [ 413587.477781919995323, 581813.307465136051178 ], [ 413591.308277791482396, 581814.56747328012716 ], [ 413598.97919712017756, 581817.087582716601901 ], [ 413604.069775327690877, 581818.817614554078318 ], [ 413606.970225311466493, 581819.837692108121701 ], [ 413610.568377926480025, 581821.144248796976171 ], [ 413612.560850940993987, 581821.867729519726709 ], [ 413618.141566529870033, 581823.907849967246875 ], [ 413629.30292252736399, 581828.007999897236004 ], [ 413631.653113609238062, 581828.837987184058875 ], [ 413634.013600207166746, 581829.628030880820006 ], [ 413637.522665036434773, 581830.780363772297278 ], [ 413638.734076347667724, 581831.178037772187963 ], [ 413641.874454350327142, 581832.258169699227437 ], [ 413643.664606593665667, 581832.918101412826218 ], [ 413645.694965190603398, 581833.728219746379182 ], [ 413646.424977384565864, 581834.06816739635542 ], [ 413647.115038633928634, 581834.458177605061792 ], [ 413647.555278708634432, 581834.748228998389095 ], [ 413648.115318775118794, 581835.158275678055361 ], [ 413648.835441556177102, 581835.758249744423665 ], [ 413648.948489044210874, 581835.865539105958305 ], [ 413649.225416682776995, 581836.128353889798746 ], [ 413649.655453719897196, 581836.568279942381196 ], [ 413650.135628608928528, 581837.098358714603819 ], [ 413650.665628580958582, 581837.728433720185421 ], [ 413651.235672414361034, 581838.478319458314218 ], [ 413651.875784326693974, 581839.358467006473802 ], [ 413652.575870322238188, 581840.398534384323284 ], [ 413654.366038222797215, 581843.218712553498335 ], [ 413655.386235744925216, 581844.788822428672574 ], [ 413656.956400627852418, 581847.168908090447076 ], [ 413658.476759723387659, 581849.579056877410039 ], [ 413661.467101697460748, 581854.419354585581459 ], [ 413663.487309025193099, 581857.619554166914895 ], [ 413664.677590511972085, 581859.419608419761062 ], [ 413666.087707483791746, 581861.449736310634762 ], [ 413666.867714339517988, 581862.519848689204082 ], [ 413670.758369852032047, 581867.690158716519363 ], [ 413673.542984514962882, 581871.338847102713771 ], [ 413674.688920461281668, 581872.840377725544386 ], [ 413682.579950501094572, 581883.100947187282145 ], [ 413687.810704105300829, 581889.961326536140405 ], [ 413689.720775862049777, 581892.541515174787492 ], [ 413691.581151916645467, 581895.151656137080863 ], [ 413695.271549633587711, 581900.42198302608449 ], [ 413697.752068697940558, 581903.912198425037786 ], [ 413699.202133921324275, 581905.892264564870857 ], [ 413700.882330134510994, 581908.122403107932769 ], [ 413701.372432069852948, 581908.712406291277148 ], [ 413701.902485125348903, 581909.252457574591972 ], [ 413702.272547631524503, 581909.592517054639757 ], [ 413702.802618264686316, 581910.022526598069817 ], [ 413703.421127112291288, 581910.494951935950667 ], [ 413703.471942308358848, 581910.533787518623285 ], [ 413703.52275730506517, 581910.572512501617894 ], [ 413704.542854148487095, 581911.252557349507697 ], [ 413705.942977176164277, 581912.112612840952352 ], [ 413707.813325526600238, 581913.252711371285841 ], [ 413708.853407023125328, 581913.942672956734896 ], [ 413709.38351420708932, 581914.332757817464881 ], [ 413709.93356970109744, 581914.772794678807259 ], [ 413710.483607090951409, 581915.262820374686271 ], [ 413711.043609716987703, 581915.832787650986575 ], [ 413713.093883798806928, 581918.112896213657223 ], [ 413715.114208197512198, 581920.423031250480562 ], [ 413716.434450878645293, 581921.993141614366323 ], [ 413718.154578017245512, 581924.103322359500453 ], [ 413719.11477804830065, 581925.323290605098009 ], [ 413720.204853349656332, 581926.743306260206737 ], [ 413721.404984726978, 581928.383423534221947 ], [ 413723.48526695126202, 581931.323727337759919 ], [ 413725.525652630254626, 581934.28390125092119 ], [ 413729.566104272438679, 581940.234184209257364 ], [ 413732.27647484926274, 581944.184382718405686 ], [ 413733.836777633056045, 581946.424586234847084 ], [ 413735.657105680147652, 581948.974749489221722 ], [ 413737.78733831649879, 581951.8448446248658 ], [ 413745.59836589434417, 581962.105459223384969 ], [ 413752.036805203300901, 581970.465935068903491 ], [ 413753.469326018006541, 581972.32603962207213 ], [ 413754.349934103142004, 581973.456241709878668 ], [ 413759.710210531426128, 581980.336516638402827 ], [ 413763.606991411419585, 581985.309630988398567 ], [ 413765.97113275132142, 581988.326939712744206 ], [ 413766.791127041156869, 581989.369109784718603 ], [ 413773.894534443330485, 581998.396243149181828 ], [ 413778.522700007073581, 582004.277872444828972 ], [ 413783.144268795265816, 582010.172011444927193 ], [ 413786.873964305093978, 582014.928448557155207 ], [ 413791.614514757937286, 582021.038802647730336 ], [ 413792.904747835709713, 582022.728854618733749 ], [ 413794.174812179524451, 582024.428897313424386 ], [ 413828.116818423732184, 582061.045397816342302 ], [ 413833.226622045331169, 582066.883454346680082 ], [ 413833.419411452428903, 582067.103735481970944 ], [ 413845.81143226713175, 582081.262236837763339 ], [ 413847.472581342968624, 582083.160077599459328 ], [ 413852.535178108606488, 582088.94436316320207 ], [ 413852.595866918447427, 582089.01370481250342 ], [ 413858.699457407870796, 582095.987288328702562 ], [ 413880.287483278836589, 582095.653788808500394 ], [ 413902.271294889040291, 582095.314040844561532 ], [ 413912.222558336739894, 582093.06712831533514 ], [ 413933.786954416777007, 582072.581695397617295 ], [ 413965.145153436576948, 582042.792620941298082 ], [ 413966.115082590549719, 582041.9305210551247 ], [ 413988.960133148531895, 582021.62435927358456 ], [ 414020.713731761963572, 582003.102092108689249 ], [ 414049.82134839578066, 581997.809614311903715 ], [ 414086.867460528737865, 581997.809232753585093 ], [ 414139.790653211646713, 582013.684669538983144 ], [ 414216.529427905974444, 582061.312079514958896 ], [ 414236.210495060542598, 582086.420430971309543 ], [ 414254.976352779311128, 582110.361150637501851 ], [ 414293.268733103643171, 582159.2131181366276 ], [ 414318.631787787715439, 582200.238467262359336 ], [ 414383.239281422807835, 582304.742002920014784 ], [ 414423.354315241565928, 582387.005192471551709 ], [ 414444.39398084837012, 582430.15097071393393 ], [ 414461.302199412602931, 582464.824480002280325 ], [ 414468.906361685018055, 582482.676005333545618 ], [ 414473.002246501098853, 582492.291561740334146 ], [ 414522.165044688852504, 582607.707762858481146 ], [ 414529.823713892721571, 582631.319731555879116 ], [ 414553.920017910480965, 582705.609561554389074 ], [ 414555.734022935444955, 582722.840299026691355 ], [ 414557.666571734589525, 582741.19611904094927 ], [ 414559.212725206860341, 582755.883340685395524 ], [ 414556.415251718193758, 582769.870699897641316 ], [ 414551.447424541867804, 582794.710134553024545 ], [ 414545.092676648346242, 582826.483950760215521 ], [ 414540.690651407116093, 582848.493677283637226 ], [ 414494.383885153918527, 582923.905114781693555 ], [ 414492.362328717135824, 582926.061316330218688 ], [ 414487.687164002156351, 582931.04806563409511 ], [ 414439.702293925569393, 582982.230053544975817 ], [ 414435.555152555229142, 582986.653579468023963 ], [ 414415.000231443787925, 583008.578007778967731 ], [ 414414.92685828753747, 583008.628683922812343 ], [ 414306.005524085718207, 583083.833729829755612 ], [ 414303.862835342180915, 583085.313103340682574 ], [ 414259.998579321545549, 583108.849277449655347 ], [ 414203.863433507969603, 583138.969614741043188 ], [ 414195.706397717818618, 583143.346451017889194 ], [ 414185.931731614866294, 583148.591221493203193 ], [ 414171.102948058804031, 583156.54788251966238 ], [ 414169.643785251886584, 583157.330919661209919 ], [ 414167.354813584010117, 583158.559076856821775 ], [ 414157.054608022444881, 583164.085840799147263 ], [ 414127.143933735846076, 583180.134911055793054 ], [ 414086.879861892550252, 583201.739414973184466 ], [ 414070.640989270468708, 583216.268470334820449 ], [ 414049.284389737062156, 583235.376390475430526 ], [ 413986.327199702791404, 583291.704588908934966 ], [ 413986.283851055370178, 583291.765938203781843 ], [ 413974.674262997985352, 583308.155225651105866 ], [ 413963.926489993638825, 583323.328046427457593 ], [ 413957.084851371706463, 583332.986499713850208 ], [ 413951.259932948392816, 583341.209662972483784 ], [ 413951.00633086101152, 583341.567461740225554 ], [ 413942.8208846579073, 583353.123102347482927 ], [ 413902.347886211995501, 583410.259378740796819 ], [ 413901.800966356531717, 583411.031453514937311 ], [ 413896.359384794253856, 583418.713442651438527 ], [ 413851.662766923662275, 583492.632240996463224 ], [ 413827.560616669943556, 583532.492149718804285 ], [ 413792.573655031621456, 583600.498407915001735 ], [ 413709.809507337282412, 583761.372499215882272 ], [ 413709.024512661679182, 583764.33136525505688 ], [ 413675.410937609733082, 583891.026979937683791 ], [ 413673.421268058766145, 583902.744528312818147 ], [ 413672.93328824150376, 583905.61757758713793 ], [ 413652.910515984345693, 584023.530201797373593 ], [ 413651.597063600493129, 584031.265088824555278 ], [ 413648.113245037384331, 584128.835282354499213 ], [ 413646.306329485436436, 584179.44127919303719 ], [ 413650.506868772848975, 584201.641714828787372 ], [ 413655.46055656846147, 584227.82294373435434 ], [ 413664.690407151530962, 584276.60404820588883 ], [ 413665.098227812210098, 584278.759007325628772 ], [ 413666.002543076465372, 584283.539010545238853 ], [ 413668.111495136574376, 584294.685164842521772 ], [ 413669.720723616541363, 584303.190244789002463 ], [ 413674.092128265474457, 584326.293924769503064 ], [ 413704.262761549500283, 584404.730653118924238 ], [ 413735.580267456301954, 584486.149119428358972 ], [ 413766.709804998186883, 584567.079006504733115 ], [ 413772.077347105019726, 584586.021489061065949 ], [ 413782.2001995483879, 584621.745680223102681 ], [ 413811.696096108644269, 584725.838592547923326 ], [ 413820.507571200781967, 584749.5597056041006 ], [ 413863.297405337158125, 584864.753014112007804 ], [ 413867.402224186924286, 584871.935970087186433 ], [ 413876.249718563980423, 584887.417932749143802 ], [ 413926.374791362672113, 584975.129853151855059 ], [ 413937.390787980752066, 584994.406307401368394 ], [ 414001.34919600514695, 585061.816742488299496 ], [ 414035.299443882133346, 585097.599301405716687 ], [ 414183.484808180481195, 585206.083807951770723 ], [ 414202.075650575687177, 585224.269056085613556 ], [ 414226.910123750392813, 585248.5616895777639 ], [ 414305.208935551112518, 585325.152415766264312 ], [ 414320.668794634344522, 585344.643834396149032 ], [ 414396.50220968388021, 585440.25243668386247 ], [ 414414.451177095179446, 585468.968542074318975 ], [ 414554.492116730078124, 585693.01641932153143 ], [ 414555.273701597354375, 585694.266916740452871 ], [ 414560.698942562623415, 585703.760361337685026 ], [ 414625.022862413781695, 585816.318200582405552 ], [ 414629.367172335274518, 585823.92003132996615 ], [ 414648.959554417349864, 585884.142930554808117 ], [ 414665.09129268390825, 585933.728659939719364 ], [ 414673.551688561798073, 585966.156754591036588 ], [ 414675.170608460379299, 585972.362459952943027 ], [ 414677.669856150983833, 585981.941457960987464 ], [ 414680.174214196798857, 585991.540796085842885 ], [ 414680.480024225194938, 585992.712759992806241 ], [ 414680.96889862959506, 585994.586553771514446 ], [ 414680.968900418491103, 585998.499281676136889 ], [ 414680.969561084057204, 586059.158563398523256 ], [ 414680.969585612940136, 586060.736527779721655 ], [ 414665.493265867757145, 586104.262770076398738 ], [ 414659.025202518561855, 586122.453736097319052 ], [ 414638.632437569322065, 586179.807147499057464 ], [ 414629.953420854173601, 586198.611109822290018 ], [ 414624.864361557643861, 586209.637333099148236 ], [ 414582.11069262411911, 586302.267163514625281 ], [ 414575.126275356102269, 586317.399826409644447 ], [ 414574.587623847764917, 586318.334234407404438 ], [ 414532.84218681929633, 586390.772778578335419 ], [ 414489.483912536699791, 586466.009731551283039 ], [ 414485.15890158934053, 586473.514785940991715 ], [ 414485.114089761045761, 586473.618716745404527 ], [ 414468.456853146257345, 586512.255298656411469 ], [ 414438.880503313674126, 586580.858397880685516 ], [ 414388.907488616416231, 586696.772012219997123 ], [ 414353.222386782290414, 586766.683495136210695 ], [ 414345.215227193082683, 586782.370514177368023 ], [ 414340.603771354944911, 586791.404867220320739 ], [ 414333.482225798477884, 586805.357127538416535 ], [ 414327.761076859838795, 586816.565386557718739 ], [ 414324.078094369149767, 586823.780738392961212 ], [ 414323.987575719133019, 586823.861196954268962 ], [ 414323.818541767541319, 586824.011585465748794 ], [ 414320.767446807178203, 586826.723571124253795 ], [ 414300.297468438046053, 586844.918406780809164 ], [ 414276.447928630630486, 586866.117264999076724 ], [ 414276.399655197339598, 586866.197756389970891 ], [ 414272.066476886917371, 586873.419510210747831 ], [ 414271.821480720187537, 586873.827835419797339 ], [ 414244.694778784527443, 586919.037575237452984 ], [ 414236.385415979137179, 586929.077654433203861 ], [ 414181.187818736070767, 586995.772276516305283 ], [ 414144.142521104484331, 587061.922619826742448 ], [ 414116.082691273069941, 587110.765897889621556 ], [ 414103.131370267597958, 587133.310030424734578 ], [ 414072.697681656165514, 587186.285462591797113 ], [ 414048.883032397599891, 587239.205661857966334 ], [ 414022.422031266614795, 587292.126019388437271 ], [ 413984.210796247120015, 587353.262228548061103 ], [ 413982.730552494467702, 587355.630481844302267 ], [ 413974.872909953061026, 587375.631178239942528 ], [ 413953.623554268036969, 587429.718787556979805 ], [ 413913.154447203036398, 587499.759163169190288 ], [ 413884.824939433252439, 587548.789492603740655 ], [ 413867.301557102706283, 587583.835214699851349 ], [ 413859.507743040798232, 587599.422422337112948 ], [ 413855.717926869401708, 587607.001771867740899 ], [ 413845.134015255665872, 587673.151960882823914 ], [ 413846.718534756044392, 587691.635295803658664 ], [ 413850.553168240294326, 587736.364495303598233 ], [ 413850.632648535014596, 587737.292018141946755 ], [ 413857.043088319711387, 587812.066852502524853 ], [ 413872.687265087501146, 587876.87190684361849 ], [ 413894.090827986830845, 587965.534440387506038 ], [ 413898.164319029310718, 587979.383326567942277 ], [ 413960.366959852224682, 588190.852490911493078 ], [ 413962.043116826331243, 588196.550884878844954 ], [ 413973.47795911465073, 588235.42570900125429 ], [ 414007.879465671430808, 588373.01736946683377 ], [ 414011.976853065192699, 588399.202637424343266 ], [ 414031.821932532067876, 588526.022341868956573 ], [ 414038.312043932790402, 588567.498014162061736 ], [ 414041.548486886604223, 588607.407274659839459 ], [ 414045.386096446309239, 588654.730258564581163 ], [ 414046.251498854428064, 588665.399959687725641 ], [ 414051.85038430680288, 588701.38901089807041 ], [ 414054.314724829629995, 588717.22838576475624 ], [ 414061.97073217126308, 588766.439563764957711 ], [ 414064.775748422369361, 588784.469856967334636 ], [ 414073.141117671271786, 588807.333246563794091 ], [ 414078.922741845308337, 588823.134959197719581 ], [ 414079.339341824233998, 588824.273757792776451 ], [ 414083.788132282963488, 588836.432619782513939 ], [ 414092.75344003608916, 588860.93524441565387 ], [ 414101.832479131873697, 588885.749205405008979 ], [ 414104.469089480466209, 588892.955444313585758 ], [ 414124.878663675743155, 588954.178618319681846 ], [ 414125.522170376905706, 588956.108856729581021 ], [ 414152.435402698116377, 589036.841550003970042 ], [ 414156.070506185642444, 589047.745895557338372 ], [ 414159.862791082065087, 589060.385295183514245 ], [ 414165.227544427732937, 589078.266195831587538 ], [ 414171.907400666677859, 589100.530193956452422 ], [ 414171.948129891301505, 589100.665818545268849 ], [ 414171.948141314962413, 589106.513192772632465 ], [ 414171.948820048361085, 589169.461715683690272 ], [ 414170.304416013648733, 589182.2056250666501 ], [ 414169.872738818172365, 589185.552030805381946 ], [ 414167.714237068430521, 589202.28041030804161 ], [ 414164.929424413072411, 589223.862965092994273 ], [ 414162.002499024034478, 589246.546977203921415 ], [ 414161.143495524302125, 589253.20505441329442 ], [ 414160.159773080842569, 589260.829409204772674 ], [ 414160.069740608392749, 589261.527098045451567 ], [ 414154.860376658674795, 589301.900792377418838 ], [ 414153.494670964137185, 589312.484379730653018 ], [ 414150.781316266395152, 589333.513941376586445 ], [ 414150.781420929939486, 589350.369935579248704 ], [ 414150.781551041873172, 589360.805672949063592 ], [ 414150.781582753290422, 589366.779900445486419 ], [ 414150.781742884777486, 589380.746270424337126 ], [ 414150.78208629967412, 589409.584340705885552 ], [ 414150.782242189743556, 589428.313039375469089 ], [ 414150.782514351711143, 589452.584092541597784 ], [ 414165.188768009655178, 589513.804339989786968 ], [ 414171.654224494588561, 589541.279745046515018 ], [ 414171.952711655700114, 589542.547937505762093 ], [ 414187.83000409998931, 589590.175559726543725 ], [ 414269.75822118029464, 589716.115223299129866 ], [ 414276.477433768683113, 589726.443751978222281 ], [ 414330.115559911355376, 589780.077664354816079 ], [ 414363.801273683260661, 589813.760787446401082 ], [ 414376.678869468974881, 589822.822142848628573 ], [ 414435.247645576484501, 589864.034096867078915 ], [ 414541.09412310726475, 589914.306974342209287 ], [ 414542.368201987002976, 589914.65200307755731 ], [ 414668.109614729648456, 589948.703678683610633 ], [ 414787.18662227015011, 589972.516346885706298 ], [ 414880.392160601622891, 589972.515341885853559 ], [ 414900.971021201927215, 589972.515143318334594 ], [ 414965.627304761495907, 589969.530594935989939 ], [ 415072.970536572160199, 589964.575488471891731 ], [ 415208.055644339998253, 589958.812503110966645 ], [ 415216.800510735425632, 589958.439390370505862 ], [ 415284.261176034749951, 589955.561305315233767 ], [ 415352.139044493669644, 589952.665414609364234 ], [ 415363.782988569582812, 589954.062520341132767 ], [ 415363.925517946947366, 589954.079623350640759 ], [ 415372.120735802920535, 589955.062881721532904 ], [ 415484.446733741788194, 589968.540072478819638 ], [ 415577.06212060758844, 589992.35311652708333 ], [ 415611.462235642480664, 590010.874766162945889 ], [ 415613.294437796808779, 590012.401505433488637 ], [ 415674.970329759991728, 590063.793999856570736 ], [ 415714.663103221158963, 590116.713610743987374 ], [ 415714.663764139113482, 590177.571715357480571 ], [ 415709.366639549960382, 590205.381629682495259 ], [ 415704.079792504897341, 590233.137777891242877 ], [ 415700.669455252820626, 590238.955067529459484 ], [ 415675.975133165193256, 590281.079498544102535 ], [ 415669.960410626896191, 590291.339584291097708 ], [ 415666.911928794055711, 590296.539653540239669 ], [ 415659.398149443673901, 590309.356985251652077 ], [ 415655.114082082465757, 590314.017723792116158 ], [ 415628.680391350877471, 590341.467017005663365 ], [ 415621.970256724918727, 590348.435091074905358 ], [ 415613.610744738485664, 590357.115743505884893 ], [ 415604.353616635780782, 590366.728576805093326 ], [ 415590.243802156532183, 590381.380543529638089 ], [ 415586.215963553753681, 590386.348054786794819 ], [ 415562.441257397993468, 590415.66922831221018 ], [ 415539.703635822283104, 590443.711378711974248 ], [ 415530.114299318986014, 590455.537503576604649 ], [ 415519.741346672235522, 590468.330551950260997 ], [ 415514.392557682702318, 590474.927107340539806 ], [ 415510.913413950416725, 590479.218003034009598 ], [ 415510.483468595310114, 590480.108521572314203 ], [ 415509.043322582321707, 590483.091675455216318 ], [ 415496.67018178635044, 590508.720789739047177 ], [ 415485.750823515991215, 590531.33885917882435 ], [ 415473.868085926165804, 590555.952270749723539 ], [ 415473.382941171468701, 590557.477040433790535 ], [ 415462.690133787749801, 590591.082285664277151 ], [ 415460.981601798790507, 590596.451569680939429 ], [ 415455.345644896384329, 590614.164530228241347 ], [ 415455.249895857006777, 590614.517944484832697 ], [ 415453.554672945581842, 590620.772293933201581 ], [ 415432.453287218464538, 590698.628462996799499 ], [ 415416.978032526152674, 590755.72592053306289 ], [ 415396.66638434282504, 590855.437732256716117 ], [ 415390.514221574238036, 590885.638789745280519 ], [ 415387.87188410962699, 590898.610296970582567 ], [ 415382.908614860847592, 590907.368629092583433 ], [ 415370.200161933316849, 590929.794705140055157 ], [ 415349.221826772438362, 590966.814176311250776 ], [ 415342.888228634430561, 590977.990741532994434 ], [ 415267.951268504722975, 591069.955584652489051 ], [ 415249.427339807210956, 591092.688748523243703 ], [ 415242.400127298256848, 591101.312637882307172 ], [ 415237.167161678720731, 591107.734618023270741 ], [ 415226.459141862462275, 591120.875971018103883 ], [ 415226.347699025995098, 591120.969074789318256 ], [ 415179.294082105567213, 591160.339232073281892 ], [ 415161.629036599420942, 591175.119764286791906 ], [ 415113.998748352983966, 591214.810233558760956 ], [ 415113.855721586034633, 591215.000940200174227 ], [ 415108.228058705455624, 591222.50428410328459 ], [ 415066.368694842443801, 591278.31469675572589 ], [ 415065.289491888252087, 591280.767237744410522 ], [ 415060.381570753001142, 591291.92155072640162 ], [ 415054.554803760605864, 591305.163812148151919 ], [ 415037.261676168011036, 591344.465022410848178 ], [ 415035.116243464057334, 591350.364883068599738 ], [ 415030.897037027752958, 591361.967614498105831 ], [ 415013.233653744508047, 591410.54068290698342 ], [ 415004.560873502981849, 591434.39024571783375 ], [ 414994.924633710761555, 591460.889443337568082 ], [ 414993.630216872959863, 591477.717830402078107 ], [ 414992.342910314619076, 591494.453526179189794 ], [ 414989.633015074650757, 591529.685615719761699 ], [ 414989.662581436277833, 591529.990471333730966 ], [ 414997.572278667881619, 591611.711488302331418 ], [ 415001.342753734497819, 591619.588974454673007 ], [ 415017.449853322643321, 591653.241470902576111 ], [ 415018.196507119340822, 591654.801366016385145 ], [ 415032.762227963306941, 591685.233191074803472 ], [ 415053.583798442385159, 591728.735456679132767 ], [ 415104.226550336985383, 591785.512404102366418 ], [ 415140.907736344670411, 591826.636656952556223 ], [ 415193.271375549258664, 591892.460165015305392 ], [ 415198.47330824076198, 591898.999162005959079 ], [ 415202.098897060612217, 591903.556758974445984 ], [ 415203.563812480482738, 591905.398240233538672 ], [ 415233.52413695899304, 591943.059658993501216 ], [ 415288.894160616910085, 592034.62586459168233 ], [ 415302.325227408960927, 592056.836996516212821 ], [ 415307.138755226915237, 592060.580436013289727 ], [ 415352.136252558266278, 592095.575903721037321 ], [ 415365.479429315426387, 592105.95301700104028 ], [ 415397.587276570964605, 592130.924039567937143 ], [ 415420.935255255666561, 592138.219599636853673 ], [ 415482.264323485898785, 592157.383182974415831 ], [ 415539.963472529547289, 592173.483587782597169 ], [ 415596.049131807347294, 592189.133900830172934 ], [ 415636.331743017886765, 592188.504164946149103 ], [ 415765.402567125915084, 592186.486155570251867 ], [ 415827.98057920037536, 592185.833648180123419 ], [ 415921.055847945157439, 592184.863287830725312 ], [ 415945.257261638820637, 592184.611012597335503 ], [ 416019.432618289720267, 592183.837583361077122 ], [ 416019.849799142742995, 592183.878630005987361 ], [ 416067.07055514678359, 592188.533369226497598 ], [ 416071.949100277386606, 592189.014221769641154 ], [ 416113.371116989990696, 592193.097590106306598 ], [ 416129.719708113814704, 592207.95870458916761 ], [ 416171.586909643141553, 592246.016968314768746 ], [ 416187.274036174407229, 592270.526133946957998 ], [ 416189.061559611698613, 592273.318833502475172 ], [ 416213.926055650692433, 592312.166538196499459 ], [ 416224.173669009178411, 592330.098342380020767 ], [ 416254.749954780039843, 592383.602428709855303 ], [ 416287.630971643491648, 592441.139608177007176 ], [ 416288.019640656653792, 592441.819724098662846 ], [ 416321.368366073293146, 592492.632808340946212 ], [ 416343.58964097884018, 592526.491122828912921 ], [ 416373.682399054639973, 592546.733832731377333 ], [ 416435.80372564564459, 592588.521259832312353 ], [ 416489.128630079212599, 592624.391488149296492 ], [ 416577.232204512343742, 592661.587674126843922 ], [ 416588.999644222785719, 592666.555781711824238 ], [ 416604.443066220672335, 592673.075752129545435 ], [ 416610.200100041343831, 592675.823694810620509 ], [ 416665.291327580285724, 592707.850963384495117 ], [ 416721.990913558809552, 592740.813231383217499 ], [ 416724.852382510784082, 592741.361154466867447 ], [ 416798.268441625521518, 592755.417987121501938 ], [ 416846.360199570248369, 592764.625946335843764 ], [ 416878.137017220724374, 592759.660777826211415 ], [ 416932.898297739680856, 592751.104201111476868 ], [ 417015.713570359686855, 592738.164181785774417 ], [ 417048.315307422890328, 592737.780241249012761 ], [ 417128.174657167284749, 592736.840031575178728 ], [ 417178.803690746310167, 592754.296552051673643 ], [ 417204.913290709315334, 592763.299117967486382 ], [ 417249.89820547006093, 592805.634633071371354 ], [ 417252.074184250202961, 592808.245626945747063 ], [ 417283.975322472397238, 592846.524126875214279 ], [ 417300.390841344720684, 592866.221107463934459 ], [ 417302.821790943562519, 592869.138214136706665 ], [ 417316.053099048498552, 592908.828067320748232 ], [ 417326.662518042139709, 592919.967154797748663 ], [ 417334.558890787069686, 592928.257767440052703 ], [ 417368.976611817837693, 592964.393465669476427 ], [ 417427.192033557570539, 592985.560802571009845 ], [ 417435.600941802375019, 592987.662760153296404 ], [ 417533.038313841563649, 593012.019641355378553 ], [ 417569.300650119199418, 593004.856715075089596 ], [ 417592.487373792682774, 593000.276640596799552 ], [ 417620.564505765563808, 592994.730657799053006 ], [ 417702.152229968458414, 592978.614556256914511 ], [ 417747.375963655416854, 592969.681443963432685 ], [ 417791.586901586910244, 592961.084949744865298 ], [ 417842.637123405584134, 592951.158597732894123 ], [ 417898.206110505037941, 592948.511985246208496 ], [ 417969.652188337757252, 592951.15725111681968 ], [ 418034.844042846467346, 592973.896529605844989 ], [ 418056.309613658697344, 592981.383916370337829 ], [ 418083.436953578842804, 592990.845989063032903 ], [ 418101.159412309236359, 593000.617392602260225 ], [ 418150.49998053861782, 593027.821652346290648 ], [ 418191.117713169369381, 593050.216525793075562 ], [ 418194.520893534703646, 593052.092918024049141 ], [ 418225.006765671772882, 593068.901415095315315 ], [ 418292.639409339171834, 593124.452531915274449 ], [ 418301.908065373601858, 593132.065573256812058 ], [ 418309.190696753794327, 593138.047217909363098 ], [ 418328.390221835812554, 593153.817033421364613 ], [ 418346.105023863143288, 593168.367306581698358 ], [ 418373.192375125130638, 593190.615944627090357 ], [ 418475.388075728551485, 593258.741224441328086 ], [ 418492.269725984660909, 593269.994769728044048 ], [ 418501.141822512610815, 593274.533698041224852 ], [ 418527.552565931226127, 593288.04501656757202 ], [ 418536.182252155733295, 593292.459739384707063 ], [ 418606.05495178460842, 593328.205538165988401 ], [ 418637.79517250158824, 593357.959755975403823 ], [ 418648.393648212426342, 593367.895200329832733 ], [ 418648.455814567860216, 593370.75361579656601 ], [ 418650.964177555288188, 593486.07691913866438 ], [ 418651.040990468522068, 593489.611149328527972 ], [ 418651.042204687197227, 593610.195857902057469 ], [ 418651.04290451365523, 593669.752653097733855 ], [ 418651.042996838223189, 593680.123171310406178 ], [ 418659.360824503877666, 593859.50395415048115 ], [ 418660.306402432906907, 593879.896169621264562 ], [ 418660.306829503155313, 593916.340242034289986 ], [ 418660.307111821020953, 593942.447195297223516 ], [ 418660.307598368264735, 593992.301245882292278 ], [ 418660.308003609592561, 594028.415528487646952 ], [ 418660.308129043143708, 594041.302174540236592 ], [ 418664.515717826667242, 594083.37138529936783 ], [ 418668.844431459845509, 594126.65061412891373 ], [ 418670.542842800612561, 594143.63133384520188 ], [ 418670.893887491838541, 594147.141966893337667 ], [ 418685.560547843168024, 594211.505200803512707 ], [ 418687.291808867128566, 594219.103169436915778 ], [ 418702.472352344950195, 594285.721619687508792 ], [ 418709.245108772360254, 594315.44356414640788 ], [ 418718.52676763117779, 594356.17559416720178 ], [ 418726.873241052730009, 594393.97576563002076 ], [ 418741.020166919624899, 594458.046187851927243 ], [ 418766.861798511934467, 594511.161114279646426 ], [ 418788.651754883117974, 594555.947824484319426 ], [ 418870.6836661726702, 594685.600967446691357 ], [ 418952.715345305623487, 594788.794255883432925 ], [ 418987.116065888316371, 594868.173687904025428 ], [ 418988.092811817536131, 594877.451033813529648 ], [ 418992.40882133244304, 594918.447743478929624 ], [ 418987.538563122565392, 594928.187924048514105 ], [ 418985.923569351027254, 594931.417789089493454 ], [ 418977.944980618893169, 594947.374401687062345 ], [ 418968.59405152220279, 594966.075942649040371 ], [ 418968.436061615648214, 594966.162041615694761 ], [ 418939.486593761947006, 594981.9524011494359 ], [ 418889.209609294775873, 594966.076768273836933 ], [ 418767.486634779023007, 594952.84813061915338 ], [ 418680.163511362799909, 594944.911043007974513 ], [ 418661.640629999805242, 594950.203164737904444 ], [ 418642.456437596818432, 594951.331818412174471 ], [ 418639.148491254425608, 594951.526445775292814 ], [ 418638.880978267989121, 594951.853502852725796 ], [ 418633.171757046191487, 594958.831130548962392 ], [ 418615.33334064349765, 594980.632664871052839 ], [ 418615.33344711153768, 594989.55518036254216 ], [ 418615.333485976327211, 594992.385616647196002 ], [ 418615.33349309413461, 594996.508677547681145 ], [ 418621.869735328713432, 595006.530119796399958 ], [ 418624.622610529477242, 595010.75083741673734 ], [ 418642.369494025479071, 595037.960705218371004 ], [ 418655.026506867201533, 595057.366422966239043 ], [ 418674.14744794240687, 595078.397853257833049 ], [ 418689.223730022495147, 595094.980371828540228 ], [ 418760.873602566716727, 595173.789155893726274 ], [ 418763.60743628104683, 595177.980716705555096 ], [ 418783.950669361511245, 595209.171306066447869 ], [ 418834.295720577356406, 595286.361283395555802 ], [ 418836.889126145746559, 595292.099753884482197 ], [ 418845.206619601638522, 595310.504101066966541 ], [ 418846.610876836813986, 595313.6113113675965 ], [ 418847.015968177467585, 595314.50773685972672 ], [ 418847.448183454747777, 595315.464056553901173 ], [ 418848.446866346697789, 595317.901449614088051 ], [ 418849.51964414329268, 595320.519422884099185 ], [ 418854.867582931008656, 595333.570499064982869 ], [ 418858.730954136524815, 595342.998916817363352 ], [ 418863.903673878754489, 595355.622745625092648 ], [ 418865.177622052375227, 595359.067276849411428 ], [ 418869.003122294088826, 595369.410817668074742 ], [ 418880.335674159461632, 595398.549319004523568 ], [ 418884.286671020148788, 595408.708057911717333 ], [ 418885.631881984940264, 595412.166951755876653 ], [ 418895.829909633554053, 595438.387880471302196 ], [ 418905.3675848308485, 595463.986776136793196 ], [ 418921.583428179379553, 595507.509731460944749 ], [ 418943.134040195087437, 595565.351204993436113 ], [ 418946.108081705053337, 595573.333295569871552 ], [ 418958.281075716775376, 595591.881053535151295 ], [ 418983.936353552504443, 595630.971822735620663 ], [ 418987.243980247876607, 595636.011635219096206 ], [ 419001.677976396982558, 595658.004852101672441 ], [ 419088.134933043795172, 595737.805103344726376 ], [ 419104.878928336605895, 595753.259832559269853 ], [ 419124.371709636528976, 595759.872825957136229 ], [ 419253.063742939382792, 595803.532198931323364 ], [ 419348.312443599046674, 595813.521771607804112 ], [ 419442.263538554834668, 595823.375123905367218 ], [ 419569.278746475640219, 595839.249761843122542 ], [ 419586.203521752380766, 595844.749877857044339 ], [ 419675.125189587881323, 595873.64681112440303 ], [ 419728.920671757136006, 595868.899681528797373 ], [ 419765.09408850298496, 595865.707770528853871 ], [ 419767.166152341407724, 595865.425128551316448 ], [ 419823.309346403053496, 595857.769156524445862 ], [ 419886.816913491056766, 595865.706448909360915 ], [ 419923.605248971376568, 595906.871261459076777 ], [ 419929.065462561964523, 595912.980808356893249 ], [ 419954.224725104286335, 595941.133163826540112 ], [ 419967.39929119462613, 595955.874970785342157 ], [ 419972.120078676671255, 595961.157349312328734 ], [ 419973.928839053085539, 595963.181389020290226 ], [ 419997.956495990336407, 595990.067331025144085 ], [ 420046.477063681930304, 596125.913260796456598 ], [ 420048.311736949020997, 596131.0499227498658 ], [ 420050.88089934841264, 596138.242907383595593 ], [ 420067.414709825941827, 596173.079004704020917 ], [ 420084.927147155918647, 596209.977308774134144 ], [ 420111.590278755465988, 596266.15558841440361 ], [ 420115.997400342428591, 596275.441247290116735 ], [ 420120.293617274146527, 596284.493193043745123 ], [ 420124.974672397365794, 596294.356008541886695 ], [ 420175.252699545177165, 596416.071490774978884 ], [ 420181.962790282210335, 596432.845338074374013 ], [ 420201.714912604191341, 596482.22129899263382 ], [ 420251.864597357285675, 596494.757465547067113 ], [ 420293.576028619660065, 596505.184137023286894 ], [ 420328.730349794437643, 596513.971926144557074 ], [ 420329.68540114001371, 596514.198647343902849 ], [ 420336.16534210415557, 596515.736948570702225 ], [ 420435.908067993354052, 596539.414439811953343 ], [ 420512.638259276282042, 596557.629106826963834 ], [ 420597.315190689754672, 596584.088096838677302 ], [ 420737.560735992155969, 596552.334690818563104 ], [ 420782.892381468438543, 596541.873567722039297 ], [ 420803.020616623340175, 596537.228565344470553 ], [ 420853.188272190978751, 596525.651476303581148 ], [ 420909.560025868704543, 596512.642751434119418 ], [ 420928.09311415994307, 596508.365951989311725 ], [ 421047.159409651532769, 596480.889349981211126 ], [ 421137.128043661126867, 596449.136326860170811 ], [ 421177.471318089170381, 596441.067791654961184 ], [ 421182.095695489551872, 596440.142931558890268 ], [ 421232.674039940349758, 596430.027175617753528 ], [ 421275.672646638762672, 596421.427533402573317 ], [ 421296.510415305150673, 596417.259969061473384 ], [ 421309.127394831681158, 596414.736523548839614 ], [ 421392.480906074575614, 596394.890687786508352 ], [ 421498.053186057601124, 596375.095874713268131 ], [ 421519.495770660636481, 596371.075356470071711 ], [ 421564.906850620231126, 596379.665637408383191 ], [ 421617.403437152621336, 596389.596330120693892 ], [ 421639.74421857309062, 596409.904587324825116 ], [ 421646.511303527688142, 596416.055990595603362 ], [ 421673.226097609731369, 596435.234283021069132 ], [ 421708.062460435670801, 596460.243073252495378 ], [ 421749.711889297352172, 596490.143011356820352 ], [ 421820.938517993083224, 596592.226500473916531 ], [ 421829.097499486349989, 596603.920165387447923 ], [ 421829.030723678588402, 596604.27439941780176 ], [ 421828.378807163622696, 596607.729454478248954 ], [ 421823.201732317742426, 596635.167997562442906 ], [ 421802.637441722094081, 596744.15840176702477 ], [ 421792.569881794217508, 596775.909575008321553 ], [ 421792.37829996785149, 596775.954249051981606 ], [ 421785.890424244455062, 596777.468256751890294 ], [ 421778.856478532543406, 596776.786032927571796 ], [ 421760.597860120644327, 596778.691343130194582 ], [ 421735.829900103795808, 596783.232130841352046 ], [ 421709.633063622401096, 596788.392146806232631 ], [ 421697.859151586715598, 596797.213131540571339 ], [ 421686.518254706985317, 596812.352919321972877 ], [ 421681.43778934085276, 596830.345861021080054 ], [ 421678.47464532306185, 596888.346289691166021 ], [ 421676.993057800806127, 596912.255827482556924 ], [ 421674.452935534762219, 596933.053408072679304 ], [ 421676.25256195710972, 596950.358345286222175 ], [ 421681.478899702662602, 596976.421429164940491 ], [ 421679.163848615076859, 597001.227864869055338 ], [ 421676.517875860561617, 597020.411403081845492 ], [ 421672.879655195749365, 597051.171357540297322 ], [ 421672.168798430997413, 597065.70733082247898 ], [ 421669.9034599258448, 597112.029555049259216 ], [ 421671.658154879114591, 597153.815344264730811 ], [ 421673.140304650238249, 597179.852076702401973 ], [ 421675.908773445466068, 597185.695987252984196 ], [ 421684.572090577916242, 597203.983569497358985 ], [ 421704.577343840152025, 597238.409761789254844 ], [ 421716.485353852331173, 597261.429867767379619 ], [ 421724.064397776150145, 597281.638986717443913 ], [ 421726.84136928973021, 597284.584780196426436 ], [ 421728.196657719730865, 597286.022509512258694 ], [ 421733.792578993481584, 597291.958484108210541 ], [ 421734.975639055483043, 597293.213585300021805 ], [ 421737.854587044275831, 597302.292393602547236 ], [ 421744.662967634678353, 597323.762820722418837 ], [ 421748.397491805430036, 597335.54020322219003 ], [ 421772.040971905982587, 597363.728270296473056 ], [ 421796.506969290785491, 597392.897017433657311 ], [ 421817.198335142340511, 597417.565402943291701 ], [ 421853.369541315827519, 597512.744687015307136 ], [ 421861.801180677546654, 597534.93122116685845 ], [ 421867.476546026708093, 597549.864854701794684 ], [ 421900.521333418611903, 597632.469908377388492 ], [ 421909.815946134156547, 597655.704513225820847 ], [ 421901.98650512000313, 597677.31321478576865 ], [ 421897.26979054097319, 597690.331023242557421 ], [ 421896.74723599513527, 597691.773388763307594 ], [ 421871.969992053869646, 597760.157066871528514 ], [ 421861.908574226312339, 597787.925659118802287 ], [ 421852.706016502517741, 597813.324099517078139 ], [ 421836.316502768837381, 597858.558238601544872 ], [ 421833.273833874496631, 597866.955593215883709 ], [ 421831.141706051188521, 597872.840370042831637 ], [ 421812.019200690323487, 597925.617015706491657 ], [ 421810.588200540398248, 597929.566538925049827 ], [ 421798.852767972624861, 597978.463705211412162 ], [ 421796.448156133468729, 597988.482606033328921 ], [ 421781.249345321324654, 598051.810517536359839 ], [ 421780.415765642188489, 598055.283692863071337 ], [ 421780.014468815294094, 598056.955446274252608 ], [ 421778.835764175048098, 598061.866926819086075 ], [ 421773.543872710724827, 598104.202996867359616 ], [ 421788.549274158140179, 598155.216367343557067 ], [ 421793.137246944592334, 598170.813968506525271 ], [ 421797.255051132291555, 598184.812966584926471 ], [ 421800.006390349357389, 598194.166708149481565 ], [ 421829.927755120384973, 598254.004809196572751 ], [ 421840.211084205424413, 598274.569753385265358 ], [ 421843.107193686242681, 598280.361583006568253 ], [ 421847.749553478497546, 598289.645527466898784 ], [ 421848.240057225630153, 598290.626431265613064 ], [ 421855.576588191092014, 598305.298109484137967 ], [ 421931.951747018727474, 598353.028884803177789 ], [ 421953.128789934329689, 598366.263526091584936 ], [ 421961.423158407094888, 598371.446981053100899 ], [ 421962.585856793099083, 598371.44699369778391 ], [ 421971.079046131460927, 598371.446922741597518 ], [ 421984.809229574922938, 598371.446793706621975 ], [ 422018.189387674734462, 598371.446437160717323 ], [ 422041.26669699937338, 598371.446139831328765 ], [ 422047.900273814506363, 598371.446146920323372 ], [ 422092.943466721044388, 598371.445601171348244 ], [ 422117.546042005822528, 598371.445405838778242 ], [ 422142.029684572597034, 598370.955496135749854 ], [ 422249.853460125974379, 598368.798072658944875 ], [ 422253.366766616527457, 598369.555876609985717 ], [ 422288.039271998917684, 598377.033296309411526 ], [ 422302.631581727764569, 598380.180398478987627 ], [ 422384.8072772481828, 598397.902568348683417 ], [ 422398.984760868013836, 598400.80610082205385 ], [ 422494.622627465287223, 598420.392521439236589 ], [ 422536.961309931939468, 598444.205978156416677 ], [ 422568.715976725623477, 598536.815628646174446 ], [ 422585.861155610531569, 598584.817753264680505 ], [ 422606.696624623378739, 598643.151929704705253 ], [ 422608.409386556770187, 598647.947357172844931 ], [ 422629.57996051502414, 598777.601145022315904 ], [ 422629.476316841668449, 598778.260567514458671 ], [ 422628.566328086773865, 598784.051781181944534 ], [ 422619.57140327518573, 598841.292662532418035 ], [ 422613.2754749423475, 598881.358140827389434 ], [ 422608.276620556251146, 598913.169168510357849 ], [ 422600.474192696099635, 598962.821446444606408 ], [ 422583.171093184791971, 599092.97395708039403 ], [ 422575.53200714616105, 599150.433983006514609 ], [ 422570.045823476393707, 599191.700815963908099 ], [ 422570.583645205013454, 599199.229554320685565 ], [ 422573.824567258299794, 599244.591186582343653 ], [ 422580.632017786207143, 599339.876768937683664 ], [ 422582.268827853025869, 599364.012581530841999 ], [ 422582.530509611940943, 599367.871409944142215 ], [ 422583.341454671288375, 599379.83161085518077 ], [ 422583.991249305079691, 599389.414102775743231 ], [ 422591.218258066568524, 599495.990686650504358 ], [ 422591.395658629597165, 599498.262198534212075 ], [ 422592.5407460113056, 599512.916335256304592 ], [ 422593.503361058828887, 599525.234160912805237 ], [ 422598.576457894581836, 599590.158903390169144 ], [ 422602.67036182776792, 599642.549970398074947 ], [ 422604.450654714310076, 599665.334532257635146 ], [ 422605.613835191586986, 599691.415602322784252 ], [ 422607.010133767384104, 599722.724033684586175 ], [ 422608.756790531100705, 599761.885007646167651 ], [ 422610.605914435349405, 599803.346596279880032 ], [ 422611.135186850442551, 599815.2150396410143 ], [ 422612.204265774111263, 599839.182385561522096 ], [ 422613.714487641002052, 599873.045446522068232 ], [ 422624.443532109027728, 599895.772861575824209 ], [ 422646.60297447105404, 599942.713110054377466 ], [ 422647.352717849833425, 599944.301403908990324 ], [ 422656.059031033073552, 599962.743978209677152 ], [ 422660.661951512040105, 599972.494199717417359 ], [ 422668.251665030955337, 599988.571407802286558 ], [ 422671.360520417918451, 599995.156976833706722 ], [ 422680.736768984585069, 600015.01877532270737 ], [ 422680.737952442665119, 600129.841929077869281 ], [ 422680.738134343991987, 600142.026900530443527 ], [ 422680.738368527032435, 600161.227703119860962 ], [ 422680.738794830976985, 600212.397440587170422 ], [ 422680.73917058412917, 600242.38553498161491 ], [ 422680.739615977799986, 600287.556792424991727 ], [ 422676.842215526208747, 600305.74450882000383 ], [ 422667.225092418550048, 600350.624568431288935 ], [ 422656.212771800637711, 600402.014977386919782 ], [ 422652.630693979561329, 600418.731050402042456 ], [ 422650.91284730512416, 600426.747782389051281 ], [ 422648.987464209378231, 600435.733222290407866 ], [ 422637.717049865983427, 600465.920863656094298 ], [ 422627.46409831213532, 600493.383533740299754 ], [ 422574.897365252312738, 600634.184056805446744 ], [ 422563.849072247743607, 600655.73664887144696 ], [ 422548.174775804160163, 600686.313327342504635 ], [ 422548.098549933580216, 600686.554660962196067 ], [ 422547.763046508363914, 600687.61692720814608 ], [ 422537.531251104024705, 600709.143151864991523 ], [ 422533.241664065280929, 600718.16799413447734 ], [ 422532.490346448379569, 600719.748653209302574 ], [ 422530.17530458746478, 600724.619464909890667 ], [ 422529.158334150677547, 600726.511563067440875 ], [ 422509.431961447815411, 600763.213159323087893 ], [ 422508.51908602041658, 600764.911653618793935 ], [ 422507.53234496479854, 600766.747409105300903 ], [ 422504.805870914075058, 600771.009991392726079 ], [ 422504.561948643822689, 600771.391288918210194 ], [ 422498.943650015979074, 600782.35134140367154 ], [ 422494.191270831273869, 600791.621937798219733 ], [ 422476.158915982930921, 600822.767669335356914 ], [ 422442.314362129603978, 600881.224987438414246 ], [ 422441.667899021413177, 600882.537502539227717 ], [ 422435.38040901068598, 600895.30403060792014 ], [ 422425.39311334193917, 600947.736696666805074 ], [ 422439.823998529813252, 600991.025431258138269 ], [ 422442.266770014597569, 600998.35309133422561 ], [ 422443.94149964035023, 601003.376951555139385 ], [ 422449.2092863060534, 601019.178590100607835 ], [ 422504.075664988427889, 601059.078322728862986 ], [ 422507.424887391680386, 601061.514000417198986 ], [ 422532.15432965150103, 601079.79082118475344 ], [ 422629.148687198699918, 601151.476588508463465 ], [ 422635.014843620243482, 601154.531652522622608 ], [ 422635.405192270351108, 601154.734926576958969 ], [ 422756.164460757165216, 601217.62525794794783 ], [ 422899.057047046604566, 601259.959687559749 ], [ 423014.418747265823185, 601282.047652402776293 ], [ 423035.064925305079669, 601286.000889582675882 ], [ 423147.795495803467929, 601307.585099553922191 ], [ 423265.632466774375644, 601329.82489763922058 ], [ 423305.517884552071337, 601337.35274454311002 ], [ 423477.241412851260975, 601369.762662890832871 ], [ 423506.195574542507529, 601375.263333791866899 ], [ 423578.269403175858315, 601388.955778286908753 ], [ 423672.958880458027124, 601406.944603954907507 ], [ 423722.412489923706744, 601416.339786939090118 ], [ 423741.857097514905035, 601420.033783690421842 ], [ 423821.413761377683841, 601433.982855656067841 ], [ 423918.320615003933199, 601450.974020753754303 ], [ 424021.026157660235185, 601468.981939184479415 ], [ 424180.700330535182729, 601483.309216605266556 ], [ 424227.425992148579098, 601487.501838985481299 ], [ 424243.690205096092541, 601490.405818316387013 ], [ 424301.518141816486605, 601500.731087179039605 ], [ 424324.560526908840984, 601517.341740787960589 ], [ 424328.011799711210188, 601519.829792558448389 ], [ 424345.888714527245611, 601531.402087272726931 ], [ 424358.2482145424583, 601539.402954363962635 ], [ 424396.596858356846496, 601568.43568455951754 ], [ 424403.767729487211909, 601573.922073493595235 ], [ 424415.644839268352371, 601583.008892923709936 ], [ 424528.314841067418456, 601666.53352935530711 ], [ 424568.781349759199657, 601696.532237476552837 ], [ 424624.227013518335298, 601739.329098529997282 ], [ 424688.859297830378637, 601789.216816117055714 ], [ 424713.199014284065925, 601808.003967613680288 ], [ 424718.657101609685924, 601812.216977456700988 ], [ 424719.612967718509026, 601812.954717576620169 ], [ 424731.796726195025258, 601819.916277378913946 ], [ 424775.182503079879098, 601844.706154649960808 ], [ 424801.643927862052806, 601847.351770880632102 ], [ 424810.818178023619112, 601847.351710402872413 ], [ 424825.45911375596188, 601847.351502809906378 ], [ 424838.689800377120264, 601842.059416249510832 ], [ 424851.652981044026092, 601826.50428888737224 ], [ 424851.92039017402567, 601826.183350106352009 ], [ 424847.754985487379599, 601812.022337504429743 ], [ 424838.689239941420965, 601781.201453819288872 ], [ 424785.765358352393378, 601683.299936082330532 ], [ 424719.610114323848393, 601543.062642546836287 ], [ 424669.332333353173453, 601447.807229767786339 ], [ 424667.847573322069366, 601439.270779885817319 ], [ 424658.746982195065357, 601386.949120517121628 ], [ 424656.100441264687106, 601339.321234771516174 ], [ 424656.10046710568713, 601333.918538246653043 ], [ 424656.100355803850107, 601326.091308385832235 ], [ 424656.927850355452392, 601323.195168777601793 ], [ 424659.008207779726945, 601315.913936559809372 ], [ 424661.330083284003194, 601307.787485413136892 ], [ 424661.392463392752688, 601307.569182323757559 ], [ 424673.770383174763992, 601299.317556611495093 ], [ 424680.043989181926008, 601295.135313781094737 ], [ 424681.019741434429307, 601294.48474545031786 ], [ 424704.927280624397099, 601278.546931970049627 ], [ 424788.406748077832162, 601222.895850775414146 ], [ 424821.72774257772835, 601212.293887661071494 ], [ 424838.598848815192468, 601206.926047676010057 ], [ 424844.51217294880189, 601205.044537598383613 ], [ 424904.836765972780995, 601185.850622864556499 ], [ 424989.996914817544166, 601108.615169817581773 ], [ 425000.590412636869587, 601099.007381594507024 ], [ 425010.69055605889298, 601089.846980201895349 ], [ 425013.286167042097077, 601087.493062912719324 ], [ 425018.620189158944413, 601082.655379585339688 ], [ 425019.937557188444771, 601081.338046508957632 ], [ 425023.283982855500653, 601077.991763605619781 ], [ 425036.886004206025973, 601064.390181407565251 ], [ 425044.097244157572277, 601057.179193520685658 ], [ 425064.429679002147168, 601036.847396544064395 ], [ 425086.096126188291237, 601015.181552685680799 ], [ 425101.614203829900362, 601012.595238662906922 ], [ 425133.726797910640016, 601007.243141342769377 ], [ 425135.567987462913152, 601007.24311279586982 ], [ 425165.856426150072366, 601007.242856972734444 ], [ 425181.357459321443457, 601007.242705674376339 ], [ 425233.496864518383518, 601022.378447968047112 ], [ 425263.388296566496138, 601031.055700326804072 ], [ 425284.644834135309793, 601044.658847549348138 ], [ 425329.54239276034059, 601073.391107102506794 ], [ 425382.466733859153464, 601200.39860645099543 ], [ 425407.925721716601402, 601253.858073969022371 ], [ 425410.712585577333812, 601259.709867489989847 ], [ 425429.715312141110189, 601299.612331449869089 ], [ 425435.390820296481252, 601311.529973111581057 ], [ 425452.338801935664378, 601430.150352665572427 ], [ 425455.725156677945051, 601453.851984068402089 ], [ 425459.207875668187626, 601478.227743928553537 ], [ 425479.924729275691789, 601601.219585901359096 ], [ 425481.499753008363768, 601610.5700875276234 ], [ 425501.548920011497103, 601729.597381672705524 ], [ 425520.093071352166589, 601880.154875679058023 ], [ 425527.639276868896559, 601941.420491228811443 ], [ 425534.628556040814146, 601998.166195416008122 ], [ 425535.95726405759342, 602007.465342485113069 ], [ 425539.921305118245073, 602035.21009094431065 ], [ 425550.271092931332532, 602062.117414684267715 ], [ 425554.303352592512965, 602072.600476537831128 ], [ 425579.614476606424432, 602138.403636558563448 ], [ 425589.538588404306211, 602154.942571657011285 ], [ 425604.811099837999791, 602180.394773310166784 ], [ 425619.556881151918788, 602204.969065016950481 ], [ 425635.184483027202077, 602231.013032084680162 ], [ 425636.510632529738359, 602232.256259868852794 ], [ 425677.523277483531274, 602270.702714151120745 ], [ 425739.673885901691392, 602319.206642986857332 ], [ 425755.11654462775914, 602331.258500418392941 ], [ 425784.989683067775331, 602354.572360598249361 ], [ 425786.016299663227983, 602355.373486015945673 ], [ 425913.315693606447894, 602405.181936747161672 ], [ 425913.4783451918629, 602406.551366315688938 ], [ 425916.037439412961248, 602406.246842747204937 ], [ 425938.170527290087193, 602414.906851323554292 ], [ 426057.247657501429785, 602462.533636401058175 ], [ 426074.175132083008066, 602468.437980054994114 ], [ 426078.467125924944412, 602469.935092763975263 ], [ 426084.778686077857856, 602472.136508925003 ], [ 426123.894127625855617, 602485.780290634487756 ], [ 426153.279978334670886, 602496.03026507049799 ], [ 426171.032527680159546, 602502.222508041304536 ], [ 426215.061438535747584, 602517.844221861800179 ], [ 426222.981120610842481, 602520.654192652786151 ], [ 426231.616800995660014, 602523.718255886808038 ], [ 426231.686745997809339, 602523.743026240495965 ], [ 426242.16548863821663, 602527.461034332052805 ], [ 426253.063458219461609, 602531.327667701756582 ], [ 426258.002512544800993, 602535.937161364709027 ], [ 426272.04105115897255, 602549.038759406423196 ], [ 426292.756079954444431, 602568.371218824991956 ], [ 426297.500113497953862, 602572.116194875445217 ], [ 426309.281643885653466, 602581.416721122339368 ], [ 426343.03323492326308, 602608.060681146103889 ], [ 426355.315170474699698, 602621.979099701624364 ], [ 426357.502095999312587, 602624.457495665294118 ], [ 426382.72595162136713, 602653.042322737979703 ], [ 426414.480340745707508, 602705.961876712739468 ], [ 426415.375458833994344, 602708.646954805823043 ], [ 426440.942516110604629, 602785.341686681844294 ], [ 426441.302191047521774, 602788.629806372802705 ], [ 426445.132264243322425, 602823.641530361725017 ], [ 426447.847503547207452, 602848.463588996441104 ], [ 426451.708346123341471, 602883.757054581074044 ], [ 426459.096983365307096, 602951.300676641170867 ], [ 426459.467287113657221, 602954.68543751433026 ], [ 426465.514790612854995, 603067.140548582538031 ], [ 426465.795547031913884, 603072.361737715546042 ], [ 426466.084029228193685, 603077.724473258596845 ], [ 426458.145379723864608, 603192.050698602572083 ], [ 426455.019916951016057, 603237.062611301313154 ], [ 426452.855210288078524, 603268.236702222842723 ], [ 426439.625521293608472, 603360.846836898010224 ], [ 426439.11189809453208, 603365.127388617140241 ], [ 426437.421869086218067, 603379.211021387134679 ], [ 426431.687706461467315, 603426.996949764201418 ], [ 426401.794417709577829, 603473.970529254060239 ], [ 426394.64216114289593, 603485.209355051745661 ], [ 426377.744975782872643, 603514.601041884394363 ], [ 426343.766069392440841, 603573.705347917275503 ], [ 426338.970220067189075, 603582.047378326999024 ], [ 426309.925789987901226, 603632.568592683644965 ], [ 426305.997775622876361, 603639.401069296523929 ], [ 426254.298533210647292, 603729.328715393203311 ], [ 426237.199233025312424, 603759.072042760439217 ], [ 426218.676618438388687, 603804.054293790832162 ], [ 426216.183702004957013, 603848.932854572427459 ], [ 426216.031037001986988, 603851.682221182156354 ], [ 426217.340220735233743, 603918.415425001294352 ], [ 426217.475891721027438, 603925.327264653868042 ], [ 426217.92426804441493, 603948.184110712027177 ], [ 426218.678487099299673, 603986.6283170923125 ], [ 426219.714005220739637, 603991.11472356307786 ], [ 426233.310197178972885, 604050.025371725670993 ], [ 426244.871307048480958, 604100.11842305783648 ], [ 426249.887321028392762, 604121.851882155169733 ], [ 426250.433836030191742, 604124.219898508512415 ], [ 426255.484754701377824, 604145.041794381220825 ], [ 426267.520144641224761, 604194.656651899800636 ], [ 426269.165449498163071, 604201.439308933448046 ], [ 426270.262097113532946, 604205.9601221998455 ], [ 426281.079272507457063, 604250.552494671894237 ], [ 426310.742918281583115, 604372.837773865554482 ], [ 426321.806105364987161, 604418.444334228057414 ], [ 426325.852235948550515, 604435.124163870699704 ], [ 426342.604249306430575, 604493.75081236846745 ], [ 426343.368011929269414, 604496.423714598407969 ], [ 426353.750651920505334, 604532.759378246264532 ], [ 426357.607158886734396, 604546.255877095274627 ], [ 426401.42484510462964, 604638.496192118036561 ], [ 426407.885060109198093, 604652.095539197209291 ], [ 426456.797457858163398, 604743.53271719138138 ], [ 426468.747674740327056, 604765.872762818355113 ], [ 426491.636442140385043, 604792.975747634191066 ], [ 426503.15626398922177, 604806.616591491852887 ], [ 426511.716369964065962, 604816.752991300541908 ], [ 426515.176268236886244, 604820.849850805941969 ], [ 426514.826570972567424, 604821.824849635129794 ], [ 426513.596059409552254, 604823.215662068105303 ], [ 426513.133503551653121, 604823.738628596067429 ], [ 426511.757624162593856, 604827.760571036720648 ], [ 426510.123684854304884, 604833.518243862083182 ], [ 426509.534966972540133, 604835.592811787384562 ], [ 426508.264887575991452, 604845.118462145910598 ], [ 426506.147927986283321, 604849.034547371440567 ], [ 426503.607695986051112, 604856.020048913778737 ], [ 426502.020091405487619, 604862.476373635232449 ], [ 426501.385063985304441, 604868.509248322574422 ], [ 426500.855908726924099, 604876.129734897171147 ], [ 426502.655361057666596, 604882.268497552955523 ], [ 426505.936698679230176, 604887.560379942064174 ], [ 426515.449649331509136, 604896.014338993001729 ], [ 426518.585370474029332, 604898.594165472779423 ], [ 426521.403607691288926, 604900.658035635831766 ], [ 426530.175646416202653, 604905.698636585846543 ], [ 426535.53417330852244, 604908.873737070243806 ], [ 426544.464967685285956, 604913.636496038525365 ], [ 426548.11676151829306, 604915.859161069034599 ], [ 426550.379239588102791, 604918.081745788222179 ], [ 426553.117988702317234, 604921.653791145887226 ], [ 426561.135958867205773, 604935.148452875087969 ], [ 426563.835222941706888, 604943.086439450737089 ], [ 426565.740647471626289, 604957.374846882303245 ], [ 426566.375819806300569, 604968.170456688734703 ], [ 426564.153044783684891, 604975.314807222574018 ], [ 426566.058394975261763, 604984.36409602954518 ], [ 426570.503953212115448, 604989.761931746732444 ], [ 426576.537280752672814, 604995.15974997531157 ], [ 426585.390367794956546, 605001.042725844541565 ], [ 426601.177971377968788, 604972.179604889126495 ], [ 426608.647930200968403, 604957.351204414502718 ], [ 426613.887387088558171, 604950.894857372739352 ], [ 426620.185163221089169, 604943.062577274511568 ], [ 426625.890090749191586, 604937.410597922513261 ], [ 426639.038837003870867, 604926.352783725247718 ], [ 426648.961870960949454, 604919.7377125157509 ], [ 426662.19263017521007, 604917.422253613476641 ], [ 426674.431137575767934, 604918.414461372653022 ], [ 426691.961994784185663, 604926.683123871101998 ], [ 426695.10583894373849, 604930.275647581554949 ], [ 426701.223642750177532, 604937.266989181400277 ], [ 426718.09311504161451, 604956.450475258869119 ], [ 426729.588218680582941, 604985.076302740257233 ], [ 426733.639642349909991, 604992.899094063672237 ], [ 426739.19672493764665, 605001.630858029820956 ], [ 426746.341405962069985, 605005.599706676090136 ], [ 426764.202967305085622, 605006.393440549145453 ], [ 426791.193710300023668, 605002.820997373433784 ], [ 426814.612176347291097, 605000.042399566853419 ], [ 426827.313790439337026, 605003.614365071989596 ], [ 426836.839878372382373, 605003.217394336475991 ], [ 426843.98449255421292, 604998.851315141306259 ], [ 426856.686002970091067, 604989.325664591626264 ], [ 426868.19660925026983, 604977.021626941976137 ], [ 426873.065208321786486, 604973.999816855764948 ], [ 426879.707352127181366, 604969.877192044630647 ], [ 426893.59970828704536, 604969.877104469574988 ], [ 426912.255105665884912, 604970.670617418712936 ], [ 426933.292176320974249, 604973.845581031870097 ], [ 426945.993725118518341, 604983.768042142735794 ], [ 426960.283086134353653, 604996.468815356958658 ], [ 426966.449764225166291, 605001.313502889126539 ], [ 426976.954122333787382, 605009.566338268574327 ], [ 426979.658532309578732, 605012.445154615212232 ], [ 427001.563608973810915, 605035.76158237690106 ], [ 427016.64680608920753, 605046.080807808786631 ], [ 427032.523801373550668, 605048.065152279101312 ], [ 427040.399932089378126, 605049.115100692724809 ], [ 427050.385340575012378, 605050.446445828303695 ], [ 427074.994662749697454, 605057.590340503607877 ], [ 427085.493575185886584, 605056.96039117348846 ], [ 427114.687109272636008, 605055.208616775111295 ], [ 427142.396889209805522, 605053.689933240762912 ], [ 427172.63798799685901, 605052.032734884764068 ], [ 427224.63488943700213, 605052.826002068351954 ], [ 427261.945715159294195, 605050.841152125503868 ], [ 427263.136248996248469, 605036.155623346799985 ], [ 427267.899256560660433, 605016.310650742496364 ], [ 427271.074474256660324, 604998.449928618036211 ], [ 427273.05886953487061, 604981.780092962901108 ], [ 427281.129345477093011, 604959.553530947770923 ], [ 427285.495485501829535, 604944.07440389576368 ], [ 427289.265170192462392, 604937.163521303911693 ], [ 427297.402904272952583, 604922.244605993153527 ], [ 427308.913557197491173, 604903.193315296550281 ], [ 427317.972213013214059, 604893.424456099164672 ], [ 427329.156333800870925, 604881.363488226314075 ], [ 427352.574623232067097, 604857.152186426566914 ], [ 427375.077187882794533, 604829.569391449680552 ], [ 427377.183558524819091, 604826.987450164975598 ], [ 427389.862694938201457, 604814.055187811958604 ], [ 427397.029592424863949, 604806.745187785709277 ], [ 427415.287961652851664, 604792.853490850538947 ], [ 427431.164805255364627, 604782.533873492851853 ], [ 427447.835447304591071, 604768.245261458097957 ], [ 427472.84133249061415, 604743.637128766509704 ], [ 427487.13044982025167, 604728.554622369818389 ], [ 427500.625808964367025, 604717.044424502062611 ], [ 427510.198385868978221, 604713.265821347711608 ], [ 427515.708758422639221, 604711.090757339494303 ], [ 427534.761082539800555, 604708.312197885825299 ], [ 427551.828756915521808, 604712.281080388114788 ], [ 427575.247325735457707, 604714.662260131095536 ], [ 427596.284321885672398, 604715.058893012697808 ], [ 427616.527384837216232, 604713.867912504938431 ], [ 427628.435118083958514, 604712.280223786830902 ], [ 427641.930390259600244, 604709.501807054970413 ], [ 427658.115134302526712, 604705.631441548350267 ], [ 427660.188898021588102, 604705.135677047073841 ], [ 427684.401284434599802, 604699.181939156260341 ], [ 427717.742714001098648, 604689.655952920438722 ], [ 427740.455231437692419, 604687.745352033176459 ], [ 427760.213429141847882, 604686.083307152031921 ], [ 427776.884301017911639, 604682.90795239165891 ], [ 427794.348805862129666, 604678.145004005054943 ], [ 427809.035042567062192, 604670.206818319507875 ], [ 427822.923011118720751, 604660.998640723060817 ], [ 427845.55161720776232, 604645.995383589761332 ], [ 427863.810106279794127, 604639.644753722823225 ], [ 427888.022313334222417, 604632.500267657800578 ], [ 427889.93702514260076, 604631.542931117932312 ], [ 427899.929993224563077, 604626.546565477736294 ], [ 427924.539196698286105, 604614.639352253056131 ], [ 427940.416008350148331, 604602.732148984796368 ], [ 427948.751281316042878, 604594.794000467984006 ], [ 427957.483479211397935, 604582.886830428033136 ], [ 427967.406369197415188, 604562.64473508275114 ], [ 427986.458402853982989, 604530.495626296033151 ], [ 427995.984425822854973, 604513.82564523187466 ], [ 427999.149846511194482, 604509.710686498438008 ], [ 428003.922790293756407, 604503.506082525942475 ], [ 428023.509008853347041, 604489.737968453671783 ], [ 428045.202420871821232, 604465.006254018982872 ], [ 428063.063910076278262, 604446.748502799659036 ], [ 428071.00221971917199, 604434.841397606418468 ], [ 428076.162136213912163, 604422.537452289834619 ], [ 428082.909586419118568, 604410.63024005619809 ], [ 428093.229451547143981, 604397.135471917339601 ], [ 428102.358600362436846, 604383.243900208501145 ], [ 428106.133510915155057, 604374.855464998516254 ], [ 428113.075315736525226, 604359.429669945966452 ], [ 428124.824675244977698, 604332.807969284709543 ], [ 428129.745680704887491, 604323.708387404913083 ], [ 428140.462500270921737, 604310.21355978178326 ], [ 428148.797779613174498, 604299.497149356408045 ], [ 428163.483853701036423, 604287.986843625549227 ], [ 428184.917609131662175, 604274.888964109239168 ], [ 428205.557615003315732, 604264.569215532275848 ], [ 428230.563518944312818, 604245.914535657735541 ], [ 428247.234198344231118, 604237.182646520202979 ], [ 428257.554199376783799, 604235.197953834896907 ], [ 428270.826838706969284, 604238.948588167200796 ], [ 428275.812833241361659, 604240.357537717791274 ], [ 428286.669602221460082, 604246.593788016587496 ], [ 428294.468309804389719, 604251.073668572702445 ], [ 428306.773018951003905, 604259.805376362521201 ], [ 428316.696131629694719, 604262.186740854289383 ], [ 428327.413085002801381, 604260.995825169724412 ], [ 428337.336124477500562, 604260.598777864128351 ], [ 428346.068447852274403, 604252.660642106435262 ], [ 428355.594334411318414, 604233.609364861389622 ], [ 428360.357249763561413, 604219.717644847696647 ], [ 428362.341765574296005, 604203.047897791722789 ], [ 428365.119948578940239, 604181.218203897587955 ], [ 428365.901371564250439, 604173.11098520597443 ], [ 428366.870040029578377, 604163.060140260728076 ], [ 428368.295001050806604, 604148.275328431278467 ], [ 428373.454792862350587, 604126.84267849160824 ], [ 428377.423950597527437, 604116.920048784930259 ], [ 428382.583914536284283, 604105.409871975774877 ], [ 428390.125297346734442, 604095.090351776918396 ], [ 428400.842071210849099, 604078.817292213439941 ], [ 428412.749636111955624, 604069.291493948898278 ], [ 428427.038922808133066, 604058.971884506521747 ], [ 428435.771009244082961, 604050.636965493788011 ], [ 428451.250925304717384, 604030.394793917541392 ], [ 428469.509266531676985, 604020.868992773932405 ], [ 428484.195409664593171, 604014.915193522465415 ], [ 428501.263045209983829, 604010.549198464024812 ], [ 428503.677623796276748, 604010.880615092581138 ], [ 428516.447816454339772, 604012.633816863410175 ], [ 428533.017029645561706, 604018.486808682442643 ], [ 428545.718707694206387, 604026.821595113957301 ], [ 428558.023441525991075, 604031.981233485392295 ], [ 428571.121913251467049, 604035.950097786495462 ], [ 428583.426459903887007, 604035.15621808602009 ], [ 428596.921906984294765, 604030.7901078206487 ], [ 428607.638730464270338, 604024.836487842723727 ], [ 428620.340245908650104, 604018.089024934801273 ], [ 428631.851007787045091, 604010.150802000425756 ], [ 428641.774054956622422, 604001.419024487142451 ], [ 428647.727682075696066, 603990.305553360376507 ], [ 428650.902997010329273, 603979.986174809047952 ], [ 428649.31519376556389, 603966.88843146734871 ], [ 428644.552000031573698, 603954.981433379114605 ], [ 428638.598057172377594, 603945.059002236928791 ], [ 428634.541160872613546, 603941.388157009496354 ], [ 428625.319263446610421, 603933.043913142406382 ], [ 428607.637705772765912, 603922.435936832567677 ], [ 428593.745269295410253, 603910.528981395531446 ], [ 428580.249639229499735, 603893.06546317297034 ], [ 428564.372370581200812, 603860.916568537941203 ], [ 428560.799994580214843, 603848.215868125669658 ], [ 428558.815112412848976, 603826.386256556725129 ], [ 428562.78415896941442, 603810.510125453583896 ], [ 428564.280841052124742, 603808.648498649708927 ], [ 428569.570563705521636, 603802.068802400375716 ], [ 428579.057845382252708, 603790.267982787685469 ], [ 428589.377813523868099, 603777.567075846600346 ], [ 428600.094468996860087, 603762.881521546980366 ], [ 428606.44507077743765, 603743.830315878731199 ], [ 428611.842600257194135, 603727.723801589687355 ], [ 428614.537251361063682, 603719.682937639881857 ], [ 428631.450429700373206, 603662.862028157687746 ], [ 428639.785667799878865, 603641.826237763278186 ], [ 428647.723974234075285, 603635.078840671107173 ], [ 428663.204092978092376, 603631.506472621345893 ], [ 428677.890142744698096, 603627.934246624237858 ], [ 428693.370138010766823, 603622.377529324963689 ], [ 428709.214621447725222, 603618.285154844052158 ], [ 428714.615586914180312, 603616.890210333513096 ], [ 428720.823955018422566, 603615.629811356193386 ], [ 428728.233075046737213, 603612.85153468279168 ], [ 428738.156220831850078, 603608.485423999023624 ], [ 428754.694584833458066, 603599.753513850737363 ], [ 428768.189885800762568, 603590.7568519259803 ], [ 428771.165382002247497, 603589.478841003263369 ], [ 428817.854964018100873, 603569.424731657025404 ], [ 428822.857944839401171, 603567.275850212667137 ], [ 428888.970348454313353, 603490.738059227587655 ], [ 428914.034382835729048, 603469.743259748443961 ], [ 428932.466956140939146, 603454.303141063661315 ], [ 428953.025727301777806, 603437.082166123553179 ], [ 428957.201129161869176, 603433.584700412466191 ], [ 428971.131288745789789, 603421.916069931699894 ], [ 429017.979140577779617, 603358.677504900260828 ], [ 429019.319702176610008, 603356.867896366049536 ], [ 429088.416867288877256, 603263.595728720189072 ], [ 429089.214341931976378, 603262.51919921929948 ], [ 429099.003691641264595, 603257.624753191368654 ], [ 429114.8805582576897, 603262.916574044153094 ], [ 429146.634692481718957, 603289.376201886101626 ], [ 429164.875906219473109, 603330.719453833065927 ], [ 429186.327846307482105, 603379.339896896271966 ], [ 429223.80687463353388, 603414.894084482453763 ], [ 429289.528696737485006, 603477.24081232608296 ], [ 429398.021752686589025, 603572.495773103670217 ], [ 429478.967478938982822, 603630.847237779991701 ], [ 429511.806943612114992, 603654.520471330499277 ], [ 429643.649413378618192, 603686.899442488676868 ], [ 429662.637853567604907, 603691.562893368653022 ], [ 429691.374113256693818, 603687.599052184610628 ], [ 429816.114187956263777, 603670.393275246606208 ], [ 429856.655882055172697, 603659.271307499962859 ], [ 429902.359179840481374, 603646.733378363540396 ], [ 429932.143504440784454, 603638.562701800605282 ], [ 429965.621206161449663, 603629.378653998486698 ], [ 430092.636086529819295, 603605.563381564570591 ], [ 430175.782119991257787, 603618.553260480519384 ], [ 430177.312850313610397, 603618.792448632768355 ], [ 430222.537399303808343, 603646.723014769144356 ], [ 430267.282483087445144, 603674.357525879517198 ], [ 430269.312861982500181, 603676.08916731539648 ], [ 430357.252374544856139, 603751.090536395902745 ], [ 430400.815499024640303, 603780.790398625656962 ], [ 430473.683737560291775, 603830.469267862616107 ], [ 430506.331682708521839, 603852.001398380030878 ], [ 430598.053506547352299, 603912.494142769603059 ], [ 430713.77689478197135, 603994.668058626819402 ], [ 430780.639101778855547, 604042.14621009491384 ], [ 430806.824089715140872, 604094.511684465920553 ], [ 430810.561748309526592, 604101.98623154044617 ], [ 430815.039925826829858, 604110.941808625822887 ], [ 430785.949785402335692, 604155.484594413428567 ], [ 430764.411148986546323, 604188.46447296300903 ], [ 430760.206428735633381, 604194.902677847072482 ], [ 430730.364445864746813, 604240.596809684531763 ], [ 430730.314168374810833, 604240.668549810652621 ], [ 430730.12618042883696, 604240.956596292904578 ], [ 430726.022493998403661, 604246.834723929758184 ], [ 430709.020496676443145, 604271.187968845828436 ], [ 430683.939774147118442, 604307.113265182939358 ], [ 430636.505827179527842, 604375.056849966756999 ], [ 430604.094398375600576, 604421.482365543255582 ], [ 430563.245269188133534, 604479.994007319561206 ], [ 430545.182253978040535, 604505.867377402842976 ], [ 430485.360299233230762, 604591.555433692177758 ], [ 430477.231025991379283, 604603.468556202016771 ], [ 430423.535051492799539, 604682.158159162965603 ], [ 430339.80861035984708, 604804.856612321687862 ], [ 430332.116693670861423, 604816.128990966244601 ], [ 430299.665794330183417, 604904.825716491555795 ], [ 430298.78535653068684, 604907.232444897294044 ], [ 430293.933340722462162, 604920.493907219963148 ], [ 430293.830134708841797, 604920.776185959111899 ], [ 430275.169251274841372, 604971.781689262366854 ], [ 430272.588441666448489, 604978.835674640024081 ], [ 430243.482101988629438, 605103.19807993050199 ], [ 430227.41255240002647, 605145.73392137081828 ], [ 430213.381055770791136, 605182.875275006401353 ], [ 430198.49879976263037, 605222.268492334522307 ], [ 430177.113870382891037, 605257.070176438195631 ], [ 430153.10281235340517, 605296.145761296385899 ], [ 430118.545048438827507, 605352.385001417249441 ], [ 430097.236680155678187, 605387.062200789456256 ], [ 430079.086123550368939, 605416.600424024509266 ], [ 430063.645208755740896, 605441.72893707244657 ], [ 430063.54743897926528, 605441.888008477399126 ], [ 430063.325463078217581, 605442.221896042348817 ], [ 430051.837380758544896, 605459.496046443935484 ], [ 430038.545562207465991, 605479.48237498186063 ], [ 430016.516305214492604, 605512.60669008269906 ], [ 430011.305164667544886, 605520.442319564172067 ], [ 429905.84011055843439, 605679.025331073557027 ], [ 429903.131657460005954, 605683.097754596499726 ], [ 429884.93521881790366, 605710.459029126330279 ], [ 429864.932583298534155, 605731.910281473654322 ], [ 429842.340250985173043, 605756.138974333531223 ], [ 429824.571294593159109, 605775.19480003870558 ], [ 429753.146149129141122, 605851.792969815665856 ], [ 429717.462890009745024, 605890.060651295352727 ], [ 429702.352970175095834, 605906.264891346916556 ], [ 429673.418952419888228, 605926.156437612487935 ], [ 429627.170566475600936, 605957.951098872232251 ], [ 429617.676906018517911, 605964.477807810995728 ], [ 429600.844126231386326, 605967.283281853538938 ], [ 429551.167617040278856, 605975.562771677738056 ], [ 429458.908240369288251, 605990.939624730381183 ], [ 429345.124097758438438, 606012.108670443412848 ], [ 429308.078266773256473, 606043.861065857112408 ], [ 429307.957176647498272, 606044.122473507304676 ], [ 429287.249437819351442, 606088.80638093536254 ], [ 429257.802622685092501, 606152.347640161169693 ], [ 429253.288745059107896, 606166.874017229536548 ], [ 429245.343858091160655, 606192.441536120488308 ], [ 429240.409505452786107, 606208.32111571833957 ], [ 429236.985737614624668, 606219.338911568862386 ], [ 429208.509850170172285, 606310.977928955922835 ], [ 429203.681605900055729, 606326.515729995910078 ], [ 429197.978396010352299, 606344.86936300212983 ], [ 429185.035971111035906, 606386.519524175324477 ], [ 429183.891448931535706, 606397.474386442103423 ], [ 429181.432512797298841, 606421.011855013086461 ], [ 429181.26837459509261, 606422.583519317908213 ], [ 429179.92995160917053, 606435.394425975857303 ], [ 429178.125402106554247, 606452.667359893326648 ], [ 429173.060027988045476, 606501.151810266892426 ], [ 429171.976891219383106, 606511.520548594882712 ], [ 429170.5776428511017, 606524.913378328783438 ], [ 429166.514823127537966, 606563.801707527949475 ], [ 429157.497500506928191, 606648.568211397621781 ], [ 429154.944072292360943, 606672.570985592552461 ], [ 429154.464680146251339, 606677.077382024494 ], [ 429153.359645302814897, 606687.465288935462013 ], [ 429153.285324343363754, 606688.163907043403015 ], [ 429153.713093278231099, 606696.716573721845634 ], [ 429157.351923687383533, 606769.474786442122422 ], [ 429158.213608365447726, 606786.704416637076065 ], [ 429161.225403425400145, 606846.923857961664908 ], [ 429167.122770816320553, 606891.257826700108126 ], [ 429167.782854780438356, 606896.219856614945456 ], [ 429168.778948987019248, 606903.707848051097244 ], [ 429171.608597086626105, 606924.979993353364989 ], [ 429174.085946181905456, 606943.603776787873358 ], [ 429182.816281080595218, 607009.233333406737074 ], [ 429183.17337463441072, 607011.917851772275753 ], [ 429187.036473440704867, 607040.957951632677577 ], [ 429193.931566288752947, 607092.791525003383867 ], [ 429196.951290141441859, 607115.492562206694856 ], [ 429200.738509984803386, 607153.358616326819174 ], [ 429203.657209176628385, 607182.542412455775775 ], [ 429207.536818455089815, 607221.332544833654538 ], [ 429233.534942054830026, 607305.43586967792362 ], [ 429240.958561124047264, 607329.451070181443356 ], [ 429252.523020411666948, 607366.861858475254849 ], [ 429264.898453722300474, 607386.73605842993129 ], [ 429297.06812105543213, 607438.398428172688 ], [ 429311.740982495539356, 607461.962074132752605 ], [ 429314.27983247343218, 607466.039314254885539 ], [ 429339.847356787417084, 607507.099093974102288 ], [ 429349.041337978618685, 607523.029229481937364 ], [ 429403.926523700705729, 607618.128212705487385 ], [ 429423.648121823964175, 607652.299472496961243 ], [ 429428.283720907464158, 607660.331560945836827 ], [ 429433.902837834088132, 607670.067787842475809 ], [ 429434.180305733985733, 607670.548433564254083 ], [ 429439.215079381072428, 607679.272210946423002 ], [ 429446.240876189956907, 607691.445589596172795 ], [ 429460.051029482390732, 607715.374242906458676 ], [ 429476.994006849708967, 607744.731437557376921 ], [ 429491.414114211453125, 607769.71685651037842 ], [ 429493.647888336912729, 607773.587107208208181 ], [ 429513.1731419263524, 607807.418409354169853 ], [ 429528.170054597372655, 607834.553411743836477 ], [ 429558.158190928399563, 607888.813372887088917 ], [ 429584.332152611983474, 607936.171997332014143 ], [ 429614.094073102925904, 607990.022703696973622 ], [ 429624.313385799294338, 608008.513386731152423 ], [ 429668.703539846464992, 608092.847688926733099 ], [ 429710.483387278974988, 608172.222792085725814 ], [ 429715.856940373079851, 608182.431545867118984 ], [ 429719.942334419523831, 608190.193226988776587 ], [ 429720.869144056050573, 608191.953970521455631 ], [ 429722.819623965246137, 608195.659665119019337 ], [ 429723.247756478143856, 608196.473072556895204 ], [ 429726.108901771891396, 608201.908791172434576 ], [ 429730.161563183180988, 608209.608149581472389 ], [ 429732.589628532412462, 608214.026646805810742 ], [ 429741.030695135181304, 608229.387132471194491 ], [ 429807.212338705081493, 608349.819764168816619 ], [ 429925.137909217562992, 608564.412453092169017 ], [ 429941.203113842988387, 608593.646612071781419 ], [ 429941.509906292310916, 608594.204961341805756 ], [ 429943.180514826381113, 608597.24499766365625 ], [ 430010.881238131085411, 608716.920606603962369 ], [ 430050.121143644559197, 608786.285729549592361 ], [ 430054.471569958899636, 608793.97602432500571 ], [ 430091.367449188837782, 608859.197467486723326 ], [ 430091.640474731451832, 608859.665736828930676 ], [ 430091.817774998256937, 608859.969481781008653 ], [ 430153.04930059320759, 608964.982611422426999 ], [ 430195.186833028681576, 609037.249069207347929 ], [ 430204.906796474126168, 609053.918944863951765 ], [ 430220.103130696108565, 609079.980849247658625 ], [ 430243.594029356434476, 609120.268089209450409 ], [ 430286.127223434974439, 609193.213262238772586 ], [ 430309.678583439148497, 609233.604282188229263 ], [ 430346.146589509909973, 609300.621791646932252 ], [ 430364.812327522668056, 609334.923501849989407 ], [ 430505.49735280952882, 609593.458318137098104 ], [ 430536.818915312236641, 609643.871546870446764 ], [ 430571.181779838865623, 609699.179811302223243 ], [ 430611.29585282492917, 609763.745037559652701 ], [ 430793.11447497154586, 610056.38888130011037 ], [ 430861.410354055871721, 610166.313535809051245 ], [ 430868.49495028401725, 610177.547846406232566 ], [ 430877.784077523916494, 610192.277930259471759 ], [ 430898.323616849258542, 610224.848058911156841 ], [ 430951.622254885791335, 610309.36580465186853 ], [ 430976.213349802303128, 610348.360608805087395 ], [ 430975.466819670575205, 610348.588683615322225 ], [ 430969.100982995005324, 610350.532880656188354 ], [ 430955.739435099705588, 610355.023308425792493 ], [ 430946.918386756326072, 610358.233557888772339 ], [ 430942.508608305361122, 610359.929699642583728 ], [ 430929.366423119790852, 610364.984263874706812 ], [ 430915.174752910272218, 610370.904714382370003 ], [ 430907.083771341713145, 610374.72510062600486 ], [ 430898.002723270910792, 610379.555603299755603 ], [ 430890.811529651342425, 610383.883674332173541 ], [ 430888.381643963046372, 610385.34610054816585 ], [ 430882.130958439141978, 610389.416272179340012 ], [ 430877.604195481457282, 610392.61090445087757 ], [ 430869.929611836152617, 610398.026951259351335 ], [ 430855.457929420052096, 610408.837800937588327 ], [ 430848.327135738392826, 610414.378321530413814 ], [ 430824.874477010802366, 610433.299713794142008 ], [ 430818.553729799576104, 610438.260160236270167 ], [ 430805.722274225438014, 610447.950872319284827 ], [ 430799.38159336487297, 610452.201238783891313 ], [ 430794.981057693657931, 610454.741422804072499 ], [ 430785.850024066865444, 610459.451812891755253 ], [ 430794.623268252122216, 610490.645778686273843 ], [ 430798.557073737028986, 610497.849605750991032 ], [ 430774.868351734592579, 610524.695775981293991 ], [ 430767.16074166924227, 610533.430991801433265 ], [ 430761.293041989847552, 610540.080716282245703 ], [ 430751.56295854394557, 610551.107741357642226 ], [ 430709.022952369065024, 610599.317976802936755 ], [ 430686.463633527921047, 610625.229735682834871 ], [ 430667.448586323414929, 610647.070585831184871 ], [ 430651.468838870292529, 610665.425119824125431 ], [ 430578.32905933924485, 610749.434098778991029 ], [ 430555.962690499552991, 610775.124344327254221 ], [ 430513.209517841925845, 610824.230927338940091 ], [ 430448.683433799596969, 610906.220109352027066 ], [ 430446.191061104414985, 610909.38677805592306 ], [ 430383.31095545203425, 610989.284450606908649 ], [ 430337.419867177086417, 611047.595261246198788 ], [ 430311.314448857097887, 611113.861383814946748 ], [ 430307.46378693706356, 611123.635735233663581 ], [ 430303.083080849552061, 611134.755709298420697 ], [ 430300.437161856330931, 611161.215724625624716 ], [ 430300.32675977551844, 611166.183709355071187 ], [ 430298.228470717091113, 611260.646201900206506 ], [ 430298.170234846649691, 611263.270540948724374 ], [ 430297.79224216012517, 611280.285778822610155 ], [ 430314.421889575605746, 611316.66009500680957 ], [ 430340.131576549145393, 611372.895321056596003 ], [ 430343.447180693969131, 611379.02864440320991 ], [ 430378.565823583106976, 611443.992932149907574 ], [ 430386.44415927620139, 611458.566832379205152 ], [ 430392.877121604571585, 611470.466733551118523 ], [ 430394.632922274293378, 611473.71478323021438 ], [ 430395.650340283755213, 611475.596937134396285 ], [ 430399.789658929570578, 611483.253843478974886 ], [ 430445.979535432357807, 611568.698323414311744 ], [ 430469.278583529696334, 611609.745782147510909 ], [ 430513.915303911548108, 611688.384966290439479 ], [ 430554.308823796978686, 611759.548798625124618 ], [ 430676.197521268739365, 611974.287855431088246 ], [ 430696.045258838217705, 612009.254802976502106 ], [ 430730.63119148084661, 612097.28439664223697 ], [ 430742.180651074857451, 612126.680724959936924 ], [ 430783.370301178656518, 612231.517897722776979 ], [ 430785.581746378040407, 612241.296186404419132 ], [ 430793.82796127902111, 612277.758807538659312 ], [ 430808.904816629597917, 612344.424811112345196 ], [ 430840.636325888684951, 612484.734120399923995 ], [ 430842.911457655427512, 612494.794324132381007 ], [ 430843.004538574430626, 612504.458302279235795 ], [ 430843.042953304131515, 612508.447976463707164 ], [ 430844.856562272994779, 612696.855028465855867 ], [ 430845.560418765351642, 612769.978344929986633 ], [ 430845.301244432921521, 612773.133060416323133 ], [ 430844.717212713439949, 612780.244055684655905 ], [ 430835.778616925701499, 612889.055862972978503 ], [ 430822.428032836760394, 613051.577049314277247 ], [ 430821.840869153849781, 613058.723330121370964 ], [ 430821.097448619373608, 613067.772926081670448 ], [ 430819.224509519641288, 613090.573775744065642 ], [ 430807.196223583770916, 613236.997883212985471 ], [ 430801.076569205557462, 613269.995800495147705 ], [ 430788.852489868935663, 613335.91000045009423 ], [ 430739.723188922565896, 613600.82368029654026 ], [ 430724.401277002762072, 613665.46699879062362 ], [ 430723.33486312587047, 613669.966325892484747 ], [ 430722.332519625022542, 613674.195266401045956 ], [ 430700.107752784795593, 613767.961482502520084 ], [ 430661.416458146413788, 613931.200208359048702 ], [ 430640.54893403686583, 614019.240566289634444 ], [ 430608.064468419994228, 614156.292236211942509 ], [ 430605.429658969049342, 614167.408748765825294 ], [ 430600.806424727023114, 614186.914339845650829 ], [ 430578.315075279329903, 614270.263487620512024 ], [ 430571.936760997632518, 614351.594152281526476 ], [ 430570.661664452869445, 614367.853118615224957 ], [ 430569.70720736682415, 614380.02331439871341 ], [ 430567.731918825535104, 614405.209731447161175 ], [ 430560.076053973345552, 614533.460843623732217 ], [ 430557.149138894106727, 614582.49183329124935 ], [ 430561.882326736755203, 614657.022286513936706 ], [ 430567.631716211442836, 614747.555582812055945 ], [ 430567.735538707929663, 614749.18976018554531 ], [ 430566.998591047071386, 614878.377555288607255 ], [ 430566.414791285875253, 614980.714892354793847 ], [ 430583.727065716928337, 615139.164968791184947 ], [ 430598.818094075773843, 615277.285252201952972 ], [ 430600.817993649980053, 615295.588453247211874 ], [ 430610.857738441321999, 615373.33650022209622 ], [ 430611.882653370848857, 615381.274584868224338 ], [ 430619.272796267468948, 615438.50316297786776 ], [ 430647.702021001139656, 615658.659963928279467 ], [ 430652.372265743673779, 615694.826283783535473 ], [ 430665.185375336499419, 615794.051578242331743 ], [ 430666.239503268501721, 615802.214453867985867 ], [ 430668.300235175411217, 615818.173000331968069 ], [ 430679.383182089426555, 615887.602775551727973 ], [ 430680.532267768867314, 615894.801358349039219 ], [ 430681.23669981630519, 615899.214024188346229 ], [ 430729.706722212373279, 616202.856209174613468 ], [ 430733.135131086863112, 616224.333434442291036 ], [ 430737.539253421709873, 616249.596732614329085 ], [ 430737.561383406165987, 616249.723216486512683 ], [ 430740.476072915364057, 616266.442321948590688 ], [ 430758.275004526600242, 616368.54022749082651 ], [ 430774.159797413449269, 616419.927279996918514 ], [ 430779.100601753161754, 616435.910919964895584 ], [ 430793.926983238256071, 616483.874111814657226 ], [ 430799.011231409967877, 616500.321357850101776 ], [ 430803.261100785632152, 616514.069770341040567 ], [ 430826.219172967714258, 616569.820319562568329 ], [ 430858.831640297430567, 616649.015144028584473 ], [ 430893.656791990972124, 616715.981337732984684 ], [ 430900.103852226224262, 616728.378361348179169 ], [ 430927.632808272377588, 616781.314520584535785 ], [ 430973.605444543412887, 616864.705641734763049 ], [ 430974.761285157641396, 616866.802138551021926 ], [ 430982.201130249653943, 616880.297377931303345 ], [ 431036.588724757370073, 616978.952325676102191 ], [ 431060.988464760710485, 617023.211613634019159 ], [ 431161.953415435214993, 617206.354278906830586 ], [ 431190.929563813260756, 617258.914761321851984 ], [ 431231.749388208030723, 617356.582316545885988 ], [ 431265.02363208134193, 617436.196046821190976 ], [ 431295.228274348773994, 617542.790687111439183 ], [ 431310.009775291662663, 617594.955593228340149 ], [ 431317.948978011263534, 617674.33554472529795 ], [ 431327.043291490292177, 617762.784203466959298 ], [ 431332.504343806067482, 617815.896457850700244 ], [ 431332.504700692952611, 617851.182910364819691 ], [ 431332.505274680908769, 617911.152418380836025 ], [ 431330.557464660145342, 617933.554277120390907 ], [ 431327.213710145675577, 617972.010571985854767 ], [ 431321.588194453390315, 617983.796750065637752 ], [ 431309.371755608241074, 618009.392553316196427 ], [ 431293.215218449535314, 618043.243282553157769 ], [ 431271.645815588184632, 618088.435187934548594 ], [ 431271.526364167337306, 618088.597610466182232 ], [ 431271.409354214847554, 618088.842752546304837 ], [ 431205.256302635651082, 618178.807718685595319 ], [ 431147.041245762084145, 618215.852525933645666 ], [ 431128.35621257807361, 618228.464576697442681 ], [ 431076.044471369124949, 618263.773842899594456 ], [ 431041.195602485211566, 618287.295878282515332 ], [ 430856.371184536954388, 618400.427234735689126 ], [ 430822.889110234042164, 618420.921752914087847 ], [ 430584.635666425107047, 618577.48301884229295 ], [ 430545.044400200655218, 618603.499397177132778 ], [ 430451.119661330594681, 618661.243826322606765 ], [ 430187.815418145852163, 618823.121927071828395 ], [ 430115.732204255473334, 618847.986233085161075 ], [ 429978.542220656119753, 618895.308751476695761 ], [ 429808.093087501474656, 618954.10354094253853 ], [ 429629.086734377138782, 619000.086214064038359 ], [ 429559.363931089697871, 619017.996428387588821 ], [ 429519.662728960160166, 619028.194739292608574 ], [ 429261.274755976046436, 619065.779191407142207 ], [ 429228.585794921847992, 619070.534028724534437 ], [ 428915.195131603861228, 619091.139736997545697 ], [ 428846.216228376608342, 619095.675217175041325 ], [ 428775.403685185534414, 619100.396531044272706 ], [ 428727.139205701416358, 619103.614495420712046 ], [ 428704.475772464415058, 619112.67961874732282 ], [ 428647.754771425330546, 619135.367463363334537 ], [ 428454.671042563568335, 619336.379143564030528 ], [ 428414.525103691150434, 619416.668658423004672 ], [ 428386.035107386647724, 619473.647084263735451 ], [ 428343.509387927770149, 619611.502860655891709 ], [ 428341.995023150753696, 619616.411977338138968 ], [ 428341.258838483714499, 619618.798321340000257 ], [ 428291.246308171306737, 619780.923923378461041 ], [ 428282.463488045148551, 619809.395093071740121 ], [ 428265.63954350957647, 619863.933502053958364 ], [ 428244.364915812504478, 619903.535800733836368 ], [ 428215.349508008919656, 619957.547349861357361 ], [ 428215.327310158172622, 619957.588526199106127 ], [ 428179.641389419324696, 620024.01739052508492 ], [ 428179.481207890843507, 620024.269689886248671 ], [ 428132.325683605798986, 620098.537184244836681 ], [ 428111.564063051017001, 620131.235617666272447 ], [ 428022.513296873774379, 620271.485914792283438 ], [ 427967.953021534194704, 620357.415679643978365 ], [ 427933.746619787416421, 620401.772182552842423 ], [ 427911.649016070936341, 620430.426718543865718 ], [ 427865.707095683028456, 620490.000947927357629 ], [ 427762.879082779458258, 620623.340919891372323 ], [ 427680.60816519142827, 620696.011071327142417 ], [ 427573.75890724582132, 620790.391455161152408 ], [ 427445.344327602069825, 620903.820485125528648 ], [ 427416.876900892355479, 620931.012220137403347 ], [ 427361.507639753865078, 620983.900306911673397 ], [ 427337.859036034788005, 621006.489328274969012 ], [ 427268.054080547997728, 621073.166382680181414 ], [ 427251.831976169138215, 621096.241927084513009 ], [ 427196.366622180561535, 621175.140696316142567 ], [ 427174.117156145512126, 621206.790354894241318 ], [ 427174.080420383019373, 621206.904547363170423 ], [ 427158.561065088724717, 621255.012846736470237 ], [ 427147.65635086648399, 621288.816752022365108 ], [ 427146.844154931837693, 621291.369028581073508 ], [ 427111.468083433748689, 621402.549758269451559 ], [ 427110.611702961090486, 621405.241234821849503 ], [ 427106.243710766313598, 621471.640478996094316 ], [ 427103.145319427072536, 621518.742937166942284 ], [ 427099.477912402013317, 621574.492646497441456 ], [ 427097.383040993125178, 621606.337410367908888 ], [ 427091.797081687487662, 621653.59334654698614 ], [ 427086.410405295784585, 621699.162517588236369 ], [ 427078.598066731647123, 621765.252653314149939 ], [ 427069.919440928671975, 621838.670817337115295 ], [ 427067.326146413106471, 621860.61030865390785 ], [ 427066.230124546797015, 621869.881948343245313 ], [ 427062.361551754060201, 621902.609722958994098 ], [ 427061.193132590968162, 621912.494502020650543 ], [ 427060.957991436938755, 621914.483360111247748 ], [ 427048.647122511523776, 622018.629617956350558 ], [ 427048.433508316462394, 622020.436956912977621 ], [ 427038.797897253243718, 622167.393646527430974 ], [ 427037.850548409216572, 622181.843152637477033 ], [ 427020.181120629946236, 622310.580413259100169 ], [ 427003.92050965258386, 622429.053513638325967 ], [ 426994.178767936653458, 622500.030348715255968 ], [ 426987.335339869605377, 622549.890883614774793 ], [ 426980.550743516301736, 622599.322443242650479 ], [ 426978.761313504772261, 622612.359614660730585 ], [ 426973.024911782937124, 622654.154957537772134 ], [ 426975.348515702586155, 622689.716763932956383 ], [ 426982.096509488474112, 622792.990844650194049 ], [ 426983.402156665048096, 622812.973544533946551 ], [ 426990.227459748799447, 622917.431850669090636 ], [ 426991.475078888877761, 622928.091153308632784 ], [ 426995.411641925864387, 622961.726544223492965 ], [ 426999.154606693307869, 622993.706332643516362 ], [ 426999.912655702559277, 623000.183340085670352 ], [ 427000.205839405534789, 623002.689245633664541 ], [ 427005.346973903418984, 623046.614959620404989 ], [ 427019.226423048588913, 623165.204340176889673 ], [ 427019.337749339814764, 623166.155706354184076 ], [ 427010.053943246719427, 623303.365414229221642 ], [ 427007.432032604760025, 623342.114785227575339 ], [ 426991.556162674620282, 623447.954888147884049 ], [ 426983.34064915595809, 623502.725965911289677 ], [ 426977.178185960976407, 623543.809918824117631 ], [ 426975.680388626758941, 623553.795118325971998 ], [ 426967.50580367987277, 623568.953333892044611 ], [ 426936.095692121016327, 623627.197601527906954 ], [ 426918.158239681157283, 623660.459117421414703 ], [ 426884.273788300692104, 623723.291384025826119 ], [ 426839.406350815377664, 623806.489650919800624 ], [ 426834.196944501483813, 623845.561372489086352 ], [ 426820.370556088222656, 623857.902794040972367 ], [ 426830.101994317257777, 623868.743360315333121 ], [ 426840.23120482818922, 623880.411180288763717 ], [ 426842.633214492583647, 623883.177941989153624 ], [ 426844.193626396532636, 623884.975404102820903 ], [ 426847.804258830379695, 623889.134326655766927 ], [ 426850.727043587598018, 623892.464261908084154 ], [ 426854.949627760099247, 623897.274794074706733 ], [ 426866.896810198319145, 623910.885642492445186 ], [ 426890.445250900753308, 623935.982966010575183 ], [ 426893.235084617510438, 623938.956346240825951 ], [ 426895.75068167981226, 623941.63732432492543 ], [ 426903.086490203568246, 623950.459959942963906 ], [ 426909.512497702846304, 623958.188215578440577 ], [ 426919.22559864341747, 623967.618315107072704 ], [ 426920.648664671636652, 623968.999950977857225 ], [ 426922.557749964820687, 623970.85357795166783 ], [ 426924.819179210928269, 623973.049025317421183 ], [ 426925.895971654681489, 623974.094581935438327 ], [ 426936.705947301583365, 623984.589672922040336 ], [ 426933.049590073700529, 623997.962920169928111 ], [ 426931.831499174819328, 624002.418419491616078 ], [ 426930.425419640319888, 624007.561235873494297 ], [ 426920.704615446738899, 624028.962704690406099 ], [ 426908.243345797178335, 624055.704492516582832 ], [ 426897.842239156714641, 624078.30614289874211 ], [ 426888.851459041237831, 624098.887587136588991 ], [ 426874.450067350990139, 624137.130236990167759 ], [ 426861.608831290097442, 624167.542280913214199 ], [ 426855.108283176319674, 624186.013607879751362 ], [ 426846.845077481295448, 624213.469376636203378 ], [ 426840.712020898703486, 624233.847293769009411 ], [ 426838.436871414480265, 624241.407354178605601 ], [ 426826.635687595291529, 624272.269591571763158 ], [ 426824.641275912988931, 624278.644179043825716 ], [ 426824.185210225521587, 624280.102002115454525 ], [ 426810.844311270280741, 624322.743028019554913 ], [ 426808.864712098671589, 624327.666822551633231 ], [ 426807.683933020802215, 624330.603481322992593 ], [ 426800.993553775828332, 624356.585339107667096 ], [ 426800.105786983447615, 624360.844882263801992 ], [ 426797.307996771065518, 624374.270264630788006 ], [ 426794.343020611559041, 624388.497395786573179 ], [ 426793.754691481706686, 624390.078527822857723 ], [ 426791.470837694359943, 624396.221457400242798 ], [ 426788.37054665654432, 624404.560132563114166 ], [ 426783.278264204680454, 624418.256484485813417 ], [ 426779.931716790888458, 624427.230042393319309 ], [ 426779.121718767855782, 624430.861506673507392 ], [ 426777.431380683439784, 624438.440849397564307 ], [ 426775.519415424496401, 624448.56498922908213 ], [ 426774.14127060258761, 624455.86191505601164 ], [ 426772.891342026588973, 624479.333421667688526 ], [ 426768.801200380083174, 624509.654917325009592 ], [ 426767.831200318061747, 624516.845997627824545 ], [ 426767.394577544298954, 624524.090391516685486 ], [ 426766.031189005181659, 624546.717923318385147 ], [ 426760.780990206520073, 624580.900170653010719 ], [ 426758.679198424157221, 624592.526047109509818 ], [ 426757.920828876667656, 624596.721345518599264 ], [ 426756.9150702120387, 624608.767223736853339 ], [ 426755.833658470772207, 624621.718879631021991 ], [ 426754.5807293804246, 624636.723882199730724 ], [ 426751.140609872178175, 624656.325225955341011 ], [ 426750.798982123262249, 624658.006261793780141 ], [ 426743.200112142716534, 624695.4077862118138 ], [ 426735.63626319123432, 624729.303983512916602 ], [ 426733.809410583402496, 624737.490604876307771 ], [ 426731.075945269374643, 624757.021004376467317 ], [ 426729.768632736522704, 624766.362034325953573 ], [ 426729.049076484050602, 624771.502847660100088 ], [ 426726.712183180556167, 624779.080052505596541 ], [ 426722.118531536485534, 624793.97443529823795 ], [ 426711.137606577482074, 624825.616613901802339 ], [ 426704.979619672521949, 624845.075241466402076 ], [ 426703.696888623991981, 624849.128186648711562 ], [ 426690.375656837713905, 624888.590893014334142 ], [ 426683.285067954857368, 624908.212307956884615 ], [ 426668.033562898286618, 624946.164949506055564 ], [ 426659.902742507169023, 624960.155980336247012 ], [ 426657.362453947076574, 624964.536146578844637 ], [ 426656.112431942776311, 624973.116753897746094 ], [ 426655.981673981121276, 624974.019747357117012 ], [ 426655.435968750272878, 624977.782940452801995 ], [ 426653.862276994390413, 624988.638002486899495 ], [ 426649.321798177494202, 625002.798741003731266 ], [ 426645.393582007731311, 625009.782364867627621 ], [ 426641.041217666352168, 625017.519832973368466 ], [ 426633.62022392929066, 625034.501044136239216 ], [ 426633.591105887549929, 625040.233948002918623 ], [ 426634.47513649740722, 625046.09330319694709 ], [ 426636.222718531615101, 625050.606080824276432 ], [ 426637.008964310982265, 625052.636394194560125 ], [ 426638.20858625578694, 625055.733920602477156 ], [ 426636.410509056644514, 625056.42090887541417 ], [ 426607.605598880036268, 625067.427720737061463 ], [ 426558.719209209026303, 625087.168342748540454 ], [ 426554.967523114057258, 625091.857746188296005 ], [ 426554.391457376186736, 625092.577778858714737 ], [ 426554.401656364498194, 625092.680946147767827 ], [ 426554.573257786338218, 625094.423844152130187 ], [ 426555.210244014393538, 625100.899393473519012 ], [ 426555.939475320046768, 625108.311631579650566 ], [ 426556.108165519428439, 625110.026775323436595 ], [ 426556.409789333411027, 625113.092936086701229 ], [ 426556.473566682718229, 625113.741464116494171 ], [ 426562.716643649036996, 625177.203329270239919 ], [ 426568.262311862199567, 625233.575285972328857 ], [ 426568.828231225954369, 625239.327115674153902 ], [ 426568.915208293998148, 625240.21039632265456 ], [ 426570.270101079717278, 625253.98373834323138 ], [ 426573.770666514290497, 625291.98256517725531 ], [ 426576.302587520331144, 625319.468274288112298 ], [ 426584.13836303493008, 625404.527503009303473 ], [ 426586.7330040721572, 625432.693372744484805 ], [ 426586.885280844988301, 625434.346832344075665 ], [ 426594.67828080826439, 625518.942193046910688 ], [ 426599.22668467432959, 625568.31531657022424 ], [ 426600.329196529404726, 625580.284294208860956 ], [ 426601.850492200464942, 625596.798544112360105 ], [ 426607.320394298585597, 625656.175359521759674 ], [ 426609.126326188794337, 625707.326607254100963 ], [ 426610.341031534597278, 625741.731149647617713 ], [ 426610.933067907579243, 625758.500636908807792 ], [ 426611.290760582196526, 625768.63045109983068 ], [ 426604.319769346504472, 625807.966732140746899 ], [ 426604.188091754796915, 625808.710251434473321 ], [ 426603.85026981937699, 625810.616342837922275 ], [ 426603.645983233349398, 625811.769400796736591 ], [ 426603.542037939652801, 625812.35583090945147 ], [ 426603.428593549178913, 625812.995914773549885 ], [ 426603.194608049525414, 625814.316350406268612 ], [ 426590.179988578543998, 625887.756075205164962 ], [ 426587.305679378623608, 625903.975333140348084 ], [ 426574.246794399805367, 625977.664753526216373 ], [ 426535.6096966281184, 626168.816622115438804 ], [ 426526.356972777633928, 626214.592943451018073 ], [ 426523.972526568162721, 626226.389632984180935 ], [ 426503.417571847094223, 626339.629070759518072 ], [ 426480.853024915268179, 626463.93933163699694 ], [ 426451.207551307801623, 626627.259339135605842 ], [ 426424.747548051935155, 626759.559682214749046 ], [ 426424.747737298544962, 626782.685998648172244 ], [ 426424.748163853306323, 626825.507563020917587 ], [ 426424.748638523975387, 626865.895506491651759 ], [ 426424.74868128541857, 626867.118344616377726 ], [ 426424.749011608073488, 626905.089809462078847 ], [ 426423.427156623627525, 627020.190862543997355 ], [ 426424.339913096860982, 627031.141477368422784 ], [ 426420.435586158651859, 627045.01367643638514 ], [ 426412.072421187069267, 627055.878363369731233 ], [ 426414.454179936728906, 627069.37308152532205 ], [ 426414.454395727370866, 627083.396848211996257 ], [ 426414.020580781041645, 627085.08490068896208 ], [ 426411.501457985839806, 627094.88925751298666 ], [ 426403.69748661207268, 627109.291919055976905 ], [ 426401.644678388955072, 627113.080625194823369 ], [ 426394.037127162911929, 627126.641563859884627 ], [ 426384.44500678795157, 627137.556515180272982 ], [ 426373.529550043749623, 627141.194805797189474 ], [ 426359.306560930272099, 627143.17956517462153 ], [ 426346.07576898264233, 627152.109980450128205 ], [ 426334.168408792698756, 627173.278091077809222 ], [ 426325.237627099384554, 627183.531492003821768 ], [ 426296.461029577301815, 627217.599222101620398 ], [ 426283.561182528384961, 627230.498552156612277 ], [ 426278.5996159776696, 627238.105933730956167 ], [ 426277.93827158753993, 627245.382463794434443 ], [ 426278.269051967363339, 627253.651254853000864 ], [ 426281.907604496576823, 627258.943220303975977 ], [ 426289.184616721700877, 627265.558151785167865 ], [ 426307.377020844782237, 627273.165345425251871 ], [ 426320.938628103234805, 627276.47270534420386 ], [ 426331.523219788214192, 627274.157321035163477 ], [ 426337.146207408222836, 627266.880630014231429 ], [ 426342.438477290328592, 627261.257870066678151 ], [ 426349.384623181365896, 627256.296594145940617 ], [ 426359.307688807661179, 627254.311885114060715 ], [ 426373.200019889802206, 627255.634765447000973 ], [ 426380.807844648195896, 627261.257465066155419 ], [ 426386.430964614264667, 627267.541713688173331 ], [ 426389.225913327303715, 627287.909166855970398 ], [ 426389.804985330556519, 627291.015125247649848 ], [ 426392.186668274458498, 627299.746778356027789 ], [ 426393.933195705641992, 627306.573507013265043 ], [ 426393.933278362383135, 627313.400256945402361 ], [ 426390.440374050405808, 627318.639361439272761 ], [ 426390.170216016937047, 627318.869734608801082 ], [ 426385.042277615284547, 627323.243498952360824 ], [ 426376.468820383015554, 627325.148769746301696 ], [ 426359.321588669728953, 627323.72003367356956 ], [ 426345.98499241610989, 627322.450096293352544 ], [ 426332.6483034491539, 627318.004896595259197 ], [ 426313.754609260766301, 627310.861031426000409 ], [ 426301.846872409165371, 627306.415790259139612 ], [ 426280.571751922543626, 627303.717019774136133 ], [ 426266.44121980771888, 627303.08212850196287 ], [ 426254.692403606197331, 627304.352358963806182 ], [ 426245.642516888910905, 627309.750344573636539 ], [ 426243.737401675898582, 627322.292447573854588 ], [ 426244.848874219402205, 627328.325388022465631 ], [ 426245.924070910783485, 627331.163657291093841 ], [ 426248.818158108508214, 627338.803442719159648 ], [ 426252.628682276641484, 627344.995134588330984 ], [ 426258.026894472481217, 627351.345545110176317 ], [ 426264.536608124733903, 627355.790674424730241 ], [ 426275.332973937969655, 627360.235871229902841 ], [ 426281.524999125278555, 627365.157416943111457 ], [ 426286.288181220181286, 627378.175717948819511 ], [ 426286.288293472665828, 627387.066265632165596 ], [ 426282.795427554403432, 627392.781708935042843 ], [ 426275.650889396725688, 627396.909558707731776 ], [ 426265.648432795889676, 627397.386028578388505 ], [ 426254.375789018813521, 627393.734585880418308 ], [ 426245.008266538148746, 627391.670875343494117 ], [ 426225.003358045825735, 627390.242187066120096 ], [ 426211.666703027440235, 627390.718682733597234 ], [ 426208.332604777126107, 627394.687587829190306 ], [ 426207.697511229896918, 627399.450494195218198 ], [ 426207.697586847702041, 627403.737010859535076 ], [ 426208.49149819649756, 627414.691584718995728 ], [ 426210.079402786272112, 627430.885118579841219 ], [ 426212.6200350652216, 627450.888804530259222 ], [ 426215.954316903545987, 627472.480297503294423 ], [ 426219.129991726600565, 627495.976816671784036 ], [ 426218.177403555891942, 627504.708699343376793 ], [ 426213.731992082088254, 627511.217919477494434 ], [ 426208.49252021900611, 627513.440616700565442 ], [ 426197.061115130898543, 627513.440718931262381 ], [ 426177.214944690931588, 627512.012124183704145 ], [ 426156.73371655412484, 627510.265973456669599 ], [ 426144.032112453598529, 627507.725976234069094 ], [ 426122.91567202314036, 627502.328195442911237 ], [ 426103.228354233782738, 627502.328465888625942 ], [ 426100.191005015454721, 627504.555692566558719 ], [ 426096.083716368477326, 627507.567708089132793 ], [ 426092.908390588418115, 627511.377988356282003 ], [ 426091.955761521996465, 627517.093310404918157 ], [ 426091.955871128186118, 627524.237580525921658 ], [ 426094.337561654334422, 627531.223051660461351 ], [ 426101.058872650202829, 627539.055191756226122 ], [ 426105.954248196445405, 627544.611692369217053 ], [ 426106.948294302041177, 627546.626499531441368 ], [ 426110.849730752292089, 627554.534117688424885 ], [ 426112.834525188547559, 627558.900054431520402 ], [ 426113.892985492304433, 627563.530637369840406 ], [ 426112.966869908326771, 627567.896445255610161 ], [ 426110.453007294796407, 627570.013311619404703 ], [ 426105.557632480224129, 627572.262544494122267 ], [ 426091.268447353562806, 627576.760874795611016 ], [ 426083.197687765816227, 627579.671555350883864 ], [ 426080.948415226594079, 627582.449888634146191 ], [ 426079.8900657359045, 627590.123346142005175 ], [ 426078.699476865935139, 627594.753915769048035 ], [ 426076.185506958921906, 627596.60613276110962 ], [ 426071.271052777243312, 627598.182436270522885 ], [ 426069.173213024158031, 627598.855247914791107 ], [ 426067.215153994096909, 627601.210184782510623 ], [ 426064.317584894190077, 627606.833085476770066 ], [ 426063.656288385507651, 627617.747838690178469 ], [ 426056.379423712962307, 627634.285497000790201 ], [ 426046.125760622031521, 627649.830892079742625 ], [ 426037.195149838575162, 627663.391794734052382 ], [ 426034.879901397041976, 627683.567696325015277 ], [ 426034.928815766819753, 627686.401258113328367 ], [ 426035.210857397352811, 627702.751248428714462 ], [ 426033.226413570111617, 627712.673857529065572 ], [ 426025.288041200023144, 627721.273514884989709 ], [ 426015.695697905146517, 627729.211593475891277 ], [ 426006.764979960978962, 627732.188422706327401 ], [ 425994.857348633580841, 627732.519278296269476 ], [ 425991.462663934740704, 627730.397773914504796 ], [ 425965.749292526801582, 627714.328218512120657 ], [ 425945.572295815567486, 627702.090700986445881 ], [ 425927.049066059698816, 627696.137377238948829 ], [ 425911.833691797568463, 627695.475997112807818 ], [ 425900.256777070288081, 627700.437456173589453 ], [ 425895.956842381681781, 627705.398705506697297 ], [ 425895.956870318157598, 627711.352322015096433 ], [ 425899.264651789562777, 627723.25922731438186 ], [ 425905.549450561695267, 627735.166247226297855 ], [ 425917.788080761034507, 627751.703634268604219 ], [ 425928.372928619850427, 627762.618412893265486 ], [ 425942.926905210246332, 627773.533091601915658 ], [ 425965.750084796047304, 627790.070403324789368 ], [ 425966.559244397911243, 627791.307707441039383 ], [ 425971.373324560117908, 627798.669778500800021 ], [ 425973.027204996964429, 627805.284752098028548 ], [ 425973.358200794435106, 627827.445170166436583 ], [ 425970.712255945778452, 627837.036995186586864 ], [ 425958.473751819285098, 627844.644405908416957 ], [ 425950.535407255811151, 627850.26721675216686 ], [ 425950.535429358482361, 627856.220722458092496 ], [ 425953.843275729974266, 627861.843448039959185 ], [ 425971.704957546317019, 627881.357612032908946 ], [ 425983.612692770780995, 627891.941617345670238 ], [ 425988.24368529045023, 627898.225701813702472 ], [ 425987.912896642228588, 627907.156069660442881 ], [ 425983.943799183820374, 627915.094065414392389 ], [ 425978.651558497396763, 627924.685994105297141 ], [ 425966.413182851567399, 627930.639579284237698 ], [ 425956.490058909752406, 627932.293492733384483 ], [ 425940.943837022641674, 627930.639857737813145 ], [ 425930.028462952352129, 627926.340269107371569 ], [ 425907.929745802539401, 627914.467074323794805 ], [ 425897.943604934844188, 627909.141506587155163 ], [ 425883.720408557739574, 627906.826428152271546 ], [ 425871.812848056026269, 627911.787788926390931 ], [ 425853.951450449065305, 627927.333239555126056 ], [ 425846.343858906475361, 627936.263722901465371 ], [ 425841.382368659309577, 627948.170739083201624 ], [ 425837.082646689203102, 627980.915252129663713 ], [ 425835.759670597035438, 627990.506977807730436 ], [ 425820.544387804344296, 628005.060303714359179 ], [ 425805.990729177894536, 628017.628910896135494 ], [ 425798.383070512209088, 628028.874584353063256 ], [ 425793.752419648692012, 628040.781718209967948 ], [ 425791.106732776854187, 628076.833557711332105 ], [ 425789.122148472291883, 628087.086972821154632 ], [ 425785.153124592965469, 628097.670957904541865 ], [ 425768.283953709411435, 628114.208702479721978 ], [ 425745.332364761154167, 628134.985211114399135 ], [ 425736.861192759824917, 628142.653736529871821 ], [ 425728.591986893618014, 628146.291982074500993 ], [ 425718.338064684008714, 628143.976838016882539 ], [ 425709.738067372469231, 628138.354147862410173 ], [ 425705.107055045024026, 628132.06997995194979 ], [ 425704.11464639287442, 628124.131971671129577 ], [ 425703.783884619595483, 628118.178463733755052 ], [ 425699.814652887231205, 628116.52465295069851 ], [ 425693.530100777279586, 628119.501543366233818 ], [ 425686.253117845102679, 628123.470580150606111 ], [ 425676.991745820036158, 628132.40099524660036 ], [ 425673.022497747791931, 628139.677561867632903 ], [ 425671.699724941689055, 628164.483857651473954 ], [ 425672.030776877829339, 628186.975076621863991 ], [ 425667.400089709553868, 628200.866621405933984 ], [ 425657.477126568905078, 628211.119974322849885 ], [ 425635.315716708486434, 628229.31163151061628 ], [ 425628.422960865835194, 628232.196875173714943 ], [ 425621.092698178312276, 628235.265223929774947 ], [ 425601.246621417929418, 628240.226715635857545 ], [ 425566.515718221955467, 628244.526857062592171 ], [ 425550.308138161664829, 628248.495983802597038 ], [ 425534.100486782612279, 628263.049210926983505 ], [ 425521.862229015387129, 628282.563782041543163 ], [ 425517.893201663217042, 628294.801625644788146 ], [ 425513.924194569815882, 628323.576965849497356 ], [ 425512.270520343561657, 628342.76055492379237 ], [ 425506.97859632485779, 628370.874443735927343 ], [ 425504.885106884234119, 628408.27144178294111 ], [ 425504.461955213337205, 628424.994231919641607 ], [ 425505.943882067687809, 628435.154914872953668 ], [ 425508.696012351196259, 628441.293581551872194 ], [ 425513.988297928648535, 628444.68048538104631 ], [ 425519.280627095606178, 628446.585536726401187 ], [ 425529.653585521387868, 628451.242375028086826 ], [ 425541.720109641319141, 628455.475891005480662 ], [ 425557.808890132524539, 628463.096129423822276 ], [ 425563.736358698864933, 628467.541354520013556 ], [ 425578.668639579205774, 628482.855595868313685 ], [ 425580.248498554807156, 628484.475693046813831 ], [ 425586.387694881414063, 628494.001266687875614 ], [ 425590.198216278920881, 628500.775072806980461 ], [ 425592.526957567664795, 628508.818887950154021 ], [ 425591.892236052721273, 628541.841084509156644 ], [ 425589.140282096806914, 628551.155200218548998 ], [ 425587.235180268529803, 628561.315820692107081 ], [ 425586.839521861867979, 628568.635172627167776 ], [ 425585.965276511735283, 628584.812382414937019 ], [ 425587.023863860755228, 628592.644551345147192 ], [ 425587.870599916670471, 628598.148181475466117 ], [ 425593.374792488350067, 628608.308969052857719 ], [ 425593.586591625004075, 628616.776043959776871 ], [ 425592.104762628790922, 628622.279823782620952 ], [ 425578.344839336583391, 628638.156069009564817 ], [ 425572.205869809316937, 628647.258336385828443 ], [ 425567.760571945458651, 628660.594295659917407 ], [ 425557.599510434316471, 628684.302654063794762 ], [ 425552.518928871722892, 628693.828382235951722 ], [ 425542.56955870159436, 628709.069511317298748 ], [ 425533.466809842037037, 628716.690046895411797 ], [ 425516.531445030181203, 628721.770570191787556 ], [ 425504.253295945643913, 628725.792734640883282 ], [ 425489.858285507478286, 628728.968102626269683 ], [ 425483.295804363850038, 628730.23825483978726 ], [ 425473.981440922128968, 628731.93174660380464 ], [ 425470.170885973901022, 628736.80043525272049 ], [ 425469.324307928443886, 628741.880792837240733 ], [ 425470.594483212626074, 628750.559646940091625 ], [ 425470.383264517935459, 628792.895951140089892 ], [ 425471.018377442960627, 628798.822849108022638 ], [ 425480.968221544288099, 628819.991008431999944 ], [ 425482.238401669659652, 628825.071234126808122 ], [ 425484.143752586096525, 628838.407142472919077 ], [ 425485.625635761127342, 628844.545842211693525 ], [ 425488.16598558484111, 628850.049498682375997 ], [ 425496.210506313713267, 628867.407240869826637 ], [ 425499.597708832938224, 628878.414637801935896 ], [ 425499.386096918024123, 628887.305228801909834 ], [ 425497.269248689117376, 628893.867363814497367 ], [ 425490.706927802879363, 628898.101002288865857 ], [ 425482.450854249938857, 628901.064660744857974 ], [ 425476.735213794512674, 628906.568380293436348 ], [ 425472.289778764592484, 628914.612306214985438 ], [ 425457.127676172647625, 628945.570830282173119 ], [ 425438.604841631720774, 628982.615163385751657 ], [ 425414.128222883446142, 629010.398518816335127 ], [ 425391.636159779969603, 629032.889815342961811 ], [ 425390.335806869727094, 629037.115714535466395 ], [ 425388.989972084469628, 629041.489444465260021 ], [ 425388.990392910433002, 629075.887494891067035 ], [ 425389.652057245373726, 629084.487082062987611 ], [ 425394.944465665146708, 629093.086610526544973 ], [ 425412.144590138748754, 629107.639506868785247 ], [ 425433.949020401982125, 629119.784427900216542 ], [ 425444.533822606666945, 629131.426791736623272 ], [ 425450.884684858436231, 629142.539901691721752 ], [ 425453.001767182897311, 629155.769946846645325 ], [ 425450.513546916015912, 629198.903939582640305 ], [ 425448.239475335227326, 629238.325473816134036 ], [ 425444.535211698792409, 629260.022801358485594 ], [ 425438.713796767347958, 629279.180024359142408 ], [ 425434.507853799965233, 629299.258323018206283 ], [ 425433.42178608069662, 629312.943106842343695 ], [ 425429.717461733031087, 629330.40688552823849 ], [ 425424.107717276550829, 629344.245604862575419 ], [ 425418.550885833567008, 629360.12171609478537 ], [ 425415.398508854152169, 629371.615015491959639 ], [ 425415.466672343958635, 629380.156766941072419 ], [ 425415.534615743439645, 629388.698629390913993 ], [ 425417.39677680429304, 629400.658374385908246 ], [ 425420.050492795824539, 629408.905460419715382 ], [ 425427.838742161809932, 629420.170423599658534 ], [ 425433.899361902964301, 629429.083190521690995 ], [ 425438.662501403305214, 629433.845988414483145 ], [ 425451.364137250580825, 629442.974513504654169 ], [ 425470.945849184354302, 629456.865928473998792 ], [ 425474.782289448485244, 629460.476458824006841 ], [ 425477.693612906034105, 629463.216288968804292 ], [ 425484.838535295275506, 629483.45807050797157 ], [ 425498.731073620263487, 629515.210106198908761 ], [ 425509.448290456668474, 629530.689215891412459 ], [ 425518.974550510640256, 629541.405373798450455 ], [ 425538.027115043601952, 629573.157363846316002 ], [ 425555.889071298704948, 629602.13091010262724 ], [ 425559.858428978768643, 629612.450318238930777 ], [ 425559.064839906175621, 629635.073726310627535 ], [ 425559.46187022869708, 629648.965367507888004 ], [ 425568.988248212379403, 629662.459773958195001 ], [ 425571.369738576351665, 629668.016453087562695 ], [ 425570.973134337225929, 629695.005679569556378 ], [ 425570.576393951894715, 629713.263151057530195 ], [ 425574.148749613144901, 629725.964102616999298 ], [ 425583.27833877899684, 629748.984226830420084 ], [ 425595.583048577595036, 629765.257072414387949 ], [ 425611.063288282661233, 629779.942309836740606 ], [ 425629.321952497703023, 629795.421152736060321 ], [ 425647.183669606456533, 629809.709457492106594 ], [ 425662.266892621060833, 629819.631858192034997 ], [ 425666.236209654074628, 629829.95127323595807 ], [ 425665.442706755769905, 629853.765446497243829 ], [ 425657.10759525350295, 629887.50209496950265 ], [ 425654.329356602858752, 629907.744089008308947 ], [ 425655.123314458178356, 629916.475837188307196 ], [ 425658.695840345288161, 629935.924153787666 ], [ 425666.895339547423646, 629953.8400438624667 ], [ 425669.412910109735094, 629959.341090291156434 ], [ 425677.75168507458875, 629973.451749641331844 ], [ 425679.733191710605752, 629976.804738337988965 ], [ 425721.41067807096988, 630018.478915905579925 ], [ 425738.478573313215747, 630042.689667107304558 ], [ 425749.434641224856023, 630068.043055733432993 ], [ 425752.37122844759142, 630074.838683314039372 ], [ 425759.757420504814945, 630106.596167934592813 ], [ 425764.279413707437925, 630126.038804293842986 ], [ 425779.760505764803383, 630226.454708379809745 ], [ 425782.121769922086969, 630247.702110697282478 ], [ 425787.832659888488706, 630299.093013871461153 ], [ 425788.493766589672305, 630305.041105568408966 ], [ 425790.875630403170362, 630346.318877178593539 ], [ 425794.448378304252401, 630381.643127614166588 ], [ 425801.196370783029124, 630412.99823947600089 ], [ 425801.911823918228038, 630415.742322318023071 ], [ 425808.090496651944704, 630439.442939563072287 ], [ 425809.331975346896797, 630444.205039592809044 ], [ 425820.55215707316529, 630471.723322143545374 ], [ 425839.181082079652697, 630485.905771585647017 ], [ 425864.584365006303415, 630493.314359119394794 ], [ 425882.706502051965799, 630496.25963256706018 ], [ 425917.654447401000652, 630501.939368120743893 ], [ 425965.77356096933363, 630504.955642813118175 ], [ 425989.48329994326923, 630513.634324151906185 ], [ 426014.045891607995145, 630533.035034687607549 ], [ 426022.438593339873478, 630540.445409338688478 ], [ 426027.493078233790584, 630553.085954828420654 ], [ 426027.598830391303636, 630565.450109595898539 ], [ 426022.333297981880605, 630576.106274137506261 ], [ 425950.887588368495926, 630628.894969029119238 ], [ 425947.853754775889684, 630632.687020676094107 ], [ 425925.484885512792971, 630660.64734496944584 ], [ 425923.208971395273693, 630671.027006862219423 ], [ 425921.913066522625741, 630709.664752301876433 ], [ 425918.341149607906118, 630758.682051229057834 ], [ 425918.055384558625519, 630761.288906640955247 ], [ 425909.588315577944741, 630838.554674946004525 ], [ 425898.601683591667097, 630861.539995697559789 ], [ 425893.044932215474546, 630878.21001669333782 ], [ 425892.310067557846196, 630884.058703252347186 ], [ 425890.359490525093861, 630899.582562162191607 ], [ 425857.018800470395945, 630973.803377853240818 ], [ 425864.957741246907972, 631023.812991766026244 ], [ 425891.948777046927717, 631050.405036152806133 ], [ 425926.878212474519387, 631064.693106926861219 ], [ 425938.279354190395679, 631078.210745823686011 ], [ 425937.271033613709733, 631089.735923586064018 ], [ 425931.942670994787477, 631103.018718666047789 ], [ 425924.497373374004383, 631132.166393644642085 ], [ 425921.675856661226135, 631161.360289450269192 ], [ 425921.527254127315246, 631162.898352970601991 ], [ 425919.939727665274404, 631181.949674386763945 ], [ 425919.5432724209968, 631223.624280883930624 ], [ 425919.57381136046024, 631257.743472050875425 ], [ 425918.94189809053205, 631273.860340733779594 ], [ 425925.49974710913375, 631290.293951815809123 ], [ 425951.093618278915528, 631354.430940832593478 ], [ 425958.239314716425724, 631450.878031163010746 ], [ 425962.790056019788608, 631467.657631309120916 ], [ 425968.235551208839752, 631487.73575710086152 ], [ 425970.941333384835161, 631497.712252196623012 ], [ 425928.074086204636842, 631552.088271343614906 ], [ 425888.381774820678402, 631557.248277424601838 ], [ 425831.224554425629321, 631543.754381123115309 ], [ 425808.474019835703075, 631541.278999900445342 ], [ 425786.246532012708485, 631557.155338193522766 ], [ 425766.136016770731658, 631587.849329026648775 ], [ 425727.769572928606067, 631656.848652643850073 ], [ 425704.192253390909173, 631692.509665665682405 ], [ 425663.724921795947012, 631753.717017962131649 ], [ 425642.298097438877448, 631808.845378730911762 ], [ 425632.772257569304202, 631849.064822377404198 ], [ 425628.797136732027866, 631889.060809443471953 ], [ 425624.059934487100691, 631918.181560450233519 ], [ 425624.952562621387187, 631960.104642445337959 ], [ 425625.844951510312967, 631997.567893692641519 ], [ 425637.928078034659848, 632058.140800517518073 ], [ 425642.691860594321042, 632124.026388234342448 ], [ 425641.011431610328145, 632184.883707387954928 ], [ 425634.767607519752346, 632227.698816690710373 ], [ 425614.251389428856783, 632271.406148208770901 ], [ 425590.167086577159353, 632316.00537106464617 ], [ 425568.758865193813108, 632370.416464409208857 ], [ 425559.314348201733083, 632398.876079700305127 ], [ 425552.858792137354612, 632418.32903847633861 ], [ 425558.946997559163719, 632412.339587219874375 ], [ 425592.843750373809598, 632387.36371266678907 ], [ 425646.476234117639251, 632359.21085248189047 ], [ 425651.800367359188385, 632357.702331963693723 ], [ 425682.872465715045109, 632348.898654691991396 ], [ 425702.593658022233285, 632345.611759110121056 ], [ 425735.266275045811199, 632340.166280217585154 ], [ 425764.638722910603974, 632335.403104780474678 ], [ 425801.155402176664211, 632317.145259339828044 ], [ 425843.229315261298325, 632307.354617755161598 ] ] ] ] } }
]
}
